"site","arm","year","soc_last","soil_last","n2o_sum","ch4_sum"
"102480","cover_annual",2016,78.286,77.2249,0.001746409,0
"102480","cover_annual",2017,70.3069,69.8968,0.002166972,0
"102480","cover_annual",2018,62.8381,62.609,0.001776811,0
"102480","cover_annual",2019,57.2721,57.1303,0.001174187,0
"102480","cover_annual",2020,49.4291,49.3613,0.002451872,0
"102480","cover_annual",2021,44.6573,44.5802,0.00211543,0
"102480","cover_annual",2022,39.5695,39.5015,0.003757035,0
"102480","cover_annual",2023,36.3202,36.2359,0.001267852,0
"102480","cover_none",2016,78.286,77.2249,0.001746409,0
"102480","cover_none",2017,70.3069,69.8968,0.002166972,0
"102480","cover_none",2018,62.7793,62.5641,0.001785422,0
"102480","cover_none",2019,57.1395,57.0355,0.001168541,0
"102480","cover_none",2020,49.251,49.212,0.002446292,0
"102480","cover_none",2021,44.4272,44.3881,0.002056901,0
"102480","cover_none",2022,39.3268,39.2955,0.003795041,0
"102480","cover_none",2023,36.0341,35.9895,0.001247986,0
"102480","fertilizer_reference",2016,78.286,77.2249,0.001746409,0
"102480","fertilizer_reference",2017,70.3069,69.8968,0.002232054,0
"102480","fertilizer_reference",2018,62.7793,62.5641,0.001795648,0
"102480","fertilizer_reference",2019,57.1395,57.0355,0.001170664,0
"102480","fertilizer_reference",2020,49.251,49.212,0.002447788,0
"102480","fertilizer_reference",2021,44.4272,44.3881,0.002057548,0
"102480","fertilizer_reference",2022,39.3268,39.2955,0.004067394,0
"102480","fertilizer_reference",2023,36.0341,35.9895,0.001295875,0
"102480","mineral_N_half",2016,78.286,77.2249,0.001695039,0
"102480","mineral_N_half",2017,70.3069,69.8968,0.002194875,0
"102480","mineral_N_half",2018,62.7793,62.5641,0.001602404,0
"102480","mineral_N_half",2019,57.1395,57.0355,0.001059977,0
"102480","mineral_N_half",2020,49.251,49.212,0.002253615,0
"102480","mineral_N_half",2021,44.4272,44.3881,0.001913702,0
"102480","mineral_N_half",2022,39.3268,39.2955,0.003756878,0
"102480","mineral_N_half",2023,36.0341,35.9895,0.001177538,0
"102480","mineral_N_one_half",2016,78.286,77.2249,0.001797765,0
"102480","mineral_N_one_half",2017,70.3069,69.8968,0.00226924,0
"102480","mineral_N_one_half",2018,62.7793,62.5641,0.001988899,0
"102480","mineral_N_one_half",2019,57.1395,57.0355,0.001281347,0
"102480","mineral_N_one_half",2020,49.251,49.212,0.002641942,0
"102480","mineral_N_one_half",2021,44.4272,44.3881,0.002201441,0
"102480","mineral_N_one_half",2022,39.3268,39.2955,0.004377923,0
"102480","mineral_N_one_half",2023,36.0341,35.9895,0.001414146,0
"102480","mineral_N_zero",2016,78.286,77.2249,0.001643689,0
"102480","mineral_N_zero",2017,70.3069,69.8968,0.002157731,0
"102480","mineral_N_zero",2018,62.7793,62.5641,0.001409141,0
"102480","mineral_N_zero",2019,57.1395,57.0355,0.000949277,0
"102480","mineral_N_zero",2020,49.251,49.212,0.002059464,0
"102480","mineral_N_zero",2021,44.4272,44.3881,0.001769849,0
"102480","mineral_N_zero",2022,39.3268,39.2955,0.0034463,0
"102480","mineral_N_zero",2023,36.0341,35.9895,0.001059234,0
"102480","organic_substitution",2016,79.7688,77.3751,0.001767602,0
"102480","organic_substitution",2017,72.3565,70.2487,0.002397054,0
"102480","organic_substitution",2018,66.6066,63.0441,0.001524073,0
"102480","organic_substitution",2019,62.3887,57.6666,0.001084222,0
"102480","organic_substitution",2020,51.7506,50.2352,0.002757248,0
"102480","organic_substitution",2021,49.1513,45.4218,0.002336247,0
"102480","organic_substitution",2022,44.2482,40.4652,0.004625859,0
"102480","organic_substitution",2023,41.6387,37.2838,0.001551947,0
"102480","tillage_reduced",2016,78.2564,77.199,0.001752602,0
"102480","tillage_reduced",2017,70.2641,69.856,0.0021704,0
"102480","tillage_reduced",2018,63.334,63.0973,0.00172475,0
"102480","tillage_reduced",2019,57.5354,57.4255,0.001152671,0
"102480","tillage_reduced",2020,50.3581,50.3107,0.002373977,0
"102480","tillage_reduced",2021,45.4061,45.3643,0.001984167,0
"102480","tillage_reduced",2022,40.1593,40.1274,0.003747015,0
"102480","tillage_reduced",2023,36.7857,36.7409,0.001251163,0
"102480","tillage_reference",2016,78.1697,77.1232,0.001772543,0
"102480","tillage_reference",2017,70.1383,69.7362,0.002182306,0
"102480","tillage_reference",2018,62.6346,62.4213,0.00178495,0
"102480","tillage_reference",2019,56.6586,56.5617,0.001191895,0
"102480","tillage_reference",2020,48.8411,48.8035,0.002492248,0
"102480","tillage_reference",2021,43.996,43.9575,0.002077772,0
"102480","tillage_reference",2022,38.832,38.8012,0.003839415,0
"102480","tillage_reference",2023,35.5443,35.5001,0.001256356,0
"102480","tillage_zero",2016,78.286,77.2249,0.001746409,0
"102480","tillage_zero",2017,70.3069,69.8968,0.002166972,0
"102480","tillage_zero",2018,63.4836,63.242,0.001713283,0
"102480","tillage_zero",2019,57.7674,57.6538,0.001141756,0
"102480","tillage_zero",2020,50.6593,50.61,0.002349268,0
"102480","tillage_zero",2021,45.6899,45.6474,0.001968444,0
"102480","tillage_zero",2022,40.4401,40.4079,0.003728395,0
"102480","tillage_zero",2023,37.0511,37.0062,0.001249836,0
"107465","fertilizer_reference",2016,62.5445,61.6278,0.001600589,0
"107465","fertilizer_reference",2017,56.078,55.7944,0.001785421,0
"107465","fertilizer_reference",2018,47.9799,47.9322,0.002921815,0
"107465","fertilizer_reference",2019,42.5755,41.7896,0.002306784,0
"107465","fertilizer_reference",2020,35.6268,35.5104,0.003005329,0
"107465","fertilizer_reference",2021,31.133,30.465,0.005285865,0
"107465","fertilizer_reference",2022,26.5997,26.4815,0.00394605,0
"107465","fertilizer_reference",2023,25.6732,24.213,0.001947799,0
"107465","mineral_N_half",2016,62.5445,61.6278,0.001420185,0
"107465","mineral_N_half",2017,56.078,55.7944,0.001603267,0
"107465","mineral_N_half",2018,47.9799,47.9322,0.00265059,0
"107465","mineral_N_half",2019,42.5755,41.7896,0.002188557,0
"107465","mineral_N_half",2020,35.6268,35.5104,0.002733611,0
"107465","mineral_N_half",2021,31.133,30.465,0.004745131,0
"107465","mineral_N_half",2022,26.5997,26.4815,0.003470838,0
"107465","mineral_N_half",2023,25.6732,24.213,0.001658705,0
"107465","mineral_N_one_half",2016,62.5445,61.6278,0.001781016,0
"107465","mineral_N_one_half",2017,56.078,55.7944,0.001967531,0
"107465","mineral_N_one_half",2018,47.9799,47.9322,0.00319297,0
"107465","mineral_N_one_half",2019,42.5755,41.7896,0.002425033,0
"107465","mineral_N_one_half",2020,35.6268,35.5104,0.003277024,0
"107465","mineral_N_one_half",2021,31.133,30.465,0.005826613,0
"107465","mineral_N_one_half",2022,26.5997,26.4815,0.004421249,0
"107465","mineral_N_one_half",2023,25.6732,24.213,0.002236869,0
"107465","mineral_N_zero",2016,62.5445,61.6278,0.001239777,0
"107465","mineral_N_zero",2017,56.078,55.7944,0.001421151,0
"107465","mineral_N_zero",2018,47.9799,47.9322,0.002379406,0
"107465","mineral_N_zero",2019,42.5755,41.7896,0.002070351,0
"107465","mineral_N_zero",2020,35.6268,35.5104,0.002461944,0
"107465","mineral_N_zero",2021,31.133,30.465,0.004204376,0
"107465","mineral_N_zero",2022,26.5997,26.4815,0.002995661,0
"107465","mineral_N_zero",2023,25.6732,24.213,0.001369658,0
"107465","organic_substitution",2016,65.0154,61.8462,0.001334131,0
"107465","organic_substitution",2017,59.7081,56.306,0.001601924,0
"107465","organic_substitution",2018,51.0774,48.7961,0.002719881,0
"107465","organic_substitution",2019,45.722,42.9258,0.002348156,0
"107465","organic_substitution",2020,38.0022,36.737,0.002965135,0
"107465","organic_substitution",2021,33.5864,31.7114,0.00544586,0
"107465","organic_substitution",2022,28.9903,27.7519,0.004303087,0
"107465","organic_substitution",2023,27.8517,25.5477,0.002302797,0
"107465","tillage_reduced",2016,62.514,61.6019,0.001245138,0
"107465","tillage_reduced",2017,56.0323,55.7512,0.001425319,0
"107465","tillage_reduced",2018,48.1974,48.1471,0.002772928,0
"107465","tillage_reduced",2019,42.7117,41.9345,0.002274954,0
"107465","tillage_reduced",2020,35.6752,35.5623,0.002556353,0
"107465","tillage_reduced",2021,31.0868,30.4374,0.004317757,0
"107465","tillage_reduced",2022,26.5059,26.3933,0.003054482,0
"107465","tillage_reduced",2023,25.5889,24.1291,0.001382698,0
"107465","tillage_reference",2016,62.4278,61.5285,0.001261368,0
"107465","tillage_reference",2017,55.8981,55.6244,0.001439402,0
"107465","tillage_reference",2018,47.8317,47.7857,0.002831315,0
"107465","tillage_reference",2019,42.2695,41.516,0.002287446,0
"107465","tillage_reference",2020,35.1271,35.0237,0.002594119,0
"107465","tillage_reference",2021,30.398,29.7966,0.004386142,0
"107465","tillage_reference",2022,25.7802,25.6816,0.003097801,0
"107465","tillage_reference",2023,24.9499,23.4911,0.001380175,0
"107465","tillage_zero",2016,62.5445,61.6278,0.001239777,0
"107465","tillage_zero",2017,56.078,55.7944,0.001421151,0
"107465","tillage_zero",2018,48.3168,48.265,0.002753699,0
"107465","tillage_zero",2019,42.8651,42.0785,0.002270989,0
"107465","tillage_zero",2020,35.8693,35.7527,0.002541086,0
"107465","tillage_zero",2021,31.3361,30.6681,0.004290551,0
"107465","tillage_zero",2022,26.7701,26.6519,0.003037073,0
"107465","tillage_zero",2023,25.8205,24.3603,0.001383626,0
"118038","cover_annual",2016,49.3109,47.4507,0.00091516,0
"118038","cover_annual",2017,47.0828,45.3609,0.000242499,0
"118038","cover_annual",2018,44.5161,42.8784,0.000689172,0
"118038","cover_annual",2019,38.2264,37.7583,0.000548753,0
"118038","cover_annual",2020,33.1691,33.0219,0.001524582,0
"118038","cover_annual",2021,30.6343,30.5289,0.001236672,0
"118038","cover_annual",2022,27.6973,27.6244,0.001280599,0
"118038","cover_annual",2023,25.0827,25.0308,0.000611516,0
"118038","cover_none",2016,49.3109,47.4507,0.00091516,0
"118038","cover_none",2017,47.0828,45.3609,0.000242499,0
"118038","cover_none",2018,44.3769,42.8074,0.000688482,0
"118038","cover_none",2019,38.0883,37.6555,0.000549066,0
"118038","cover_none",2020,32.9884,32.8726,0.001559541,0
"118038","cover_none",2021,30.3848,30.3282,0.001223913,0
"118038","cover_none",2022,27.416,27.3911,0.001274495,0
"118038","cover_none",2023,24.7726,24.7603,0.000602728,0
"118038","fertilizer_reference",2016,49.3109,47.4507,0.00091516,0
"118038","fertilizer_reference",2017,47.0828,45.3609,0.000312593,0
"118038","fertilizer_reference",2018,44.3769,42.8074,0.000727218,0
"118038","fertilizer_reference",2019,38.0883,37.6555,0.000617721,0
"118038","fertilizer_reference",2020,32.9884,32.8726,0.0017664,0
"118038","fertilizer_reference",2021,30.3848,30.3282,0.001298656,0
"118038","fertilizer_reference",2022,27.416,27.3911,0.00156264,0
"118038","fertilizer_reference",2023,24.7726,24.7603,0.000790891,0
"118038","mineral_N_half",2016,49.3109,47.4507,0.000823438,0
"118038","mineral_N_half",2017,47.0828,45.3609,0.000275762,0
"118038","mineral_N_half",2018,44.3769,42.8074,0.000643055,0
"118038","mineral_N_half",2019,38.0883,37.6555,0.000555366,0
"118038","mineral_N_half",2020,32.9884,32.8726,0.001544655,0
"118038","mineral_N_half",2021,30.3848,30.3282,0.001152599,0
"118038","mineral_N_half",2022,27.416,27.3911,0.00135034,0
"118038","mineral_N_half",2023,24.7726,24.7603,0.000685228,0
"118038","mineral_N_one_half",2016,49.3109,47.4507,0.001006966,0
"118038","mineral_N_one_half",2017,47.0828,45.3609,0.000349419,0
"118038","mineral_N_one_half",2018,44.3769,42.8074,0.000811377,0
"118038","mineral_N_one_half",2019,38.0883,37.6555,0.000680068,0
"118038","mineral_N_one_half",2020,32.9884,32.8726,0.001988206,0
"118038","mineral_N_one_half",2021,30.3848,30.3282,0.001444703,0
"118038","mineral_N_one_half",2022,27.416,27.3911,0.001774916,0
"118038","mineral_N_one_half",2023,24.7726,24.7603,0.000896598,0
"118038","mineral_N_zero",2016,49.3109,47.4507,0.000731873,0
"118038","mineral_N_zero",2017,47.0828,45.3609,0.000238916,0
"118038","mineral_N_zero",2018,44.3769,42.8074,0.000558925,0
"118038","mineral_N_zero",2019,38.0883,37.6555,0.000492999,0
"118038","mineral_N_zero",2020,32.9884,32.8726,0.001322906,0
"118038","mineral_N_zero",2021,30.3848,30.3282,0.001006524,0
"118038","mineral_N_zero",2022,27.416,27.3911,0.001138054,0
"118038","mineral_N_zero",2023,24.7726,24.7603,0.000579577,0
"118038","organic_substitution",2016,50.9191,47.6366,0.001017948,0
"118038","organic_substitution",2017,50.1066,45.7388,0.00037498,0
"118038","organic_substitution",2018,48.1503,43.4479,0.00080032,0
"118038","organic_substitution",2019,42.7013,38.5186,0.000615513,0
"118038","organic_substitution",2020,35.7832,34.0433,0.001830388,0
"118038","organic_substitution",2021,35.3301,31.5274,0.001387405,0
"118038","organic_substitution",2022,32.8905,28.709,0.001751353,0
"118038","organic_substitution",2023,30.4351,26.2107,0.00107011,0
"118038","tillage_reduced",2016,49.2903,47.4342,0.000919049,0
"118038","tillage_reduced",2017,47.0269,45.3142,0.000245729,0
"118038","tillage_reduced",2018,44.9042,43.1768,0.0006829,0
"118038","tillage_reduced",2019,38.9473,38.4145,0.000500465,0
"118038","tillage_reduced",2020,34.032,33.8755,0.001500218,0
"118038","tillage_reduced",2021,31.3199,31.2454,0.001187535,0
"118038","tillage_reduced",2022,28.2288,28.1976,0.001273075,0
"118038","tillage_reduced",2023,25.4975,25.4829,0.000615045,0
"118038","tillage_reference",2016,49.227,47.3833,0.00093174,0
"118038","tillage_reference",2017,46.8683,45.1814,0.000254438,0
"118038","tillage_reference",2018,44.2086,42.6472,0.000695026,0
"118038","tillage_reference",2019,37.9459,37.5147,0.000548237,0
"118038","tillage_reference",2020,32.8655,32.7499,0.001554756,0
"118038","tillage_reference",2021,30.2257,30.17,0.001225639,0
"118038","tillage_reference",2022,27.1909,27.1669,0.001289904,0
"118038","tillage_reference",2023,24.5448,24.5329,0.000606417,0
"118038","tillage_zero",2016,49.3109,47.4507,0.00091516,0
"118038","tillage_zero",2017,47.0828,45.3609,0.000242499,0
"118038","tillage_zero",2018,45.011,43.2631,0.000680323,0
"118038","tillage_zero",2019,39.0766,38.5321,0.000495416,0
"118038","tillage_zero",2020,34.1766,34.0152,0.001495831,0
"118038","tillage_zero",2021,31.4609,31.384,0.00118348,0
"118038","tillage_zero",2022,28.3771,28.3448,0.001268502,0
"118038","tillage_zero",2023,25.6371,25.6221,0.000615399,0
"132390","cover_annual",2016,38.4875,37.5665,0.000595471,0.029508
"132390","cover_annual",2017,35.0585,34.2978,0.000576709,0.0279741
"132390","cover_annual",2018,31.9549,31.5508,0.000351262,0.0425317
"132390","cover_annual",2019,29.5745,29.2974,6.1349e-05,0.0424338
"132390","cover_annual",2020,27.2531,27.0278,6.6138e-05,0.0431929
"132390","cover_annual",2021,25.1599,24.963,4.3397e-05,0.0400845
"132390","cover_annual",2022,23.1535,22.9878,3.6113e-05,0.0374379
"132390","cover_annual",2023,21.6533,21.4311,4.8257e-05,0.0318698
"132390","cover_none",2016,38.4875,37.5665,0.000595471,0.029508
"132390","cover_none",2017,35.0466,34.2923,0.000576598,0.0279825
"132390","cover_none",2018,31.937,31.5401,0.000349923,0.0425437
"132390","cover_none",2019,29.529,29.268,6.1368e-05,0.0423853
"132390","cover_none",2020,27.111,26.934,6.6134e-05,0.0430363
"132390","cover_none",2021,24.8921,24.7755,4.3371e-05,0.0397646
"132390","cover_none",2022,22.8385,22.7533,3.596e-05,0.0370126
"132390","cover_none",2023,21.2078,21.0939,4.8352e-05,0.0313303
"132390","fertilizer_reference",2016,38.4875,37.5665,0.000595471,0.029508
"132390","fertilizer_reference",2017,35.0466,34.2923,0.000873721,0.0279825
"132390","fertilizer_reference",2018,31.937,31.5401,0.000399817,0.0425437
"132390","fertilizer_reference",2019,29.529,29.268,6.2213e-05,0.0423853
"132390","fertilizer_reference",2020,27.111,26.934,6.6179e-05,0.0430363
"132390","fertilizer_reference",2021,24.8921,24.7755,6.8787e-05,0.0397646
"132390","fertilizer_reference",2022,22.8385,22.7533,6.6666e-05,0.0370126
"132390","fertilizer_reference",2023,21.2078,21.0939,5.0707e-05,0.0313303
"132390","mineral_N_half",2016,38.4875,37.5665,0.000530503,0.029508
"132390","mineral_N_half",2017,35.0466,34.2923,0.000717491,0.0279825
"132390","mineral_N_half",2018,31.937,31.5401,0.000333949,0.0425437
"132390","mineral_N_half",2019,29.529,29.268,4.7703e-05,0.0423853
"132390","mineral_N_half",2020,27.111,26.934,5.2004e-05,0.0430363
"132390","mineral_N_half",2021,24.8921,24.7755,5.4022e-05,0.0397646
"132390","mineral_N_half",2022,22.8385,22.7533,5.1211e-05,0.0370126
"132390","mineral_N_half",2023,21.2078,21.0939,3.7638e-05,0.0313303
"132390","mineral_N_one_half",2016,38.4875,37.5665,0.00066044,0.029508
"132390","mineral_N_one_half",2017,35.0466,34.2923,0.001029947,0.0279825
"132390","mineral_N_one_half",2018,31.937,31.5401,0.000465643,0.0425437
"132390","mineral_N_one_half",2019,29.529,29.268,7.6651e-05,0.0423853
"132390","mineral_N_one_half",2020,27.111,26.934,8.0406e-05,0.0430363
"132390","mineral_N_one_half",2021,24.8921,24.7755,8.3464e-05,0.0397646
"132390","mineral_N_one_half",2022,22.8385,22.7533,8.2035e-05,0.0370126
"132390","mineral_N_one_half",2023,21.2078,21.0939,6.3956e-05,0.0313303
"132390","mineral_N_zero",2016,38.4875,37.5665,0.000465561,0.029508
"132390","mineral_N_zero",2017,35.0466,34.2923,0.000561279,0.0279825
"132390","mineral_N_zero",2018,31.937,31.5401,0.000268075,0.0425437
"132390","mineral_N_zero",2019,29.529,29.268,3.3136e-05,0.0423853
"132390","mineral_N_zero",2020,27.111,26.934,3.7854e-05,0.0430363
"132390","mineral_N_zero",2021,24.8921,24.7755,3.923e-05,0.0397646
"132390","mineral_N_zero",2022,22.8385,22.7533,3.5737e-05,0.0370126
"132390","mineral_N_zero",2023,21.2078,21.0939,2.437e-05,0.0313303
"132390","organic_substitution",2016,39.8203,37.7683,0.000651033,0.0303655
"132390","organic_substitution",2017,36.9246,34.7195,0.000942903,0.029068
"132390","organic_substitution",2018,34.8074,32.1481,0.000478339,0.045165
"132390","organic_substitution",2019,33.2634,30.0566,7.3004e-05,0.0461077
"132390","organic_substitution",2020,31.0751,27.9277,9.4899e-05,0.0477153
"132390","organic_substitution",2021,29.0358,25.9596,0.000103824,0.0447879
"132390","organic_substitution",2022,27.1714,24.109,9.8921e-05,0.0423125
"132390","organic_substitution",2023,25.8816,22.6051,7.3834e-05,0.0365606
"132390","rice_irrigated_reference",2016,38.4875,37.5665,0.000595471,0.029508
"132390","rice_irrigated_reference",2017,35.9219,35.0637,0.000254122,0.0447968
"132390","rice_irrigated_reference",2018,32.8659,32.3994,8.0365e-05,0.0482502
"132390","rice_irrigated_reference",2019,30.3586,30.0642,4.792e-05,0.043571
"132390","rice_irrigated_reference",2020,27.8566,27.6647,4.9618e-05,0.0442226
"132390","rice_irrigated_reference",2021,25.5683,25.4451,3.4008e-05,0.0408486
"132390","rice_irrigated_reference",2022,23.4541,23.366,3.013e-05,0.0380166
"132390","rice_irrigated_reference",2023,21.7736,21.6584,3.7069e-05,0.0321727
"132390","rice_one_dry",2016,38.4875,37.5665,0.000595471,0.029508
"132390","rice_one_dry",2017,35.9219,35.0637,0.000254579,0.0447968
"132390","rice_one_dry",2018,32.8659,32.3994,8.1025e-05,0.0482502
"132390","rice_one_dry",2019,30.3586,30.0642,4.8214e-05,0.043571
"132390","rice_one_dry",2020,27.8566,27.6647,4.9975e-05,0.0442226
"132390","rice_one_dry",2021,25.5683,25.4451,3.4217e-05,0.0408486
"132390","rice_one_dry",2022,23.4541,23.366,3.027e-05,0.0380166
"132390","rice_one_dry",2023,21.7736,21.6584,3.7446e-05,0.0321727
"132390","rice_two_dry",2016,38.4875,37.5665,0.000595471,0.029508
"132390","rice_two_dry",2017,35.9219,35.0637,0.000254906,0.0447968
"132390","rice_two_dry",2018,32.8659,32.3994,8.1556e-05,0.0482504
"132390","rice_two_dry",2019,30.3586,30.0642,4.8469e-05,0.043571
"132390","rice_two_dry",2020,27.8566,27.6647,5.0272e-05,0.0442226
"132390","rice_two_dry",2021,25.5683,25.4451,3.4384e-05,0.0408486
"132390","rice_two_dry",2022,23.4541,23.366,3.0464e-05,0.0380166
"132390","rice_two_dry",2023,21.7736,21.6584,3.77e-05,0.0321727
"132390","tillage_reduced",2016,38.4731,37.5549,0.000597677,0.0294964
"132390","tillage_reduced",2017,34.956,34.2093,0.00058635,0.0279413
"132390","tillage_reduced",2018,31.8244,31.4341,0.000354575,0.0424122
"132390","tillage_reduced",2019,29.4034,29.1472,6.1726e-05,0.0422234
"132390","tillage_reduced",2020,26.9772,26.8033,6.6415e-05,0.0428367
"132390","tillage_reduced",2021,24.7514,24.6369,4.3588e-05,0.03955
"132390","tillage_reduced",2022,22.6941,22.6102,3.6164e-05,0.0367897
"132390","tillage_reduced",2023,21.0614,20.9484,4.8491e-05,0.0311153
"132390","tillage_reference",2016,38.4314,37.5215,0.000604373,0.0294696
"132390","tillage_reference",2017,34.7165,33.9891,0.000611078,0.0278305
"132390","tillage_reference",2018,31.5241,31.1508,0.000366427,0.0420513
"132390","tillage_reference",2019,29.0669,28.8231,6.2652e-05,0.0417864
"132390","tillage_reference",2020,26.6167,26.4509,6.7185e-05,0.0423014
"132390","tillage_reference",2021,24.3708,24.2617,4.4306e-05,0.0389726
"132390","tillage_reference",2022,22.3012,22.2208,3.6687e-05,0.0361786
"132390","tillage_reference",2023,20.6616,20.5511,4.8833e-05,0.0305422
"132390","tillage_zero",2016,38.4875,37.5665,0.000595471,0.029508
"132390","tillage_zero",2017,35.0466,34.2923,0.000576598,0.0279825
"132390","tillage_zero",2018,31.937,31.5401,0.000349923,0.0425437
"132390","tillage_zero",2019,29.529,29.268,6.1368e-05,0.0423853
"132390","tillage_zero",2020,27.111,26.934,6.6134e-05,0.0430363
"132390","tillage_zero",2021,24.8921,24.7755,4.3371e-05,0.0397646
"132390","tillage_zero",2022,22.8385,22.7533,3.596e-05,0.0370126
"132390","tillage_zero",2023,21.2078,21.0939,4.8352e-05,0.0313303
"14","cover_annual",2016,58.9905,57.901,0.001130653,0
"14","cover_annual",2017,52.7976,52.3894,0.001444984,0
"14","cover_annual",2018,47.725,47.4968,0.002199603,0
"14","cover_annual",2019,43.929,42.0399,0.003514699,0
"14","cover_annual",2020,37.0986,36.513,0.003941021,0
"14","cover_annual",2021,31.832,31.6512,0.004814414,0
"14","cover_annual",2022,27.5006,27.4444,0.0066734,0
"14","cover_annual",2023,24.2759,24.2554,0.002057162,0
"14","cover_none",2016,58.8001,57.7817,0.001097117,0
"14","cover_none",2017,52.4019,52.0853,0.001434131,0
"14","cover_none",2018,47.1178,46.9967,0.002159545,0
"14","cover_none",2019,43.3863,41.4865,0.003371352,0
"14","cover_none",2020,36.6441,36.0242,0.003881614,0
"14","cover_none",2021,31.4238,31.2222,0.004767958,0
"14","cover_none",2022,27.1334,27.0674,0.006631804,0
"14","cover_none",2023,23.9433,23.9182,0.002049957,0
"14","fertilizer_reference",2016,58.8001,57.7817,0.001097117,0
"14","fertilizer_reference",2017,52.4019,52.0853,0.001775464,0
"14","fertilizer_reference",2018,47.1178,46.9967,0.002477035,0
"14","fertilizer_reference",2019,43.4014,41.5053,0.003587164,0
"14","fertilizer_reference",2020,36.6534,36.041,0.004008168,0
"14","fertilizer_reference",2021,31.4338,31.2367,0.004864785,0
"14","fertilizer_reference",2022,27.1439,27.08,0.006720479,0
"14","fertilizer_reference",2023,23.9535,23.9294,0.002066233,0
"14","mineral_N_half",2016,58.8001,57.7817,0.000915537,0
"14","mineral_N_half",2017,52.4019,52.0853,0.001515866,0
"14","mineral_N_half",2018,47.1178,46.9967,0.002117181,0
"14","mineral_N_half",2019,43.4014,41.5053,0.002931068,0
"14","mineral_N_half",2020,36.6534,36.041,0.003367382,0
"14","mineral_N_half",2021,31.4338,31.2367,0.00411433,0
"14","mineral_N_half",2022,27.1439,27.08,0.005611952,0
"14","mineral_N_half",2023,23.9535,23.9294,0.00172213,0
"14","mineral_N_one_half",2016,58.8001,57.7817,0.001278703,0
"14","mineral_N_one_half",2017,52.4019,52.0853,0.002035165,0
"14","mineral_N_one_half",2018,47.1178,46.9967,0.002836855,0
"14","mineral_N_one_half",2019,43.4014,41.5053,0.004243261,0
"14","mineral_N_one_half",2020,36.6534,36.041,0.004648949,0
"14","mineral_N_one_half",2021,31.4338,31.2367,0.005615219,0
"14","mineral_N_one_half",2022,27.1439,27.08,0.007829055,0
"14","mineral_N_one_half",2023,23.9535,23.9294,0.002410416,0
"14","mineral_N_zero",2016,58.8001,57.7817,0.000733963,0
"14","mineral_N_zero",2017,52.4019,52.0853,0.001256174,0
"14","mineral_N_zero",2018,47.1178,46.9967,0.001757336,0
"14","mineral_N_zero",2019,43.4014,41.5053,0.002274936,0
"14","mineral_N_zero",2020,36.6534,36.041,0.002726569,0
"14","mineral_N_zero",2021,31.4338,31.2367,0.003363877,0
"14","mineral_N_zero",2022,27.1439,27.08,0.004503324,0
"14","mineral_N_zero",2023,23.9535,23.9294,0.001377959,0
"14","organic_substitution",2016,60.6416,57.9599,0.000856865,0
"14","organic_substitution",2017,54.6704,52.5243,0.001554322,0
"14","organic_substitution",2018,49.7019,47.6788,0.002227523,0
"14","organic_substitution",2019,49.4057,42.494,0.002969477,0
"14","organic_substitution",2020,39.7645,37.4113,0.003792935,0
"14","organic_substitution",2021,34.2369,32.7552,0.004746034,0
"14","organic_substitution",2022,29.9763,28.7039,0.006337359,0
"14","organic_substitution",2023,27.1246,25.6536,0.001998221,0
"14","tillage_reduced",2016,58.715,57.711,0.001107169,0
"14","tillage_reduced",2017,52.2563,51.9486,0.001450567,0
"14","tillage_reduced",2018,47.3415,47.2123,0.002147665,0
"14","tillage_reduced",2019,44.3888,42.2709,0.003293418,0
"14","tillage_reduced",2020,37.383,36.7023,0.00376334,0
"14","tillage_reduced",2021,32.0045,31.7873,0.004710569,0
"14","tillage_reduced",2022,27.5665,27.4975,0.006618477,0
"14","tillage_reduced",2023,24.3194,24.2935,0.002059572,0
"14","tillage_reference",2016,58.4874,57.5211,0.001133386,0
"14","tillage_reference",2017,51.8655,51.5807,0.001494259,0
"14","tillage_reference",2018,46.6525,46.5407,0.002206147,0
"14","tillage_reference",2019,43.001,41.1044,0.003396156,0
"14","tillage_reference",2020,36.2568,35.6489,0.003893653,0
"14","tillage_reference",2021,30.9874,30.7963,0.004783744,0
"14","tillage_reference",2022,26.5392,26.481,0.006672708,0
"14","tillage_reference",2023,23.3984,23.3766,0.002058504,0
"14","tillage_zero",2016,58.8001,57.7817,0.001097117,0
"14","tillage_zero",2017,52.4019,52.0853,0.001434131,0
"14","tillage_zero",2018,47.5056,47.3723,0.002132301,0
"14","tillage_zero",2019,44.6176,42.4748,0.003278315,0
"14","tillage_zero",2020,37.5817,36.8919,0.003747621,0
"14","tillage_zero",2021,32.1982,31.9769,0.004700626,0
"14","tillage_zero",2022,27.794,27.7226,0.006605441,0
"14","tillage_zero",2023,24.5244,24.4975,0.002058478,0
"142350","fertilizer_reference",2016,216.2743,215.12,0.005235353,0
"142350","fertilizer_reference",2017,200.162,199.3733,0.005630772,0
"142350","fertilizer_reference",2018,186.6988,186.2506,0.0037138,0
"142350","fertilizer_reference",2019,168.8481,168.6379,0.004389786,0
"142350","fertilizer_reference",2020,145.8516,145.8029,0.013535598,0
"142350","fertilizer_reference",2021,130.7406,130.7243,0.012549437,0
"142350","fertilizer_reference",2022,116.2496,116.2446,0.012072619,0
"142350","fertilizer_reference",2023,104.0594,104.0578,0.00612189,0
"142350","mineral_N_half",2016,216.2743,215.12,0.005046427,0
"142350","mineral_N_half",2017,200.162,199.3733,0.005327725,0
"142350","mineral_N_half",2018,186.6988,186.2506,0.003521974,0
"142350","mineral_N_half",2019,168.8481,168.6379,0.004134706,0
"142350","mineral_N_half",2020,145.8516,145.8029,0.012777818,0
"142350","mineral_N_half",2021,130.7406,130.7243,0.01201785,0
"142350","mineral_N_half",2022,116.2496,116.2446,0.011475399,0
"142350","mineral_N_half",2023,104.0594,104.0578,0.005784097,0
"142350","mineral_N_one_half",2016,216.2743,215.12,0.00542429,0
"142350","mineral_N_one_half",2017,200.162,199.3733,0.005933847,0
"142350","mineral_N_one_half",2018,186.6988,186.2506,0.003905622,0
"142350","mineral_N_one_half",2019,168.8481,168.6379,0.004644928,0
"142350","mineral_N_one_half",2020,145.8516,145.8029,0.014293353,0
"142350","mineral_N_one_half",2021,130.7406,130.7243,0.013080974,0
"142350","mineral_N_one_half",2022,116.2496,116.2446,0.0126698,0
"142350","mineral_N_one_half",2023,104.0594,104.0578,0.006459712,0
"142350","mineral_N_zero",2016,216.2743,215.12,0.004857494,0
"142350","mineral_N_zero",2017,200.162,199.3733,0.005024659,0
"142350","mineral_N_zero",2018,186.6988,186.2506,0.003330179,0
"142350","mineral_N_zero",2019,168.8481,168.6379,0.003879541,0
"142350","mineral_N_zero",2020,145.8516,145.8029,0.012020001,0
"142350","mineral_N_zero",2021,130.7406,130.7243,0.0114863,0
"142350","mineral_N_zero",2022,116.2496,116.2446,0.01087821,0
"142350","mineral_N_zero",2023,104.0594,104.0578,0.005446324,0
"142350","organic_substitution",2016,222.2269,215.1205,0.004857494,0
"142350","organic_substitution",2017,203.1687,199.7498,0.005762966,0
"142350","organic_substitution",2018,190.7512,186.8562,0.00387172,0
"142350","organic_substitution",2019,172.6083,169.5314,0.004375478,0
"142350","organic_substitution",2020,153.3439,146.7303,0.012991578,0
"142350","organic_substitution",2021,134.8543,132.0413,0.012800332,0
"142350","organic_substitution",2022,119.5366,117.7156,0.01235833,0
"142350","organic_substitution",2023,107.1216,105.6306,0.006248373,0
"142350","tillage_reduced",2016,216.156,215.0063,0.005267201,0
"142350","tillage_reduced",2017,199.971,199.1858,0.005139097,0
"142350","tillage_reduced",2018,186.4363,185.9914,0.003370848,0
"142350","tillage_reduced",2019,168.5515,168.3429,0.003905964,0
"142350","tillage_reduced",2020,147.6271,147.5715,0.012380639,0
"142350","tillage_reduced",2021,132.2775,132.259,0.011881489,0
"142350","tillage_reduced",2022,117.4857,117.4801,0.011826689,0
"142350","tillage_reduced",2023,105.1273,105.1255,0.00612261,0
"142350","tillage_reference",2016,215.774,214.6391,0.005368283,0
"142350","tillage_reference",2017,199.3555,198.5814,0.005229921,0
"142350","tillage_reference",2018,185.5833,185.149,0.003424122,0
"142350","tillage_reference",2019,167.5722,167.369,0.003961221,0
"142350","tillage_reference",2020,144.753,144.7057,0.012967817,0
"142350","tillage_reference",2021,129.5297,129.5141,0.012317888,0
"142350","tillage_reference",2022,114.6828,114.6782,0.012073721,0
"142350","tillage_reference",2023,102.4896,102.4881,0.006142019,0
"142350","tillage_zero",2016,216.2743,215.12,0.005235353,0
"142350","tillage_zero",2017,200.162,199.3733,0.005110342,0
"142350","tillage_zero",2018,186.6988,186.2506,0.003353819,0
"142350","tillage_zero",2019,168.8481,168.6379,0.003889804,0
"142350","tillage_zero",2020,148.1184,148.0616,0.012306749,0
"142350","tillage_zero",2021,132.7688,132.7498,0.011825739,0
"142350","tillage_zero",2022,118.0517,118.0459,0.011771431,0
"142350","tillage_zero",2023,105.6722,105.6703,0.006112658,0
"144461","fertilizer_reference",2016,69.3132,68.4453,0.001673435,0
"144461","fertilizer_reference",2017,62.4198,62.1418,0.001787281,0
"144461","fertilizer_reference",2018,56.398,56.3105,0.002444622,0
"144461","fertilizer_reference",2019,51.127,51.099,0.001614898,0
"144461","fertilizer_reference",2020,45.9705,45.9624,0.002281447,0
"144461","fertilizer_reference",2021,41.51,41.5075,0.002540058,0
"144461","fertilizer_reference",2022,37.2425,37.2418,0.002511835,0
"144461","fertilizer_reference",2023,33.9327,33.9325,0.001330543,0
"144461","mineral_N_half",2016,69.3132,68.4453,0.001602481,0
"144461","mineral_N_half",2017,62.4198,62.1418,0.001723743,0
"144461","mineral_N_half",2018,56.398,56.3105,0.002186582,0
"144461","mineral_N_half",2019,51.127,51.099,0.001474098,0
"144461","mineral_N_half",2020,45.9705,45.9624,0.002043617,0
"144461","mineral_N_half",2021,41.51,41.5075,0.002158112,0
"144461","mineral_N_half",2022,37.2425,37.2418,0.002107945,0
"144461","mineral_N_half",2023,33.9327,33.9325,0.001101754,0
"144461","mineral_N_one_half",2016,69.3132,68.4453,0.001744452,0
"144461","mineral_N_one_half",2017,62.4198,62.1418,0.001850829,0
"144461","mineral_N_one_half",2018,56.398,56.3105,0.002702703,0
"144461","mineral_N_one_half",2019,51.127,51.099,0.00175567,0
"144461","mineral_N_one_half",2020,45.9705,45.9624,0.002519252,0
"144461","mineral_N_one_half",2021,41.51,41.5075,0.002922011,0
"144461","mineral_N_one_half",2022,37.2425,37.2418,0.00291583,0
"144461","mineral_N_one_half",2023,33.9327,33.9325,0.001559385,0
"144461","mineral_N_zero",2016,69.3132,68.4453,0.001531481,0
"144461","mineral_N_zero",2017,62.4198,62.1418,0.001660248,0
"144461","mineral_N_zero",2018,56.398,56.3105,0.001928537,0
"144461","mineral_N_zero",2019,51.127,51.099,0.001333389,0
"144461","mineral_N_zero",2020,45.9705,45.9624,0.001805812,0
"144461","mineral_N_zero",2021,41.51,41.5075,0.001776192,0
"144461","mineral_N_zero",2022,37.2425,37.2418,0.00170396,0
"144461","mineral_N_zero",2023,33.9327,33.9325,0.000872876,0
"144461","organic_substitution",2016,71.4799,68.6423,0.001627297,0
"144461","organic_substitution",2017,65.4372,62.6331,0.001992263,0
"144461","organic_substitution",2018,59.1195,57.0198,0.002391705,0
"144461","organic_substitution",2019,54.1763,52.0738,0.001998945,0
"144461","organic_substitution",2020,48.9686,47.0963,0.002503579,0
"144461","organic_substitution",2021,45.3278,42.8442,0.00239333,0
"144461","organic_substitution",2022,41.0532,38.7622,0.002359201,0
"144461","organic_substitution",2023,38.1922,35.6081,0.001283516,0
"144461","tillage_reduced",2016,69.2848,68.4206,0.001680341,0
"144461","tillage_reduced",2017,62.377,62.1011,0.001678718,0
"144461","tillage_reduced",2018,56.4475,56.3591,0.002408102,0
"144461","tillage_reduced",2019,51.5651,51.5341,0.001510851,0
"144461","tillage_reduced",2020,46.431,46.4219,0.00225194,0
"144461","tillage_reduced",2021,41.9643,41.9615,0.002520796,0
"144461","tillage_reduced",2022,37.6635,37.6627,0.002518212,0
"144461","tillage_reduced",2023,34.321,34.3207,0.001339936,0
"144461","tillage_reference",2016,69.2016,68.3481,0.00170113,0
"144461","tillage_reference",2017,62.2509,61.9812,0.001690881,0
"144461","tillage_reference",2018,56.1707,56.0872,0.002426427,0
"144461","tillage_reference",2019,50.923,50.8962,0.001613036,0
"144461","tillage_reference",2020,45.7876,45.7799,0.002275097,0
"144461","tillage_reference",2021,41.3382,41.3359,0.002533185,0
"144461","tillage_reference",2022,37.0739,37.0732,0.00251148,0
"144461","tillage_reference",2023,33.6957,33.6955,0.001350925,0
"144461","tillage_zero",2016,69.3132,68.4453,0.001673435,0
"144461","tillage_zero",2017,62.4198,62.1418,0.001674871,0
"144461","tillage_zero",2018,56.5486,56.4584,0.002400906,0
"144461","tillage_zero",2019,51.6931,51.6612,0.0014989,0
"144461","tillage_zero",2020,46.5555,46.5461,0.002251396,0
"144461","tillage_zero",2021,42.0842,42.0813,0.002521118,0
"144461","tillage_zero",2022,37.7801,37.7793,0.002518641,0
"144461","tillage_zero",2023,34.454,34.4537,0.00133504,0
"14956","cover_annual",2016,14.7767,13.6807,0.000371713,0
"14956","cover_annual",2017,12.93,12.5402,0.000420641,0
"14956","cover_annual",2018,11.8874,11.6436,0.000568875,0
"14956","cover_annual",2019,10.6303,10.5364,0.000226796,0
"14956","cover_annual",2020,9.6103,9.5441,0.000462602,0
"14956","cover_annual",2021,8.7261,8.6654,0.000507841,0
"14956","cover_annual",2022,7.9472,7.8864,0.00049905,0
"14956","cover_annual",2023,7.3418,7.2838,0.000191608,0
"14956","cover_none",2016,14.645,13.6176,0.000366766,0
"14956","cover_none",2017,12.8425,12.4822,0.000414232,0
"14956","cover_none",2018,11.596,11.458,0.000564616,0
"14956","cover_none",2019,10.4086,10.3567,0.000223066,0
"14956","cover_none",2020,9.3438,9.3175,0.0004532,0
"14956","cover_none",2021,8.4108,8.3923,0.000492052,0
"14956","cover_none",2022,7.5832,7.5665,0.000484135,0
"14956","cover_none",2023,6.9457,6.9295,0.000186607,0
"14956","fertilizer_reference",2016,14.645,13.6176,0.000382682,0
"14956","fertilizer_reference",2017,12.8425,12.4822,0.00054276,0
"14956","fertilizer_reference",2018,11.596,11.458,0.000831685,0
"14956","fertilizer_reference",2019,10.4086,10.3567,0.000254822,0
"14956","fertilizer_reference",2020,9.3438,9.3175,0.000476915,0
"14956","fertilizer_reference",2021,8.4108,8.3923,0.000609838,0
"14956","fertilizer_reference",2022,7.5832,7.5665,0.000705882,0
"14956","fertilizer_reference",2023,6.9457,6.9295,0.00026041,0
"14956","mineral_N_half",2016,14.645,13.6176,0.000374721,0
"14956","mineral_N_half",2017,12.8425,12.4822,0.000478503,0
"14956","mineral_N_half",2018,11.596,11.458,0.000678502,0
"14956","mineral_N_half",2019,10.4086,10.3567,0.000209434,0
"14956","mineral_N_half",2020,9.3438,9.3175,0.000393423,0
"14956","mineral_N_half",2021,8.4108,8.3923,0.000504384,0
"14956","mineral_N_half",2022,7.5832,7.5665,0.000564391,0
"14956","mineral_N_half",2023,6.9457,6.9295,0.000218747,0
"14956","mineral_N_one_half",2016,14.645,13.6176,0.000390668,0
"14956","mineral_N_one_half",2017,12.8425,12.4822,0.000607005,0
"14956","mineral_N_one_half",2018,11.596,11.458,0.000984912,0
"14956","mineral_N_one_half",2019,10.4086,10.3567,0.000300184,0
"14956","mineral_N_one_half",2020,9.3438,9.3175,0.000560422,0
"14956","mineral_N_one_half",2021,8.4108,8.3923,0.000715286,0
"14956","mineral_N_one_half",2022,7.5832,7.5665,0.000847435,0
"14956","mineral_N_one_half",2023,6.9457,6.9295,0.000302202,0
"14956","mineral_N_zero",2016,14.645,13.6176,0.000366766,0
"14956","mineral_N_zero",2017,12.8425,12.4822,0.000414232,0
"14956","mineral_N_zero",2018,11.596,11.458,0.000525294,0
"14956","mineral_N_zero",2019,10.4086,10.3567,0.00016409,0
"14956","mineral_N_zero",2020,9.3438,9.3175,0.00030991,0
"14956","mineral_N_zero",2021,8.4108,8.3923,0.000398928,0
"14956","mineral_N_zero",2022,7.5832,7.5665,0.000422886,0
"14956","mineral_N_zero",2023,6.9457,6.9295,0.000177001,0
"14956","organic_substitution",2016,18.0675,13.6333,0.000367518,0
"14956","organic_substitution",2017,17.4609,12.6755,0.000631404,0
"14956","organic_substitution",2018,15.5017,11.8332,0.000999896,0
"14956","organic_substitution",2019,15.9398,10.9094,0.000480131,0
"14956","organic_substitution",2020,15.6929,10.084,0.000985223,0
"14956","organic_substitution",2021,15.2134,9.3768,0.001234661,0
"14956","organic_substitution",2022,14.7446,8.753,0.001333587,0
"14956","organic_substitution",2023,14.2512,8.3361,0.000627002,0
"14956","tillage_reduced",2016,14.6372,13.6133,0.000368312,0
"14956","tillage_reduced",2017,12.8342,12.4758,0.000414554,0
"14956","tillage_reduced",2018,11.5866,11.4496,0.000565011,0
"14956","tillage_reduced",2019,10.4969,10.4399,0.000214072,0
"14956","tillage_reduced",2020,9.4176,9.3899,0.000441109,0
"14956","tillage_reduced",2021,8.4744,8.4555,0.00048627,0
"14956","tillage_reduced",2022,7.6372,7.6204,0.000482231,0
"14956","tillage_reduced",2023,6.9936,6.9774,0.00018725,0
"14956","tillage_reference",2016,14.6153,13.6013,0.000372653,0
"14956","tillage_reference",2017,12.8106,12.4577,0.000415755,0
"14956","tillage_reference",2018,11.5594,11.4252,0.000566506,0
"14956","tillage_reference",2019,10.3777,10.3269,0.000222898,0
"14956","tillage_reference",2020,9.3077,9.2819,0.0004538,0
"14956","tillage_reference",2021,8.3706,8.3523,0.000493234,0
"14956","tillage_reference",2022,7.5367,7.5202,0.000486564,0
"14956","tillage_reference",2023,6.8985,6.8824,0.000187049,0
"14956","tillage_zero",2016,14.645,13.6176,0.000366766,0
"14956","tillage_zero",2017,12.8425,12.4822,0.000414232,0
"14956","tillage_zero",2018,11.596,11.458,0.000564616,0
"14956","tillage_zero",2019,10.5139,10.456,0.000213213,0
"14956","tillage_zero",2020,9.4348,9.4068,0.000439792,0
"14956","tillage_zero",2021,8.4914,8.4724,0.000485469,0
"14956","tillage_zero",2022,7.6551,7.6383,0.000481396,0
"14956","tillage_zero",2023,7.0112,6.9949,0.000187235,0
"152256","fertilizer_reference",2016,90.5113,88.0169,0.001968671,0
"152256","fertilizer_reference",2017,84.3983,82.054,0.002204302,0
"152256","fertilizer_reference",2018,77.4344,74.6746,0.003931813,0
"152256","fertilizer_reference",2019,70.3777,67.8625,0.002431583,0
"152256","fertilizer_reference",2020,62.8175,60.9113,0.003319973,0
"152256","fertilizer_reference",2021,57.6821,55.7822,0.004482933,0
"152256","fertilizer_reference",2022,51.9031,50.5873,0.003378274,0
"152256","fertilizer_reference",2023,46.8452,45.8233,0.002048052,0
"152256","mineral_N_half",2016,90.5113,88.0169,0.001760711,0
"152256","mineral_N_half",2017,84.3983,82.054,0.002149724,0
"152256","mineral_N_half",2018,77.4344,74.6746,0.003637998,0
"152256","mineral_N_half",2019,70.3777,67.8625,0.002318023,0
"152256","mineral_N_half",2020,62.8175,60.9113,0.003179328,0
"152256","mineral_N_half",2021,57.6821,55.7822,0.004319425,0
"152256","mineral_N_half",2022,51.9031,50.5873,0.003167034,0
"152256","mineral_N_half",2023,46.8452,45.8233,0.001889363,0
"152256","mineral_N_one_half",2016,90.5113,88.0169,0.002176718,0
"152256","mineral_N_one_half",2017,84.3983,82.054,0.002258877,0
"152256","mineral_N_one_half",2018,77.4344,74.6746,0.004225633,0
"152256","mineral_N_one_half",2019,70.3777,67.8625,0.002545114,0
"152256","mineral_N_one_half",2020,62.8175,60.9113,0.003460603,0
"152256","mineral_N_one_half",2021,57.6821,55.7822,0.004646503,0
"152256","mineral_N_one_half",2022,51.9031,50.5873,0.003589536,0
"152256","mineral_N_one_half",2023,46.8452,45.8233,0.002206758,0
"152256","mineral_N_zero",2016,90.5113,88.0169,0.001552762,0
"152256","mineral_N_zero",2017,84.3983,82.054,0.002095152,0
"152256","mineral_N_zero",2018,77.4344,74.6746,0.003344253,0
"152256","mineral_N_zero",2019,70.3777,67.8625,0.002204496,0
"152256","mineral_N_zero",2020,62.8175,60.9113,0.003038704,0
"152256","mineral_N_zero",2021,57.6821,55.7822,0.004155844,0
"152256","mineral_N_zero",2022,51.9031,50.5873,0.002955805,0
"152256","mineral_N_zero",2023,46.8452,45.8233,0.001730655,0
"152256","organic_substitution",2016,91.1488,88.1092,0.001761689,0
"152256","organic_substitution",2017,86.2114,82.1892,0.002266837,0
"152256","organic_substitution",2018,81.6806,74.9261,0.00377902,0
"152256","organic_substitution",2019,75.4416,68.3324,0.00268552,0
"152256","organic_substitution",2020,68.0598,61.6136,0.003880876,0
"152256","organic_substitution",2021,63.5734,56.6708,0.005419427,0
"152256","organic_substitution",2022,58.0455,51.6615,0.003999608,0
"152256","organic_substitution",2023,53.2181,47.0639,0.002487158,0
"152256","tillage_reduced",2016,90.4601,87.9715,0.00156462,0
"152256","tillage_reduced",2017,84.3279,81.9877,0.002100644,0
"152256","tillage_reduced",2018,77.2413,74.5139,0.003364336,0
"152256","tillage_reduced",2019,70.098,67.6234,0.002225562,0
"152256","tillage_reduced",2020,62.4799,60.6105,0.003064505,0
"152256","tillage_reduced",2021,57.3105,55.4442,0.004186548,0
"152256","tillage_reduced",2022,51.5106,50.2216,0.002973441,0
"152256","tillage_reduced",2023,46.4955,45.4843,0.001730532,0
"152256","tillage_reference",2016,90.3113,87.8399,0.001599249,0
"152256","tillage_reference",2017,84.1154,81.7882,0.002120821,0
"152256","tillage_reference",2018,76.698,74.0582,0.003419538,0
"152256","tillage_reference",2019,69.3171,66.9517,0.002281378,0
"152256","tillage_reference",2020,61.5414,59.7703,0.003133517,0
"152256","tillage_reference",2021,56.28,54.5034,0.004269137,0
"152256","tillage_reference",2022,50.4248,49.2069,0.003020167,0
"152256","tillage_reference",2023,45.5267,44.5438,0.00173035,0
"152256","tillage_zero",2016,90.5113,88.0169,0.001552762,0
"152256","tillage_zero",2017,84.3983,82.054,0.002095152,0
"152256","tillage_zero",2018,77.4344,74.6746,0.003344253,0
"152256","tillage_zero",2019,70.3777,67.8625,0.002204496,0
"152256","tillage_zero",2020,62.8175,60.9113,0.003038704,0
"152256","tillage_zero",2021,57.6821,55.7822,0.004155844,0
"152256","tillage_zero",2022,51.9031,50.5873,0.002955805,0
"152256","tillage_zero",2023,46.8452,45.8233,0.001730655,0
"153154","cover_annual",2016,86.8665,78.7864,0.00053131,0
"153154","cover_annual",2017,91.6122,81.3452,0.000681685,0
"153154","cover_annual",2018,125.0917,102.134,0.000959617,0
"153154","cover_annual",2019,113.2362,97.7874,0.000485564,0
"153154","cover_annual",2020,103.7906,93.451,0.000617667,0
"153154","cover_annual",2021,96.1386,89.1961,0.000628446,0
"153154","cover_annual",2022,89.6863,85.0529,0.000582888,0
"153154","cover_annual",2023,84.6521,81.4218,0.000246143,0
"153154","cover_none",2016,86.8665,78.7864,0.00053131,0
"153154","cover_none",2017,91.6122,81.3452,0.000681685,0
"153154","cover_none",2018,125.0662,102.1195,0.000957406,0
"153154","cover_none",2019,113.212,97.768,0.000477172,0
"153154","cover_none",2020,103.5309,93.2923,0.000605762,0
"153154","cover_none",2021,95.832,88.9943,0.000621524,0
"153154","cover_none",2022,89.4426,84.861,0.0005758,0
"153154","cover_none",2023,84.2995,81.1441,0.000244324,0
"153154","fertilizer_reference",2016,86.8665,78.7864,0.00053131,0
"153154","fertilizer_reference",2017,91.6122,81.3452,0.000724173,0
"153154","fertilizer_reference",2018,125.0662,102.1195,0.001235778,0
"153154","fertilizer_reference",2019,113.212,97.768,0.000790383,0
"153154","fertilizer_reference",2020,103.5309,93.2923,0.000905207,0
"153154","fertilizer_reference",2021,95.832,88.9943,0.001344918,0
"153154","fertilizer_reference",2022,89.4426,84.861,0.001400468,0
"153154","fertilizer_reference",2023,84.2995,81.1441,0.000535314,0
"153154","mineral_N_half",2016,86.8665,78.7864,0.00050281,0
"153154","mineral_N_half",2017,91.6122,81.3452,0.000698822,0
"153154","mineral_N_half",2018,125.0662,102.1195,0.001095236,0
"153154","mineral_N_half",2019,113.212,97.768,0.000633634,0
"153154","mineral_N_half",2020,103.5309,93.2923,0.00075541,0
"153154","mineral_N_half",2021,95.832,88.9943,0.000983167,0
"153154","mineral_N_half",2022,89.4426,84.861,0.000988141,0
"153154","mineral_N_half",2023,84.2995,81.1441,0.000389805,0
"153154","mineral_N_one_half",2016,86.8665,78.7864,0.00055983,0
"153154","mineral_N_one_half",2017,91.6122,81.3452,0.000749368,0
"153154","mineral_N_one_half",2018,125.0662,102.1195,0.001376314,0
"153154","mineral_N_one_half",2019,113.212,97.768,0.000947126,0
"153154","mineral_N_one_half",2020,103.5309,93.2923,0.001054974,0
"153154","mineral_N_one_half",2021,95.832,88.9943,0.001706648,0
"153154","mineral_N_one_half",2022,89.4426,84.861,0.001812818,0
"153154","mineral_N_one_half",2023,84.2995,81.1441,0.000680872,0
"153154","mineral_N_zero",2016,86.8665,78.7864,0.000474304,0
"153154","mineral_N_zero",2017,91.6122,81.3452,0.000673525,0
"153154","mineral_N_zero",2018,125.0662,102.1195,0.000954699,0
"153154","mineral_N_zero",2019,113.212,97.768,0.000476851,0
"153154","mineral_N_zero",2020,103.5309,93.2923,0.000605678,0
"153154","mineral_N_zero",2021,95.832,88.9943,0.000621499,0
"153154","mineral_N_zero",2022,89.4426,84.861,0.00057579,0
"153154","mineral_N_zero",2023,84.2995,81.1441,0.000244323,0
"153154","organic_substitution",2016,87.7557,78.8968,0.000584638,0
"153154","organic_substitution",2017,92.4633,81.6283,0.000906405,0
"153154","organic_substitution",2018,128.3992,102.5453,0.001234823,0
"153154","organic_substitution",2019,117.9229,98.4157,0.000630799,0
"153154","organic_substitution",2020,109.172,94.1829,0.000872297,0
"153154","organic_substitution",2021,102.3622,90.1192,0.000957833,0
"153154","organic_substitution",2022,96.8979,86.2059,0.000944395,0
"153154","organic_substitution",2023,92.6298,82.7066,0.000428454,0
"153154","tillage_reduced",2016,86.8149,78.7438,0.000539759,0
"153154","tillage_reduced",2017,91.5262,81.2777,0.000686911,0
"153154","tillage_reduced",2018,124.881,102.0189,0.000961049,0
"153154","tillage_reduced",2019,112.9659,97.6316,0.000480257,0
"153154","tillage_reduced",2020,103.257,93.124,0.000609031,0
"153154","tillage_reduced",2021,95.8184,88.9644,0.00061971,0
"153154","tillage_reduced",2022,89.3814,84.8023,0.000568837,0
"153154","tillage_reduced",2023,84.2132,81.0663,0.00024499,0
"153154","tillage_reference",2016,86.6739,78.6274,0.000562295,0
"153154","tillage_reference",2017,91.2887,81.0914,0.000701468,0
"153154","tillage_reference",2018,124.3679,101.7404,0.00097115,0
"153154","tillage_reference",2019,112.2855,97.2533,0.000488524,0
"153154","tillage_reference",2020,102.4869,92.6499,0.000618378,0
"153154","tillage_reference",2021,94.9466,88.3744,0.000629528,0
"153154","tillage_reference",2022,88.4914,84.1403,0.000578756,0
"153154","tillage_reference",2023,83.3408,80.3685,0.000248037,0
"153154","tillage_zero",2016,86.8665,78.7864,0.00053131,0
"153154","tillage_zero",2017,91.6122,81.3452,0.000681685,0
"153154","tillage_zero",2018,125.0662,102.1195,0.000957406,0
"153154","tillage_zero",2019,113.212,97.768,0.000477172,0
"153154","tillage_zero",2020,103.5385,93.2962,0.000605524,0
"153154","tillage_zero",2021,96.117,89.1663,0.000616433,0
"153154","tillage_zero",2022,89.6906,85.0314,0.000565878,0
"153154","tillage_zero",2023,84.5173,81.3085,0.000243953,0
"15499","fertilizer_reference",2016,39.6291,38.9439,0.001538277,0
"15499","fertilizer_reference",2017,35.0325,34.8481,0.00121129,0
"15499","fertilizer_reference",2018,31.1585,31.1075,0.0014912,0
"15499","fertilizer_reference",2019,26.7931,26.735,0.001561515,0
"15499","fertilizer_reference",2020,22.8469,22.8118,0.002416785,0
"15499","fertilizer_reference",2021,19.3527,19.3008,0.003677802,0
"15499","fertilizer_reference",2022,16.4737,16.4355,0.003691815,0
"15499","fertilizer_reference",2023,14.4512,14.4163,0.001399367,0
"15499","mineral_N_half",2016,39.6291,38.9439,0.001481709,0
"15499","mineral_N_half",2017,35.0325,34.8481,0.001200348,0
"15499","mineral_N_half",2018,31.1585,31.1075,0.001424207,0
"15499","mineral_N_half",2019,26.7931,26.735,0.001415295,0
"15499","mineral_N_half",2020,22.8469,22.8118,0.002093891,0
"15499","mineral_N_half",2021,19.3527,19.3008,0.003168646,0
"15499","mineral_N_half",2022,16.4737,16.4355,0.003075621,0
"15499","mineral_N_half",2023,14.4512,14.4163,0.00119638,0
"15499","mineral_N_one_half",2016,39.6291,38.9439,0.001594865,0
"15499","mineral_N_one_half",2017,35.0325,34.8481,0.00122217,0
"15499","mineral_N_one_half",2018,31.1585,31.1075,0.0015582,0
"15499","mineral_N_one_half",2019,26.7931,26.735,0.001707781,0
"15499","mineral_N_one_half",2020,22.8469,22.8118,0.00273972,0
"15499","mineral_N_one_half",2021,19.3527,19.3008,0.004186934,0
"15499","mineral_N_one_half",2022,16.4737,16.4355,0.004307986,0
"15499","mineral_N_one_half",2023,14.4512,14.4163,0.001602409,0
"15499","mineral_N_zero",2016,39.6291,38.9439,0.001425083,0
"15499","mineral_N_zero",2017,35.0325,34.8481,0.001189488,0
"15499","mineral_N_zero",2018,31.1585,31.1075,0.001357218,0
"15499","mineral_N_zero",2019,26.7931,26.735,0.001269076,0
"15499","mineral_N_zero",2020,22.8469,22.8118,0.001770912,0
"15499","mineral_N_zero",2021,19.3527,19.3008,0.002659532,0
"15499","mineral_N_zero",2022,16.4737,16.4355,0.002459453,0
"15499","mineral_N_zero",2023,14.4512,14.4163,0.000993373,0
"15499","organic_substitution",2016,41.4316,39.1645,0.001566542,0
"15499","organic_substitution",2017,40.4835,35.1541,0.001264314,0
"15499","organic_substitution",2018,34.317,31.8375,0.002203884,0
"15499","organic_substitution",2019,29.2574,27.8654,0.002348105,0
"15499","organic_substitution",2020,25.3382,24.2113,0.00321014,0
"15499","organic_substitution",2021,21.9317,20.9094,0.004880838,0
"15499","organic_substitution",2022,19.2566,18.2053,0.0047077,0
"15499","organic_substitution",2023,17.4807,16.3519,0.00232441,0
"15499","tillage_reduced",2016,39.6077,38.9262,0.001430524,0
"15499","tillage_reduced",2017,35.0047,34.8219,0.001190628,0
"15499","tillage_reduced",2018,31.1246,31.0742,0.001358426,0
"15499","tillage_reduced",2019,27.1862,27.1226,0.001160688,0
"15499","tillage_reduced",2020,23.1576,23.1218,0.001708066,0
"15499","tillage_reduced",2021,19.5996,19.5476,0.002644807,0
"15499","tillage_reduced",2022,16.6466,16.6089,0.002476624,0
"15499","tillage_reduced",2023,14.5928,14.558,0.00100506,0
"15499","tillage_reference",2016,39.5474,38.8763,0.00144651,0
"15499","tillage_reference",2017,34.9252,34.747,0.001194887,0
"15499","tillage_reference",2018,31.0268,30.9782,0.001362804,0
"15499","tillage_reference",2019,26.684,26.6262,0.001264755,0
"15499","tillage_reference",2020,22.7142,22.6794,0.00177593,0
"15499","tillage_reference",2021,19.2095,19.1578,0.002666035,0
"15499","tillage_reference",2022,16.242,16.2056,0.002483307,0
"15499","tillage_reference",2023,14.243,14.2086,0.00099274,0
"15499","tillage_zero",2016,39.6291,38.9439,0.001425083,0
"15499","tillage_zero",2017,35.0325,34.8481,0.001189488,0
"15499","tillage_zero",2018,31.1585,31.1075,0.001357218,0
"15499","tillage_zero",2019,27.2546,27.1904,0.00115086,0
"15499","tillage_zero",2020,23.2253,23.1894,0.001700588,0
"15499","tillage_zero",2021,19.6637,19.6117,0.002641655,0
"15499","tillage_zero",2022,16.7288,16.6906,0.00247134,0
"15499","tillage_zero",2023,14.6653,14.6304,0.001006459,0
"155097","cover_annual",2016,169.1913,167.7114,0.000205838,0.1951013
"155097","cover_annual",2017,157.9093,156.8851,0.000107796,0.2037865
"155097","cover_annual",2018,151.8992,146.948,0.000132398,0.1824538
"155097","cover_annual",2019,134.3834,131.8546,0.001659968,0.081395
"155097","cover_annual",2020,124.2031,122.4984,0.001321863,0.1335439
"155097","cover_annual",2021,115.6776,114.4995,0.00073449,0.1241297
"155097","cover_annual",2022,107.8055,107.0345,0.000440344,0.1118736
"155097","cover_annual",2023,99.1975,98.7249,0.001167456,0.0863804
"155097","cover_none",2016,168.9766,167.5819,0.000188637,0.1970881
"155097","cover_none",2017,157.5269,156.6227,0.000107789,0.203374
"155097","cover_none",2018,151.4138,146.5417,0.000132293,0.1818814
"155097","cover_none",2019,133.9236,131.3605,0.001633129,0.0843714
"155097","cover_none",2020,123.7285,121.9891,0.001253846,0.1338232
"155097","cover_none",2021,115.2284,113.9996,0.000713713,0.1239214
"155097","cover_none",2022,107.3405,106.5302,0.000420618,0.1119711
"155097","cover_none",2023,98.7256,98.2254,0.001160684,0.0864696
"155097","fertilizer_reference",2016,168.9766,167.5819,0.000188637,0.1970881
"155097","fertilizer_reference",2017,157.5269,156.6227,0.000123971,0.203374
"155097","fertilizer_reference",2018,151.4138,146.5417,0.00013569,0.1818814
"155097","fertilizer_reference",2019,133.9236,131.3605,0.001634105,0.0843714
"155097","fertilizer_reference",2020,123.7285,121.9891,0.001254071,0.1338232
"155097","fertilizer_reference",2021,115.2284,113.9996,0.000713754,0.1239214
"155097","fertilizer_reference",2022,107.3405,106.5302,0.000464898,0.1119711
"155097","fertilizer_reference",2023,98.7256,98.2254,0.001209136,0.0864696
"155097","mineral_N_half",2016,168.9766,167.5819,0.000177034,0.1970881
"155097","mineral_N_half",2017,157.5269,156.6227,0.000115376,0.203374
"155097","mineral_N_half",2018,151.4138,146.5417,0.000125926,0.1818814
"155097","mineral_N_half",2019,133.9236,131.3605,0.001578218,0.0843714
"155097","mineral_N_half",2020,123.7285,121.9891,0.001214656,0.1338232
"155097","mineral_N_half",2021,115.2284,113.9996,0.000664097,0.1239214
"155097","mineral_N_half",2022,107.3405,106.5302,0.000415453,0.1119711
"155097","mineral_N_half",2023,98.7256,98.2254,0.0009743,0.0864696
"155097","mineral_N_one_half",2016,168.9766,167.5819,0.000200173,0.1970881
"155097","mineral_N_one_half",2017,157.5269,156.6227,0.000132605,0.203374
"155097","mineral_N_one_half",2018,151.4138,146.5417,0.000145376,0.1818814
"155097","mineral_N_one_half",2019,133.9236,131.3605,0.001689946,0.0843714
"155097","mineral_N_one_half",2020,123.7285,121.9891,0.001293496,0.1338232
"155097","mineral_N_one_half",2021,115.2284,113.9996,0.000763425,0.1239214
"155097","mineral_N_one_half",2022,107.3405,106.5302,0.000514321,0.1119711
"155097","mineral_N_one_half",2023,98.7256,98.2254,0.001443982,0.0864696
"155097","mineral_N_zero",2016,168.9766,167.5819,0.000165435,0.1970881
"155097","mineral_N_zero",2017,157.5269,156.6227,0.000106763,0.203374
"155097","mineral_N_zero",2018,151.4138,146.5417,0.000116222,0.1818814
"155097","mineral_N_zero",2019,133.9236,131.3605,0.001522312,0.0843714
"155097","mineral_N_zero",2020,123.7285,121.9891,0.001175281,0.1338232
"155097","mineral_N_zero",2021,115.2284,113.9996,0.00061443,0.1239214
"155097","mineral_N_zero",2022,107.3405,106.5302,0.000366043,0.1119711
"155097","mineral_N_zero",2023,98.7256,98.2254,0.000739451,0.0864696
"155097","organic_substitution",2016,171.2311,167.7093,0.000182231,0.1985805
"155097","organic_substitution",2017,161.7012,156.9555,0.000123186,0.2064891
"155097","organic_substitution",2018,156.2985,147.1561,0.000134294,0.1857708
"155097","organic_substitution",2019,135.9824,132.3008,0.001859588,0.0859844
"155097","organic_substitution",2020,126.1658,123.0561,0.001445437,0.1360283
"155097","organic_substitution",2021,119.2358,115.2191,0.000781907,0.1270148
"155097","organic_substitution",2022,114.3125,107.7885,0.000454319,0.1142199
"155097","organic_substitution",2023,104.585,99.8023,0.001001242,0.0905142
"155097","rice_irrigated_reference",2016,168.9766,167.5819,0.000176027,0.1970881
"155097","rice_irrigated_reference",2017,157.5269,156.6227,0.000105642,0.203374
"155097","rice_irrigated_reference",2018,151.4138,146.5417,0.000132231,0.1818814
"155097","rice_irrigated_reference",2019,133.9236,131.3605,0.00163311,0.0843714
"155097","rice_irrigated_reference",2020,123.7285,121.9891,0.001253841,0.1338232
"155097","rice_irrigated_reference",2021,115.2284,113.9996,0.000713713,0.1239214
"155097","rice_irrigated_reference",2022,107.3405,106.5302,0.000420618,0.1119711
"155097","rice_irrigated_reference",2023,98.7256,98.2254,0.001160684,0.0864696
"155097","rice_one_dry",2016,168.9766,167.5819,0.000176689,0.1970881
"155097","rice_one_dry",2017,157.5269,156.6227,0.000105591,0.203374
"155097","rice_one_dry",2018,151.4138,146.5417,0.000132231,0.1818814
"155097","rice_one_dry",2019,133.9236,131.3605,0.001633109,0.0843714
"155097","rice_one_dry",2020,123.7285,121.9891,0.001253841,0.1338232
"155097","rice_one_dry",2021,115.2284,113.9996,0.000713713,0.1239214
"155097","rice_one_dry",2022,107.3405,106.5302,0.000420618,0.1119711
"155097","rice_one_dry",2023,98.7256,98.2254,0.001160684,0.0864696
"155097","rice_two_dry",2016,168.9766,167.5819,0.000177238,0.1970881
"155097","rice_two_dry",2017,157.5269,156.6227,0.000105529,0.203374
"155097","rice_two_dry",2018,151.4138,146.5417,0.000132231,0.1818814
"155097","rice_two_dry",2019,133.9236,131.3605,0.001633107,0.0843714
"155097","rice_two_dry",2020,123.7285,121.9891,0.00125384,0.1338232
"155097","rice_two_dry",2021,115.2284,113.9996,0.000713713,0.1239214
"155097","rice_two_dry",2022,107.3405,106.5302,0.000420618,0.1119711
"155097","rice_two_dry",2023,98.7256,98.2254,0.001160684,0.0864696
"155097","tillage_reduced",2016,168.8703,167.485,0.000189692,0.1970177
"155097","tillage_reduced",2017,157.3845,156.4874,0.000108265,0.2031963
"155097","tillage_reduced",2018,151.5387,146.6233,0.000131953,0.1817326
"155097","tillage_reduced",2019,134.767,132.0932,0.001583908,0.0845817
"155097","tillage_reduced",2020,124.4171,122.6087,0.001217256,0.1345703
"155097","tillage_reduced",2021,115.7847,114.5127,0.00071179,0.1245293
"155097","tillage_reduced",2022,107.7839,106.9473,0.000423568,0.1124487
"155097","tillage_reduced",2023,99.0155,98.5028,0.001176721,0.0867572
"155097","tillage_reference",2016,168.5784,167.2188,0.000192561,0.1968279
"155097","tillage_reference",2017,156.9874,156.1099,0.000109862,0.2027041
"155097","tillage_reference",2018,150.9321,146.0613,0.000131888,0.181288
"155097","tillage_reference",2019,133.5084,130.9294,0.001627551,0.0841011
"155097","tillage_reference",2020,123.0331,121.3024,0.00125538,0.1331923
"155097","tillage_reference",2021,114.3203,113.1113,0.000722216,0.1230617
"155097","tillage_reference",2022,106.2507,105.4648,0.000427262,0.110939
"155097","tillage_reference",2023,97.3292,96.8556,0.001199689,0.085392
"155097","tillage_zero",2016,168.9766,167.5819,0.000188637,0.1970881
"155097","tillage_zero",2017,157.5269,156.6227,0.000107789,0.203374
"155097","tillage_zero",2018,151.6942,146.7735,0.000132042,0.1818888
"155097","tillage_zero",2019,134.9765,132.2955,0.001580858,0.0846808
"155097","tillage_zero",2020,124.6917,122.8732,0.001213074,0.1348338
"155097","tillage_zero",2021,116.1091,114.8263,0.000709175,0.1248429
"155097","tillage_zero",2022,108.1505,107.3035,0.000421916,0.1128041
"155097","tillage_zero",2023,99.4612,98.9387,0.001165987,0.0871059
"159849","fertilizer_reference",2016,62.8503,61.3004,0.000523139,0
"159849","fertilizer_reference",2017,58.619,57.6451,0.000785568,0
"159849","fertilizer_reference",2018,48.1732,47.979,0.00393844,0
"159849","fertilizer_reference",2019,40.6779,40.5679,0.003721783,0
"159849","fertilizer_reference",2020,34.9941,33.5107,0.005100608,0
"159849","fertilizer_reference",2021,28.2535,27.7109,0.00604255,0
"159849","fertilizer_reference",2022,22.9062,22.7083,0.005312062,0
"159849","fertilizer_reference",2023,19.4704,19.365,0.001964869,0
"159849","mineral_N_half",2016,62.8503,61.3004,0.000482852,0
"159849","mineral_N_half",2017,58.619,57.6451,0.000724614,0
"159849","mineral_N_half",2018,48.1732,47.979,0.003482546,0
"159849","mineral_N_half",2019,40.6779,40.5679,0.003324383,0
"159849","mineral_N_half",2020,34.9941,33.5107,0.004581542,0
"159849","mineral_N_half",2021,28.2535,27.7109,0.005349959,0
"159849","mineral_N_half",2022,22.9062,22.7083,0.004667602,0
"159849","mineral_N_half",2023,19.4704,19.365,0.001647876,0
"159849","mineral_N_one_half",2016,62.8503,61.3004,0.000563448,0
"159849","mineral_N_one_half",2017,58.619,57.6451,0.000846552,0
"159849","mineral_N_one_half",2018,48.1732,47.979,0.004394369,0
"159849","mineral_N_one_half",2019,40.6779,40.5679,0.004119159,0
"159849","mineral_N_one_half",2020,34.9941,33.5107,0.005619579,0
"159849","mineral_N_one_half",2021,28.2535,27.7109,0.00673512,0
"159849","mineral_N_one_half",2022,22.9062,22.7083,0.005956479,0
"159849","mineral_N_one_half",2023,19.4704,19.365,0.00228187,0
"159849","mineral_N_zero",2016,62.8503,61.3004,0.00044256,0
"159849","mineral_N_zero",2017,58.619,57.6451,0.000663654,0
"159849","mineral_N_zero",2018,48.1732,47.979,0.003026624,0
"159849","mineral_N_zero",2019,40.6779,40.5679,0.002926967,0
"159849","mineral_N_zero",2020,34.9941,33.5107,0.004062572,0
"159849","mineral_N_zero",2021,28.2535,27.7109,0.004657389,0
"159849","mineral_N_zero",2022,22.9062,22.7083,0.004023093,0
"159849","mineral_N_zero",2023,19.4704,19.365,0.001330882,0
"159849","organic_substitution",2016,65.7898,61.4436,0.000468317,0
"159849","organic_substitution",2017,63.1074,58.046,0.000814118,0
"159849","organic_substitution",2018,50.6142,48.8288,0.003720618,0
"159849","organic_substitution",2019,43.3275,41.652,0.003442201,0
"159849","organic_substitution",2020,37.2646,34.8022,0.004687335,0
"159849","organic_substitution",2021,29.904,29.0964,0.005742407,0
"159849","organic_substitution",2022,24.6359,24.1116,0.005406672,0
"159849","organic_substitution",2023,21.5479,20.8172,0.00215861,0
"159849","tillage_reduced",2016,62.8058,61.2646,0.000529156,0
"159849","tillage_reduced",2017,58.5509,57.5848,0.000688359,0
"159849","tillage_reduced",2018,48.7442,48.5242,0.003786558,0
"159849","tillage_reduced",2019,41.5551,41.4298,0.003616752,0
"159849","tillage_reduced",2020,35.8563,34.346,0.004987305,0
"159849","tillage_reduced",2021,29.0997,28.5347,0.005996722,0
"159849","tillage_reduced",2022,23.5945,23.39,0.005309941,0
"159849","tillage_reduced",2023,20.0409,19.9335,0.001995588,0
"159849","tillage_reference",2016,62.6572,61.1446,0.000546726,0
"159849","tillage_reference",2017,58.3162,57.3768,0.000706894,0
"159849","tillage_reference",2018,47.9452,47.7547,0.003844352,0
"159849","tillage_reference",2019,40.4884,40.3787,0.003689281,0
"159849","tillage_reference",2020,34.8395,33.3556,0.005072641,0
"159849","tillage_reference",2021,28.1263,27.5833,0.006016121,0
"159849","tillage_reference",2022,22.7933,22.5957,0.005291195,0
"159849","tillage_reference",2023,19.321,19.2169,0.00197548,0
"159849","tillage_zero",2016,62.8503,61.3004,0.000523139,0
"159849","tillage_zero",2017,58.619,57.6451,0.000682866,0
"159849","tillage_zero",2018,48.8634,48.6394,0.003778523,0
"159849","tillage_zero",2019,41.6992,41.572,0.003610062,0
"159849","tillage_zero",2020,36.0204,34.5013,0.00497808,0
"159849","tillage_zero",2021,29.2636,28.6924,0.005989119,0
"159849","tillage_zero",2022,23.7324,23.5257,0.005309091,0
"159849","tillage_zero",2023,20.1699,20.0614,0.001996532,0
"169473","fertilizer_reference",2016,31.7532,31.148,0.002543228,0
"169473","fertilizer_reference",2017,25.4,25.3529,0.003292549,0
"169473","fertilizer_reference",2018,20.5633,20.5597,0.005490792,0
"169473","fertilizer_reference",2019,17.0968,17.0964,0.004200273,0
"169473","fertilizer_reference",2020,13.8414,13.8414,0.003994971,0
"169473","fertilizer_reference",2021,11.1412,11.1412,0.005029897,0
"169473","fertilizer_reference",2022,8.9234,8.9234,0.004107838,0
"169473","fertilizer_reference",2023,7.4125,7.4125,0.002165434,0
"169473","mineral_N_half",2016,31.7532,31.148,0.002368978,0
"169473","mineral_N_half",2017,25.4,25.3529,0.003046539,0
"169473","mineral_N_half",2018,20.5633,20.5597,0.004904984,0
"169473","mineral_N_half",2019,17.0968,17.0964,0.003625298,0
"169473","mineral_N_half",2020,13.8414,13.8414,0.003348868,0
"169473","mineral_N_half",2021,11.1412,11.1412,0.004232636,0
"169473","mineral_N_half",2022,8.9234,8.9234,0.003344448,0
"169473","mineral_N_half",2023,7.4125,7.4125,0.001724745,0
"169473","mineral_N_one_half",2016,31.7532,31.148,0.002717491,0
"169473","mineral_N_one_half",2017,25.4,25.3529,0.003538525,0
"169473","mineral_N_one_half",2018,20.5633,20.5597,0.006076634,0
"169473","mineral_N_one_half",2019,17.0968,17.0964,0.004775238,0
"169473","mineral_N_one_half",2020,13.8414,13.8414,0.004641095,0
"169473","mineral_N_one_half",2021,11.1412,11.1412,0.00582723,0
"169473","mineral_N_one_half",2022,8.9234,8.9234,0.0048712,0
"169473","mineral_N_one_half",2023,7.4125,7.4125,0.00260611,0
"169473","mineral_N_zero",2016,31.7532,31.148,0.002194698,0
"169473","mineral_N_zero",2017,25.4,25.3529,0.002800523,0
"169473","mineral_N_zero",2018,20.5633,20.5597,0.004319144,0
"169473","mineral_N_zero",2019,17.0968,17.0964,0.003050327,0
"169473","mineral_N_zero",2020,13.8414,13.8414,0.002702742,0
"169473","mineral_N_zero",2021,11.1412,11.1412,0.003435333,0
"169473","mineral_N_zero",2022,8.9234,8.9234,0.002581122,0
"169473","mineral_N_zero",2023,7.4125,7.4125,0.001284076,0
"169473","organic_substitution",2016,32.6172,31.4322,0.002734437,0
"169473","organic_substitution",2017,26.4633,25.9072,0.003757125,0
"169473","organic_substitution",2018,21.6117,21.2317,0.005800757,0
"169473","organic_substitution",2019,18.48,17.9619,0.004645005,0
"169473","organic_substitution",2020,15.2367,14.7732,0.004163648,0
"169473","organic_substitution",2021,12.8017,12.2143,0.005242386,0
"169473","organic_substitution",2022,10.5465,10.0788,0.004114788,0
"169473","organic_substitution",2023,9.284,8.6562,0.002263926,0
"169473","tillage_reduced",2016,31.716,31.1173,0.002558566,0
"169473","tillage_reduced",2017,25.3654,25.319,0.002954946,0
"169473","tillage_reduced",2018,20.5433,20.5398,0.005198811,0
"169473","tillage_reduced",2019,17.2147,17.2143,0.004066831,0
"169473","tillage_reduced",2020,13.9212,13.9212,0.003894818,0
"169473","tillage_reduced",2021,11.2849,11.2849,0.004960457,0
"169473","tillage_reduced",2022,9.086,9.086,0.004056137,0
"169473","tillage_reduced",2023,7.5453,7.5453,0.002149863,0
"169473","tillage_reference",2016,31.5991,31.021,0.002604248,0
"169473","tillage_reference",2017,25.2535,25.2094,0.002974459,0
"169473","tillage_reference",2018,20.3925,20.3893,0.005205795,0
"169473","tillage_reference",2019,16.9549,16.9546,0.004084673,0
"169473","tillage_reference",2020,13.6716,13.6716,0.003926244,0
"169473","tillage_reference",2021,11.0027,11.0027,0.004985826,0
"169473","tillage_reference",2022,8.8125,8.8125,0.004075002,0
"169473","tillage_reference",2023,7.3108,7.3108,0.00215209,0
"169473","tillage_zero",2016,31.7532,31.148,0.002543228,0
"169473","tillage_zero",2017,25.4,25.3529,0.002949166,0
"169473","tillage_zero",2018,20.5951,20.5915,0.005196782,0
"169473","tillage_zero",2019,17.2845,17.2841,0.004061239,0
"169473","tillage_zero",2020,13.9934,13.9934,0.003888653,0
"169473","tillage_zero",2021,11.3547,11.3547,0.004954622,0
"169473","tillage_zero",2022,9.1542,9.1542,0.004054074,0
"169473","tillage_zero",2023,7.6043,7.6043,0.002149946,0
"205678","cover_annual",2016,176.7456,175.6694,0.002522549,0.1106992
"205678","cover_annual",2017,158.2571,157.8366,0.00403787,0.087719
"205678","cover_annual",2018,142.3589,142.1364,0.00704126,0.0721464
"205678","cover_annual",2019,128.3313,128.1925,0.005200837,0.0785483
"205678","cover_annual",2020,113.8004,113.7008,0.010103332,0.0409464
"205678","cover_annual",2021,106.1572,105.8774,0.004063485,0.1004507
"205678","cover_annual",2022,99.6458,99.3135,9.2115e-05,0.1231057
"205678","cover_annual",2023,93.8771,93.4521,6.2192e-05,0.1131986
"205678","cover_none",2016,176.7072,175.646,0.002515701,0.111535
"205678","cover_none",2017,158.1414,157.7599,0.004015256,0.0892847
"205678","cover_none",2018,142.1638,141.9877,0.006985338,0.0730163
"205678","cover_none",2019,128.1291,128.0189,0.005161457,0.0787719
"205678","cover_none",2020,113.5651,113.5032,0.010024144,0.0414534
"205678","cover_none",2021,105.7913,105.6329,0.003903756,0.1019056
"205678","cover_none",2022,99.1804,98.9781,9.1259e-05,0.122644
"205678","cover_none",2023,93.0771,92.8637,6.2659e-05,0.1124501
"205678","fertilizer_reference",2016,176.7072,175.646,0.002515701,0.111535
"205678","fertilizer_reference",2017,158.1414,157.7599,0.004615629,0.0892847
"205678","fertilizer_reference",2018,142.1638,141.9877,0.007365734,0.0730163
"205678","fertilizer_reference",2019,128.1291,128.0189,0.005280357,0.0787719
"205678","fertilizer_reference",2020,113.5651,113.5032,0.011123125,0.0414534
"205678","fertilizer_reference",2021,105.7913,105.6329,0.004258604,0.1019056
"205678","fertilizer_reference",2022,99.1804,98.9781,9.3154e-05,0.122644
"205678","fertilizer_reference",2023,93.0771,92.8637,6.2671e-05,0.1124501
"205678","mineral_N_half",2016,176.7072,175.646,0.002385092,0.111535
"205678","mineral_N_half",2017,158.1414,157.7599,0.004274192,0.0892847
"205678","mineral_N_half",2018,142.1638,141.9877,0.006859273,0.0730163
"205678","mineral_N_half",2019,128.1291,128.0189,0.004793828,0.0787719
"205678","mineral_N_half",2020,113.5651,113.5032,0.010127129,0.0414534
"205678","mineral_N_half",2021,105.7913,105.6329,0.003935753,0.1019056
"205678","mineral_N_half",2022,99.1804,98.9781,8.4204e-05,0.122644
"205678","mineral_N_half",2023,93.0771,92.8637,5.5719e-05,0.1124501
"205678","mineral_N_one_half",2016,176.7072,175.646,0.00264636,0.111535
"205678","mineral_N_one_half",2017,158.1414,157.7599,0.004957037,0.0892847
"205678","mineral_N_one_half",2018,142.1638,141.9877,0.007872173,0.0730163
"205678","mineral_N_one_half",2019,128.1291,128.0189,0.00576685,0.0787719
"205678","mineral_N_one_half",2020,113.5651,113.5032,0.012119149,0.0414534
"205678","mineral_N_one_half",2021,105.7913,105.6329,0.004581399,0.1019056
"205678","mineral_N_one_half",2022,99.1804,98.9781,0.000102021,0.122644
"205678","mineral_N_one_half",2023,93.0771,92.8637,6.9576e-05,0.1124501
"205678","mineral_N_zero",2016,176.7072,175.646,0.002254464,0.111535
"205678","mineral_N_zero",2017,158.1414,157.7599,0.003932792,0.0892847
"205678","mineral_N_zero",2018,142.1638,141.9877,0.006352851,0.0730163
"205678","mineral_N_zero",2019,128.1291,128.0189,0.004307277,0.0787719
"205678","mineral_N_zero",2020,113.5651,113.5032,0.009131097,0.0414534
"205678","mineral_N_zero",2021,105.7913,105.6329,0.003612935,0.1019056
"205678","mineral_N_zero",2022,99.1804,98.9781,7.529e-05,0.122644
"205678","mineral_N_zero",2023,93.0771,92.8637,4.883e-05,0.1124501
"205678","organic_substitution",2016,178.5378,175.8501,0.002445577,0.1124393
"205678","organic_substitution",2017,159.7987,158.1753,0.004553088,0.0902308
"205678","organic_substitution",2018,143.8995,142.5739,0.007546283,0.0739039
"205678","organic_substitution",2019,130.0303,128.7518,0.005279314,0.0799157
"205678","organic_substitution",2020,115.3432,114.373,0.011398212,0.0421313
"205678","organic_substitution",2021,109.4162,106.6063,0.004450106,0.1042678
"205678","organic_substitution",2022,104.3096,100.0797,8.6951e-05,0.1268258
"205678","organic_substitution",2023,99.3396,94.1145,5.5554e-05,0.1173185
"205678","rice_irrigated_reference",2016,176.7072,175.646,0.002515701,0.111535
"205678","rice_irrigated_reference",2017,158.1414,157.7599,0.004015256,0.0892847
"205678","rice_irrigated_reference",2018,142.1638,141.9877,0.006985338,0.0730163
"205678","rice_irrigated_reference",2019,128.1291,128.0189,0.005161457,0.0787719
"205678","rice_irrigated_reference",2020,113.5651,113.5032,0.010024144,0.0414534
"205678","rice_irrigated_reference",2021,105.7913,105.6329,0.003865968,0.1019056
"205678","rice_irrigated_reference",2022,99.1804,98.9781,7.588e-05,0.122644
"205678","rice_irrigated_reference",2023,93.0771,92.8637,5.5349e-05,0.1124501
"205678","rice_one_dry",2016,176.7072,175.646,0.002515701,0.111535
"205678","rice_one_dry",2017,158.1414,157.7599,0.004015256,0.0892847
"205678","rice_one_dry",2018,142.1638,141.9877,0.006985338,0.0730163
"205678","rice_one_dry",2019,128.1291,128.0189,0.005161457,0.0787719
"205678","rice_one_dry",2020,113.5651,113.5032,0.010024144,0.0414534
"205678","rice_one_dry",2021,105.7913,105.6329,0.003868692,0.1019056
"205678","rice_one_dry",2022,99.1804,98.9781,7.6378e-05,0.122644
"205678","rice_one_dry",2023,93.0771,92.8637,5.5571e-05,0.1124501
"205678","rice_two_dry",2016,176.7072,175.646,0.002515701,0.111535
"205678","rice_two_dry",2017,158.1414,157.7599,0.004015256,0.0892847
"205678","rice_two_dry",2018,142.1638,141.9877,0.006985338,0.0730163
"205678","rice_two_dry",2019,128.1291,128.0189,0.005161457,0.0787719
"205678","rice_two_dry",2020,113.5651,113.5032,0.010024144,0.0414534
"205678","rice_two_dry",2021,105.7913,105.6329,0.003870757,0.1019056
"205678","rice_two_dry",2022,99.1804,98.9781,7.6763e-05,0.122644
"205678","rice_two_dry",2023,93.0771,92.8637,5.5796e-05,0.1124501
"205678","tillage_reduced",2016,176.4619,175.415,0.002555459,0.1114752
"205678","tillage_reduced",2017,157.6415,157.2707,0.004079525,0.089113
"205678","tillage_reduced",2018,141.4597,141.2893,0.007081252,0.0727466
"205678","tillage_reduced",2019,127.3174,127.2098,0.005219959,0.0783543
"205678","tillage_reduced",2020,112.6396,112.5789,0.010121063,0.0411686
"205678","tillage_reduced",2021,104.8635,104.7059,0.003934106,0.1010246
"205678","tillage_reduced",2022,98.2554,98.054,9.1519e-05,0.1215252
"205678","tillage_reduced",2023,92.1574,91.9452,6.272e-05,0.1113661
"205678","tillage_reference",2016,175.8,174.7908,0.002659115,0.1113155
"205678","tillage_reference",2017,156.3228,155.9788,0.00424593,0.0886617
"205678","tillage_reference",2018,139.6264,139.4694,0.007327777,0.072034
"205678","tillage_reference",2019,125.1854,125.0841,0.00537031,0.0772568
"205678","tillage_reference",2020,110.2264,110.1686,0.010372335,0.040423
"205678","tillage_reference",2021,102.4415,102.2858,0.004012339,0.0987368
"205678","tillage_reference",2022,95.8353,95.6365,9.226e-05,0.1186167
"205678","tillage_reference",2023,89.7492,89.5403,6.2865e-05,0.1085379
"205678","tillage_zero",2016,176.7072,175.646,0.002515701,0.111535
"205678","tillage_zero",2017,158.1414,157.7599,0.004015256,0.0892847
"205678","tillage_zero",2018,142.1638,141.9877,0.006985338,0.0730163
"205678","tillage_zero",2019,128.1291,128.0189,0.005161457,0.0787719
"205678","tillage_zero",2020,113.5651,113.5032,0.010024144,0.0414534
"205678","tillage_zero",2021,105.7913,105.6329,0.003903756,0.1019056
"205678","tillage_zero",2022,99.1804,98.9781,9.1259e-05,0.122644
"205678","tillage_zero",2023,93.0771,92.8637,6.2659e-05,0.1124501
"212287","cover_annual",2016,43.3555,42.7449,0.001559902,0
"212287","cover_annual",2017,36.4886,36.3035,0.003090773,0
"212287","cover_annual",2018,32.5,32.3486,0.002106691,0
"212287","cover_annual",2019,27.9771,27.8678,0.002812218,0
"212287","cover_annual",2020,24.8436,24.7817,0.003249344,0
"212287","cover_annual",2021,21.3897,21.342,0.002875082,0
"212287","cover_annual",2022,18.3114,18.2777,0.004869509,0
"212287","cover_annual",2023,16.5364,16.4811,0.001878562,0
"212287","cover_none",2016,43.0009,42.4997,0.001501529,0
"212287","cover_none",2017,36.0127,35.9334,0.002935476,0
"212287","cover_none",2018,31.946,31.9039,0.002059155,0
"212287","cover_none",2019,27.4545,27.4303,0.002709278,0
"212287","cover_none",2020,24.4015,24.3683,0.003186646,0
"212287","cover_none",2021,20.8571,20.8371,0.002829861,0
"212287","cover_none",2022,17.7569,17.751,0.00485093,0
"212287","cover_none",2023,15.954,15.9264,0.001836403,0
"212287","fertilizer_reference",2016,43.0009,42.4997,0.002038828,0
"212287","fertilizer_reference",2017,36.0127,35.9334,0.003309609,0
"212287","fertilizer_reference",2018,31.946,31.9039,0.002604476,0
"212287","fertilizer_reference",2019,27.4545,27.4303,0.003112601,0
"212287","fertilizer_reference",2020,24.4015,24.3683,0.003528638,0
"212287","fertilizer_reference",2021,20.8571,20.8371,0.003268179,0
"212287","fertilizer_reference",2022,17.7569,17.751,0.00544761,0
"212287","fertilizer_reference",2023,15.954,15.9264,0.002106405,0
"212287","mineral_N_half",2016,43.0009,42.4997,0.001770158,0
"212287","mineral_N_half",2017,36.0127,35.9334,0.003101458,0
"212287","mineral_N_half",2018,31.946,31.9039,0.00220944,0
"212287","mineral_N_half",2019,27.4545,27.4303,0.002690323,0
"212287","mineral_N_half",2020,24.4015,24.3683,0.003022987,0
"212287","mineral_N_half",2021,20.8571,20.8371,0.002678588,0
"212287","mineral_N_half",2022,17.7569,17.751,0.004530742,0
"212287","mineral_N_half",2023,15.954,15.9264,0.001720822,0
"212287","mineral_N_one_half",2016,43.0009,42.4997,0.002307475,0
"212287","mineral_N_one_half",2017,36.0127,35.9334,0.003517765,0
"212287","mineral_N_one_half",2018,31.946,31.9039,0.002999525,0
"212287","mineral_N_one_half",2019,27.4545,27.4303,0.003534852,0
"212287","mineral_N_one_half",2020,24.4015,24.3683,0.004034292,0
"212287","mineral_N_one_half",2021,20.8571,20.8371,0.003857777,0
"212287","mineral_N_one_half",2022,17.7569,17.751,0.006364517,0
"212287","mineral_N_one_half",2023,15.954,15.9264,0.002491994,0
"212287","mineral_N_zero",2016,43.0009,42.4997,0.001501529,0
"212287","mineral_N_zero",2017,36.0127,35.9334,0.002893315,0
"212287","mineral_N_zero",2018,31.946,31.9039,0.001814373,0
"212287","mineral_N_zero",2019,27.4545,27.4303,0.002268057,0
"212287","mineral_N_zero",2020,24.4015,24.3683,0.002517334,0
"212287","mineral_N_zero",2021,20.8571,20.8371,0.002089,0
"212287","mineral_N_zero",2022,17.7569,17.751,0.003613845,0
"212287","mineral_N_zero",2023,15.954,15.9264,0.001335224,0
"212287","organic_substitution",2016,47.5341,42.5063,0.001501597,0
"212287","organic_substitution",2017,43.628,36.343,0.003379786,0
"212287","organic_substitution",2018,36.7076,32.7716,0.002464707,0
"212287","organic_substitution",2019,31.8289,28.4931,0.00345312,0
"212287","organic_substitution",2020,28.7438,25.6068,0.003936764,0
"212287","organic_substitution",2021,27.1443,22.3619,0.003637722,0
"212287","organic_substitution",2022,27.4944,19.4173,0.006401236,0
"212287","organic_substitution",2023,22.508,17.9363,0.002550583,0
"212287","tillage_reduced",2016,42.9637,42.4669,0.001514817,0
"212287","tillage_reduced",2017,35.9735,35.8951,0.002943728,0
"212287","tillage_reduced",2018,32.2987,32.2504,0.002032624,0
"212287","tillage_reduced",2019,28.2479,28.2169,0.002600012,0
"212287","tillage_reduced",2020,25.3423,25.3034,0.003051751,0
"212287","tillage_reduced",2021,21.8199,21.797,0.002741376,0
"212287","tillage_reduced",2022,18.8685,18.8609,0.004695655,0
"212287","tillage_reduced",2023,16.9379,16.91,0.001793045,0
"212287","tillage_reference",2016,42.8553,42.371,0.00155162,0
"212287","tillage_reference",2017,35.8544,35.7784,0.002969377,0
"212287","tillage_reference",2018,31.808,31.7667,0.002067893,0
"212287","tillage_reference",2019,27.337,27.3129,0.002711585,0
"212287","tillage_reference",2020,24.2977,24.2646,0.003185924,0
"212287","tillage_reference",2021,20.7689,20.7489,0.002826945,0
"212287","tillage_reference",2022,17.6819,17.676,0.004843554,0
"212287","tillage_reference",2023,15.8716,15.8441,0.001834844,0
"212287","tillage_zero",2016,43.0009,42.4997,0.001501529,0
"212287","tillage_zero",2017,36.0127,35.9334,0.002935476,0
"212287","tillage_zero",2018,32.375,32.3258,0.002027362,0
"212287","tillage_zero",2019,28.3652,28.3333,0.002587617,0
"212287","tillage_zero",2020,25.4873,25.4474,0.003036375,0
"212287","tillage_zero",2021,21.9714,21.948,0.002730478,0
"212287","tillage_zero",2022,19.0285,19.0207,0.004676669,0
"212287","tillage_zero",2023,17.0844,17.0564,0.001787806,0
"219229","cover_annual",2016,82.957,79.0111,0.000212883,0
"219229","cover_annual",2017,85.7064,77.6328,0.000242139,0
"219229","cover_annual",2018,89.286,80.9884,0.000431795,0
"219229","cover_annual",2019,77.92,74.2418,0.00077355,0
"219229","cover_annual",2020,74.0866,67.8641,0.002163928,0
"219229","cover_annual",2021,66.4177,63.5892,0.001766371,0
"219229","cover_annual",2022,58.3889,57.469,0.002351805,0
"219229","cover_annual",2023,53.9122,51.9089,0.001074947,0
"219229","cover_none",2016,82.957,79.0111,0.000212883,0
"219229","cover_none",2017,85.7064,77.6328,0.000242139,0
"219229","cover_none",2018,89.2498,80.974,0.000431658,0
"219229","cover_none",2019,77.7692,74.141,0.000760374,0
"219229","cover_none",2020,73.8902,67.7292,0.002196828,0
"219229","cover_none",2021,65.8355,63.1879,0.001758177,0
"219229","cover_none",2022,57.8238,57.0154,0.002473108,0
"219229","cover_none",2023,53.3478,51.4112,0.001033643,0
"219229","fertilizer_reference",2016,82.957,79.0111,0.000212883,0
"219229","fertilizer_reference",2017,85.6985,77.6084,0.00028953,0
"219229","fertilizer_reference",2018,82.7131,77.001,0.000907377,0
"219229","fertilizer_reference",2019,73.0639,70.4459,0.000880505,0
"219229","fertilizer_reference",2020,70.1716,64.38,0.002179343,0
"219229","fertilizer_reference",2021,62.8741,60.2865,0.001689786,0
"219229","fertilizer_reference",2022,55.2851,54.4685,0.002287662,0
"219229","fertilizer_reference",2023,51.1762,49.2191,0.001036345,0
"219229","mineral_N_half",2016,82.957,79.0111,0.000195639,0
"219229","mineral_N_half",2017,85.6985,77.6084,0.00026291,0
"219229","mineral_N_half",2018,82.7131,77.001,0.000795539,0
"219229","mineral_N_half",2019,73.0639,70.4459,0.000726949,0
"219229","mineral_N_half",2020,70.1716,64.38,0.001770623,0
"219229","mineral_N_half",2021,62.8741,60.2865,0.001417583,0
"219229","mineral_N_half",2022,55.2851,54.4685,0.001927579,0
"219229","mineral_N_half",2023,51.1762,49.2191,0.000881561,0
"219229","mineral_N_one_half",2016,82.957,79.0111,0.000229999,0
"219229","mineral_N_one_half",2017,85.6985,77.6084,0.00031614,0
"219229","mineral_N_one_half",2018,82.7131,77.001,0.001019264,0
"219229","mineral_N_one_half",2019,73.0639,70.4459,0.001034102,0
"219229","mineral_N_one_half",2020,70.1716,64.38,0.002588034,0
"219229","mineral_N_one_half",2021,62.8741,60.2865,0.001961952,0
"219229","mineral_N_one_half",2022,55.2851,54.4685,0.002647678,0
"219229","mineral_N_one_half",2023,51.1762,49.2191,0.001191206,0
"219229","mineral_N_zero",2016,82.957,79.0111,0.000178485,0
"219229","mineral_N_zero",2017,85.6985,77.6084,0.000236354,0
"219229","mineral_N_zero",2018,82.7131,77.001,0.000683672,0
"219229","mineral_N_zero",2019,73.0639,70.4459,0.000573432,0
"219229","mineral_N_zero",2020,70.1716,64.38,0.00136193,0
"219229","mineral_N_zero",2021,62.8741,60.2865,0.001145458,0
"219229","mineral_N_zero",2022,55.2851,54.4685,0.001567556,0
"219229","mineral_N_zero",2023,51.1762,49.2191,0.000726685,0
"219229","organic_substitution",2016,86.462,79.2274,0.000238798,0
"219229","organic_substitution",2017,98.1686,78.0971,0.000361073,0
"219229","organic_substitution",2018,90.4281,78.1031,0.001090455,0
"219229","organic_substitution",2019,85.4225,71.894,0.000857308,0
"219229","organic_substitution",2020,84.7657,66.315,0.002153952,0
"219229","organic_substitution",2021,80.3388,62.6663,0.001885217,0
"219229","organic_substitution",2022,72.7185,57.3814,0.002790085,0
"219229","organic_substitution",2023,62.0869,52.6165,0.001399481,0
"219229","tillage_reduced",2016,82.9185,78.9796,0.000215009,0
"219229","tillage_reduced",2017,85.6245,77.5487,0.000256932,0
"219229","tillage_reduced",2018,84.2376,77.876,0.000858147,0
"219229","tillage_reduced",2019,74.6593,71.6176,0.000847175,0
"219229","tillage_reduced",2020,71.4219,65.4299,0.002147361,0
"219229","tillage_reduced",2021,64.4979,61.6235,0.001673612,0
"219229","tillage_reduced",2022,57.4766,56.4256,0.002222577,0
"219229","tillage_reduced",2023,53.8254,51.5931,0.000995325,0
"219229","tillage_reference",2016,82.7869,78.8746,0.000221652,0
"219229","tillage_reference",2017,85.3808,77.3534,0.000264986,0
"219229","tillage_reference",2018,82.2244,76.623,0.000902413,0
"219229","tillage_reference",2019,72.6692,70.0973,0.000878308,0
"219229","tillage_reference",2020,69.4075,63.6924,0.002199832,0
"219229","tillage_reference",2021,62.1948,59.6437,0.001712924,0
"219229","tillage_reference",2022,54.6937,53.8891,0.002295483,0
"219229","tillage_reference",2023,50.6522,48.6991,0.001033813,0
"219229","tillage_zero",2016,82.957,79.0111,0.000212883,0
"219229","tillage_zero",2017,85.6985,77.6084,0.000254255,0
"219229","tillage_zero",2018,84.5349,78.0677,0.000849821,0
"219229","tillage_zero",2019,74.939,71.8343,0.000843432,0
"219229","tillage_zero",2020,71.7761,65.7366,0.002136504,0
"219229","tillage_zero",2021,64.9368,61.9926,0.001662692,0
"219229","tillage_zero",2022,57.9464,56.8517,0.002208594,0
"219229","tillage_zero",2023,54.3661,52.0821,0.000989092,0
"236386","fertilizer_reference",2016,74.3143,69.7729,0.000633612,0
"236386","fertilizer_reference",2017,74.3239,68.6975,0.000691406,0
"236386","fertilizer_reference",2018,81.4278,75.2075,0.001824692,0
"236386","fertilizer_reference",2019,70.7832,68.2518,0.001460764,0
"236386","fertilizer_reference",2020,62.6316,61.6127,0.002212561,0
"236386","fertilizer_reference",2021,61.3137,56.173,0.002322884,0
"236386","fertilizer_reference",2022,53.9263,50.7282,0.002226357,0
"236386","fertilizer_reference",2023,48.5831,46.5133,0.00123654,0
"236386","mineral_N_half",2016,74.3143,69.7729,0.000552118,0
"236386","mineral_N_half",2017,74.3239,68.6975,0.000610223,0
"236386","mineral_N_half",2018,81.4278,75.2075,0.001584766,0
"236386","mineral_N_half",2019,70.7832,68.2518,0.001266331,0
"236386","mineral_N_half",2020,62.6316,61.6127,0.001915719,0
"236386","mineral_N_half",2021,61.3137,56.173,0.001979763,0
"236386","mineral_N_half",2022,53.9263,50.7282,0.001881283,0
"236386","mineral_N_half",2023,48.5831,46.5133,0.000976065,0
"236386","mineral_N_one_half",2016,74.3143,69.7729,0.000715076,0
"236386","mineral_N_one_half",2017,74.3239,68.6975,0.000772655,0
"236386","mineral_N_one_half",2018,81.4278,75.2075,0.002064578,0
"236386","mineral_N_one_half",2019,70.7832,68.2518,0.001655173,0
"236386","mineral_N_one_half",2020,62.6316,61.6127,0.002509367,0
"236386","mineral_N_one_half",2021,61.3137,56.173,0.002665982,0
"236386","mineral_N_one_half",2022,53.9263,50.7282,0.002571425,0
"236386","mineral_N_one_half",2023,48.5831,46.5133,0.001497116,0
"236386","mineral_N_zero",2016,74.3143,69.7729,0.000470663,0
"236386","mineral_N_zero",2017,74.3239,68.6975,0.000528957,0
"236386","mineral_N_zero",2018,81.4278,75.2075,0.001344932,0
"236386","mineral_N_zero",2019,70.7832,68.2518,0.001071903,0
"236386","mineral_N_zero",2020,62.6316,61.6127,0.001618934,0
"236386","mineral_N_zero",2021,61.3137,56.173,0.001636688,0
"236386","mineral_N_zero",2022,53.9263,50.7282,0.001536183,0
"236386","mineral_N_zero",2023,48.5831,46.5133,0.000715609,0
"236386","organic_substitution",2016,76.158,69.9436,0.000581095,0
"236386","organic_substitution",2017,77.2043,69.0893,0.000737197,0
"236386","organic_substitution",2018,83.6607,75.9284,0.001885622,0
"236386","organic_substitution",2019,72.8537,69.237,0.001588179,0
"236386","organic_substitution",2020,64.9158,62.6945,0.002316744,0
"236386","organic_substitution",2021,62.6734,57.4328,0.002467602,0
"236386","organic_substitution",2022,54.4156,52.1244,0.002569426,0
"236386","organic_substitution",2023,49.6471,47.9479,0.00133508,0
"236386","tillage_reduced",2016,74.2713,69.737,0.000639098,0
"236386","tillage_reduced",2017,74.2539,68.6391,0.00054333,0
"236386","tillage_reduced",2018,81.2576,75.088,0.00135341,0
"236386","tillage_reduced",2019,71.1557,68.5218,0.001053028,0
"236386","tillage_reduced",2020,62.8986,61.8432,0.001588916,0
"236386","tillage_reduced",2021,61.512,56.3652,0.00163376,0
"236386","tillage_reduced",2022,54.2206,50.9996,0.001539995,0
"236386","tillage_reduced",2023,48.8271,46.749,0.000719638,0
"236386","tillage_reference",2016,74.1307,69.6236,0.000655366,0
"236386","tillage_reference",2017,74.0239,68.4513,0.000555372,0
"236386","tillage_reference",2018,80.7723,74.7401,0.00136686,0
"236386","tillage_reference",2019,70.2865,67.8263,0.001071087,0
"236386","tillage_reference",2020,62.171,61.184,0.001607686,0
"236386","tillage_reference",2021,60.8426,55.7295,0.001630581,0
"236386","tillage_reference",2022,53.5206,50.331,0.001531959,0
"236386","tillage_reference",2023,48.1026,46.054,0.000727477,0
"236386","tillage_zero",2016,74.3143,69.7729,0.000633612,0
"236386","tillage_zero",2017,74.3239,68.6975,0.000539666,0
"236386","tillage_zero",2018,81.4278,75.2075,0.001348222,0
"236386","tillage_zero",2019,71.3692,68.6942,0.001049943,0
"236386","tillage_zero",2020,63.0843,62.0119,0.001587287,0
"236386","tillage_zero",2021,61.6898,56.5326,0.001635096,0
"236386","tillage_zero",2022,54.386,51.1599,0.00154201,0
"236386","tillage_zero",2023,48.9995,46.916,0.000717565,0
"237955","cover_annual",2016,103.528,102.3276,0.000772455,0
"237955","cover_annual",2017,95.5714,95.0312,0.000972809,0
"237955","cover_annual",2018,89.2012,88.8388,0.001368928,0
"237955","cover_annual",2019,83.8724,83.5665,0.000881339,0
"237955","cover_annual",2020,77.1715,76.9227,0.00133987,0
"237955","cover_annual",2021,71.6642,71.4525,0.001455362,0
"237955","cover_annual",2022,67.2753,67.0639,0.001359077,0
"237955","cover_annual",2023,62.9003,62.7558,0.000516729,0
"237955","cover_none",2016,103.528,102.3276,0.000772455,0
"237955","cover_none",2017,95.5714,95.0312,0.000972809,0
"237955","cover_none",2018,89.2012,88.8388,0.001368928,0
"237955","cover_none",2019,83.8923,83.5916,0.000870222,0
"237955","cover_none",2020,76.9888,76.832,0.001349988,0
"237955","cover_none",2021,71.4391,71.3235,0.00144526,0
"237955","cover_none",2022,67,66.8974,0.001342377,0
"237955","cover_none",2023,62.6858,62.5953,0.000514512,0
"237955","fertilizer_reference",2016,103.528,102.3276,0.001078722,0
"237955","fertilizer_reference",2017,95.5714,95.0312,0.001243964,0
"237955","fertilizer_reference",2018,89.2012,88.8388,0.001649551,0
"237955","fertilizer_reference",2019,83.8923,83.5916,0.000989434,0
"237955","fertilizer_reference",2020,76.9888,76.832,0.001393494,0
"237955","fertilizer_reference",2021,71.4391,71.3235,0.001457024,0
"237955","fertilizer_reference",2022,67,66.8974,0.001345539,0
"237955","fertilizer_reference",2023,62.6858,62.5953,0.00052157,0
"237955","mineral_N_half",2016,103.528,102.3276,0.000925565,0
"237955","mineral_N_half",2017,95.5714,95.0312,0.001108386,0
"237955","mineral_N_half",2018,89.2012,88.8388,0.00150924,0
"237955","mineral_N_half",2019,83.8923,83.5916,0.000929821,0
"237955","mineral_N_half",2020,76.9888,76.832,0.001367744,0
"237955","mineral_N_half",2021,71.4391,71.3235,0.001403233,0
"237955","mineral_N_half",2022,67,66.8974,0.001292444,0
"237955","mineral_N_half",2023,62.6858,62.5953,0.000502653,0
"237955","mineral_N_one_half",2016,103.528,102.3276,0.001231879,0
"237955","mineral_N_one_half",2017,95.5714,95.0312,0.001379445,0
"237955","mineral_N_one_half",2018,89.2012,88.8388,0.001789889,0
"237955","mineral_N_one_half",2019,83.8923,83.5916,0.00104908,0
"237955","mineral_N_one_half",2020,76.9888,76.832,0.001419228,0
"237955","mineral_N_one_half",2021,71.4391,71.3235,0.001510856,0
"237955","mineral_N_one_half",2022,67,66.8974,0.001398716,0
"237955","mineral_N_one_half",2023,62.6858,62.5953,0.000540561,0
"237955","mineral_N_zero",2016,103.528,102.3276,0.000772455,0
"237955","mineral_N_zero",2017,95.5714,95.0312,0.000972809,0
"237955","mineral_N_zero",2018,89.2012,88.8388,0.001368928,0
"237955","mineral_N_zero",2019,83.8923,83.5916,0.000870222,0
"237955","mineral_N_zero",2020,76.9888,76.832,0.001341979,0
"237955","mineral_N_zero",2021,71.4391,71.3235,0.001349393,0
"237955","mineral_N_zero",2022,67,66.8974,0.001239289,0
"237955","mineral_N_zero",2023,62.6858,62.5953,0.00048375,0
"237955","organic_substitution",2016,104.4215,102.4018,0.000865001,0
"237955","organic_substitution",2017,96.8355,95.2124,0.001177668,0
"237955","organic_substitution",2018,91.2208,89.1794,0.001749713,0
"237955","organic_substitution",2019,86.4877,84.0945,0.001206236,0
"237955","organic_substitution",2020,80.5506,77.5213,0.001836702,0
"237955","organic_substitution",2021,77.0506,72.0851,0.001790313,0
"237955","organic_substitution",2022,72.6096,67.8623,0.001728214,0
"237955","organic_substitution",2023,68.4317,63.7373,0.000694847,0
"237955","tillage_reduced",2016,103.4882,102.2926,0.000775645,0
"237955","tillage_reduced",2017,95.515,94.9781,0.000973767,0
"237955","tillage_reduced",2018,89.1377,88.777,0.001370119,0
"237955","tillage_reduced",2019,83.814,83.5144,0.00087113,0
"237955","tillage_reduced",2020,76.894,76.738,0.001354106,0
"237955","tillage_reduced",2021,71.5336,71.4154,0.00142545,0
"237955","tillage_reduced",2022,67.0229,66.9199,0.001338411,0
"237955","tillage_reduced",2023,62.6935,62.603,0.000516278,0
"237955","tillage_reference",2016,103.3772,102.195,0.000785629,0
"237955","tillage_reference",2017,95.3569,94.8291,0.000977272,0
"237955","tillage_reference",2018,88.7048,88.359,0.001407176,0
"237955","tillage_reference",2019,83.3625,83.0703,0.000879134,0
"237955","tillage_reference",2020,76.4169,76.2647,0.001364729,0
"237955","tillage_reference",2021,70.9036,70.7901,0.001442896,0
"237955","tillage_reference",2022,66.2637,66.1656,0.001367419,0
"237955","tillage_reference",2023,61.9493,61.8615,0.00051896,0
"237955","tillage_zero",2016,103.528,102.3276,0.000772455,0
"237955","tillage_zero",2017,95.5714,95.0312,0.000972809,0
"237955","tillage_zero",2018,89.2962,88.9299,0.001356078,0
"237955","tillage_zero",2019,83.9786,83.6762,0.00086838,0
"237955","tillage_zero",2020,77.0671,76.9097,0.00135044,0
"237955","tillage_zero",2021,71.7623,71.6424,0.001418613,0
"237955","tillage_zero",2022,67.3009,67.1961,0.001327131,0
"237955","tillage_zero",2023,62.966,62.8744,0.000515392,0
"24007","fertilizer_reference",2016,27.3293,21.5801,0.000152407,0
"24007","fertilizer_reference",2017,26.3687,21.7113,0.000235599,0
"24007","fertilizer_reference",2018,26.924,22.1748,0.000329549,0
"24007","fertilizer_reference",2019,26.1447,22.5861,0.000280188,0
"24007","fertilizer_reference",2020,25.5108,22.7156,0.000418512,0
"24007","fertilizer_reference",2021,25.3139,22.7805,0.000407404,0
"24007","fertilizer_reference",2022,25.2978,22.7455,0.000375226,0
"24007","fertilizer_reference",2023,25.9261,23.1216,7.882e-05,0
"24007","mineral_N_half",2016,27.3293,21.5801,0.000116427,0
"24007","mineral_N_half",2017,26.3687,21.7113,0.000181732,0
"24007","mineral_N_half",2018,26.924,22.1748,0.000279931,0
"24007","mineral_N_half",2019,26.1447,22.5861,0.000250367,0
"24007","mineral_N_half",2020,25.5108,22.7156,0.000368503,0
"24007","mineral_N_half",2021,25.3139,22.7805,0.000351829,0
"24007","mineral_N_half",2022,25.2978,22.7455,0.000311624,0
"24007","mineral_N_half",2023,25.9261,23.1216,5.2803e-05,0
"24007","mineral_N_one_half",2016,27.3293,21.5801,0.000188395,0
"24007","mineral_N_one_half",2017,26.3687,21.7113,0.000289483,0
"24007","mineral_N_one_half",2018,26.924,22.1748,0.000379209,0
"24007","mineral_N_one_half",2019,26.1447,22.5861,0.000309996,0
"24007","mineral_N_one_half",2020,25.5108,22.7156,0.000468494,0
"24007","mineral_N_one_half",2021,25.3139,22.7805,0.000463016,0
"24007","mineral_N_one_half",2022,25.2978,22.7455,0.00043882,0
"24007","mineral_N_one_half",2023,25.9261,23.1216,0.000105066,0
"24007","mineral_N_zero",2016,27.3293,21.5801,8.0519e-05,0
"24007","mineral_N_zero",2017,26.3687,21.7113,0.000127917,0
"24007","mineral_N_zero",2018,26.924,22.1748,0.000230398,0
"24007","mineral_N_zero",2019,26.1447,22.5861,0.000220537,0
"24007","mineral_N_zero",2020,25.5108,22.7156,0.000318547,0
"24007","mineral_N_zero",2021,25.3139,22.7805,0.000296302,0
"24007","mineral_N_zero",2022,25.2978,22.7455,0.000248068,0
"24007","mineral_N_zero",2023,25.8841,23.1137,2.8215e-05,0
"24007","organic_substitution",2016,29.8841,21.764,0.000134868,0
"24007","organic_substitution",2017,30.0987,22.1742,0.000303923,0
"24007","organic_substitution",2018,31.1684,22.8699,0.000416819,0
"24007","organic_substitution",2019,30.813,23.5056,0.000401129,0
"24007","organic_substitution",2020,29.1182,23.8194,0.000660447,0
"24007","organic_substitution",2021,29.8589,24.0614,0.000711809,0
"24007","organic_substitution",2022,29.8908,24.2194,0.000673312,0
"24007","organic_substitution",2023,30.892,24.7258,0.000177776,0
"24007","tillage_reduced",2016,27.2975,21.5688,0.000153697,0
"24007","tillage_reduced",2017,26.3208,21.6886,0.000153441,0
"24007","tillage_reduced",2018,26.8559,22.141,0.000303119,0
"24007","tillage_reduced",2019,26.0763,22.544,0.000275413,0
"24007","tillage_reduced",2020,25.4375,22.6627,0.000416279,0
"24007","tillage_reduced",2021,25.2327,22.7163,0.000407048,0
"24007","tillage_reduced",2022,25.2053,22.6688,0.000376058,0
"24007","tillage_reduced",2023,25.8322,23.0407,7.9137e-05,0
"24007","tillage_reference",2016,27.2008,21.5346,0.000157418,0
"24007","tillage_reference",2017,26.1749,21.6192,0.000159687,0
"24007","tillage_reference",2018,26.6585,22.0411,0.000312129,0
"24007","tillage_reference",2019,25.871,22.4174,0.000280164,0
"24007","tillage_reference",2020,25.2201,22.5045,0.000420636,0
"24007","tillage_reference",2021,24.9928,22.5253,0.000410949,0
"24007","tillage_reference",2022,24.9345,22.4426,0.000380618,0
"24007","tillage_reference",2023,25.5548,22.8012,8.0442e-05,0
"24007","tillage_zero",2016,27.3293,21.5801,0.000152407,0
"24007","tillage_zero",2017,26.3687,21.7113,0.000151296,0
"24007","tillage_zero",2018,26.924,22.1748,0.000299836,0
"24007","tillage_zero",2019,26.1447,22.5861,0.000273786,0
"24007","tillage_zero",2020,25.5108,22.7156,0.00041479,0
"24007","tillage_zero",2021,25.3139,22.7805,0.000405617,0
"24007","tillage_zero",2022,25.2978,22.7455,0.00037433,0
"24007","tillage_zero",2023,25.9261,23.1216,7.8728e-05,0
"24366","cover_annual",2016,49.4739,48.882,0.003038489,0
"24366","cover_annual",2017,42.6377,42.5229,0.003085756,0
"24366","cover_annual",2018,35.7098,35.6562,0.002673156,0
"24366","cover_annual",2019,29.5657,29.5266,0.002879332,0
"24366","cover_annual",2020,24.1973,24.1611,0.003818809,0
"24366","cover_annual",2021,19.9118,19.8848,0.005150586,0
"24366","cover_annual",2022,16.5174,16.4883,0.004244295,0
"24366","cover_annual",2023,14.1775,14.1454,0.00157274,0
"24366","cover_none",2016,49.4739,48.882,0.003038489,0
"24366","cover_none",2017,42.6377,42.5229,0.003085756,0
"24366","cover_none",2018,35.6981,35.6507,0.002672699,0
"24366","cover_none",2019,29.5457,29.5092,0.002880279,0
"24366","cover_none",2020,24.1392,24.112,0.003816341,0
"24366","cover_none",2021,19.8155,19.8053,0.005222695,0
"24366","cover_none",2022,16.3554,16.3463,0.004175252,0
"24366","cover_none",2023,13.9709,13.9572,0.001535962,0
"24366","fertilizer_reference",2016,49.4739,48.882,0.003038489,0
"24366","fertilizer_reference",2017,42.6377,42.5229,0.004118782,0
"24366","fertilizer_reference",2018,35.6981,35.6507,0.002871912,0
"24366","fertilizer_reference",2019,29.5457,29.5092,0.003256337,0
"24366","fertilizer_reference",2020,24.1392,24.112,0.004478367,0
"24366","fertilizer_reference",2021,19.8155,19.8053,0.006151147,0
"24366","fertilizer_reference",2022,16.3554,16.3463,0.004888278,0
"24366","fertilizer_reference",2023,13.9709,13.9572,0.001726861,0
"24366","mineral_N_half",2016,49.4739,48.882,0.002581971,0
"24366","mineral_N_half",2017,42.6377,42.5229,0.003515284,0
"24366","mineral_N_half",2018,35.6981,35.6507,0.00259193,0
"24366","mineral_N_half",2019,29.5457,29.5092,0.002950084,0
"24366","mineral_N_half",2020,24.1392,24.112,0.004060143,0
"24366","mineral_N_half",2021,19.8155,19.8053,0.005613992,0
"24366","mineral_N_half",2022,16.3554,16.3463,0.004489857,0
"24366","mineral_N_half",2023,13.9709,13.9572,0.001570499,0
"24366","mineral_N_one_half",2016,49.4739,48.882,0.003495086,0
"24366","mineral_N_one_half",2017,42.6377,42.5229,0.004722241,0
"24366","mineral_N_one_half",2018,35.6981,35.6507,0.003151931,0
"24366","mineral_N_one_half",2019,29.5457,29.5092,0.003562582,0
"24366","mineral_N_one_half",2020,24.1392,24.112,0.004896615,0
"24366","mineral_N_one_half",2021,19.8155,19.8053,0.0066883,0
"24366","mineral_N_one_half",2022,16.3554,16.3463,0.005286735,0
"24366","mineral_N_one_half",2023,13.9709,13.9572,0.001883265,0
"24366","mineral_N_zero",2016,49.4739,48.882,0.00212539,0
"24366","mineral_N_zero",2017,42.6377,42.5229,0.002911881,0
"24366","mineral_N_zero",2018,35.6981,35.6507,0.002311899,0
"24366","mineral_N_zero",2019,29.5457,29.5092,0.002643854,0
"24366","mineral_N_zero",2020,24.1392,24.112,0.0036419,0
"24366","mineral_N_zero",2021,19.8155,19.8053,0.005076861,0
"24366","mineral_N_zero",2022,16.3554,16.3463,0.004091421,0
"24366","mineral_N_zero",2023,13.9709,13.9572,0.001414091,0
"24366","organic_substitution",2016,50.4141,49.0514,0.002445974,0
"24366","organic_substitution",2017,43.8516,42.8854,0.003498833,0
"24366","organic_substitution",2018,36.6005,36.1656,0.003079504,0
"24366","organic_substitution",2019,30.4325,30.1213,0.00371707,0
"24366","organic_substitution",2020,25.0439,24.7919,0.005246764,0
"24366","organic_substitution",2021,24.1933,20.4384,0.006887241,0
"24366","organic_substitution",2022,21.6138,17.118,0.005578068,0
"24366","organic_substitution",2023,19.118,14.9444,0.002039801,0
"24366","tillage_reduced",2016,49.4441,48.8559,0.003050242,0
"24366","tillage_reduced",2017,42.6003,42.4867,0.003090625,0
"24366","tillage_reduced",2018,35.5747,35.5278,0.00269265,0
"24366","tillage_reduced",2019,29.3685,29.3322,0.00290908,0
"24366","tillage_reduced",2020,23.9338,23.9068,0.003847004,0
"24366","tillage_reduced",2021,19.6277,19.6175,0.005249274,0
"24366","tillage_reduced",2022,16.1794,16.1703,0.004186333,0
"24366","tillage_reduced",2023,13.8141,13.8005,0.001536438,0
"24366","tillage_reference",2016,49.3541,48.777,0.003085947,0
"24366","tillage_reference",2017,42.4871,42.3769,0.003106804,0
"24366","tillage_reference",2018,35.2279,35.1826,0.002745163,0
"24366","tillage_reference",2019,28.8758,28.8401,0.002985645,0
"24366","tillage_reference",2020,23.3668,23.3401,0.003929354,0
"24366","tillage_reference",2021,19.1064,19.0964,0.005322691,0
"24366","tillage_reference",2022,15.6933,15.6843,0.004216461,0
"24366","tillage_reference",2023,13.3787,13.3651,0.001538069,0
"24366","tillage_zero",2016,49.4739,48.882,0.003038489,0
"24366","tillage_zero",2017,42.6377,42.5229,0.003085756,0
"24366","tillage_zero",2018,35.6981,35.6507,0.002672699,0
"24366","tillage_zero",2019,29.5457,29.5092,0.002880279,0
"24366","tillage_zero",2020,24.1392,24.112,0.003816341,0
"24366","tillage_zero",2021,19.8155,19.8053,0.005222695,0
"24366","tillage_zero",2022,16.3554,16.3463,0.004175252,0
"24366","tillage_zero",2023,13.9709,13.9572,0.001535962,0
"244878","cover_annual",2016,239.344,236.2798,0.000155384,0.2956113
"244878","cover_annual",2017,222.6536,220.8333,0.00016026,0.2868995
"244878","cover_annual",2018,207.3583,206.389,0.000165868,0.2578874
"244878","cover_annual",2019,193.1612,192.6503,0.000149648,0.244871
"244878","cover_annual",2020,179.2794,179.0216,0.000156292,0.2384799
"244878","cover_annual",2021,167.4685,167.331,0.000132299,0.2045918
"244878","cover_annual",2022,159.3709,156.4294,0.000126116,0.1961939
"244878","cover_annual",2023,147.9943,146.4485,0.000108636,0.1787509
"244878","cover_none",2016,242.1157,238.521,0.000159497,0.2951599
"244878","cover_none",2017,224.91,222.8726,0.000165097,0.2897518
"244878","cover_none",2018,209.3864,208.31,0.00016735,0.260366
"244878","cover_none",2019,195.0174,194.4545,0.000150462,0.2471993
"244878","cover_none",2020,180.989,180.7073,0.000156911,0.2407385
"244878","cover_none",2021,169.0627,168.9137,0.000132705,0.2065304
"244878","cover_none",2022,160.861,157.9139,0.000126441,0.1980393
"244878","cover_none",2023,149.3914,147.8428,0.000108942,0.1804441
"244878","fertilizer_reference",2016,242.1157,238.521,0.000159497,0.2951599
"244878","fertilizer_reference",2017,224.91,222.8726,0.000181117,0.2897518
"244878","fertilizer_reference",2018,209.3864,208.31,0.000172049,0.260366
"244878","fertilizer_reference",2019,195.0174,194.4545,0.000157525,0.2471993
"244878","fertilizer_reference",2020,180.989,180.7073,0.00016493,0.2407385
"244878","fertilizer_reference",2021,169.0627,168.9137,0.000159338,0.2065304
"244878","fertilizer_reference",2022,160.861,157.9139,0.000148984,0.1980393
"244878","fertilizer_reference",2023,149.3914,147.8428,0.000133196,0.1804441
"244878","mineral_N_half",2016,242.1157,238.521,0.000149847,0.2951599
"244878","mineral_N_half",2017,224.91,222.8726,0.000172604,0.2897518
"244878","mineral_N_half",2018,209.3864,208.31,0.000169659,0.260366
"244878","mineral_N_half",2019,195.0174,194.4545,0.000153993,0.2471993
"244878","mineral_N_half",2020,180.989,180.7073,0.000160926,0.2407385
"244878","mineral_N_half",2021,169.0627,168.9137,0.000145991,0.2065304
"244878","mineral_N_half",2022,160.861,157.9139,0.000137662,0.1980393
"244878","mineral_N_half",2023,149.3914,147.8428,0.00012109,0.1804441
"244878","mineral_N_one_half",2016,242.1157,238.521,0.000169061,0.2951599
"244878","mineral_N_one_half",2017,224.91,222.8726,0.00018959,0.2897518
"244878","mineral_N_one_half",2018,209.3864,208.31,0.000174415,0.260366
"244878","mineral_N_one_half",2019,195.0174,194.4545,0.000161072,0.2471993
"244878","mineral_N_one_half",2020,180.989,180.7073,0.000168909,0.2407385
"244878","mineral_N_one_half",2021,169.0627,168.9137,0.000172517,0.2065304
"244878","mineral_N_one_half",2022,160.861,157.9139,0.000160164,0.1980393
"244878","mineral_N_one_half",2023,149.3914,147.8428,0.00014539,0.1804441
"244878","mineral_N_zero",2016,242.1157,238.521,0.000140262,0.2951599
"244878","mineral_N_zero",2017,224.91,222.8726,0.00016413,0.2897518
"244878","mineral_N_zero",2018,209.3864,208.31,0.000167311,0.260366
"244878","mineral_N_zero",2019,195.0174,194.4545,0.000150461,0.2471993
"244878","mineral_N_zero",2020,180.989,180.7073,0.000156911,0.2407385
"244878","mineral_N_zero",2021,169.0627,168.9137,0.000132705,0.2065304
"244878","mineral_N_zero",2022,160.861,157.9139,0.000126441,0.1980393
"244878","mineral_N_zero",2023,149.3914,147.8428,0.000108942,0.1804441
"244878","organic_substitution",2016,244.1429,238.6642,0.000158389,0.2969312
"244878","organic_substitution",2017,227.996,223.2199,0.00019204,0.2926238
"244878","organic_substitution",2018,213.3909,208.8468,0.000197532,0.263408
"244878","organic_substitution",2019,199.5854,195.2009,0.00017909,0.2510838
"244878","organic_substitution",2020,185.8694,181.6634,0.000182885,0.2452199
"244878","organic_substitution",2021,174.4779,170.0544,0.000153289,0.2110121
"244878","organic_substitution",2022,166.6324,159.239,0.000145402,0.2029835
"244878","organic_substitution",2023,155.5196,149.3423,0.000126178,0.1855894
"244878","rice_irrigated_reference",2016,242.1157,238.521,0.000114497,0.2951599
"244878","rice_irrigated_reference",2017,224.91,222.8726,0.000115468,0.2897518
"244878","rice_irrigated_reference",2018,209.3864,208.31,0.000150501,0.260366
"244878","rice_irrigated_reference",2019,195.0174,194.4545,0.00014983,0.2471993
"244878","rice_irrigated_reference",2020,180.989,180.7073,0.000156882,0.2407385
"244878","rice_irrigated_reference",2021,169.0627,168.9137,0.000132704,0.2065304
"244878","rice_irrigated_reference",2022,160.861,157.9139,0.000126441,0.1980393
"244878","rice_irrigated_reference",2023,149.3914,147.8428,0.000108942,0.1804441
"244878","rice_one_dry",2016,242.1157,238.521,0.000114797,0.2951599
"244878","rice_one_dry",2017,224.91,222.8726,0.000115804,0.2897518
"244878","rice_one_dry",2018,209.3864,208.31,0.000150404,0.260366
"244878","rice_one_dry",2019,195.0174,194.4545,0.000149828,0.2471993
"244878","rice_one_dry",2020,180.989,180.7073,0.000156882,0.2407385
"244878","rice_one_dry",2021,169.0627,168.9137,0.000132704,0.2065304
"244878","rice_one_dry",2022,160.861,157.9139,0.000126441,0.1980393
"244878","rice_one_dry",2023,149.3914,147.8428,0.000108942,0.1804441
"244878","rice_two_dry",2016,242.1157,238.521,0.000115228,0.2951599
"244878","rice_two_dry",2017,224.91,222.8726,0.000116296,0.2897518
"244878","rice_two_dry",2018,209.3864,208.31,0.000150304,0.260366
"244878","rice_two_dry",2019,195.0174,194.4545,0.000149825,0.2471993
"244878","rice_two_dry",2020,180.989,180.7073,0.000156882,0.2407385
"244878","rice_two_dry",2021,169.0627,168.9137,0.000132704,0.2065304
"244878","rice_two_dry",2022,160.861,157.9139,0.000126441,0.1980393
"244878","rice_two_dry",2023,149.3914,147.8428,0.000108942,0.1804441
"244878","tillage_reduced",2016,242.0199,238.4317,0.000160844,0.2950632
"244878","tillage_reduced",2017,224.7223,222.6969,0.00016643,0.2895442
"244878","tillage_reduced",2018,209.2534,208.1812,0.000167214,0.2601561
"244878","tillage_reduced",2019,194.8914,194.3308,0.000149878,0.2470562
"244878","tillage_reduced",2020,181.0825,180.7983,0.000156635,0.2405897
"244878","tillage_reduced",2021,169.2888,169.137,0.000129281,0.2067231
"244878","tillage_reduced",2022,161.1842,158.2171,0.000125674,0.1983157
"244878","tillage_reduced",2023,149.6866,148.1275,0.000108487,0.18081
"244878","tillage_reference",2016,241.7427,238.173,0.000164784,0.2947967
"244878","tillage_reference",2017,224.1774,222.1866,0.000170237,0.28895
"244878","tillage_reference",2018,208.6328,207.5855,0.000167341,0.2595406
"244878","tillage_reference",2019,194.1878,193.6444,0.000151121,0.2462959
"244878","tillage_reference",2020,180.1786,179.9074,0.000158236,0.2396664
"244878","tillage_reference",2021,168.2704,168.1273,0.000132284,0.2056111
"244878","tillage_reference",2022,160.1167,157.1727,0.000126358,0.1971163
"244878","tillage_reference",2023,148.4512,146.931,0.000111534,0.17938
"244878","tillage_zero",2016,242.1157,238.521,0.000159497,0.2951599
"244878","tillage_zero",2017,224.91,222.8726,0.000165097,0.2897518
"244878","tillage_zero",2018,209.4743,208.393,0.000167192,0.2603718
"244878","tillage_zero",2019,195.1419,194.5751,0.000149448,0.2473225
"244878","tillage_zero",2020,181.3613,181.0731,0.000156209,0.24091
"244878","tillage_zero",2021,169.5973,169.4429,0.000128824,0.2070539
"244878","tillage_zero",2022,161.5039,158.5299,0.000125369,0.1986735
"244878","tillage_zero",2023,150.058,148.487,0.000107601,0.1812364
"248496","fertilizer_reference",2016,316.3464,313.1668,0.004979037,0
"248496","fertilizer_reference",2017,299.3414,296.5499,0.004022271,0
"248496","fertilizer_reference",2018,265.7937,264.7732,0.008600889,0
"248496","fertilizer_reference",2019,235.9345,235.5311,0.005921337,0
"248496","fertilizer_reference",2020,203.1908,203.05,0.015115118,0
"248496","fertilizer_reference",2021,182.1301,182.0039,0.016449806,0
"248496","fertilizer_reference",2022,158.9417,158.8691,0.014192447,0
"248496","fertilizer_reference",2023,147.6857,147.5639,0.00227643,0
"248496","mineral_N_half",2016,316.3464,313.1668,0.004859693,0
"248496","mineral_N_half",2017,299.3414,296.5499,0.003834081,0
"248496","mineral_N_half",2018,265.7937,264.7732,0.008297787,0
"248496","mineral_N_half",2019,235.9345,235.5311,0.005736169,0
"248496","mineral_N_half",2020,203.1908,203.05,0.014673174,0
"248496","mineral_N_half",2021,182.1301,182.0039,0.015973443,0
"248496","mineral_N_half",2022,158.9417,158.8691,0.013669227,0
"248496","mineral_N_half",2023,147.6857,147.5639,0.002153697,0
"248496","mineral_N_one_half",2016,316.3464,313.1668,0.005098396,0
"248496","mineral_N_one_half",2017,299.3414,296.5499,0.004210441,0
"248496","mineral_N_one_half",2018,265.7937,264.7732,0.008903966,0
"248496","mineral_N_one_half",2019,235.9345,235.5311,0.006106464,0
"248496","mineral_N_one_half",2020,203.1908,203.05,0.01555703,0
"248496","mineral_N_one_half",2021,182.1301,182.0039,0.016926159,0
"248496","mineral_N_one_half",2022,158.9417,158.8691,0.014715652,0
"248496","mineral_N_one_half",2023,147.6857,147.5639,0.002399152,0
"248496","mineral_N_zero",2016,316.3464,313.1668,0.004740339,0
"248496","mineral_N_zero",2017,299.3414,296.5499,0.003645912,0
"248496","mineral_N_zero",2018,265.7937,264.7732,0.007994684,0
"248496","mineral_N_zero",2019,235.9345,235.5311,0.005551051,0
"248496","mineral_N_zero",2020,203.1908,203.05,0.014231227,0
"248496","mineral_N_zero",2021,182.1301,182.0039,0.015497052,0
"248496","mineral_N_zero",2022,158.9417,158.8691,0.013146039,0
"248496","mineral_N_zero",2023,147.6857,147.5639,0.002030969,0
"248496","organic_substitution",2016,318.0176,313.3488,0.004952094,0
"248496","organic_substitution",2017,300.6543,296.904,0.003960512,0
"248496","organic_substitution",2018,267.8633,265.3562,0.008639103,0
"248496","organic_substitution",2019,238.5976,236.3269,0.005884558,0
"248496","organic_substitution",2020,205.8743,204.0496,0.01488137,0
"248496","organic_substitution",2021,185.0287,183.1536,0.016249145,0
"248496","organic_substitution",2022,161.9163,160.0843,0.013834542,0
"248496","organic_substitution",2023,151.8208,148.8283,0.002149498,0
"248496","tillage_reduced",2016,316.0759,312.9046,0.005042184,0
"248496","tillage_reduced",2017,298.9658,296.1828,0.003712121,0
"248496","tillage_reduced",2018,266.1448,265.1028,0.00788814,0
"248496","tillage_reduced",2019,237.9748,237.5357,0.005391713,0
"248496","tillage_reduced",2020,207.6898,207.5202,0.01338069,0
"248496","tillage_reduced",2021,186.5237,186.3847,0.014805788,0
"248496","tillage_reduced",2022,164.401,164.3174,0.012603473,0
"248496","tillage_reduced",2023,152.6547,152.5278,0.001987515,0
"248496","tillage_reference",2016,315.2381,312.0931,0.005221641,0
"248496","tillage_reference",2017,297.7511,294.9977,0.003810495,0
"248496","tillage_reference",2018,264.1754,263.1719,0.008061399,0
"248496","tillage_reference",2019,234.5096,234.1106,0.005550913,0
"248496","tillage_reference",2020,201.9692,201.8291,0.014171039,0
"248496","tillage_reference",2021,180.9741,180.8485,0.015422294,0
"248496","tillage_reference",2022,157.9364,157.8639,0.013081838,0
"248496","tillage_reference",2023,146.4421,146.3215,0.002037499,0
"248496","tillage_zero",2016,316.3464,313.1668,0.004979037,0
"248496","tillage_zero",2017,299.3414,296.5499,0.003680952,0
"248496","tillage_zero",2018,266.7994,265.744,0.00782537,0
"248496","tillage_zero",2019,238.8337,238.3854,0.005356056,0
"248496","tillage_zero",2020,208.7066,208.5324,0.013287309,0
"248496","tillage_zero",2021,187.6096,187.4677,0.014742348,0
"248496","tillage_zero",2022,165.5477,165.4623,0.012543803,0
"248496","tillage_zero",2023,153.7909,153.6629,0.001980212,0
"250488","fertilizer_reference",2016,47.9086,44.945,0.001104892,0
"250488","fertilizer_reference",2017,45.4283,42.1519,0.00056144,0
"250488","fertilizer_reference",2018,40.2455,38.2979,0.0018612,0
"250488","fertilizer_reference",2019,37.39,35.3145,0.000726112,0
"250488","fertilizer_reference",2020,32.1392,31.2112,0.001913209,0
"250488","fertilizer_reference",2021,29.3102,28.436,0.001413783,0
"250488","fertilizer_reference",2022,25.7035,25.075,0.001529758,0
"250488","fertilizer_reference",2023,25.4498,22.8838,0.000788049,0
"250488","mineral_N_half",2016,47.9086,44.945,0.000991992,0
"250488","mineral_N_half",2017,45.4283,42.1519,0.000503343,0
"250488","mineral_N_half",2018,40.2455,38.2979,0.001700715,0
"250488","mineral_N_half",2019,37.39,35.3145,0.000644841,0
"250488","mineral_N_half",2020,32.1392,31.2112,0.001725778,0
"250488","mineral_N_half",2021,29.3102,28.436,0.001266933,0
"250488","mineral_N_half",2022,25.7035,25.075,0.00136204,0
"250488","mineral_N_half",2023,25.4498,22.8838,0.000670041,0
"250488","mineral_N_one_half",2016,47.9086,44.945,0.001217871,0
"250488","mineral_N_one_half",2017,45.4283,42.1519,0.000619508,0
"250488","mineral_N_one_half",2018,40.2455,38.2979,0.002021693,0
"250488","mineral_N_one_half",2019,37.39,35.3145,0.000807384,0
"250488","mineral_N_one_half",2020,32.1392,31.2112,0.002100665,0
"250488","mineral_N_one_half",2021,29.3102,28.436,0.001560698,0
"250488","mineral_N_one_half",2022,25.7035,25.075,0.001697458,0
"250488","mineral_N_one_half",2023,25.4498,22.8838,0.000906061,0
"250488","mineral_N_zero",2016,47.9086,44.945,0.000879179,0
"250488","mineral_N_zero",2017,45.4283,42.1519,0.000445305,0
"250488","mineral_N_zero",2018,40.2455,38.2979,0.001540217,0
"250488","mineral_N_zero",2019,37.39,35.3145,0.00056358,0
"250488","mineral_N_zero",2020,32.1392,31.2112,0.001538331,0
"250488","mineral_N_zero",2021,29.3102,28.436,0.001120038,0
"250488","mineral_N_zero",2022,25.7035,25.075,0.001194287,0
"250488","mineral_N_zero",2023,25.4498,22.8838,0.000552065,0
"250488","organic_substitution",2016,49.2136,45.1507,0.0012051,0
"250488","organic_substitution",2017,48.0456,42.689,0.000697341,0
"250488","organic_substitution",2018,42.8037,39.213,0.002504194,0
"250488","organic_substitution",2019,40.8423,36.5171,0.001006353,0
"250488","organic_substitution",2020,35.1386,32.7118,0.002778817,0
"250488","organic_substitution",2021,33.4368,30.1438,0.002020948,0
"250488","organic_substitution",2022,29.722,27.0055,0.002269516,0
"250488","organic_substitution",2023,29.5388,25.0468,0.001197755,0
"250488","tillage_reduced",2016,47.8805,44.9216,0.001111972,0
"250488","tillage_reduced",2017,45.375,42.1058,0.000455039,0
"250488","tillage_reduced",2018,40.2973,38.3216,0.001544211,0
"250488","tillage_reduced",2019,37.5212,35.4051,0.000558752,0
"250488","tillage_reduced",2020,32.3189,31.3614,0.001527945,0
"250488","tillage_reduced",2021,29.5255,28.626,0.001109881,0
"250488","tillage_reduced",2022,25.9349,25.2905,0.001180909,0
"250488","tillage_reduced",2023,25.6262,23.0645,0.00055541,0
"250488","tillage_reference",2016,47.791,44.8471,0.001133945,0
"250488","tillage_reference",2017,45.216,41.9675,0.000465274,0
"250488","tillage_reference",2018,40.0768,38.1346,0.001546941,0
"250488","tillage_reference",2019,37.2424,35.1678,0.000561753,0
"250488","tillage_reference",2020,32.0132,31.085,0.001531741,0
"250488","tillage_reference",2021,29.1974,28.323,0.001115204,0
"250488","tillage_reference",2022,25.6055,24.9769,0.001189121,0
"250488","tillage_reference",2023,25.25,22.725,0.00056457,0
"250488","tillage_zero",2016,47.9086,44.945,0.001104892,0
"250488","tillage_zero",2017,45.4283,42.1519,0.000451348,0
"250488","tillage_zero",2018,40.35,38.3696,0.001543224,0
"250488","tillage_zero",2019,37.5883,35.4632,0.000558721,0
"250488","tillage_zero",2020,32.3874,31.4242,0.001527409,0
"250488","tillage_zero",2021,29.5925,28.689,0.001109344,0
"250488","tillage_zero",2022,25.9984,25.3515,0.001181083,0
"250488","tillage_zero",2023,25.7122,23.1389,0.000552067,0
"257423","fertilizer_reference",2016,82.2551,81.2755,0.000619687,0
"257423","fertilizer_reference",2017,76.3662,75.8999,0.000866696,0
"257423","fertilizer_reference",2018,65.664,65.5791,0.003850506,0
"257423","fertilizer_reference",2019,57.9363,57.9163,0.00283249,0
"257423","fertilizer_reference",2020,49.2486,49.2456,0.00632559,0
"257423","fertilizer_reference",2021,42.5531,42.5525,0.006373664,0
"257423","fertilizer_reference",2022,41.1568,36.6076,0.005310832,0
"257423","fertilizer_reference",2023,35.9845,32.2729,0.001943019,0
"257423","mineral_N_half",2016,82.2551,81.2755,0.000524901,0
"257423","mineral_N_half",2017,76.3662,75.8999,0.000767248,0
"257423","mineral_N_half",2018,65.664,65.5791,0.003546172,0
"257423","mineral_N_half",2019,57.9363,57.9163,0.002592171,0
"257423","mineral_N_half",2020,49.2486,49.2456,0.005235684,0
"257423","mineral_N_half",2021,42.5531,42.5525,0.00552914,0
"257423","mineral_N_half",2022,41.1568,36.6076,0.004789066,0
"257423","mineral_N_half",2023,35.9845,32.2729,0.001824358,0
"257423","mineral_N_one_half",2016,82.2551,81.2755,0.000714464,0
"257423","mineral_N_one_half",2017,76.3662,75.8999,0.000966151,0
"257423","mineral_N_one_half",2018,65.664,65.5791,0.004154833,0
"257423","mineral_N_one_half",2019,57.9363,57.9163,0.003072817,0
"257423","mineral_N_one_half",2020,49.2486,49.2456,0.007415494,0
"257423","mineral_N_one_half",2021,42.5531,42.5525,0.007218233,0
"257423","mineral_N_one_half",2022,41.1568,36.6076,0.005832548,0
"257423","mineral_N_one_half",2023,35.9845,32.2729,0.002061692,0
"257423","mineral_N_zero",2016,82.2551,81.2755,0.000430113,0
"257423","mineral_N_zero",2017,76.3662,75.8999,0.000667839,0
"257423","mineral_N_zero",2018,65.664,65.5791,0.003241878,0
"257423","mineral_N_zero",2019,57.9363,57.9163,0.002351855,0
"257423","mineral_N_zero",2020,49.2486,49.2456,0.00414576,0
"257423","mineral_N_zero",2021,42.5531,42.5525,0.004684594,0
"257423","mineral_N_zero",2022,41.1568,36.6076,0.004267353,0
"257423","mineral_N_zero",2023,35.9845,32.2729,0.001705665,0
"257423","organic_substitution",2016,84.5117,81.4615,0.000467422,0
"257423","organic_substitution",2017,79.987,76.3251,0.000798655,0
"257423","organic_substitution",2018,68.5086,66.3871,0.003872039,0
"257423","organic_substitution",2019,61.3971,58.9779,0.002712423,0
"257423","organic_substitution",2020,56.7829,50.2821,0.004565711,0
"257423","organic_substitution",2021,48.0956,43.8268,0.005538907,0
"257423","organic_substitution",2022,46.8254,37.9831,0.005376639,0
"257423","organic_substitution",2023,39.9403,33.8973,0.002378463,0
"257423","tillage_reduced",2016,82.2151,81.2403,0.000434586,0
"257423","tillage_reduced",2017,76.3098,75.8467,0.000670155,0
"257423","tillage_reduced",2018,66.0368,65.9461,0.003571098,0
"257423","tillage_reduced",2019,58.1887,58.1676,0.002776723,0
"257423","tillage_reduced",2020,49.4453,49.4421,0.005175589,0
"257423","tillage_reduced",2021,42.7069,42.7063,0.005223877,0
"257423","tillage_reduced",2022,41.2725,36.7233,0.004554057,0
"257423","tillage_reduced",2023,36.078,32.3677,0.001819329,0
"257423","tillage_reference",2016,82.072,81.1144,0.000448138,0
"257423","tillage_reference",2017,76.1175,75.6653,0.000678109,0
"257423","tillage_reference",2018,65.4581,65.3758,0.003613307,0
"257423","tillage_reference",2019,57.4937,57.4753,0.002813709,0
"257423","tillage_reference",2020,48.8039,48.8012,0.005229294,0
"257423","tillage_reference",2021,42.0987,42.0982,0.005236709,0
"257423","tillage_reference",2022,40.6983,36.1491,0.004553612,0
"257423","tillage_reference",2023,35.549,31.8424,0.001806982,0
"257423","tillage_zero",2016,82.2551,81.2755,0.000430113,0
"257423","tillage_zero",2017,76.3662,75.8999,0.000667839,0
"257423","tillage_zero",2018,66.1676,66.0749,0.003562133,0
"257423","tillage_zero",2019,58.3763,58.3545,0.002766171,0
"257423","tillage_zero",2020,49.6216,49.6183,0.005154279,0
"257423","tillage_zero",2021,42.8752,42.8746,0.005216532,0
"257423","tillage_zero",2022,41.4338,36.8846,0.004551348,0
"257423","tillage_zero",2023,36.2283,32.5167,0.001822218,0
"26336","fertilizer_reference",2016,22.9987,22.0424,0.001205165,0
"26336","fertilizer_reference",2017,19.8729,19.2133,0.00247865,0
"26336","fertilizer_reference",2018,16.9556,16.4441,0.003304618,0
"26336","fertilizer_reference",2019,14.5252,14.0581,0.002406271,0
"26336","fertilizer_reference",2020,12.2094,11.851,0.003140712,0
"26336","fertilizer_reference",2021,10.0972,9.8585,0.003073906,0
"26336","fertilizer_reference",2022,8.5137,8.2905,0.002814968,0
"26336","fertilizer_reference",2023,7.4512,7.2288,0.001685485,0
"26336","mineral_N_half",2016,22.9987,22.0424,0.001072382,0
"26336","mineral_N_half",2017,19.8729,19.2133,0.002034869,0
"26336","mineral_N_half",2018,16.9556,16.4441,0.002650023,0
"26336","mineral_N_half",2019,14.5252,14.0581,0.001974301,0
"26336","mineral_N_half",2020,12.2094,11.851,0.002439452,0
"26336","mineral_N_half",2021,10.0972,9.8585,0.002436332,0
"26336","mineral_N_half",2022,8.5137,8.2905,0.002218507,0
"26336","mineral_N_half",2023,7.4512,7.2288,0.001268241,0
"26336","mineral_N_one_half",2016,22.9987,22.0424,0.001337941,0
"26336","mineral_N_one_half",2017,19.8729,19.2133,0.002922489,0
"26336","mineral_N_one_half",2018,16.9556,16.4441,0.003959202,0
"26336","mineral_N_one_half",2019,14.5252,14.0581,0.002838302,0
"26336","mineral_N_one_half",2020,12.2094,11.851,0.003841977,0
"26336","mineral_N_one_half",2021,10.0972,9.8585,0.00371146,0
"26336","mineral_N_one_half",2022,8.5137,8.2905,0.00341151,0
"26336","mineral_N_one_half",2023,7.4512,7.2288,0.002102808,0
"26336","mineral_N_zero",2016,22.9987,22.0424,0.000939684,0
"26336","mineral_N_zero",2017,19.8729,19.2133,0.001591096,0
"26336","mineral_N_zero",2018,16.9556,16.4441,0.001995454,0
"26336","mineral_N_zero",2019,14.5252,14.0581,0.001542233,0
"26336","mineral_N_zero",2020,12.2094,11.851,0.001738228,0
"26336","mineral_N_zero",2021,10.0972,9.8585,0.001798803,0
"26336","mineral_N_zero",2022,8.5137,8.2905,0.001621981,0
"26336","mineral_N_zero",2023,7.4512,7.2288,0.000851022,0
"26336","organic_substitution",2016,23.9001,22.3259,0.001379815,0
"26336","organic_substitution",2017,21.5293,19.7721,0.002155567,0
"26336","organic_substitution",2018,19.0711,17.2526,0.00262538,0
"26336","organic_substitution",2019,16.8617,15.0904,0.002064908,0
"26336","organic_substitution",2020,14.5812,13.0673,0.002381267,0
"26336","organic_substitution",2021,11.8041,11.1633,0.002819914,0
"26336","organic_substitution",2022,10.2663,9.6325,0.003042952,0
"26336","organic_substitution",2023,9.3883,8.63,0.002031972,0
"26336","tillage_reduced",2016,22.9777,22.0247,0.001211638,0
"26336","tillage_reduced",2017,19.8419,19.1836,0.001727453,0
"26336","tillage_reduced",2018,17.1361,16.5784,0.002762443,0
"26336","tillage_reduced",2019,14.8141,14.2987,0.002154255,0
"26336","tillage_reduced",2020,12.4517,12.0778,0.002961414,0
"26336","tillage_reduced",2021,10.4571,10.1839,0.002958646,0
"26336","tillage_reduced",2022,8.7757,8.5475,0.002741316,0
"26336","tillage_reduced",2023,7.667,7.4436,0.001266439,0
"26336","tillage_reference",2016,22.9154,21.9724,0.001230169,0
"26336","tillage_reference",2017,19.7505,19.0962,0.001745346,0
"26336","tillage_reference",2018,16.8583,16.347,0.002784644,0
"26336","tillage_reference",2019,14.4451,13.9779,0.002183312,0
"26336","tillage_reference",2020,12.1431,11.7849,0.002993752,0
"26336","tillage_reference",2021,10.044,9.8053,0.002978159,0
"26336","tillage_reference",2022,8.4304,8.209,0.002767072,0
"26336","tillage_reference",2023,7.3737,7.1521,0.00126246,0
"26336","tillage_zero",2016,22.9987,22.0424,0.001205165,0
"26336","tillage_zero",2017,19.8729,19.2133,0.001721329,0
"26336","tillage_zero",2018,17.1987,16.6321,0.002757213,0
"26336","tillage_zero",2019,14.8862,14.3629,0.002149206,0
"26336","tillage_zero",2020,12.5208,12.1423,0.002957032,0
"26336","tillage_zero",2021,10.5347,10.2561,0.002955086,0
"26336","tillage_zero",2022,8.8465,8.6169,0.002736802,0
"26336","tillage_zero",2023,7.7279,7.5041,0.001267301,0
"276098","cover_annual",2016,50.5536,50.1098,0.003182239,0
"276098","cover_annual",2017,43.1866,43.1039,0.003263306,0
"276098","cover_annual",2018,36.5916,36.5662,0.002468126,0
"276098","cover_annual",2019,29.154,29.1404,0.002358521,0
"276098","cover_annual",2020,23.2204,23.2094,0.003570247,0
"276098","cover_annual",2021,18.6763,18.6579,0.005141948,0
"276098","cover_annual",2022,14.8334,14.8169,0.003883661,0
"276098","cover_annual",2023,12.436,12.4147,0.00180951,0
"276098","cover_none",2016,50.5536,50.1098,0.003182239,0
"276098","cover_none",2017,43.1866,43.1039,0.003263306,0
"276098","cover_none",2018,36.5916,36.5662,0.002468126,0
"276098","cover_none",2019,29.1486,29.1394,0.002359545,0
"276098","cover_none",2020,23.1971,23.1899,0.003564393,0
"276098","cover_none",2021,18.6372,18.6229,0.005140344,0
"276098","cover_none",2022,14.7752,14.7633,0.003883842,0
"276098","cover_none",2023,12.357,12.3419,0.001810333,0
"276098","fertilizer_reference",2016,50.5536,50.1098,0.003182239,0
"276098","fertilizer_reference",2017,43.1866,43.1039,0.003474646,0
"276098","fertilizer_reference",2018,36.5916,36.5662,0.00307021,0
"276098","fertilizer_reference",2019,29.1486,29.1394,0.003081837,0
"276098","fertilizer_reference",2020,23.1971,23.1899,0.004564606,0
"276098","fertilizer_reference",2021,18.6372,18.6229,0.00690448,0
"276098","fertilizer_reference",2022,14.7752,14.7633,0.005194387,0
"276098","fertilizer_reference",2023,12.357,12.3419,0.002479861,0
"276098","mineral_N_half",2016,50.5536,50.1098,0.003084619,0
"276098","mineral_N_half",2017,43.1866,43.1039,0.003345287,0
"276098","mineral_N_half",2018,36.5916,36.5662,0.002764458,0
"276098","mineral_N_half",2019,29.1486,29.1394,0.00271955,0
"276098","mineral_N_half",2020,23.1971,23.1899,0.004063748,0
"276098","mineral_N_half",2021,18.6372,18.6229,0.006021827,0
"276098","mineral_N_half",2022,14.7752,14.7633,0.00453878,0
"276098","mineral_N_half",2023,12.357,12.3419,0.002145009,0
"276098","mineral_N_one_half",2016,50.5536,50.1098,0.003279795,0
"276098","mineral_N_one_half",2017,43.1866,43.1039,0.003604041,0
"276098","mineral_N_one_half",2018,36.5916,36.5662,0.003375933,0
"276098","mineral_N_one_half",2019,29.1486,29.1394,0.003444127,0
"276098","mineral_N_one_half",2020,23.1971,23.1899,0.005065467,0
"276098","mineral_N_one_half",2021,18.6372,18.6229,0.007787228,0
"276098","mineral_N_one_half",2022,14.7752,14.7633,0.005850028,0
"276098","mineral_N_one_half",2023,12.357,12.3419,0.002814704,0
"276098","mineral_N_zero",2016,50.5536,50.1098,0.002987074,0
"276098","mineral_N_zero",2017,43.1866,43.1039,0.003215917,0
"276098","mineral_N_zero",2018,36.5916,36.5662,0.00245869,0
"276098","mineral_N_zero",2019,29.1486,29.1394,0.002357239,0
"276098","mineral_N_zero",2020,23.1971,23.1899,0.003562825,0
"276098","mineral_N_zero",2021,18.6372,18.6229,0.005139087,0
"276098","mineral_N_zero",2022,14.7752,14.7633,0.00388319,0
"276098","mineral_N_zero",2023,12.357,12.3419,0.001810139,0
"276098","organic_substitution",2016,52.6529,50.311,0.00310312,0
"276098","organic_substitution",2017,45.5457,43.6258,0.003778537,0
"276098","organic_substitution",2018,41.9329,37.1244,0.002855994,0
"276098","organic_substitution",2019,34.7528,29.8732,0.002848767,0
"276098","organic_substitution",2020,28.5601,24.1009,0.004454511,0
"276098","organic_substitution",2021,24.5085,19.6294,0.006662712,0
"276098","organic_substitution",2022,20.6366,15.8672,0.005245341,0
"276098","organic_substitution",2023,18.6053,13.5562,0.00266393,0
"276098","tillage_reduced",2016,50.4455,50.0115,0.003224344,0
"276098","tillage_reduced",2017,43.0858,43.005,0.0032718,0
"276098","tillage_reduced",2018,36.4142,36.3895,0.002478751,0
"276098","tillage_reduced",2019,29.8096,29.7972,0.002268745,0
"276098","tillage_reduced",2020,23.8565,23.8485,0.003377834,0
"276098","tillage_reduced",2021,19.1698,19.1554,0.004983717,0
"276098","tillage_reduced",2022,15.3517,15.3395,0.003807751,0
"276098","tillage_reduced",2023,12.8395,12.8243,0.001808964,0
"276098","tillage_reference",2016,50.143,49.7354,0.003336664,0
"276098","tillage_reference",2017,42.7998,42.7243,0.003298745,0
"276098","tillage_reference",2018,35.928,35.9049,0.002506071,0
"276098","tillage_reference",2019,28.6224,28.6134,0.002382429,0
"276098","tillage_reference",2020,22.7785,22.7713,0.003544405,0
"276098","tillage_reference",2021,18.1012,18.0869,0.005122103,0
"276098","tillage_reference",2022,14.3507,14.3388,0.003871856,0
"276098","tillage_reference",2023,11.923,11.908,0.001806908,0
"276098","tillage_zero",2016,50.5536,50.1098,0.003182239,0
"276098","tillage_zero",2017,43.1866,43.1039,0.003263306,0
"276098","tillage_zero",2018,36.5916,36.5662,0.002468126,0
"276098","tillage_zero",2019,30.0407,30.0279,0.002251017,0
"276098","tillage_zero",2020,24.0564,24.0483,0.003362605,0
"276098","tillage_zero",2021,19.3938,19.3794,0.004970356,0
"276098","tillage_zero",2022,15.5489,15.5366,0.003801184,0
"276098","tillage_zero",2023,13.0281,13.0129,0.00180935,0
"284301","cover_annual",2016,76.4224,75.3378,0.00111653,0
"284301","cover_annual",2017,70.109,69.6775,0.000831155,0
"284301","cover_annual",2018,64.6059,64.4338,0.001231104,0
"284301","cover_annual",2019,59.7969,59.7262,0.000745702,0
"284301","cover_annual",2020,54.7933,54.7677,0.001260699,0
"284301","cover_annual",2021,50.4723,50.4625,0.001248448,0
"284301","cover_annual",2022,48.5058,46.4446,0.001408928,0
"284301","cover_annual",2023,46.933,43.2159,0.0008025,0
"284301","cover_none",2016,76.4104,75.3302,0.001115163,0
"284301","cover_none",2017,70.0999,69.6702,0.000831001,0
"284301","cover_none",2018,64.5983,64.4269,0.00123101,0
"284301","cover_none",2019,59.7901,59.7197,0.000745688,0
"284301","cover_none",2020,54.7872,54.7617,0.001260691,0
"284301","cover_none",2021,50.4668,50.457,0.001248451,0
"284301","cover_none",2022,48.5006,46.4394,0.00140894,0
"284301","cover_none",2023,46.9282,43.2111,0.000802515,0
"284301","fertilizer_reference",2016,76.4104,75.3302,0.001115163,0
"284301","fertilizer_reference",2017,70.0999,69.6702,0.001179876,0
"284301","fertilizer_reference",2018,64.5983,64.4269,0.001311898,0
"284301","fertilizer_reference",2019,59.7901,59.7197,0.000753175,0
"284301","fertilizer_reference",2020,54.7872,54.7617,0.001262362,0
"284301","fertilizer_reference",2021,50.4668,50.457,0.001248805,0
"284301","fertilizer_reference",2022,48.5006,46.4394,0.001409028,0
"284301","fertilizer_reference",2023,46.9282,43.2111,0.000802524,0
"284301","mineral_N_half",2016,76.4104,75.3302,0.000946406,0
"284301","mineral_N_half",2017,70.0999,69.6702,0.000987383,0
"284301","mineral_N_half",2018,64.5983,64.4269,0.00110014,0
"284301","mineral_N_half",2019,59.7901,59.7197,0.000661029,0
"284301","mineral_N_half",2020,54.7872,54.7617,0.001094277,0
"284301","mineral_N_half",2021,50.4668,50.457,0.001086108,0
"284301","mineral_N_half",2022,48.5006,46.4394,0.001197165,0
"284301","mineral_N_half",2023,46.9282,43.2111,0.000652242,0
"284301","mineral_N_one_half",2016,76.4104,75.3302,0.001283953,0
"284301","mineral_N_one_half",2017,70.0999,69.6702,0.001372321,0
"284301","mineral_N_one_half",2018,64.5983,64.4269,0.001523665,0
"284301","mineral_N_one_half",2019,59.7901,59.7197,0.000845335,0
"284301","mineral_N_one_half",2020,54.7872,54.7617,0.001430463,0
"284301","mineral_N_one_half",2021,50.4668,50.457,0.001411556,0
"284301","mineral_N_one_half",2022,48.5006,46.4394,0.001620913,0
"284301","mineral_N_one_half",2023,46.9282,43.2111,0.000952803,0
"284301","mineral_N_zero",2016,76.4104,75.3302,0.000777699,0
"284301","mineral_N_zero",2017,70.0999,69.6702,0.000794892,0
"284301","mineral_N_zero",2018,64.5983,64.4269,0.000888395,0
"284301","mineral_N_zero",2019,59.7901,59.7197,0.000568902,0
"284301","mineral_N_zero",2020,54.7872,54.7617,0.000926146,0
"284301","mineral_N_zero",2021,50.4668,50.457,0.000923343,0
"284301","mineral_N_zero",2022,48.5006,46.4394,0.000985341,0
"284301","mineral_N_zero",2023,46.9282,43.2111,0.000501937,0
"284301","organic_substitution",2016,79.3067,75.3988,0.000792097,0
"284301","organic_substitution",2017,73.0737,69.9733,0.000967285,0
"284301","organic_substitution",2018,67.7286,64.9407,0.001121224,0
"284301","organic_substitution",2019,63.7431,60.4961,0.000845644,0
"284301","organic_substitution",2020,58.5112,55.7468,0.001329847,0
"284301","organic_substitution",2021,55.0961,51.6744,0.001276605,0
"284301","organic_substitution",2022,53.018,47.8903,0.001366234,0
"284301","organic_substitution",2023,51.7599,44.8587,0.000711138,0
"284301","tillage_reduced",2016,76.3652,75.2915,0.001122012,0
"284301","tillage_reduced",2017,70.0192,69.5949,0.000837901,0
"284301","tillage_reduced",2018,64.6406,64.4679,0.001231065,0
"284301","tillage_reduced",2019,59.9695,59.8966,0.000734795,0
"284301","tillage_reduced",2020,55.1453,55.1178,0.001236188,0
"284301","tillage_reduced",2021,50.8948,50.884,0.001226477,0
"284301","tillage_reduced",2022,48.9338,46.8687,0.001393816,0
"284301","tillage_reduced",2023,47.353,43.6374,0.000803147,0
"284301","tillage_reference",2016,76.2284,75.1742,0.001142525,0
"284301","tillage_reference",2017,69.775,69.3668,0.000858175,0
"284301","tillage_reference",2018,64.3083,64.1455,0.001233815,0
"284301","tillage_reference",2019,59.5255,59.4586,0.00074354,0
"284301","tillage_reference",2020,54.5463,54.5221,0.001256518,0
"284301","tillage_reference",2021,50.2454,50.2361,0.001244287,0
"284301","tillage_reference",2022,48.2977,46.2366,0.001404696,0
"284301","tillage_reference",2023,46.5779,42.9243,0.000817136,0
"284301","tillage_zero",2016,76.4104,75.3302,0.001115163,0
"284301","tillage_zero",2017,70.0999,69.6702,0.000831001,0
"284301","tillage_zero",2018,64.7262,64.5509,0.001230395,0
"284301","tillage_zero",2019,60.0617,59.9875,0.000734333,0
"284301","tillage_zero",2020,55.249,55.2209,0.001234936,0
"284301","tillage_zero",2021,51.0027,50.9916,0.001225443,0
"284301","tillage_zero",2022,49.0377,46.9719,0.001392964,0
"284301","tillage_zero",2023,47.499,43.7661,0.000798839,0
"285241","fertilizer_reference",2016,61.0436,60.0943,0.001661129,0
"285241","fertilizer_reference",2017,53.9035,53.6509,0.001539356,0
"285241","fertilizer_reference",2018,48.2086,48.1372,0.0026055,0
"285241","fertilizer_reference",2019,42.8161,42.7979,0.001459967,0
"285241","fertilizer_reference",2020,36.9774,36.9741,0.002366597,0
"285241","fertilizer_reference",2021,33.1747,33.1738,0.00326609,0
"285241","fertilizer_reference",2022,29.6195,29.6192,0.002865502,0
"285241","fertilizer_reference",2023,26.6328,26.6327,0.001178819,0
"285241","mineral_N_half",2016,61.0436,60.0943,0.001448468,0
"285241","mineral_N_half",2017,53.9035,53.6509,0.001445067,0
"285241","mineral_N_half",2018,48.2086,48.1372,0.002481645,0
"285241","mineral_N_half",2019,42.8161,42.7979,0.001393284,0
"285241","mineral_N_half",2020,36.9774,36.9741,0.002290735,0
"285241","mineral_N_half",2021,33.1747,33.1738,0.003176621,0
"285241","mineral_N_half",2022,29.6195,29.6192,0.002770068,0
"285241","mineral_N_half",2023,26.6328,26.6327,0.001136907,0
"285241","mineral_N_one_half",2016,61.0436,60.0943,0.001873832,0
"285241","mineral_N_one_half",2017,53.9035,53.6509,0.001633681,0
"285241","mineral_N_one_half",2018,48.2086,48.1372,0.002729398,0
"285241","mineral_N_one_half",2019,42.8161,42.7979,0.001526642,0
"285241","mineral_N_one_half",2020,36.9774,36.9741,0.002442445,0
"285241","mineral_N_one_half",2021,33.1747,33.1738,0.00335554,0
"285241","mineral_N_one_half",2022,29.6195,29.6192,0.002960818,0
"285241","mineral_N_one_half",2023,26.6328,26.6327,0.001220741,0
"285241","mineral_N_zero",2016,61.0436,60.0943,0.001236107,0
"285241","mineral_N_zero",2017,53.9035,53.6509,0.001350765,0
"285241","mineral_N_zero",2018,48.2086,48.1372,0.002357791,0
"285241","mineral_N_zero",2019,42.8161,42.7979,0.001326572,0
"285241","mineral_N_zero",2020,36.9774,36.9741,0.002214942,0
"285241","mineral_N_zero",2021,33.1747,33.1738,0.003087164,0
"285241","mineral_N_zero",2022,29.6195,29.6192,0.002674737,0
"285241","mineral_N_zero",2023,26.6328,26.6327,0.001095015,0
"285241","organic_substitution",2016,61.7976,60.1986,0.00162679,0
"285241","organic_substitution",2017,58.7622,53.8923,0.002067812,0
"285241","organic_substitution",2018,53.9124,48.5811,0.003460443,0
"285241","organic_substitution",2019,46.1026,43.6537,0.002063592,0
"285241","organic_substitution",2020,39.2942,38.0863,0.00347067,0
"285241","organic_substitution",2021,35.9997,34.4492,0.004791049,0
"285241","organic_substitution",2022,32.5894,31.06,0.004326326,0
"285241","organic_substitution",2023,29.878,28.2224,0.001948439,0
"285241","tillage_reduced",2016,61.0084,60.0642,0.00124462,0
"285241","tillage_reduced",2017,53.8594,53.6088,0.001360683,0
"285241","tillage_reduced",2018,48.1527,48.0822,0.00250414,0
"285241","tillage_reduced",2019,42.7542,42.7363,0.001383727,0
"285241","tillage_reduced",2020,36.9097,36.9065,0.002248977,0
"285241","tillage_reduced",2021,33.1004,33.0995,0.003113566,0
"285241","tillage_reduced",2022,29.5402,29.54,0.002691428,0
"285241","tillage_reduced",2023,26.5544,26.5543,0.001097413,0
"285241","tillage_reference",2016,60.9107,59.9807,0.001268896,0
"285241","tillage_reference",2017,53.735,53.4901,0.001366886,0
"285241","tillage_reference",2018,47.9955,47.9274,0.002515044,0
"285241","tillage_reference",2019,42.5795,42.5624,0.001387885,0
"285241","tillage_reference",2020,36.7167,36.7136,0.002258841,0
"285241","tillage_reference",2021,32.8879,32.887,0.003124942,0
"285241","tillage_reference",2022,29.3115,29.3113,0.002705331,0
"285241","tillage_reference",2023,26.3284,26.3283,0.001098885,0
"285241","tillage_zero",2016,61.0436,60.0943,0.001236107,0
"285241","tillage_zero",2017,53.9035,53.6509,0.001358887,0
"285241","tillage_zero",2018,48.2086,48.1372,0.002500544,0
"285241","tillage_zero",2019,42.8161,42.7979,0.001382662,0
"285241","tillage_zero",2020,36.9774,36.9741,0.002245831,0
"285241","tillage_zero",2021,33.1747,33.1738,0.003109956,0
"285241","tillage_zero",2022,29.6195,29.6192,0.002686919,0
"285241","tillage_zero",2023,26.6328,26.6327,0.001097042,0
"28809","cover_annual",2016,34.3087,33.5644,0.002050485,0
"28809","cover_annual",2017,29.9585,29.5992,0.002030799,0
"28809","cover_annual",2018,27.2643,26.415,0.002452822,0
"28809","cover_annual",2019,22.9904,22.776,0.002605089,0
"28809","cover_annual",2020,20.7393,19.4337,0.003476741,0
"28809","cover_annual",2021,16.9502,16.6079,0.004059314,0
"28809","cover_annual",2022,14.1631,14.0867,0.003825108,0
"28809","cover_annual",2023,12.3911,12.3676,0.001339559,0
"28809","cover_none",2016,34.3087,33.5644,0.002050485,0
"28809","cover_none",2017,29.9585,29.5992,0.002030799,0
"28809","cover_none",2018,27.2544,26.4109,0.00245352,0
"28809","cover_none",2019,22.9782,22.7673,0.00260299,0
"28809","cover_none",2020,20.6309,19.3396,0.00347286,0
"28809","cover_none",2021,16.7971,16.467,0.004023155,0
"28809","cover_none",2022,14.0404,13.9647,0.003792372,0
"28809","cover_none",2023,12.2829,12.2591,0.001334418,0
"28809","fertilizer_reference",2016,34.3087,33.5644,0.002050485,0
"28809","fertilizer_reference",2017,29.9585,29.5992,0.002820724,0
"28809","fertilizer_reference",2018,27.2544,26.4109,0.002822824,0
"28809","fertilizer_reference",2019,22.9782,22.7673,0.002735955,0
"28809","fertilizer_reference",2020,20.6309,19.3396,0.003546626,0
"28809","fertilizer_reference",2021,16.7971,16.467,0.00467442,0
"28809","fertilizer_reference",2022,14.0404,13.9647,0.004485127,0
"28809","fertilizer_reference",2023,12.2829,12.2591,0.001428705,0
"28809","mineral_N_half",2016,34.3087,33.5644,0.001710848,0
"28809","mineral_N_half",2017,29.9585,29.5992,0.002328293,0
"28809","mineral_N_half",2018,27.2544,26.4109,0.002442069,0
"28809","mineral_N_half",2019,22.9782,22.7673,0.002257502,0
"28809","mineral_N_half",2020,20.6309,19.3396,0.002907105,0
"28809","mineral_N_half",2021,16.7971,16.467,0.003793167,0
"28809","mineral_N_half",2022,14.0404,13.9647,0.003705507,0
"28809","mineral_N_half",2023,12.2829,12.2591,0.001152344,0
"28809","mineral_N_one_half",2016,34.3087,33.5644,0.002390167,0
"28809","mineral_N_one_half",2017,29.9585,29.5992,0.003313138,0
"28809","mineral_N_one_half",2018,27.2544,26.4109,0.00320354,0
"28809","mineral_N_one_half",2019,22.9782,22.7673,0.003214438,0
"28809","mineral_N_one_half",2020,20.6309,19.3396,0.004186122,0
"28809","mineral_N_one_half",2021,16.7971,16.467,0.005555723,0
"28809","mineral_N_one_half",2022,14.0404,13.9647,0.005264796,0
"28809","mineral_N_one_half",2023,12.2829,12.2591,0.001705043,0
"28809","mineral_N_zero",2016,34.3087,33.5644,0.001371388,0
"28809","mineral_N_zero",2017,29.9585,29.5992,0.001835949,0
"28809","mineral_N_zero",2018,27.2544,26.4109,0.002061418,0
"28809","mineral_N_zero",2019,22.9782,22.7673,0.001779078,0
"28809","mineral_N_zero",2020,20.6309,19.3396,0.002267632,0
"28809","mineral_N_zero",2021,16.7971,16.467,0.002911858,0
"28809","mineral_N_zero",2022,14.0404,13.9647,0.002925862,0
"28809","mineral_N_zero",2023,12.2829,12.2591,0.000875969,0
"28809","organic_substitution",2016,35.9002,33.9018,0.001978608,0
"28809","organic_substitution",2017,32.182,30.2979,0.002943396,0
"28809","organic_substitution",2018,28.6819,27.2571,0.003424657,0
"28809","organic_substitution",2019,24.3366,23.6891,0.003079119,0
"28809","organic_substitution",2020,22.0732,20.395,0.00369736,0
"28809","organic_substitution",2021,18.6177,17.6249,0.004608669,0
"28809","organic_substitution",2022,15.986,15.2154,0.004894097,0
"28809","organic_substitution",2023,14.6857,13.61,0.001845541,0
"28809","tillage_reduced",2016,34.2891,33.5478,0.002057592,0
"28809","tillage_reduced",2017,29.9302,29.5722,0.002036617,0
"28809","tillage_reduced",2018,27.4262,26.5317,0.002450147,0
"28809","tillage_reduced",2019,23.2945,23.0541,0.002578387,0
"28809","tillage_reduced",2020,20.817,19.546,0.003432762,0
"28809","tillage_reduced",2021,16.9577,16.6346,0.004017549,0
"28809","tillage_reduced",2022,14.1704,14.0971,0.003802568,0
"28809","tillage_reduced",2023,12.4197,12.3964,0.001335561,0
"28809","tillage_reference",2016,34.2245,33.4931,0.002079995,0
"28809","tillage_reference",2017,29.8348,29.481,0.002056573,0
"28809","tillage_reference",2018,27.1522,26.3095,0.002460542,0
"28809","tillage_reference",2019,22.8911,22.6803,0.002601366,0
"28809","tillage_reference",2020,20.3173,19.1113,0.003505649,0
"28809","tillage_reference",2021,16.5488,16.2441,0.00406539,0
"28809","tillage_reference",2022,13.8031,13.7355,0.003819862,0
"28809","tillage_reference",2023,12.0787,12.0576,0.001330628,0
"28809","tillage_zero",2016,34.3087,33.5644,0.002050485,0
"28809","tillage_zero",2017,29.9585,29.5992,0.002030799,0
"28809","tillage_zero",2018,27.4715,26.571,0.00244816,0
"28809","tillage_zero",2019,23.3517,23.1079,0.002576211,0
"28809","tillage_zero",2020,20.9274,19.633,0.003417982,0
"28809","tillage_zero",2021,17.045,16.7152,0.004004441,0
"28809","tillage_zero",2022,14.2502,14.1748,0.003795802,0
"28809","tillage_zero",2023,12.4918,12.4677,0.001336738,0
"293793","cover_annual",2016,72.0919,66.8634,0.001070473,0
"293793","cover_annual",2017,65.1007,60.3745,0.001472043,0
"293793","cover_annual",2018,65.6066,60.1765,0.002614587,0
"293793","cover_annual",2019,54.0018,52.8218,0.001925518,0
"293793","cover_annual",2020,44.9928,44.7667,0.003541086,0
"293793","cover_annual",2021,38.4916,38.3714,0.003814265,0
"293793","cover_annual",2022,32.7689,32.696,0.003196701,0
"293793","cover_annual",2023,28.3327,28.2218,0.002195825,0
"293793","cover_none",2016,72.0919,66.8634,0.001070473,0
"293793","cover_none",2017,65.1007,60.3745,0.001472043,0
"293793","cover_none",2018,65.6066,60.1765,0.002614587,0
"293793","cover_none",2019,53.9846,52.8088,0.001922553,0
"293793","cover_none",2020,44.9164,44.7056,0.00357168,0
"293793","cover_none",2021,38.3225,38.227,0.003832608,0
"293793","cover_none",2022,32.5529,32.5044,0.003195905,0
"293793","cover_none",2023,28.0671,27.9839,0.002202518,0
"293793","fertilizer_reference",2016,72.0919,66.8634,0.001231925,0
"293793","fertilizer_reference",2017,65.1007,60.3745,0.00155268,0
"293793","fertilizer_reference",2018,65.6066,60.1765,0.002971458,0
"293793","fertilizer_reference",2019,53.9846,52.8088,0.002451802,0
"293793","fertilizer_reference",2020,44.9164,44.7056,0.004969331,0
"293793","fertilizer_reference",2021,38.3225,38.227,0.004690938,0
"293793","fertilizer_reference",2022,32.5529,32.5044,0.00426298,0
"293793","fertilizer_reference",2023,28.0671,27.9839,0.002502445,0
"293793","mineral_N_half",2016,72.0919,66.8634,0.001151188,0
"293793","mineral_N_half",2017,65.1007,60.3745,0.001512382,0
"293793","mineral_N_half",2018,65.6066,60.1765,0.002619554,0
"293793","mineral_N_half",2019,53.9846,52.8088,0.002098122,0
"293793","mineral_N_half",2020,44.9164,44.7056,0.004216682,0
"293793","mineral_N_half",2021,38.3225,38.227,0.003964734,0
"293793","mineral_N_half",2022,32.5529,32.5044,0.003527674,0
"293793","mineral_N_half",2023,28.0671,27.9839,0.001918758,0
"293793","mineral_N_one_half",2016,72.0919,66.8634,0.001312678,0
"293793","mineral_N_one_half",2017,65.1007,60.3745,0.001593004,0
"293793","mineral_N_one_half",2018,65.6066,60.1765,0.003323366,0
"293793","mineral_N_one_half",2019,53.9846,52.8088,0.002805477,0
"293793","mineral_N_one_half",2020,44.9164,44.7056,0.005722019,0
"293793","mineral_N_one_half",2021,38.3225,38.227,0.005417231,0
"293793","mineral_N_one_half",2022,32.5529,32.5044,0.004998326,0
"293793","mineral_N_one_half",2023,28.0671,27.9839,0.003086096,0
"293793","mineral_N_zero",2016,72.0919,66.8634,0.001070473,0
"293793","mineral_N_zero",2017,65.1007,60.3745,0.001472043,0
"293793","mineral_N_zero",2018,65.6066,60.1765,0.002267651,0
"293793","mineral_N_zero",2019,53.9846,52.8088,0.001744413,0
"293793","mineral_N_zero",2020,44.9164,44.7056,0.003463951,0
"293793","mineral_N_zero",2021,38.3225,38.227,0.00323848,0
"293793","mineral_N_zero",2022,32.5529,32.5044,0.002792293,0
"293793","mineral_N_zero",2023,28.0671,27.9839,0.001335082,0
"293793","organic_substitution",2016,76.2577,66.873,0.00107067,0
"293793","organic_substitution",2017,69.8129,60.6503,0.001711009,0
"293793","organic_substitution",2018,70.1802,60.6837,0.002782531,0
"293793","organic_substitution",2019,58.8833,53.4792,0.002249938,0
"293793","organic_substitution",2020,46.6505,45.6927,0.005219105,0
"293793","organic_substitution",2021,39.8211,39.2878,0.005139854,0
"293793","organic_substitution",2022,34.4886,33.7227,0.00450879,0
"293793","organic_substitution",2023,30.1891,29.3019,0.002120911,0
"293793","tillage_reduced",2016,71.9629,66.7471,0.001078987,0
"293793","tillage_reduced",2017,64.8371,60.1427,0.001491105,0
"293793","tillage_reduced",2018,65.2822,59.8835,0.002637062,0
"293793","tillage_reduced",2019,53.6752,52.5163,0.001936525,0
"293793","tillage_reduced",2020,44.5799,44.3754,0.003582688,0
"293793","tillage_reduced",2021,37.948,37.8546,0.003840673,0
"293793","tillage_reduced",2022,32.1836,32.1357,0.003204058,0
"293793","tillage_reduced",2023,27.7219,27.639,0.002203398,0
"293793","tillage_reference",2016,71.6227,66.4404,0.001100675,0
"293793","tillage_reference",2017,64.149,59.537,0.001539834,0
"293793","tillage_reference",2018,64.4352,59.1173,0.002694948,0
"293793","tillage_reference",2019,52.8402,51.7297,0.001975438,0
"293793","tillage_reference",2020,43.6713,43.4836,0.003615468,0
"293793","tillage_reference",2021,36.9507,36.8623,0.003863398,0
"293793","tillage_reference",2022,31.1932,31.1469,0.00322584,0
"293793","tillage_reference",2023,26.7888,26.7065,0.002206567,0
"293793","tillage_zero",2016,72.0919,66.8634,0.001070473,0
"293793","tillage_zero",2017,65.1007,60.3745,0.001472043,0
"293793","tillage_zero",2018,65.6066,60.1765,0.002614587,0
"293793","tillage_zero",2019,53.9846,52.8088,0.001922553,0
"293793","tillage_zero",2020,44.9164,44.7056,0.00357168,0
"293793","tillage_zero",2021,38.3225,38.227,0.003832608,0
"293793","tillage_zero",2022,32.5529,32.5044,0.003195905,0
"293793","tillage_zero",2023,28.0671,27.9839,0.002202518,0
"296871","cover_annual",2016,45.3011,44.5141,0.001393839,0
"296871","cover_annual",2017,39.8086,39.6102,0.00130426,0
"296871","cover_annual",2018,40.5176,34.7953,0.002632673,0
"296871","cover_annual",2019,34.7552,30.7174,0.001441811,0
"296871","cover_annual",2020,28.6988,26.2366,0.002805052,0
"296871","cover_annual",2021,28.0793,23.0748,0.002980975,0
"296871","cover_annual",2022,21.0931,20.1443,0.002731677,0
"296871","cover_annual",2023,18.4688,18.1554,0.001066785,0
"296871","cover_none",2016,45.3011,44.5141,0.001393839,0
"296871","cover_none",2017,39.8086,39.6102,0.00130426,0
"296871","cover_none",2018,40.5066,34.7955,0.002642973,0
"296871","cover_none",2019,34.7689,30.7021,0.001439576,0
"296871","cover_none",2020,28.796,26.1928,0.002812805,0
"296871","cover_none",2021,28.1774,22.9758,0.002953522,0
"296871","cover_none",2022,20.9622,19.9821,0.002721098,0
"296871","cover_none",2023,18.2284,17.9301,0.001052042,0
"296871","fertilizer_reference",2016,45.3011,44.5141,0.001393839,0
"296871","fertilizer_reference",2017,39.8086,39.6102,0.001756852,0
"296871","fertilizer_reference",2018,40.5066,34.7955,0.003854927,0
"296871","fertilizer_reference",2019,34.7689,30.7021,0.00201669,0
"296871","fertilizer_reference",2020,28.796,26.1928,0.004085054,0
"296871","fertilizer_reference",2021,28.1774,22.9758,0.004072532,0
"296871","fertilizer_reference",2022,20.9622,19.9821,0.0043198,0
"296871","fertilizer_reference",2023,18.2284,17.9301,0.001695113,0
"296871","mineral_N_half",2016,45.3011,44.5141,0.001183823,0
"296871","mineral_N_half",2017,39.8086,39.6102,0.001490886,0
"296871","mineral_N_half",2018,40.5066,34.7955,0.003217375,0
"296871","mineral_N_half",2019,34.7689,30.7021,0.001721941,0
"296871","mineral_N_half",2020,28.796,26.1928,0.00344415,0
"296871","mineral_N_half",2021,28.1774,22.9758,0.003510313,0
"296871","mineral_N_half",2022,20.9622,19.9821,0.003519207,0
"296871","mineral_N_half",2023,18.2284,17.9301,0.001373369,0
"296871","mineral_N_one_half",2016,45.3011,44.5141,0.001603867,0
"296871","mineral_N_one_half",2017,39.8086,39.6102,0.002022815,0
"296871","mineral_N_one_half",2018,40.5066,34.7955,0.004492466,0
"296871","mineral_N_one_half",2019,34.7689,30.7021,0.002311491,0
"296871","mineral_N_one_half",2020,28.796,26.1928,0.00472595,0
"296871","mineral_N_one_half",2021,28.1774,22.9758,0.004634823,0
"296871","mineral_N_one_half",2022,20.9622,19.9821,0.005120369,0
"296871","mineral_N_one_half",2023,18.2284,17.9301,0.002016878,0
"296871","mineral_N_zero",2016,45.3011,44.5141,0.000973816,0
"296871","mineral_N_zero",2017,39.8086,39.6102,0.001224906,0
"296871","mineral_N_zero",2018,40.5066,34.7955,0.002579853,0
"296871","mineral_N_zero",2019,34.7689,30.7021,0.001427107,0
"296871","mineral_N_zero",2020,28.796,26.1928,0.002803253,0
"296871","mineral_N_zero",2021,28.1774,22.9758,0.002948041,0
"296871","mineral_N_zero",2022,20.9622,19.9821,0.002718659,0
"296871","mineral_N_zero",2023,18.2284,17.9301,0.001051556,0
"296871","organic_substitution",2016,45.9057,44.6076,0.001184389,0
"296871","organic_substitution",2017,40.5659,39.8175,0.001622939,0
"296871","organic_substitution",2018,45.2942,35.0182,0.003187851,0
"296871","organic_substitution",2019,38.9237,31.2724,0.00181638,0
"296871","organic_substitution",2020,32.8452,27.0048,0.003848878,0
"296871","organic_substitution",2021,33.3312,23.9305,0.004181624,0
"296871","organic_substitution",2022,27.1693,21.0485,0.003875668,0
"296871","organic_substitution",2023,25.3602,19.1495,0.001619635,0
"296871","tillage_reduced",2016,45.2771,44.4942,0.001399815,0
"296871","tillage_reduced",2017,39.776,39.5794,0.001307182,0
"296871","tillage_reduced",2018,40.5676,34.8555,0.00263017,0
"296871","tillage_reduced",2019,35.0984,30.9593,0.001401714,0
"296871","tillage_reduced",2020,29.4288,26.6986,0.002708535,0
"296871","tillage_reduced",2021,28.8561,23.5353,0.002839874,0
"296871","tillage_reduced",2022,21.6095,20.5518,0.002655963,0
"296871","tillage_reduced",2023,18.7589,18.437,0.001053417,0
"296871","tillage_reference",2016,45.2003,44.4306,0.001418209,0
"296871","tillage_reference",2017,39.6745,39.4835,0.001316673,0
"296871","tillage_reference",2018,40.3496,34.6408,0.002654217,0
"296871","tillage_reference",2019,34.6386,30.5655,0.001440657,0
"296871","tillage_reference",2020,28.6902,26.0766,0.002805964,0
"296871","tillage_reference",2021,28.0853,22.8745,0.002943662,0
"296871","tillage_reference",2022,20.8553,19.881,0.002715906,0
"296871","tillage_reference",2023,18.1079,17.8154,0.00105472,0
"296871","tillage_zero",2016,45.3011,44.5141,0.001393839,0
"296871","tillage_zero",2017,39.8086,39.6102,0.00130426,0
"296871","tillage_zero",2018,40.6442,34.9308,0.002621206,0
"296871","tillage_zero",2019,35.2098,31.061,0.001392956,0
"296871","tillage_zero",2020,29.5756,26.8295,0.002692949,0
"296871","tillage_zero",2021,29.0192,23.6828,0.002823437,0
"296871","tillage_zero",2022,21.7999,20.7164,0.00264032,0
"296871","tillage_zero",2023,18.9221,18.5912,0.001052402,0
"299613","fertilizer_reference",2016,249.1575,248.3623,0.006224184,0
"299613","fertilizer_reference",2017,228.5532,228.1215,0.00494831,0
"299613","fertilizer_reference",2018,203.5915,203.3596,0.012945031,0
"299613","fertilizer_reference",2019,181.2507,181.1185,0.010980898,0
"299613","fertilizer_reference",2020,156.7874,156.738,0.012603361,0
"299613","fertilizer_reference",2021,139.7622,139.7467,0.015199139,0
"299613","fertilizer_reference",2022,122.7027,122.6985,0.013736532,0
"299613","fertilizer_reference",2023,112.3325,111.6332,0.004276333,0
"299613","mineral_N_half",2016,249.1575,248.3623,0.005982725,0
"299613","mineral_N_half",2017,228.5532,228.1215,0.004750375,0
"299613","mineral_N_half",2018,203.5915,203.3596,0.012493478,0
"299613","mineral_N_half",2019,181.2507,181.1185,0.010649571,0
"299613","mineral_N_half",2020,156.7874,156.738,0.012201227,0
"299613","mineral_N_half",2021,139.7622,139.7467,0.014543101,0
"299613","mineral_N_half",2022,122.7027,122.6985,0.013039823,0
"299613","mineral_N_half",2023,112.3325,111.6332,0.004027036,0
"299613","mineral_N_one_half",2016,249.1575,248.3623,0.006465706,0
"299613","mineral_N_one_half",2017,228.5532,228.1215,0.00514629,0
"299613","mineral_N_one_half",2018,203.5915,203.3596,0.013396568,0
"299613","mineral_N_one_half",2019,181.2507,181.1185,0.011312278,0
"299613","mineral_N_one_half",2020,156.7874,156.738,0.013005502,0
"299613","mineral_N_one_half",2021,139.7622,139.7467,0.015855194,0
"299613","mineral_N_one_half",2022,122.7027,122.6985,0.014433186,0
"299613","mineral_N_one_half",2023,112.3325,111.6332,0.004525638,0
"299613","mineral_N_zero",2016,249.1575,248.3623,0.005741292,0
"299613","mineral_N_zero",2017,228.5532,228.1215,0.004552431,0
"299613","mineral_N_zero",2018,203.5915,203.3596,0.012041996,0
"299613","mineral_N_zero",2019,181.2507,181.1185,0.010318179,0
"299613","mineral_N_zero",2020,156.7874,156.738,0.011799095,0
"299613","mineral_N_zero",2021,139.7622,139.7467,0.01388705,0
"299613","mineral_N_zero",2022,122.7027,122.6985,0.012343159,0
"299613","mineral_N_zero",2023,112.3325,111.6332,0.003777768,0
"299613","organic_substitution",2016,250.7276,248.5655,0.005945761,0
"299613","organic_substitution",2017,231.3766,228.5383,0.004789348,0
"299613","organic_substitution",2018,206.2723,204.0559,0.012920501,0
"299613","organic_substitution",2019,183.9789,182.0484,0.011216481,0
"299613","organic_substitution",2020,159.4801,157.8618,0.012734461,0
"299613","organic_substitution",2021,141.8879,140.9363,0.015024195,0
"299613","organic_substitution",2022,124.6687,123.947,0.013825383,0
"299613","organic_substitution",2023,114.6168,112.9406,0.004386468,0
"299613","tillage_reduced",2016,249.0227,248.2318,0.005780121,0
"299613","tillage_reduced",2017,228.3599,227.9307,0.004570095,0
"299613","tillage_reduced",2018,203.329,203.0983,0.012082257,0
"299613","tillage_reduced",2019,180.9614,180.8297,0.010337325,0
"299613","tillage_reduced",2020,157.4497,157.3974,0.011765986,0
"299613","tillage_reduced",2021,140.685,140.6682,0.014301936,0
"299613","tillage_reduced",2022,124.6931,124.6881,0.01318336,0
"299613","tillage_reduced",2023,114.1053,113.4083,0.004176766,0
"299613","tillage_reference",2016,248.5911,247.8141,0.005902369,0
"299613","tillage_reference",2017,227.7492,227.3276,0.00462697,0
"299613","tillage_reference",2018,202.5243,202.2971,0.012203814,0
"299613","tillage_reference",2019,180.0809,179.9506,0.01039782,0
"299613","tillage_reference",2020,155.7782,155.7291,0.01179188,0
"299613","tillage_reference",2021,138.6163,138.6011,0.014605414,0
"299613","tillage_reference",2022,121.6969,121.6928,0.01341947,0
"299613","tillage_reference",2023,111.2694,110.581,0.004254221,0
"299613","tillage_zero",2016,249.1575,248.3623,0.005741292,0
"299613","tillage_zero",2017,228.5532,228.1215,0.004552431,0
"299613","tillage_zero",2018,203.5915,203.3596,0.012041996,0
"299613","tillage_zero",2019,181.2507,181.1185,0.010318179,0
"299613","tillage_zero",2020,157.8026,157.7499,0.011764663,0
"299613","tillage_zero",2021,141.1967,141.1795,0.014249946,0
"299613","tillage_zero",2022,125.2752,125.27,0.013142511,0
"299613","tillage_zero",2023,114.6704,113.9708,0.004165163,0
"302976","cover_annual",2016,45.9243,43.0989,0.000180838,0
"302976","cover_annual",2017,38.0867,37.0737,0.001362412,0
"302976","cover_annual",2018,34.1994,33.741,0.002732279,0
"302976","cover_annual",2019,29.0844,28.9993,0.00480221,0
"302976","cover_annual",2020,25.1732,25.0874,0.004761234,0
"302976","cover_annual",2021,24.5352,21.9817,0.005513356,0
"302976","cover_annual",2022,20.47,19.0539,0.007550213,0
"302976","cover_annual",2023,17.4745,16.7091,0.008119703,0
"302976","cover_none",2016,45.9243,43.0989,0.000180838,0
"302976","cover_none",2017,38.0867,37.0737,0.001362412,0
"302976","cover_none",2018,34.1146,33.6913,0.002732398,0
"302976","cover_none",2019,29.0135,28.9363,0.004809271,0
"302976","cover_none",2020,25.0247,24.9589,0.004759216,0
"302976","cover_none",2021,24.4046,21.8374,0.005508175,0
"302976","cover_none",2022,20.3582,18.8513,0.007545802,0
"302976","cover_none",2023,17.381,16.5088,0.008113184,0
"302976","fertilizer_reference",2016,45.9243,43.0989,0.000180838,0
"302976","fertilizer_reference",2017,38.0867,37.0737,0.001452095,0
"302976","fertilizer_reference",2018,34.1146,33.6913,0.002812722,0
"302976","fertilizer_reference",2019,29.0135,28.9363,0.004904403,0
"302976","fertilizer_reference",2020,25.0247,24.9589,0.005251067,0
"302976","fertilizer_reference",2021,24.4046,21.8374,0.005989137,0
"302976","fertilizer_reference",2022,20.3582,18.8513,0.008089925,0
"302976","fertilizer_reference",2023,17.381,16.5088,0.008612035,0
"302976","mineral_N_half",2016,45.9243,43.0989,0.000153195,0
"302976","mineral_N_half",2017,38.0867,37.0737,0.001327147,0
"302976","mineral_N_half",2018,34.1146,33.6913,0.002360674,0
"302976","mineral_N_half",2019,29.0135,28.9363,0.00402676,0
"302976","mineral_N_half",2020,25.0247,24.9589,0.00419011,0
"302976","mineral_N_half",2021,24.4046,21.8374,0.004750493,0
"302976","mineral_N_half",2022,20.3582,18.8513,0.006294553,0
"302976","mineral_N_half",2023,17.381,16.5088,0.00659918,0
"302976","mineral_N_one_half",2016,45.9243,43.0989,0.000208511,0
"302976","mineral_N_one_half",2017,38.0867,37.0737,0.001577087,0
"302976","mineral_N_one_half",2018,34.1146,33.6913,0.003264775,0
"302976","mineral_N_one_half",2019,29.0135,28.9363,0.00578207,0
"302976","mineral_N_one_half",2020,25.0247,24.9589,0.006311979,0
"302976","mineral_N_one_half",2021,24.4046,21.8374,0.00722784,0
"302976","mineral_N_one_half",2022,20.3582,18.8513,0.009885305,0
"302976","mineral_N_one_half",2023,17.381,16.5088,0.010624956,0
"302976","mineral_N_zero",2016,45.9243,43.0989,0.000125472,0
"302976","mineral_N_zero",2017,38.0867,37.0737,0.001202205,0
"302976","mineral_N_zero",2018,34.1146,33.6913,0.001908593,0
"302976","mineral_N_zero",2019,29.0135,28.9363,0.003149126,0
"302976","mineral_N_zero",2020,25.0247,24.9589,0.003129197,0
"302976","mineral_N_zero",2021,24.4046,21.8374,0.003511832,0
"302976","mineral_N_zero",2022,20.3582,18.8513,0.004499139,0
"302976","mineral_N_zero",2023,17.381,16.5088,0.004586226,0
"302976","organic_substitution",2016,48.4974,43.1955,0.000139138,0
"302976","organic_substitution",2017,43.3412,37.5034,0.001559126,0
"302976","organic_substitution",2018,43.016,34.3274,0.002474707,0
"302976","organic_substitution",2019,35.566,30.1028,0.004564669,0
"302976","organic_substitution",2020,34.6402,26.2648,0.004817185,0
"302976","organic_substitution",2021,33.8683,23.521,0.005578762,0
"302976","organic_substitution",2022,27.2521,21.0521,0.007798799,0
"302976","organic_substitution",2023,24.5626,18.9004,0.008456158,0
"302976","tillage_reduced",2016,45.9016,43.0832,0.000183011,0
"302976","tillage_reduced",2017,38.0004,36.9972,0.001374682,0
"302976","tillage_reduced",2018,34.0308,33.6103,0.002745927,0
"302976","tillage_reduced",2019,28.9287,28.8523,0.004824476,0
"302976","tillage_reduced",2020,24.9149,24.8494,0.004773389,0
"302976","tillage_reduced",2021,24.2905,21.7224,0.005523339,0
"302976","tillage_reduced",2022,20.2486,18.7426,0.007562209,0
"302976","tillage_reduced",2023,17.2704,16.4011,0.008127665,0
"302976","tillage_reference",2016,45.8443,43.0436,0.000188654,0
"302976","tillage_reference",2017,37.7674,36.7904,0.001406743,0
"302976","tillage_reference",2018,33.8079,33.3945,0.002782005,0
"302976","tillage_reference",2019,28.6915,28.6176,0.004866515,0
"302976","tillage_reference",2020,24.6145,24.55,0.004812047,0
"302976","tillage_reference",2021,23.9709,21.4003,0.005565397,0
"302976","tillage_reference",2022,19.9415,18.438,0.007608496,0
"302976","tillage_reference",2023,16.956,16.0957,0.00816859,0
"302976","tillage_zero",2016,45.9243,43.0989,0.000180838,0
"302976","tillage_zero",2017,38.0867,37.0737,0.001362412,0
"302976","tillage_zero",2018,34.1146,33.6913,0.002732398,0
"302976","tillage_zero",2019,29.0135,28.9363,0.004809271,0
"302976","tillage_zero",2020,25.0247,24.9589,0.004759216,0
"302976","tillage_zero",2021,24.4046,21.8374,0.005508175,0
"302976","tillage_zero",2022,20.3582,18.8513,0.007545802,0
"302976","tillage_zero",2023,17.381,16.5088,0.008113184,0
"30934","fertilizer_reference",2016,32.0569,31.8847,0.00223038,0
"30934","fertilizer_reference",2017,24.5094,24.4723,0.005592648,0
"30934","fertilizer_reference",2018,18.675,18.6533,0.005075998,0
"30934","fertilizer_reference",2019,17.7291,14.6606,0.005260905,0
"30934","fertilizer_reference",2020,12.9177,11.2492,0.005807923,0
"30934","fertilizer_reference",2021,9.5327,8.6742,0.004073483,0
"30934","fertilizer_reference",2022,8.0388,6.7284,0.004588592,0
"30934","fertilizer_reference",2023,5.6431,5.2105,0.003702489,0
"30934","mineral_N_half",2016,32.0569,31.8847,0.002080092,0
"30934","mineral_N_half",2017,24.5094,24.4723,0.005302086,0
"30934","mineral_N_half",2018,18.675,18.6533,0.004896682,0
"30934","mineral_N_half",2019,17.7291,14.6606,0.004996467,0
"30934","mineral_N_half",2020,12.9177,11.2492,0.00526232,0
"30934","mineral_N_half",2021,9.5327,8.6742,0.003636702,0
"30934","mineral_N_half",2022,8.0388,6.7284,0.004074992,0
"30934","mineral_N_half",2023,5.6431,5.2105,0.003215917,0
"30934","mineral_N_one_half",2016,32.0569,31.8847,0.002380581,0
"30934","mineral_N_one_half",2017,24.5094,24.4723,0.005883222,0
"30934","mineral_N_one_half",2018,18.675,18.6533,0.005255355,0
"30934","mineral_N_one_half",2019,17.7291,14.6606,0.005525307,0
"30934","mineral_N_one_half",2020,12.9177,11.2492,0.006353554,0
"30934","mineral_N_one_half",2021,9.5327,8.6742,0.004510267,0
"30934","mineral_N_one_half",2022,8.0388,6.7284,0.005102216,0
"30934","mineral_N_one_half",2023,5.6431,5.2105,0.004189053,0
"30934","mineral_N_zero",2016,32.0569,31.8847,0.001929866,0
"30934","mineral_N_zero",2017,24.5094,24.4723,0.005011539,0
"30934","mineral_N_zero",2018,18.675,18.6533,0.004717391,0
"30934","mineral_N_zero",2019,17.7291,14.6606,0.004732041,0
"30934","mineral_N_zero",2020,12.9177,11.2492,0.004716686,0
"30934","mineral_N_zero",2021,9.5327,8.6742,0.003199943,0
"30934","mineral_N_zero",2022,8.0388,6.7284,0.003561381,0
"30934","mineral_N_zero",2023,5.6431,5.2105,0.002729351,0
"30934","organic_substitution",2016,32.497,32.1062,0.002472515,0
"30934","organic_substitution",2017,25.1583,24.8764,0.00668096,0
"30934","organic_substitution",2018,19.4359,19.1971,0.006621519,0
"30934","organic_substitution",2019,19.3952,15.2922,0.006497526,0
"30934","organic_substitution",2020,14.3799,11.9982,0.00651057,0
"30934","organic_substitution",2021,10.6544,9.5307,0.004692129,0
"30934","organic_substitution",2022,9.8077,7.603,0.005426734,0
"30934","organic_substitution",2023,6.5459,6.1819,0.004683536,0
"30934","tillage_reduced",2016,31.9748,31.8064,0.001950868,0
"30934","tillage_reduced",2017,24.3926,24.3558,0.00504675,0
"30934","tillage_reduced",2018,18.5693,18.5476,0.00473731,0
"30934","tillage_reduced",2019,17.6054,14.5487,0.004744446,0
"30934","tillage_reduced",2020,12.7873,11.1353,0.004726966,0
"30934","tillage_reduced",2021,9.4109,8.5667,0.00320348,0
"30934","tillage_reduced",2022,7.9284,6.631,0.00356068,0
"30934","tillage_reduced",2023,5.5479,5.1244,0.002724921,0
"30934","tillage_reference",2016,31.7407,31.583,0.002008236,0
"30934","tillage_reference",2017,24.0589,24.0232,0.005147406,0
"30934","tillage_reference",2018,18.2663,18.2446,0.004795794,0
"30934","tillage_reference",2019,17.2481,14.2271,0.004780342,0
"30934","tillage_reference",2020,12.4143,10.8103,0.004756303,0
"30934","tillage_reference",2021,9.0646,8.2613,0.003213152,0
"30934","tillage_reference",2022,7.6134,6.3555,0.003558269,0
"30934","tillage_reference",2023,5.2782,4.8811,0.002712057,0
"30934","tillage_zero",2016,32.0569,31.8847,0.001929866,0
"30934","tillage_zero",2017,24.5094,24.4723,0.005011539,0
"30934","tillage_zero",2018,18.675,18.6533,0.004717391,0
"30934","tillage_zero",2019,17.7291,14.6606,0.004732041,0
"30934","tillage_zero",2020,12.9177,11.2492,0.004716686,0
"30934","tillage_zero",2021,9.5327,8.6742,0.003199943,0
"30934","tillage_zero",2022,8.0388,6.7284,0.003561381,0
"30934","tillage_zero",2023,5.6431,5.2105,0.002729351,0
"309355","cover_annual",2016,7.6418,5.4651,0.000137503,0
"309355","cover_annual",2017,6.8303,5.3397,0.000200186,0
"309355","cover_annual",2018,6.6487,5.3035,0.000204584,0
"309355","cover_annual",2019,6.1004,5.1688,0.000214846,0
"309355","cover_annual",2020,5.7048,5.0593,0.000262842,0
"309355","cover_annual",2021,7.4985,5.0637,0.000260852,0
"309355","cover_annual",2022,7.4247,5.0748,0.000428193,0
"309355","cover_annual",2023,10.5125,5.0996,0.00045192,0
"309355","cover_none",2016,7.6418,5.4651,0.000137503,0
"309355","cover_none",2017,6.8303,5.3397,0.000200186,0
"309355","cover_none",2018,6.6487,5.3035,0.000204584,0
"309355","cover_none",2019,6.1004,5.1688,0.000214846,0
"309355","cover_none",2020,5.6922,5.059,0.000262842,0
"309355","cover_none",2021,7.4441,5.0538,0.000260891,0
"309355","cover_none",2022,7.2978,5.0332,0.000428642,0
"309355","cover_none",2023,10.3592,5.0427,0.000453011,0
"309355","fertilizer_reference",2016,7.6418,5.4651,0.000137503,0
"309355","fertilizer_reference",2017,6.8303,5.3397,0.000311991,0
"309355","fertilizer_reference",2018,6.6487,5.3035,0.000445148,0
"309355","fertilizer_reference",2019,6.1004,5.1688,0.000561346,0
"309355","fertilizer_reference",2020,5.6922,5.059,0.000836944,0
"309355","fertilizer_reference",2021,7.4441,5.0538,0.0010265,0
"309355","fertilizer_reference",2022,7.2978,5.0332,0.001209924,0
"309355","fertilizer_reference",2023,10.3592,5.0427,0.001338329,0
"309355","mineral_N_half",2016,7.6418,5.4651,8.204e-05,0
"309355","mineral_N_half",2017,6.8303,5.3397,0.000191038,0
"309355","mineral_N_half",2018,6.6487,5.3035,0.000260835,0
"309355","mineral_N_half",2019,6.1004,5.1688,0.000328511,0
"309355","mineral_N_half",2020,5.6922,5.059,0.000484715,0
"309355","mineral_N_half",2021,7.4441,5.0538,0.000579704,0
"309355","mineral_N_half",2022,7.2978,5.0332,0.000671224,0
"309355","mineral_N_half",2023,10.3592,5.0427,0.000744236,0
"309355","mineral_N_one_half",2016,7.6418,5.4651,0.000192941,0
"309355","mineral_N_one_half",2017,6.8303,5.3397,0.000432936,0
"309355","mineral_N_one_half",2018,6.6487,5.3035,0.000629434,0
"309355","mineral_N_one_half",2019,6.1004,5.1688,0.00079427,0
"309355","mineral_N_one_half",2020,5.6922,5.059,0.001189132,0
"309355","mineral_N_one_half",2021,7.4441,5.0538,0.001473321,0
"309355","mineral_N_one_half",2022,7.2978,5.0332,0.00174865,0
"309355","mineral_N_one_half",2023,10.3592,5.0427,0.001932445,0
"309355","mineral_N_zero",2016,7.6418,5.4651,2.6512e-05,0
"309355","mineral_N_zero",2017,6.8303,5.3397,7.0165e-05,0
"309355","mineral_N_zero",2018,6.6487,5.3035,7.6492e-05,0
"309355","mineral_N_zero",2019,6.1004,5.1688,9.5661e-05,0
"309355","mineral_N_zero",2020,5.6922,5.059,0.000132491,0
"309355","mineral_N_zero",2021,7.4441,5.0538,0.000132846,0
"309355","mineral_N_zero",2022,7.2978,5.0332,0.000132506,0
"309355","mineral_N_zero",2023,10.3592,5.0427,0.000150155,0
"309355","organic_substitution",2016,12.5793,5.5037,2.8273e-05,0
"309355","organic_substitution",2017,15.3473,5.5193,9.5903e-05,0
"309355","organic_substitution",2018,19.6539,5.5549,0.000109528,0
"309355","organic_substitution",2019,20.7493,5.7021,0.000169697,0
"309355","organic_substitution",2020,20.6146,5.8427,0.000273527,0
"309355","organic_substitution",2021,25.954,5.8525,0.000277576,0
"309355","organic_substitution",2022,28.3055,5.927,0.000287634,0
"309355","organic_substitution",2023,31.5401,6.2553,0.000354322,0
"309355","tillage_reduced",2016,7.6384,5.4647,0.000137668,0
"309355","tillage_reduced",2017,6.8154,5.3369,0.000200813,0
"309355","tillage_reduced",2018,6.6342,5.3005,0.000205274,0
"309355","tillage_reduced",2019,6.0845,5.1642,0.000215644,0
"309355","tillage_reduced",2020,5.6729,5.0516,0.000263915,0
"309355","tillage_reduced",2021,7.4248,5.0463,0.000261918,0
"309355","tillage_reduced",2022,7.2795,5.0257,0.00042965,0
"309355","tillage_reduced",2023,10.3436,5.0352,0.000453883,0
"309355","tillage_reference",2016,7.6299,5.4636,0.000138029,0
"309355","tillage_reference",2017,6.7784,5.3297,0.000202406,0
"309355","tillage_reference",2018,6.5985,5.2929,0.000207018,0
"309355","tillage_reference",2019,6.0422,5.1518,0.000217651,0
"309355","tillage_reference",2020,5.6203,5.0309,0.000266762,0
"309355","tillage_reference",2021,7.3723,5.0255,0.000264715,0
"309355","tillage_reference",2022,7.2283,5.0046,0.00043238,0
"309355","tillage_reference",2023,10.2997,5.014,0.000456299,0
"309355","tillage_zero",2016,7.6418,5.4651,0.000137503,0
"309355","tillage_zero",2017,6.8303,5.3397,0.000200186,0
"309355","tillage_zero",2018,6.6487,5.3035,0.000204584,0
"309355","tillage_zero",2019,6.1004,5.1688,0.000214846,0
"309355","tillage_zero",2020,5.6922,5.059,0.000262842,0
"309355","tillage_zero",2021,7.4441,5.0538,0.000260891,0
"309355","tillage_zero",2022,7.2978,5.0332,0.000428642,0
"309355","tillage_zero",2023,10.3592,5.0427,0.000453011,0
"313780","fertilizer_reference",2016,75.8937,66.4367,0.000531142,0
"313780","fertilizer_reference",2017,77.3458,67.8165,0.000597882,0
"313780","fertilizer_reference",2018,76.6986,67.7356,0.000728737,0
"313780","fertilizer_reference",2019,75.371,66.6608,0.000586576,0
"313780","fertilizer_reference",2020,73.5614,65.3012,0.000682042,0
"313780","fertilizer_reference",2021,71.1993,63.6808,0.000672813,0
"313780","fertilizer_reference",2022,68.6451,61.6202,0.000867384,0
"313780","fertilizer_reference",2023,67.7775,60.7506,0.000376232,0
"313780","mineral_N_half",2016,75.8937,66.4367,0.000448325,0
"313780","mineral_N_half",2017,77.3458,67.8165,0.000520475,0
"313780","mineral_N_half",2018,76.6986,67.7356,0.00065157,0
"313780","mineral_N_half",2019,75.371,66.6608,0.000506559,0
"313780","mineral_N_half",2020,73.5614,65.3012,0.000594032,0
"313780","mineral_N_half",2021,71.1993,63.6808,0.000590701,0
"313780","mineral_N_half",2022,68.6451,61.6202,0.000745144,0
"313780","mineral_N_half",2023,67.7775,60.7506,0.000282893,0
"313780","mineral_N_one_half",2016,75.8937,66.4367,0.000614004,0
"313780","mineral_N_one_half",2017,77.3458,67.8165,0.000675348,0
"313780","mineral_N_one_half",2018,76.6986,67.7356,0.000805919,0
"313780","mineral_N_one_half",2019,75.371,66.6608,0.000666635,0
"313780","mineral_N_one_half",2020,73.5614,65.3012,0.000770055,0
"313780","mineral_N_one_half",2021,71.1993,63.6808,0.000754908,0
"313780","mineral_N_one_half",2022,68.6451,61.6202,0.000989654,0
"313780","mineral_N_one_half",2023,67.7775,60.7506,0.000469724,0
"313780","mineral_N_zero",2016,75.8937,66.4367,0.000365532,0
"313780","mineral_N_zero",2017,77.3458,67.8165,0.000443102,0
"313780","mineral_N_zero",2018,76.6986,67.7356,0.000574419,0
"313780","mineral_N_zero",2019,75.371,66.6608,0.000426592,0
"313780","mineral_N_zero",2020,73.5614,65.3012,0.000506061,0
"313780","mineral_N_zero",2021,71.1993,63.6808,0.000508639,0
"313780","mineral_N_zero",2022,68.6451,61.6202,0.000622956,0
"313780","mineral_N_zero",2023,67.7775,60.7506,0.000189856,0
"313780","organic_substitution",2016,78.4785,66.619,0.00048914,0
"313780","organic_substitution",2017,81.3058,68.2617,0.000642928,0
"313780","organic_substitution",2018,81.0555,68.4222,0.000823872,0
"313780","organic_substitution",2019,79.8885,67.5919,0.000656936,0
"313780","organic_substitution",2020,78.3793,66.4534,0.000777914,0
"313780","organic_substitution",2021,76.4906,65.0342,0.000766331,0
"313780","organic_substitution",2022,73.7541,63.1971,0.001031579,0
"313780","organic_substitution",2023,73.0795,62.5148,0.000447284,0
"313780","tillage_reduced",2016,75.8537,66.4119,0.000536584,0
"313780","tillage_reduced",2017,77.2739,67.771,0.000471146,0
"313780","tillage_reduced",2018,76.5989,67.67,0.000584085,0
"313780","tillage_reduced",2019,75.2538,66.5787,0.000429244,0
"313780","tillage_reduced",2020,73.4125,65.1949,0.000509293,0
"313780","tillage_reduced",2021,71.0524,63.5688,0.000510545,0
"313780","tillage_reduced",2022,68.6751,61.5854,0.00062521,0
"313780","tillage_reduced",2023,67.8605,60.7649,0.000180708,0
"313780","tillage_reference",2016,75.737,66.3398,0.000552007,0
"313780","tillage_reference",2017,77.0674,67.6403,0.000482708,0
"313780","tillage_reference",2018,76.3116,67.4817,0.000594418,0
"313780","tillage_reference",2019,74.9197,66.3445,0.000434139,0
"313780","tillage_reference",2020,72.9898,64.893,0.00051751,0
"313780","tillage_reference",2021,70.6017,63.2312,0.000517921,0
"313780","tillage_reference",2022,68.0079,61.1178,0.000633849,0
"313780","tillage_reference",2023,67.0871,60.1931,0.000198955,0
"313780","tillage_zero",2016,75.8937,66.4367,0.000531142,0
"313780","tillage_zero",2017,77.3458,67.8165,0.000467104,0
"313780","tillage_zero",2018,76.6986,67.7356,0.00058047,0
"313780","tillage_zero",2019,75.371,66.6608,0.000427638,0
"313780","tillage_zero",2020,73.5614,65.3012,0.000506306,0
"313780","tillage_zero",2021,71.2116,63.6878,0.000507944,0
"313780","tillage_zero",2022,68.8667,61.7289,0.000622226,0
"313780","tillage_zero",2023,68.0688,60.9271,0.00017736,0
"321992","cover_annual",2016,47.4301,47.0715,0.003224013,0
"321992","cover_annual",2017,39.4465,39.4021,0.004590992,0
"321992","cover_annual",2018,36.6514,33.0959,0.00543468,0
"321992","cover_annual",2019,28.6129,28.1838,0.002664533,0
"321992","cover_annual",2020,24.7966,24.6786,0.005146758,0
"321992","cover_annual",2021,21.4012,21.3431,0.005420401,0
"321992","cover_annual",2022,18.6773,18.6202,0.003753718,0
"321992","cover_annual",2023,16.6297,16.5774,0.001597742,0
"321992","cover_none",2016,47.4301,47.0715,0.003224013,0
"321992","cover_none",2017,39.4465,39.4021,0.004590992,0
"321992","cover_none",2018,36.7219,33.1243,0.005465154,0
"321992","cover_none",2019,28.5376,28.1224,0.002601886,0
"321992","cover_none",2020,24.7182,24.6221,0.005264561,0
"321992","cover_none",2021,21.3034,21.2707,0.005455027,0
"321992","cover_none",2022,18.5168,18.49,0.003647582,0
"321992","cover_none",2023,16.4149,16.3922,0.001541133,0
"321992","fertilizer_reference",2016,47.4301,47.0715,0.003224013,0
"321992","fertilizer_reference",2017,39.4465,39.4021,0.005206425,0
"321992","fertilizer_reference",2018,36.7219,33.1243,0.006325241,0
"321992","fertilizer_reference",2019,28.5376,28.1224,0.002793066,0
"321992","fertilizer_reference",2020,24.7182,24.6221,0.005495769,0
"321992","fertilizer_reference",2021,21.3034,21.2707,0.005964143,0
"321992","fertilizer_reference",2022,18.5168,18.49,0.004165728,0
"321992","fertilizer_reference",2023,16.4149,16.3922,0.001881402,0
"321992","mineral_N_half",2016,47.4301,47.0715,0.002820252,0
"321992","mineral_N_half",2017,39.4465,39.4021,0.004711794,0
"321992","mineral_N_half",2018,36.7219,33.1243,0.005788176,0
"321992","mineral_N_half",2019,28.5376,28.1224,0.002571809,0
"321992","mineral_N_half",2020,24.7182,24.6221,0.005072064,0
"321992","mineral_N_half",2021,21.3034,21.2707,0.00544027,0
"321992","mineral_N_half",2022,18.5168,18.49,0.003759223,0
"321992","mineral_N_half",2023,16.4149,16.3922,0.001661788,0
"321992","mineral_N_one_half",2016,47.4301,47.0715,0.003627742,0
"321992","mineral_N_one_half",2017,39.4465,39.4021,0.005701034,0
"321992","mineral_N_one_half",2018,36.7219,33.1243,0.006862379,0
"321992","mineral_N_one_half",2019,28.5376,28.1224,0.003014303,0
"321992","mineral_N_one_half",2020,24.7182,24.6221,0.005919482,0
"321992","mineral_N_one_half",2021,21.3034,21.2707,0.006487985,0
"321992","mineral_N_one_half",2022,18.5168,18.49,0.004572293,0
"321992","mineral_N_one_half",2023,16.4149,16.3922,0.002101063,0
"321992","mineral_N_zero",2016,47.4301,47.0715,0.002416484,0
"321992","mineral_N_zero",2017,39.4465,39.4021,0.004217163,0
"321992","mineral_N_zero",2018,36.7219,33.1243,0.005251036,0
"321992","mineral_N_zero",2019,28.5376,28.1224,0.002350576,0
"321992","mineral_N_zero",2020,24.7182,24.6221,0.004648377,0
"321992","mineral_N_zero",2021,21.3034,21.2707,0.004916442,0
"321992","mineral_N_zero",2022,18.5168,18.49,0.003352712,0
"321992","mineral_N_zero",2023,16.4149,16.3922,0.001442151,0
"321992","organic_substitution",2016,48.5946,47.4285,0.003148699,0
"321992","organic_substitution",2017,41.0318,40.1073,0.005688421,0
"321992","organic_substitution",2018,38.2986,33.9678,0.006738748,0
"321992","organic_substitution",2019,30.1676,29.0821,0.002812824,0
"321992","organic_substitution",2020,29.5125,25.5642,0.005374029,0
"321992","organic_substitution",2021,26.8466,22.3548,0.00589524,0
"321992","organic_substitution",2022,24.7371,19.7054,0.004255253,0
"321992","organic_substitution",2023,22.7548,17.789,0.001983628,0
"321992","tillage_reduced",2016,47.3941,47.0384,0.003239763,0
"321992","tillage_reduced",2017,39.4056,39.3617,0.00460051,0
"321992","tillage_reduced",2018,36.6761,33.0786,0.005472364,0
"321992","tillage_reduced",2019,29.1891,28.6526,0.002521896,0
"321992","tillage_reduced",2020,25.1848,25.0681,0.00512914,0
"321992","tillage_reduced",2021,21.6794,21.6439,0.005383148,0
"321992","tillage_reduced",2022,18.8259,18.7989,0.003624319,0
"321992","tillage_reduced",2023,16.6799,16.6573,0.001540314,0
"321992","tillage_reference",2016,47.2939,46.9464,0.003283039,0
"321992","tillage_reference",2017,39.2863,39.2439,0.004629786,0
"321992","tillage_reference",2018,36.5391,32.9418,0.005495865,0
"321992","tillage_reference",2019,28.3839,27.9688,0.002604178,0
"321992","tillage_reference",2020,24.4887,24.3961,0.005284671,0
"321992","tillage_reference",2021,21.0612,21.0294,0.005480969,0
"321992","tillage_reference",2022,18.2522,18.2258,0.003666509,0
"321992","tillage_reference",2023,16.1479,16.1254,0.001549399,0
"321992","tillage_zero",2016,47.4301,47.0715,0.003224013,0
"321992","tillage_zero",2017,39.4465,39.4021,0.004590992,0
"321992","tillage_zero",2018,36.7219,33.1243,0.005465154,0
"321992","tillage_zero",2019,29.3022,28.7513,0.002512385,0
"321992","tillage_zero",2020,25.2983,25.1779,0.005109089,0
"321992","tillage_zero",2021,21.7861,21.75,0.00536871,0
"321992","tillage_zero",2022,18.9317,18.9046,0.003616794,0
"321992","tillage_zero",2023,16.781,16.7583,0.001538166,0
"32528","cover_annual",2016,54.9778,54.7967,0.004042711,0
"32528","cover_annual",2017,43.3785,43.3645,0.008107676,0
"32528","cover_annual",2018,34.2928,34.1967,0.00746668,0
"32528","cover_annual",2019,27.5683,27.5206,0.009903258,0
"32528","cover_annual",2020,21.9247,21.8429,0.008474299,0
"32528","cover_annual",2021,17.2567,17.2367,0.008860895,0
"32528","cover_annual",2022,13.7722,13.6906,0.009493713,0
"32528","cover_annual",2023,10.921,10.9097,0.007094183,0
"32528","cover_none",2016,54.9778,54.7967,0.004042711,0
"32528","cover_none",2017,43.3785,43.3645,0.008107676,0
"32528","cover_none",2018,34.1429,34.1146,0.007528322,0
"32528","cover_none",2019,27.4653,27.4298,0.010057781,0
"32528","cover_none",2020,21.6857,21.6627,0.008599299,0
"32528","cover_none",2021,17.1039,17.0942,0.008831204,0
"32528","cover_none",2022,13.4903,13.4776,0.00963454,0
"32528","cover_none",2023,10.7468,10.742,0.007136594,0
"32528","fertilizer_reference",2016,54.9778,54.7967,0.004042711,0
"32528","fertilizer_reference",2017,43.3785,43.3645,0.008514537,0
"32528","fertilizer_reference",2018,34.1429,34.1146,0.007722544,0
"32528","fertilizer_reference",2019,27.4653,27.4298,0.010844058,0
"32528","fertilizer_reference",2020,21.6857,21.6627,0.010174018,0
"32528","fertilizer_reference",2021,17.1039,17.0942,0.01021304,0
"32528","fertilizer_reference",2022,13.4903,13.4776,0.012032525,0
"32528","fertilizer_reference",2023,10.7468,10.742,0.009548638,0
"32528","mineral_N_half",2016,54.9778,54.7967,0.003856388,0
"32528","mineral_N_half",2017,43.3785,43.3645,0.008150253,0
"32528","mineral_N_half",2018,34.1429,34.1146,0.007300392,0
"32528","mineral_N_half",2019,27.4653,27.4298,0.009595981,0
"32528","mineral_N_half",2020,21.6857,21.6627,0.008605432,0
"32528","mineral_N_half",2021,17.1039,17.0942,0.00890075,0
"32528","mineral_N_half",2022,13.4903,13.4776,0.009885074,0
"32528","mineral_N_half",2023,10.7468,10.742,0.007751836,0
"32528","mineral_N_one_half",2016,54.9778,54.7967,0.004229043,0
"32528","mineral_N_one_half",2017,43.3785,43.3645,0.008878814,0
"32528","mineral_N_one_half",2018,34.1429,34.1146,0.008144603,0
"32528","mineral_N_one_half",2019,27.4653,27.4298,0.012092144,0
"32528","mineral_N_one_half",2020,21.6857,21.6627,0.011742587,0
"32528","mineral_N_one_half",2021,17.1039,17.0942,0.011525382,0
"32528","mineral_N_one_half",2022,13.4903,13.4776,0.014179943,0
"32528","mineral_N_one_half",2023,10.7468,10.742,0.011345425,0
"32528","mineral_N_zero",2016,54.9778,54.7967,0.003670063,0
"32528","mineral_N_zero",2017,43.3785,43.3645,0.007785979,0
"32528","mineral_N_zero",2018,34.1429,34.1146,0.006878324,0
"32528","mineral_N_zero",2019,27.4653,27.4298,0.008347895,0
"32528","mineral_N_zero",2020,21.6857,21.6627,0.007036824,0
"32528","mineral_N_zero",2021,17.1039,17.0942,0.007588491,0
"32528","mineral_N_zero",2022,13.4903,13.4776,0.007737608,0
"32528","mineral_N_zero",2023,10.7468,10.742,0.00595505,0
"32528","organic_substitution",2016,55.5794,55.0857,0.004349507,0
"32528","organic_substitution",2017,46.4119,44.0724,0.009107615,0
"32528","organic_substitution",2018,38.2433,35.1981,0.008285214,0
"32528","organic_substitution",2019,30.0077,28.6589,0.010996718,0
"32528","organic_substitution",2020,23.4014,22.9927,0.00991032,0
"32528","organic_substitution",2021,25.8212,18.3132,0.010254089,0
"32528","organic_substitution",2022,18.5707,15.0017,0.011009286,0
"32528","organic_substitution",2023,16.7239,12.2016,0.008768011,0
"32528","tillage_reduced",2016,54.9467,54.7667,0.0040567,0
"32528","tillage_reduced",2017,43.3337,43.3198,0.00812379,0
"32528","tillage_reduced",2018,34.0703,34.042,0.007545442,0
"32528","tillage_reduced",2019,27.3841,27.3486,0.01007442,0
"32528","tillage_reduced",2020,21.5957,21.5728,0.008612172,0
"32528","tillage_reduced",2021,17.0177,17.0081,0.008839426,0
"32528","tillage_reduced",2022,13.4091,13.3964,0.009637929,0
"32528","tillage_reduced",2023,10.6745,10.6697,0.007135621,0
"32528","tillage_reference",2016,54.8458,54.6695,0.004101083,0
"32528","tillage_reference",2017,43.1875,43.1741,0.008175306,0
"32528","tillage_reference",2018,33.8482,33.82,0.007596076,0
"32528","tillage_reference",2019,27.1383,27.1029,0.010123251,0
"32528","tillage_reference",2020,21.3271,21.3043,0.008648638,0
"32528","tillage_reference",2021,16.7624,16.7529,0.008862042,0
"32528","tillage_reference",2022,13.1695,13.1568,0.009646218,0
"32528","tillage_reference",2023,10.4618,10.457,0.007131448,0
"32528","tillage_zero",2016,54.9778,54.7967,0.004042711,0
"32528","tillage_zero",2017,43.3785,43.3645,0.008107676,0
"32528","tillage_zero",2018,34.1429,34.1146,0.007528322,0
"32528","tillage_zero",2019,27.4653,27.4298,0.010057781,0
"32528","tillage_zero",2020,21.6857,21.6627,0.008599299,0
"32528","tillage_zero",2021,17.1039,17.0942,0.008831204,0
"32528","tillage_zero",2022,13.4903,13.4776,0.00963454,0
"32528","tillage_zero",2023,10.7468,10.742,0.007136594,0
"327124","fertilizer_reference",2016,102.7281,90.9228,0.001376672,0
"327124","fertilizer_reference",2017,81.1777,79.5501,0.004484211,0
"327124","fertilizer_reference",2018,68.9504,68.7344,0.00642683,0
"327124","fertilizer_reference",2019,60.9069,60.8661,0.004215412,0
"327124","fertilizer_reference",2020,52.4843,52.4789,0.003550219,0
"327124","fertilizer_reference",2021,45.4207,45.42,0.004725885,0
"327124","fertilizer_reference",2022,38.9964,38.9963,0.00466984,0
"327124","fertilizer_reference",2023,34.428,34.428,0.002263259,0
"327124","mineral_N_half",2016,102.7281,90.9228,0.001331222,0
"327124","mineral_N_half",2017,81.1777,79.5501,0.004151639,0
"327124","mineral_N_half",2018,68.9504,68.7344,0.006060125,0
"327124","mineral_N_half",2019,60.9069,60.8661,0.003893815,0
"327124","mineral_N_half",2020,52.4843,52.4789,0.003327021,0
"327124","mineral_N_half",2021,45.4207,45.42,0.004323573,0
"327124","mineral_N_half",2022,38.9964,38.9963,0.004174979,0
"327124","mineral_N_half",2023,34.428,34.428,0.001971385,0
"327124","mineral_N_one_half",2016,102.7281,90.9228,0.001422148,0
"327124","mineral_N_one_half",2017,81.1777,79.5501,0.004816771,0
"327124","mineral_N_one_half",2018,68.9504,68.7344,0.00679354,0
"327124","mineral_N_one_half",2019,60.9069,60.8661,0.00453708,0
"327124","mineral_N_one_half",2020,52.4843,52.4789,0.003773415,0
"327124","mineral_N_one_half",2021,45.4207,45.42,0.005128213,0
"327124","mineral_N_one_half",2022,38.9964,38.9963,0.00516467,0
"327124","mineral_N_one_half",2023,34.428,34.428,0.002555133,0
"327124","mineral_N_zero",2016,102.7281,90.9228,0.001285733,0
"327124","mineral_N_zero",2017,81.1777,79.5501,0.003819152,0
"327124","mineral_N_zero",2018,68.9504,68.7344,0.005693387,0
"327124","mineral_N_zero",2019,60.9069,60.8661,0.003572178,0
"327124","mineral_N_zero",2020,52.4843,52.4789,0.003103806,0
"327124","mineral_N_zero",2021,45.4207,45.42,0.003921251,0
"327124","mineral_N_zero",2022,38.9964,38.9963,0.003680134,0
"327124","mineral_N_zero",2023,34.428,34.428,0.00167951,0
"327124","organic_substitution",2016,104.4545,91.1831,0.001420137,0
"327124","organic_substitution",2017,82.9821,80.1506,0.004116693,0
"327124","organic_substitution",2018,74.055,69.3821,0.006097621,0
"327124","organic_substitution",2019,64.1852,61.8793,0.004461505,0
"327124","organic_substitution",2020,57.109,53.5585,0.004149905,0
"327124","organic_substitution",2021,49.7381,46.6779,0.00547261,0
"327124","organic_substitution",2022,41.824,40.454,0.005603798,0
"327124","organic_substitution",2023,37.4069,35.9817,0.002662913,0
"327124","tillage_reduced",2016,102.658,90.8672,0.001288484,0
"327124","tillage_reduced",2017,80.9239,79.3392,0.003852363,0
"327124","tillage_reduced",2018,68.716,68.5074,0.00573149,0
"327124","tillage_reduced",2019,60.5867,60.5483,0.003971029,0
"327124","tillage_reduced",2020,52.1595,52.1545,0.003431489,0
"327124","tillage_reduced",2021,45.0736,45.0729,0.004644617,0
"327124","tillage_reduced",2022,38.6818,38.6817,0.00462461,0
"327124","tillage_reduced",2023,34.1099,34.1099,0.002251759,0
"327124","tillage_reference",2016,102.4783,90.7242,0.001295446,0
"327124","tillage_reference",2017,80.2549,78.7795,0.003936317,0
"327124","tillage_reference",2018,68.1033,67.9129,0.005794727,0
"327124","tillage_reference",2019,59.7387,59.7061,0.004025139,0
"327124","tillage_reference",2020,51.3053,51.3012,0.003458248,0
"327124","tillage_reference",2021,44.1637,44.1632,0.004670929,0
"327124","tillage_reference",2022,37.852,37.8519,0.004647328,0
"327124","tillage_reference",2023,33.2591,33.2591,0.002258804,0
"327124","tillage_zero",2016,102.7281,90.9228,0.001285733,0
"327124","tillage_zero",2017,81.1777,79.5501,0.003819152,0
"327124","tillage_zero",2018,68.9504,68.7344,0.005707973,0
"327124","tillage_zero",2019,60.9069,60.8661,0.00395025,0
"327124","tillage_zero",2020,52.4843,52.4789,0.003421575,0
"327124","tillage_zero",2021,45.4207,45.42,0.00463437,0
"327124","tillage_zero",2022,38.9964,38.9963,0.004615994,0
"327124","tillage_zero",2023,34.428,34.428,0.002249483,0
"327540","cover_annual",2016,53.3094,52.0815,0.00039029,0
"327540","cover_annual",2017,48.0914,47.6515,0.000479214,0
"327540","cover_annual",2018,44.1325,43.9462,0.000916012,0
"327540","cover_annual",2019,39.9264,39.8671,0.000651972,0
"327540","cover_annual",2020,35.8908,35.8736,0.000933168,0
"327540","cover_annual",2021,33.3394,33.3321,0.001144888,0
"327540","cover_annual",2022,30.4472,29.9909,0.001204689,0
"327540","cover_annual",2023,27.4832,27.3474,0.000498626,0
"327540","cover_none",2016,52.5293,51.5607,0.00038046,0
"327540","cover_none",2017,47.4864,47.1435,0.00047059,0
"327540","cover_none",2018,43.6199,43.4709,0.000906104,0
"327540","cover_none",2019,39.4778,39.4305,0.000647777,0
"327540","cover_none",2020,35.49,35.4764,0.000929398,0
"327540","cover_none",2021,32.9662,32.9605,0.001141574,0
"327540","cover_none",2022,30.1099,29.654,0.001202028,0
"327540","cover_none",2023,27.1734,27.0378,0.000497758,0
"327540","fertilizer_reference",2016,52.5293,51.5607,0.000403804,0
"327540","fertilizer_reference",2017,47.4864,47.1435,0.000529268,0
"327540","fertilizer_reference",2018,43.6199,43.4709,0.001046038,0
"327540","fertilizer_reference",2019,39.4778,39.4305,0.000682036,0
"327540","fertilizer_reference",2020,35.49,35.4764,0.000946592,0
"327540","fertilizer_reference",2021,32.9662,32.9605,0.001183224,0
"327540","fertilizer_reference",2022,30.1099,29.654,0.001322666,0
"327540","fertilizer_reference",2023,27.1734,27.0378,0.00056921,0
"327540","mineral_N_half",2016,52.5293,51.5607,0.000392125,0
"327540","mineral_N_half",2017,47.4864,47.1435,0.00049993,0
"327540","mineral_N_half",2018,43.6199,43.4709,0.000892799,0
"327540","mineral_N_half",2019,39.4778,39.4305,0.000603189,0
"327540","mineral_N_half",2020,35.49,35.4764,0.000885501,0
"327540","mineral_N_half",2021,32.9662,32.9605,0.001091161,0
"327540","mineral_N_half",2022,30.1099,29.654,0.001218411,0
"327540","mineral_N_half",2023,27.1734,27.0378,0.000523943,0
"327540","mineral_N_one_half",2016,52.5293,51.5607,0.000415475,0
"327540","mineral_N_one_half",2017,47.4864,47.1435,0.000558635,0
"327540","mineral_N_one_half",2018,43.6199,43.4709,0.00119923,0
"327540","mineral_N_one_half",2019,39.4778,39.4305,0.000760824,0
"327540","mineral_N_one_half",2020,35.49,35.4764,0.001007709,0
"327540","mineral_N_one_half",2021,32.9662,32.9605,0.001275262,0
"327540","mineral_N_one_half",2022,30.1099,29.654,0.001426953,0
"327540","mineral_N_one_half",2023,27.1734,27.0378,0.000614505,0
"327540","mineral_N_zero",2016,52.5293,51.5607,0.00038046,0
"327540","mineral_N_zero",2017,47.4864,47.1435,0.00047059,0
"327540","mineral_N_zero",2018,43.6199,43.4709,0.000739586,0
"327540","mineral_N_zero",2019,39.4778,39.4305,0.000524362,0
"327540","mineral_N_zero",2020,35.49,35.4764,0.000824418,0
"327540","mineral_N_zero",2021,32.9662,32.9605,0.000999143,0
"327540","mineral_N_zero",2022,30.1099,29.654,0.001114155,0
"327540","mineral_N_zero",2023,27.1734,27.0378,0.000478618,0
"327540","organic_substitution",2016,54.7426,51.6617,0.000403785,0
"327540","organic_substitution",2017,50.6221,47.4308,0.000626599,0
"327540","organic_substitution",2018,46.6523,44.0262,0.00110764,0
"327540","organic_substitution",2019,42.4451,40.2335,0.000826524,0
"327540","organic_substitution",2020,39.028,36.4531,0.001231573,0
"327540","organic_substitution",2021,38.0662,34.0527,0.001479614,0
"327540","organic_substitution",2022,35.741,31.0634,0.001702243,0
"327540","organic_substitution",2023,33.0245,28.7741,0.000825826,0
"327540","tillage_reduced",2016,52.5017,51.5379,0.000384325,0
"327540","tillage_reduced",2017,47.4584,47.1176,0.000470928,0
"327540","tillage_reduced",2018,43.6313,43.4817,0.000904789,0
"327540","tillage_reduced",2019,39.6535,39.6037,0.000642979,0
"327540","tillage_reduced",2020,35.639,35.6247,0.000910752,0
"327540","tillage_reduced",2021,33.1799,33.1737,0.001131912,0
"327540","tillage_reduced",2022,30.2889,29.8402,0.001190089,0
"327540","tillage_reduced",2023,27.3131,27.1812,0.000499418,0
"327540","tillage_reference",2016,52.419,51.4696,0.000395737,0
"327540","tillage_reference",2017,47.3705,47.0362,0.000472193,0
"327540","tillage_reference",2018,43.5175,43.3717,0.000907243,0
"327540","tillage_reference",2019,39.3866,39.3404,0.000647122,0
"327540","tillage_reference",2020,35.3819,35.3687,0.000927777,0
"327540","tillage_reference",2021,32.8597,32.8541,0.001143325,0
"327540","tillage_reference",2022,29.8179,29.3935,0.001225334,0
"327540","tillage_reference",2023,26.8165,26.6964,0.000512954,0
"327540","tillage_zero",2016,52.5293,51.5607,0.00038046,0
"327540","tillage_zero",2017,47.4864,47.1435,0.00047059,0
"327540","tillage_zero",2018,43.6695,43.5186,0.000904054,0
"327540","tillage_zero",2019,39.715,39.6643,0.000642028,0
"327540","tillage_zero",2020,35.7016,35.687,0.000908068,0
"327540","tillage_zero",2021,33.2464,33.2401,0.001129969,0
"327540","tillage_zero",2022,30.4006,29.9436,0.001182075,0
"327540","tillage_zero",2023,27.4378,27.3018,0.000495149,0
"328163","cover_annual",2016,273.0159,272.1505,0.006143102,0
"328163","cover_annual",2017,248.0596,247.6583,0.006500883,0
"328163","cover_annual",2018,241.3839,236.9516,0.003490339,0
"328163","cover_annual",2019,228.6061,222.9839,0.001833186,0
"328163","cover_annual",2020,195.7846,194.6176,0.010278455,0
"328163","cover_annual",2021,176.5855,175.9576,0.008750133,0
"328163","cover_annual",2022,158.9011,158.6012,0.009811534,0
"328163","cover_annual",2023,143.7646,143.5898,0.005756061,0
"328163","cover_none",2016,272.9898,272.1431,0.006117432,0
"328163","cover_none",2017,248.0457,247.6504,0.006496663,0
"328163","cover_none",2018,241.3728,236.9436,0.003489329,0
"328163","cover_none",2019,228.5976,222.9759,0.001833021,0
"328163","cover_none",2020,195.7771,194.6102,0.010278973,0
"328163","cover_none",2021,176.5785,175.9506,0.008750916,0
"328163","cover_none",2022,158.8945,158.5946,0.009812708,0
"328163","cover_none",2023,143.7585,143.5836,0.005756803,0
"328163","fertilizer_reference",2016,272.9898,272.1431,0.00640638,0
"328163","fertilizer_reference",2017,248.0457,247.6504,0.007075996,0
"328163","fertilizer_reference",2018,241.3728,236.9436,0.003801418,0
"328163","fertilizer_reference",2019,228.5976,222.9759,0.002082481,0
"328163","fertilizer_reference",2020,195.7771,194.6102,0.011204141,0
"328163","fertilizer_reference",2021,176.5785,175.9506,0.009486687,0
"328163","fertilizer_reference",2022,158.8945,158.5946,0.010778028,0
"328163","fertilizer_reference",2023,143.7585,143.5836,0.006488713,0
"328163","mineral_N_half",2016,272.9898,272.1431,0.00618044,0
"328163","mineral_N_half",2017,248.0457,247.6504,0.006740097,0
"328163","mineral_N_half",2018,241.3728,236.9436,0.003633789,0
"328163","mineral_N_half",2019,228.5976,222.9759,0.001954807,0
"328163","mineral_N_half",2020,195.7771,194.6102,0.010736672,0
"328163","mineral_N_half",2021,176.5785,175.9506,0.009116674,0
"328163","mineral_N_half",2022,158.8945,158.5946,0.010294006,0
"328163","mineral_N_half",2023,143.7585,143.5836,0.006122378,0
"328163","mineral_N_one_half",2016,272.9898,272.1431,0.006632269,0
"328163","mineral_N_one_half",2017,248.0457,247.6504,0.007411809,0
"328163","mineral_N_one_half",2018,241.3728,236.9436,0.003969015,0
"328163","mineral_N_one_half",2019,228.5976,222.9759,0.002210195,0
"328163","mineral_N_one_half",2020,195.7771,194.6102,0.011671563,0
"328163","mineral_N_one_half",2021,176.5785,175.9506,0.009856706,0
"328163","mineral_N_one_half",2022,158.8945,158.5946,0.01126204,0
"328163","mineral_N_one_half",2023,143.7585,143.5836,0.006855094,0
"328163","mineral_N_zero",2016,272.9898,272.1431,0.005954547,0
"328163","mineral_N_zero",2017,248.0457,247.6504,0.006404317,0
"328163","mineral_N_zero",2018,241.3728,236.9436,0.003466147,0
"328163","mineral_N_zero",2019,228.5976,222.9759,0.001827116,0
"328163","mineral_N_zero",2020,195.7771,194.6102,0.010269202,0
"328163","mineral_N_zero",2021,176.5785,175.9506,0.008746672,0
"328163","mineral_N_zero",2022,158.8945,158.5946,0.009810035,0
"328163","mineral_N_zero",2023,143.7585,143.5836,0.005756056,0
"328163","organic_substitution",2016,276.0596,272.5287,0.006549738,0
"328163","organic_substitution",2017,250.0394,248.2351,0.007292106,0
"328163","organic_substitution",2018,245.7811,237.6555,0.00390489,0
"328163","organic_substitution",2019,233.5607,223.9316,0.002020554,0
"328163","organic_substitution",2020,199.2133,195.8665,0.011073959,0
"328163","organic_substitution",2021,179.9022,177.354,0.009368432,0
"328163","organic_substitution",2022,162.2877,160.0644,0.010518863,0
"328163","organic_substitution",2023,147.3109,145.1163,0.006208792,0
"328163","tillage_reduced",2016,272.8282,271.9868,0.006169432,0
"328163","tillage_reduced",2017,247.78,247.3878,0.006538405,0
"328163","tillage_reduced",2018,241.1986,236.7625,0.003497108,0
"328163","tillage_reduced",2019,228.5909,222.9282,0.001828623,0
"328163","tillage_reduced",2020,198.6056,197.2297,0.009923768,0
"328163","tillage_reduced",2021,178.9519,178.2679,0.008316466,0
"328163","tillage_reduced",2022,162.84,162.4817,0.009412419,0
"328163","tillage_reduced",2023,147.1725,146.9811,0.00565978,0
"328163","tillage_reference",2016,272.2892,271.4654,0.006328989,0
"328163","tillage_reference",2017,246.915,246.533,0.006668944,0
"328163","tillage_reference",2018,240.301,235.8786,0.003529732,0
"328163","tillage_reference",2019,227.6019,221.981,0.001838853,0
"328163","tillage_reference",2020,194.9125,193.7455,0.010257138,0
"328163","tillage_reference",2021,175.6695,175.0469,0.00872298,0
"328163","tillage_reference",2022,158.0284,157.7306,0.009811392,0
"328163","tillage_reference",2023,142.598,142.4269,0.005827855,0
"328163","tillage_zero",2016,272.9898,272.1431,0.006117432,0
"328163","tillage_zero",2017,248.0457,247.6504,0.006496663,0
"328163","tillage_zero",2018,241.4559,237.0176,0.003487422,0
"328163","tillage_zero",2019,228.8575,223.1879,0.001826445,0
"328163","tillage_zero",2020,199.1433,197.7427,0.009888486,0
"328163","tillage_zero",2021,179.4584,178.7659,0.008276468,0
"328163","tillage_zero",2022,163.5388,163.1719,0.009363985,0
"328163","tillage_zero",2023,147.8989,147.704,0.005625162,0
"329357","cover_annual",2016,37.4039,36.523,0.00173644,0
"329357","cover_annual",2017,33.2427,32.9724,0.001449455,0
"329357","cover_annual",2018,30.0295,29.8183,0.001475596,0
"329357","cover_annual",2019,27.3618,27.264,0.000959105,0
"329357","cover_annual",2020,24.611,24.5619,0.001670978,0
"329357","cover_annual",2021,22.0881,22.0739,0.001375605,0
"329357","cover_annual",2022,19.7709,19.767,0.001272911,0
"329357","cover_annual",2023,18.0657,18.0643,0.000608037,0
"329357","cover_none",2016,37.3958,36.521,0.001735803,0
"329357","cover_none",2017,33.2008,32.9432,0.001447008,0
"329357","cover_none",2018,29.8041,29.6921,0.001460803,0
"329357","cover_none",2019,27.2007,27.1455,0.000949876,0
"329357","cover_none",2020,24.4096,24.3922,0.001659763,0
"329357","cover_none",2021,21.9233,21.9184,0.001367187,0
"329357","cover_none",2022,19.6272,19.6259,0.001268757,0
"329357","cover_none",2023,17.9347,17.9343,0.000607037,0
"329357","fertilizer_reference",2016,37.3958,36.521,0.001735803,0
"329357","fertilizer_reference",2017,33.2008,32.9432,0.002117435,0
"329357","fertilizer_reference",2018,29.8041,29.6921,0.002471736,0
"329357","fertilizer_reference",2019,27.2007,27.1455,0.001120086,0
"329357","fertilizer_reference",2020,24.4096,24.3922,0.001719583,0
"329357","fertilizer_reference",2021,21.9233,21.9184,0.002101567,0
"329357","fertilizer_reference",2022,19.6272,19.6259,0.001456951,0
"329357","fertilizer_reference",2023,17.9347,17.9343,0.000627878,0
"329357","mineral_N_half",2016,37.3958,36.521,0.001359598,0
"329357","mineral_N_half",2017,33.2008,32.9432,0.001711928,0
"329357","mineral_N_half",2018,29.8041,29.6921,0.001947659,0
"329357","mineral_N_half",2019,27.2007,27.1455,0.001029071,0
"329357","mineral_N_half",2020,24.4096,24.3922,0.001391724,0
"329357","mineral_N_half",2021,21.9233,21.9184,0.001620537,0
"329357","mineral_N_half",2022,19.6272,19.6259,0.00125521,0
"329357","mineral_N_half",2023,17.9347,17.9343,0.000567096,0
"329357","mineral_N_one_half",2016,37.3958,36.521,0.002111958,0
"329357","mineral_N_one_half",2017,33.2008,32.9432,0.002522944,0
"329357","mineral_N_one_half",2018,29.8041,29.6921,0.002995797,0
"329357","mineral_N_one_half",2019,27.2007,27.1455,0.001211054,0
"329357","mineral_N_one_half",2020,24.4096,24.3922,0.002047373,0
"329357","mineral_N_one_half",2021,21.9233,21.9184,0.00258262,0
"329357","mineral_N_one_half",2022,19.6272,19.6259,0.001658661,0
"329357","mineral_N_one_half",2023,17.9347,17.9343,0.000688749,0
"329357","mineral_N_zero",2016,37.3958,36.521,0.00098348,0
"329357","mineral_N_zero",2017,33.2008,32.9432,0.001306434,0
"329357","mineral_N_zero",2018,29.8041,29.6921,0.001423668,0
"329357","mineral_N_zero",2019,27.2007,27.1455,0.000938074,0
"329357","mineral_N_zero",2020,24.4096,24.3922,0.001063933,0
"329357","mineral_N_zero",2021,21.9233,21.9184,0.001139491,0
"329357","mineral_N_zero",2022,19.6272,19.6259,0.001053423,0
"329357","mineral_N_zero",2023,17.9347,17.9343,0.000506179,0
"329357","organic_substitution",2016,39.3516,36.7269,0.001093389,0
"329357","organic_substitution",2017,36.1255,33.4069,0.00152613,0
"329357","organic_substitution",2018,33.282,30.4181,0.001735858,0
"329357","organic_substitution",2019,31.113,27.9834,0.001143083,0
"329357","organic_substitution",2020,28.0333,25.3712,0.001714494,0
"329357","organic_substitution",2021,26.0337,23.0507,0.002190161,0
"329357","organic_substitution",2022,22.7544,20.9921,0.002618965,0
"329357","organic_substitution",2023,21.4307,19.3956,0.001069583,0
"329357","tillage_reduced",2016,37.3704,36.5011,0.001741908,0
"329357","tillage_reduced",2017,33.1487,32.8954,0.001457081,0
"329357","tillage_reduced",2018,29.7329,29.6229,0.001471068,0
"329357","tillage_reduced",2019,27.1296,27.0752,0.000951863,0
"329357","tillage_reduced",2020,24.3389,24.3217,0.001659978,0
"329357","tillage_reduced",2021,21.8255,21.8208,0.001371676,0
"329357","tillage_reduced",2022,19.5321,19.5308,0.001273427,0
"329357","tillage_reduced",2023,17.8349,17.8345,0.000609027,0
"329357","tillage_reference",2016,37.3004,36.446,0.001759004,0
"329357","tillage_reference",2017,32.997,32.756,0.001485976,0
"329357","tillage_reference",2018,29.5225,29.4182,0.001501709,0
"329357","tillage_reference",2019,26.9194,26.8673,0.000958765,0
"329357","tillage_reference",2020,24.131,24.1146,0.001660766,0
"329357","tillage_reference",2021,21.5495,21.5452,0.001382043,0
"329357","tillage_reference",2022,19.2631,19.262,0.001285707,0
"329357","tillage_reference",2023,17.5508,17.5504,0.000614809,0
"329357","tillage_zero",2016,37.3958,36.521,0.001735803,0
"329357","tillage_zero",2017,33.2008,32.9432,0.001447008,0
"329357","tillage_zero",2018,29.8041,29.6921,0.001460803,0
"329357","tillage_zero",2019,27.2007,27.1455,0.000949876,0
"329357","tillage_zero",2020,24.4096,24.3922,0.001659763,0
"329357","tillage_zero",2021,21.9233,21.9184,0.001367187,0
"329357","tillage_zero",2022,19.6272,19.6259,0.001268757,0
"329357","tillage_zero",2023,17.9347,17.9343,0.000607037,0
"330822","cover_annual",2016,47.7019,46.6611,0.000987135,0
"330822","cover_annual",2017,41.874,41.3738,0.001516277,0
"330822","cover_annual",2018,41.0942,40.3372,0.000682878,0
"330822","cover_annual",2019,37.3596,37.0008,0.000579474,0
"330822","cover_annual",2020,34.5465,34.3337,0.000583071,0
"330822","cover_annual",2021,32.2788,32.1006,0.000908052,0
"330822","cover_annual",2022,30.0683,29.9034,0.000769056,0
"330822","cover_annual",2023,27.7662,27.6278,0.000480809,0
"330822","cover_none",2016,47.7019,46.6611,0.000987135,0
"330822","cover_none",2017,41.874,41.3738,0.001516277,0
"330822","cover_none",2018,40.9996,40.2731,0.000679261,0
"330822","cover_none",2019,37.1588,36.8521,0.000571877,0
"330822","cover_none",2020,34.2635,34.1168,0.000573795,0
"330822","cover_none",2021,31.9599,31.849,0.00089467,0
"330822","cover_none",2022,29.6726,29.5835,0.000749301,0
"330822","cover_none",2023,27.3235,27.2514,0.000476163,0
"330822","fertilizer_reference",2016,47.7019,46.6611,0.001200655,0
"330822","fertilizer_reference",2017,41.874,41.3738,0.001580053,0
"330822","fertilizer_reference",2018,40.9996,40.2731,0.000731204,0
"330822","fertilizer_reference",2019,37.1588,36.8521,0.000677767,0
"330822","fertilizer_reference",2020,34.2635,34.1168,0.000691005,0
"330822","fertilizer_reference",2021,31.9599,31.849,0.001157655,0
"330822","fertilizer_reference",2022,29.6726,29.5835,0.001057786,0
"330822","fertilizer_reference",2023,27.3235,27.2514,0.000564016,0
"330822","mineral_N_half",2016,47.7019,46.6611,0.001093888,0
"330822","mineral_N_half",2017,41.874,41.3738,0.001548152,0
"330822","mineral_N_half",2018,40.9996,40.2731,0.000678013,0
"330822","mineral_N_half",2019,37.1588,36.8521,0.000609263,0
"330822","mineral_N_half",2020,34.2635,34.1168,0.000626007,0
"330822","mineral_N_half",2021,31.9599,31.849,0.001020828,0
"330822","mineral_N_half",2022,29.6726,29.5835,0.000900587,0
"330822","mineral_N_half",2023,27.3235,27.2514,0.000464491,0
"330822","mineral_N_one_half",2016,47.7019,46.6611,0.001307403,0
"330822","mineral_N_one_half",2017,41.874,41.3738,0.001611921,0
"330822","mineral_N_one_half",2018,40.9996,40.2731,0.000784467,0
"330822","mineral_N_one_half",2019,37.1588,36.8521,0.000746265,0
"330822","mineral_N_one_half",2020,34.2635,34.1168,0.000756005,0
"330822","mineral_N_one_half",2021,31.9599,31.849,0.001294518,0
"330822","mineral_N_one_half",2022,29.6726,29.5835,0.001214966,0
"330822","mineral_N_one_half",2023,27.3235,27.2514,0.000663551,0
"330822","mineral_N_zero",2016,47.7019,46.6611,0.000987135,0
"330822","mineral_N_zero",2017,41.874,41.3738,0.001516277,0
"330822","mineral_N_zero",2018,40.9996,40.2731,0.000624792,0
"330822","mineral_N_zero",2019,37.1588,36.8521,0.000540784,0
"330822","mineral_N_zero",2020,34.2635,34.1168,0.00056103,0
"330822","mineral_N_zero",2021,31.9599,31.849,0.000883974,0
"330822","mineral_N_zero",2022,29.6726,29.5835,0.000743397,0
"330822","mineral_N_zero",2023,27.3235,27.2514,0.000364922,0
"330822","organic_substitution",2016,51.8829,46.6696,0.000987309,0
"330822","organic_substitution",2017,47.088,41.6144,0.001873131,0
"330822","organic_substitution",2018,45.2052,40.7923,0.00084372,0
"330822","organic_substitution",2019,40.3328,37.6176,0.000800538,0
"330822","organic_substitution",2020,37.4846,35.0385,0.000810039,0
"330822","organic_substitution",2021,35.5489,32.9314,0.001291863,0
"330822","organic_substitution",2022,33.3384,30.8309,0.001137098,0
"330822","organic_substitution",2023,30.8929,28.654,0.000599737,0
"330822","tillage_reduced",2016,47.6552,46.6211,0.000998811,0
"330822","tillage_reduced",2017,41.7669,41.2724,0.001534661,0
"330822","tillage_reduced",2018,40.881,40.1585,0.000684949,0
"330822","tillage_reduced",2019,37.0341,36.7301,0.000576171,0
"330822","tillage_reduced",2020,34.132,33.9871,0.00057608,0
"330822","tillage_reduced",2021,31.8112,31.7018,0.000898656,0
"330822","tillage_reduced",2022,29.5143,29.4262,0.000753373,0
"330822","tillage_reduced",2023,27.1636,27.0922,0.000478119,0
"330822","tillage_reference",2016,47.5148,46.5006,0.001031479,0
"330822","tillage_reference",2017,41.4624,40.9835,0.00158426,0
"330822","tillage_reference",2018,40.5365,39.8255,0.000700818,0
"330822","tillage_reference",2019,36.6656,36.37,0.00058871,0
"330822","tillage_reference",2020,33.7351,33.5961,0.000583342,0
"330822","tillage_reference",2021,31.3701,31.265,0.00091113,0
"330822","tillage_reference",2022,29.0438,28.9587,0.000764979,0
"330822","tillage_reference",2023,26.6848,26.6154,0.000483674,0
"330822","tillage_zero",2016,47.7019,46.6611,0.000987135,0
"330822","tillage_zero",2017,41.874,41.3738,0.001516277,0
"330822","tillage_zero",2018,40.9996,40.2731,0.000679261,0
"330822","tillage_zero",2019,37.1588,36.8521,0.000571877,0
"330822","tillage_zero",2020,34.2635,34.1168,0.000573795,0
"330822","tillage_zero",2021,31.9599,31.849,0.00089467,0
"330822","tillage_zero",2022,29.6726,29.5835,0.000749301,0
"330822","tillage_zero",2023,27.3235,27.2514,0.000476163,0
"332581","cover_annual",2016,28.9246,27.683,0.000250716,0
"332581","cover_annual",2017,26.3163,25.7869,0.000304085,0
"332581","cover_annual",2018,23.2302,23.0115,0.000843736,0
"332581","cover_annual",2019,20.6226,20.5484,0.000563083,0
"332581","cover_annual",2020,18.2446,18.1804,0.00088442,0
"332581","cover_annual",2021,16.1765,16.1158,0.000802343,0
"332581","cover_annual",2022,14.5039,14.4244,0.000883745,0
"332581","cover_annual",2023,13.3661,13.2688,0.000378864,0
"332581","cover_none",2016,28.9246,27.683,0.000250716,0
"332581","cover_none",2017,26.3163,25.7869,0.000304085,0
"332581","cover_none",2018,23.0977,22.9546,0.000862023,0
"332581","cover_none",2019,20.5342,20.4886,0.000569011,0
"332581","cover_none",2020,18.1112,18.0766,0.000892866,0
"332581","cover_none",2021,15.9742,15.9483,0.000786553,0
"332581","cover_none",2022,14.2496,14.2084,0.000864799,0
"332581","cover_none",2023,13.0579,13.0006,0.000373188,0
"332581","fertilizer_reference",2016,28.9246,27.683,0.000502888,0
"332581","fertilizer_reference",2017,26.3163,25.7869,0.000318336,0
"332581","fertilizer_reference",2018,23.0977,22.9546,0.000941554,0
"332581","fertilizer_reference",2019,20.5342,20.4886,0.000585496,0
"332581","fertilizer_reference",2020,18.1112,18.0766,0.001080193,0
"332581","fertilizer_reference",2021,15.9742,15.9483,0.001011392,0
"332581","fertilizer_reference",2022,14.2496,14.2084,0.001173428,0
"332581","fertilizer_reference",2023,13.0579,13.0006,0.000472455,0
"332581","mineral_N_half",2016,28.9246,27.683,0.000376788,0
"332581","mineral_N_half",2017,26.3163,25.7869,0.000299325,0
"332581","mineral_N_half",2018,23.0977,22.9546,0.000800237,0
"332581","mineral_N_half",2019,20.5342,20.4886,0.000536412,0
"332581","mineral_N_half",2020,18.1112,18.0766,0.000968945,0
"332581","mineral_N_half",2021,15.9742,15.9483,0.000893043,0
"332581","mineral_N_half",2022,14.2496,14.2084,0.001016221,0
"332581","mineral_N_half",2023,13.0579,13.0006,0.000422511,0
"332581","mineral_N_one_half",2016,28.9246,27.683,0.000628957,0
"332581","mineral_N_one_half",2017,26.3163,25.7869,0.000337339,0
"332581","mineral_N_one_half",2018,23.0977,22.9546,0.001082902,0
"332581","mineral_N_one_half",2019,20.5342,20.4886,0.000634599,0
"332581","mineral_N_one_half",2020,18.1112,18.0766,0.001191447,0
"332581","mineral_N_one_half",2021,15.9742,15.9483,0.001129663,0
"332581","mineral_N_one_half",2022,14.2496,14.2084,0.001330629,0
"332581","mineral_N_one_half",2023,13.0579,13.0006,0.000522395,0
"332581","mineral_N_zero",2016,28.9246,27.683,0.000250716,0
"332581","mineral_N_zero",2017,26.3163,25.7869,0.00028033,0
"332581","mineral_N_zero",2018,23.0977,22.9546,0.000658911,0
"332581","mineral_N_zero",2019,20.5342,20.4886,0.000487281,0
"332581","mineral_N_zero",2020,18.1112,18.0766,0.000857665,0
"332581","mineral_N_zero",2021,15.9742,15.9483,0.000774691,0
"332581","mineral_N_zero",2022,14.2496,14.2084,0.000859042,0
"332581","mineral_N_zero",2023,13.0579,13.0006,0.000372568,0
"332581","organic_substitution",2016,33.1174,27.6906,0.000250842,0
"332581","organic_substitution",2017,34.5944,26.029,0.00044791,0
"332581","organic_substitution",2018,27.552,23.6589,0.001315435,0
"332581","organic_substitution",2019,24.1368,21.3921,0.000830585,0
"332581","organic_substitution",2020,21.4226,19.1021,0.001310982,0
"332581","organic_substitution",2021,19.9027,17.0517,0.001121749,0
"332581","organic_substitution",2022,18.5434,15.4018,0.001354235,0
"332581","organic_substitution",2023,17.8104,14.2951,0.000694162,0
"332581","tillage_reduced",2016,28.9054,27.6706,0.000252321,0
"332581","tillage_reduced",2017,26.2936,25.7686,0.000304203,0
"332581","tillage_reduced",2018,23.0354,22.8964,0.000869984,0
"332581","tillage_reduced",2019,20.4756,20.4312,0.000570369,0
"332581","tillage_reduced",2020,18.0548,18.0205,0.00089305,0
"332581","tillage_reduced",2021,15.9197,15.8939,0.000786304,0
"332581","tillage_reduced",2022,14.1933,14.1521,0.000865736,0
"332581","tillage_reduced",2023,13.0039,12.9467,0.000372692,0
"332581","tillage_reference",2016,28.8531,27.6366,0.000256791,0
"332581","tillage_reference",2017,26.2301,25.7174,0.000305024,0
"332581","tillage_reference",2018,22.8657,22.7373,0.000890649,0
"332581","tillage_reference",2019,20.3148,20.2734,0.000574487,0
"332581","tillage_reference",2020,17.8997,17.8661,0.000893938,0
"332581","tillage_reference",2021,15.7652,15.7396,0.000786611,0
"332581","tillage_reference",2022,14.034,13.993,0.000868768,0
"332581","tillage_reference",2023,12.8511,12.794,0.000371737,0
"332581","tillage_zero",2016,28.9246,27.683,0.000250716,0
"332581","tillage_zero",2017,26.3163,25.7869,0.000304085,0
"332581","tillage_zero",2018,23.0977,22.9546,0.000862023,0
"332581","tillage_zero",2019,20.5342,20.4886,0.000569011,0
"332581","tillage_zero",2020,18.1112,18.0766,0.000892866,0
"332581","tillage_zero",2021,15.9742,15.9483,0.000786553,0
"332581","tillage_zero",2022,14.2496,14.2084,0.000864799,0
"332581","tillage_zero",2023,13.0579,13.0006,0.000373188,0
"336904","cover_annual",2016,111.3035,110.3657,0.003053062,0
"336904","cover_annual",2017,100.125,99.7732,0.003608485,0
"336904","cover_annual",2018,90.4807,90.2989,0.005494931,0
"336904","cover_annual",2019,81.4347,81.3312,0.004088447,0
"336904","cover_annual",2020,72.4747,72.3814,0.006326986,0
"336904","cover_annual",2021,65.7834,65.6492,0.005620887,0
"336904","cover_annual",2022,59.1842,59.0508,0.005122159,0
"336904","cover_annual",2023,54.4198,54.2219,0.00272351,0
"336904","cover_none",2016,111.3035,110.3657,0.003053062,0
"336904","cover_none",2017,100.0838,99.759,0.003601688,0
"336904","cover_none",2018,90.427,90.2793,0.005466667,0
"336904","cover_none",2019,81.3816,81.2984,0.00407283,0
"336904","cover_none",2020,72.3915,72.3328,0.006322685,0
"336904","cover_none",2021,65.6558,65.5774,0.005624607,0
"336904","cover_none",2022,59.0187,58.9429,0.005116799,0
"336904","cover_none",2023,54.1385,54.026,0.002701785,0
"336904","fertilizer_reference",2016,111.3035,110.3657,0.003053062,0
"336904","fertilizer_reference",2017,100.0838,99.759,0.004553688,0
"336904","fertilizer_reference",2018,90.427,90.2793,0.005896263,0
"336904","fertilizer_reference",2019,81.3816,81.2984,0.004168978,0
"336904","fertilizer_reference",2020,72.3915,72.3328,0.006370113,0
"336904","fertilizer_reference",2021,65.6558,65.5774,0.005644111,0
"336904","fertilizer_reference",2022,59.0187,58.9429,0.00512422,0
"336904","fertilizer_reference",2023,54.1385,54.026,0.002702976,0
"336904","mineral_N_half",2016,111.3035,110.3657,0.002664929,0
"336904","mineral_N_half",2017,100.0838,99.759,0.003988048,0
"336904","mineral_N_half",2018,90.427,90.2793,0.005223903,0
"336904","mineral_N_half",2019,81.3816,81.2984,0.003785381,0
"336904","mineral_N_half",2020,72.3915,72.3328,0.005859473,0
"336904","mineral_N_half",2021,65.6558,65.5774,0.005212778,0
"336904","mineral_N_half",2022,59.0187,58.9429,0.00456175,0
"336904","mineral_N_half",2023,54.1385,54.026,0.002354197,0
"336904","mineral_N_one_half",2016,111.3035,110.3657,0.003441211,0
"336904","mineral_N_one_half",2017,100.0838,99.759,0.005119317,0
"336904","mineral_N_one_half",2018,90.427,90.2793,0.006568663,0
"336904","mineral_N_one_half",2019,81.3816,81.2984,0.004552631,0
"336904","mineral_N_one_half",2020,72.3915,72.3328,0.006880743,0
"336904","mineral_N_one_half",2021,65.6558,65.5774,0.006075509,0
"336904","mineral_N_one_half",2022,59.0187,58.9429,0.005686723,0
"336904","mineral_N_one_half",2023,54.1385,54.026,0.003051806,0
"336904","mineral_N_zero",2016,111.3035,110.3657,0.002276762,0
"336904","mineral_N_zero",2017,100.0838,99.759,0.003422373,0
"336904","mineral_N_zero",2018,90.427,90.2793,0.004551495,0
"336904","mineral_N_zero",2019,81.3816,81.2984,0.003401705,0
"336904","mineral_N_zero",2020,72.3915,72.3328,0.005348847,0
"336904","mineral_N_zero",2021,65.6558,65.5774,0.004781472,0
"336904","mineral_N_zero",2022,59.0187,58.9429,0.003999215,0
"336904","mineral_N_zero",2023,54.1385,54.026,0.002005422,0
"336904","organic_substitution",2016,117.2561,110.3662,0.002276762,0
"336904","organic_substitution",2017,103.933,100.291,0.004460689,0
"336904","organic_substitution",2018,93.8865,91.1663,0.006074646,0
"336904","organic_substitution",2019,84.766,82.4772,0.004602731,0
"336904","organic_substitution",2020,75.6247,73.7624,0.00723366,0
"336904","organic_substitution",2021,69.4249,67.2078,0.006502114,0
"336904","organic_substitution",2022,62.87,60.7726,0.00563025,0
"336904","organic_substitution",2023,58.6175,56.0294,0.002992619,0
"336904","tillage_reduced",2016,111.2055,110.2766,0.003082475,0
"336904","tillage_reduced",2017,99.873,99.5549,0.003644374,0
"336904","tillage_reduced",2018,90.489,90.3387,0.005483581,0
"336904","tillage_reduced",2019,81.9488,81.8591,0.00401858,0
"336904","tillage_reduced",2020,73.1961,73.1331,0.006145709,0
"336904","tillage_reduced",2021,66.5655,66.4835,0.005491629,0
"336904","tillage_reduced",2022,60.0047,59.9257,0.005033559,0
"336904","tillage_reduced",2023,55.0052,54.8917,0.002702962,0
"336904","tillage_reference",2016,110.9232,110.0195,0.003163814,0
"336904","tillage_reference",2017,99.2836,98.9836,0.00375823,0
"336904","tillage_reference",2018,89.7174,89.5773,0.005537671,0
"336904","tillage_reference",2019,80.7476,80.6666,0.004069244,0
"336904","tillage_reference",2020,71.8292,71.7711,0.006291817,0
"336904","tillage_reference",2021,65.1473,65.0691,0.00559166,0
"336904","tillage_reference",2022,58.5626,58.4869,0.005087236,0
"336904","tillage_reference",2023,53.5171,53.4058,0.0027424,0
"336904","tillage_zero",2016,111.3035,110.3657,0.003053062,0
"336904","tillage_zero",2017,100.0838,99.759,0.003601688,0
"336904","tillage_zero",2018,90.7043,90.5514,0.005464688,0
"336904","tillage_zero",2019,82.1968,82.1056,0.004014227,0
"336904","tillage_zero",2020,73.4468,73.3831,0.006136514,0
"336904","tillage_zero",2021,66.8106,66.7282,0.005487521,0
"336904","tillage_zero",2022,60.241,60.1617,0.005034292,0
"336904","tillage_zero",2023,55.277,55.163,0.002690761,0
"338040","cover_annual",2016,25.8656,24.7103,0.000842991,0
"338040","cover_annual",2017,30.2733,25.4088,0.001726195,0
"338040","cover_annual",2018,28.5638,25.9259,0.002028531,0
"338040","cover_annual",2019,53.2083,43.4573,0.0016056,0
"338040","cover_annual",2020,44.7699,40.3762,0.002146732,0
"338040","cover_annual",2021,43.6292,37.5554,0.002315549,0
"338040","cover_annual",2022,36.6162,34.6515,0.002796192,0
"338040","cover_annual",2023,33.4825,32.577,0.001042808,0
"338040","cover_none",2016,25.8656,24.7103,0.000842991,0
"338040","cover_none",2017,30.2733,25.4088,0.001726195,0
"338040","cover_none",2018,28.5638,25.9259,0.002028531,0
"338040","cover_none",2019,53.1886,43.4425,0.001602942,0
"338040","cover_none",2020,44.7289,40.3433,0.002145164,0
"338040","cover_none",2021,43.5681,37.5071,0.002316009,0
"338040","cover_none",2022,36.5418,34.5941,0.002791318,0
"338040","cover_none",2023,33.3601,32.4868,0.00103805,0
"338040","fertilizer_reference",2016,25.8656,24.7103,0.000842991,0
"338040","fertilizer_reference",2017,30.2733,25.4088,0.001763886,0
"338040","fertilizer_reference",2018,28.5638,25.9259,0.002207156,0
"338040","fertilizer_reference",2019,53.1886,43.4425,0.001682755,0
"338040","fertilizer_reference",2020,44.7289,40.3433,0.002184131,0
"338040","fertilizer_reference",2021,43.5681,37.5071,0.002335067,0
"338040","fertilizer_reference",2022,36.5418,34.5941,0.0027993,0
"338040","fertilizer_reference",2023,33.3601,32.4868,0.001039438,0
"338040","mineral_N_half",2016,25.8656,24.7103,0.000827654,0
"338040","mineral_N_half",2017,30.2733,25.4088,0.001662206,0
"338040","mineral_N_half",2018,28.5638,25.9259,0.001773439,0
"338040","mineral_N_half",2019,53.1886,43.4425,0.001284559,0
"338040","mineral_N_half",2020,44.7289,40.3433,0.001704189,0
"338040","mineral_N_half",2021,43.5681,37.5071,0.001783816,0
"338040","mineral_N_half",2022,36.5418,34.5941,0.002041857,0
"338040","mineral_N_half",2023,33.3601,32.4868,0.000762929,0
"338040","mineral_N_one_half",2016,25.8656,24.7103,0.00085833,0
"338040","mineral_N_one_half",2017,30.2733,25.4088,0.001865662,0
"338040","mineral_N_one_half",2018,28.5638,25.9259,0.002640842,0
"338040","mineral_N_one_half",2019,53.1886,43.4425,0.002080955,0
"338040","mineral_N_one_half",2020,44.7289,40.3433,0.002664109,0
"338040","mineral_N_one_half",2021,43.5681,37.5071,0.002886341,0
"338040","mineral_N_one_half",2022,36.5418,34.5941,0.003556707,0
"338040","mineral_N_one_half",2023,33.3601,32.4868,0.001315958,0
"338040","mineral_N_zero",2016,25.8656,24.7103,0.000812322,0
"338040","mineral_N_zero",2017,30.2733,25.4088,0.001560455,0
"338040","mineral_N_zero",2018,28.5638,25.9259,0.001339784,0
"338040","mineral_N_zero",2019,53.1886,43.4425,0.000886481,0
"338040","mineral_N_zero",2020,44.7289,40.3433,0.001224254,0
"338040","mineral_N_zero",2021,43.5681,37.5071,0.001232569,0
"338040","mineral_N_zero",2022,36.5418,34.5941,0.001284505,0
"338040","mineral_N_zero",2023,33.3601,32.4868,0.00048641,0
"338040","organic_substitution",2016,27.1955,24.7601,0.000818178,0
"338040","organic_substitution",2017,31.5849,25.5997,0.001966027,0
"338040","organic_substitution",2018,31.5768,26.2895,0.00229784,0
"338040","organic_substitution",2019,57.9151,43.9796,0.001640303,0
"338040","organic_substitution",2020,49.9426,41.1217,0.002095476,0
"338040","organic_substitution",2021,49.4828,38.4943,0.002235599,0
"338040","organic_substitution",2022,42.9024,35.7765,0.002249534,0
"338040","organic_substitution",2023,40.5413,33.8575,0.000913524,0
"338040","tillage_reduced",2016,25.8335,24.6875,0.000844306,0
"338040","tillage_reduced",2017,30.2117,25.3667,0.001733768,0
"338040","tillage_reduced",2018,28.4798,25.8646,0.002040258,0
"338040","tillage_reduced",2019,53.8946,43.6048,0.001569352,0
"338040","tillage_reduced",2020,45.5508,40.7007,0.002093461,0
"338040","tillage_reduced",2021,44.4895,38.0778,0.002265723,0
"338040","tillage_reduced",2022,37.7572,35.4354,0.002718434,0
"338040","tillage_reduced",2023,34.5075,33.4124,0.001022443,0
"338040","tillage_reference",2016,25.7458,24.625,0.000847684,0
"338040","tillage_reference",2017,30.0419,25.2507,0.0017543,0
"338040","tillage_reference",2018,28.2484,25.6956,0.002072057,0
"338040","tillage_reference",2019,52.9315,43.2276,0.001626793,0
"338040","tillage_reference",2020,44.5144,40.1472,0.002150801,0
"338040","tillage_reference",2021,43.3805,37.3279,0.002313663,0
"338040","tillage_reference",2022,36.3775,34.4328,0.002786374,0
"338040","tillage_reference",2023,33.209,32.3372,0.001035608,0
"338040","tillage_zero",2016,25.8656,24.7103,0.000842991,0
"338040","tillage_zero",2017,30.2733,25.4088,0.001726195,0
"338040","tillage_zero",2018,28.5638,25.9259,0.002028531,0
"338040","tillage_zero",2019,54.0443,43.6846,0.001558636,0
"338040","tillage_zero",2020,45.708,40.7982,0.002085664,0
"338040","tillage_zero",2021,44.648,38.1927,0.002260584,0
"338040","tillage_zero",2022,37.9401,35.5737,0.002711716,0
"338040","tillage_zero",2023,34.6772,33.5555,0.001021556,0
"354196","cover_annual",2016,85.4037,83.3924,0.000188438,0
"354196","cover_annual",2017,79.6722,78.596,0.000607095,0
"354196","cover_annual",2018,78.6794,77.6462,0.000809851,0
"354196","cover_annual",2019,74.3406,73.749,0.001122905,0
"354196","cover_annual",2020,70.2397,69.8507,0.001710624,0
"354196","cover_annual",2021,70.0086,69.5918,0.001863989,0
"354196","cover_annual",2022,69.1164,68.6917,0.00204668,0
"354196","cover_annual",2023,65.4984,65.2329,0.002192267,0
"354196","cover_none",2016,85.4037,83.3924,0.000188438,0
"354196","cover_none",2017,79.6722,78.596,0.000607095,0
"354196","cover_none",2018,78.6657,77.6406,0.000810005,0
"354196","cover_none",2019,74.2978,73.7182,0.001124246,0
"354196","cover_none",2020,69.9834,69.6505,0.001719577,0
"354196","cover_none",2021,69.7036,69.3638,0.001874794,0
"354196","cover_none",2022,68.5936,68.2962,0.002065623,0
"354196","cover_none",2023,64.9891,64.811,0.002210347,0
"354196","fertilizer_reference",2016,85.4037,83.3924,0.000188438,0
"354196","fertilizer_reference",2017,79.6722,78.596,0.000659253,0
"354196","fertilizer_reference",2018,78.6657,77.6406,0.000868104,0
"354196","fertilizer_reference",2019,74.2978,73.7182,0.001178124,0
"354196","fertilizer_reference",2020,69.9834,69.6505,0.001778604,0
"354196","fertilizer_reference",2021,69.7036,69.3638,0.001932696,0
"354196","fertilizer_reference",2022,68.5936,68.2962,0.0021228,0
"354196","fertilizer_reference",2023,64.9891,64.811,0.002262727,0
"354196","mineral_N_half",2016,85.4037,83.3924,0.000162879,0
"354196","mineral_N_half",2017,79.6722,78.596,0.000601432,0
"354196","mineral_N_half",2018,78.6657,77.6406,0.000730996,0
"354196","mineral_N_half",2019,74.2978,73.7182,0.000981838,0
"354196","mineral_N_half",2020,69.9834,69.6505,0.001476589,0
"354196","mineral_N_half",2021,69.7036,69.3638,0.001566204,0
"354196","mineral_N_half",2022,68.5936,68.2962,0.001678571,0
"354196","mineral_N_half",2023,64.9891,64.811,0.001783068,0
"354196","mineral_N_one_half",2016,85.4037,83.3924,0.000214032,0
"354196","mineral_N_one_half",2017,79.6722,78.596,0.000717013,0
"354196","mineral_N_one_half",2018,78.6657,77.6406,0.001005212,0
"354196","mineral_N_one_half",2019,74.2978,73.7182,0.001374376,0
"354196","mineral_N_one_half",2020,69.9834,69.6505,0.00208064,0
"354196","mineral_N_one_half",2021,69.7036,69.3638,0.002299178,0
"354196","mineral_N_one_half",2022,68.5936,68.2962,0.002567036,0
"354196","mineral_N_one_half",2023,64.9891,64.811,0.002742412,0
"354196","mineral_N_zero",2016,85.4037,83.3924,0.000137296,0
"354196","mineral_N_zero",2017,79.6722,78.596,0.000543622,0
"354196","mineral_N_zero",2018,78.6657,77.6406,0.000593871,0
"354196","mineral_N_zero",2019,74.2978,73.7182,0.000785598,0
"354196","mineral_N_zero",2020,69.9834,69.6505,0.001174579,0
"354196","mineral_N_zero",2021,69.7036,69.3638,0.001199733,0
"354196","mineral_N_zero",2022,68.5936,68.2962,0.001234376,0
"354196","mineral_N_zero",2023,64.9891,64.811,0.001303425,0
"354196","organic_substitution",2016,89.3935,83.4705,0.000153339,0
"354196","organic_substitution",2017,84.7928,78.9294,0.000675847,0
"354196","organic_substitution",2018,87.0004,78.0552,0.000745952,0
"354196","organic_substitution",2019,82.6992,74.3739,0.000992157,0
"354196","organic_substitution",2020,78.3556,70.5374,0.001539383,0
"354196","organic_substitution",2021,81.1872,70.2808,0.001580348,0
"354196","organic_substitution",2022,81.5867,69.3555,0.00166702,0
"354196","organic_substitution",2023,75.4823,66.2703,0.001911142,0
"354196","tillage_reduced",2016,85.3641,83.3613,0.000190566,0
"354196","tillage_reduced",2017,79.5126,78.4567,0.000616372,0
"354196","tillage_reduced",2018,78.7662,77.7243,0.000812637,0
"354196","tillage_reduced",2019,74.3924,73.8031,0.001118875,0
"354196","tillage_reduced",2020,70.0691,69.7312,0.001713854,0
"354196","tillage_reduced",2021,69.805,69.4595,0.001868893,0
"354196","tillage_reduced",2022,68.7455,68.4407,0.002058583,0
"354196","tillage_reduced",2023,65.069,64.8887,0.002204904,0
"354196","tillage_reference",2016,85.2642,83.2827,0.000195869,0
"354196","tillage_reference",2017,79.1078,78.102,0.00063976,0
"354196","tillage_reference",2018,78.1177,77.1526,0.000844207,0
"354196","tillage_reference",2019,73.8004,73.2533,0.001153808,0
"354196","tillage_reference",2020,69.5267,69.2104,0.001749433,0
"354196","tillage_reference",2021,69.2495,68.9255,0.001903731,0
"354196","tillage_reference",2022,68.1487,67.8645,0.00209381,0
"354196","tillage_reference",2023,64.3592,64.194,0.002245937,0
"354196","tillage_zero",2016,85.4037,83.3924,0.000188438,0
"354196","tillage_zero",2017,79.6722,78.596,0.000607095,0
"354196","tillage_zero",2018,78.9501,77.8865,0.000802171,0
"354196","tillage_zero",2019,74.5589,73.9578,0.001108996,0
"354196","tillage_zero",2020,70.2217,69.8777,0.001703895,0
"354196","tillage_zero",2021,69.9585,69.6071,0.001859213,0
"354196","tillage_zero",2022,68.9008,68.5908,0.00204901,0
"354196","tillage_zero",2023,65.2758,65.0909,0.002193136,0
"357428","fertilizer_reference",2016,128.9217,127.3006,0.000545542,0
"357428","fertilizer_reference",2017,120.2967,119.4419,0.000833685,0
"357428","fertilizer_reference",2018,111.5664,111.1098,0.00122912,0
"357428","fertilizer_reference",2019,104.5044,104.1426,0.0007465,0
"357428","fertilizer_reference",2020,96.984,96.756,0.001191607,0
"357428","fertilizer_reference",2021,90.4152,90.2027,0.000580561,0
"357428","fertilizer_reference",2022,84.6686,84.4411,0.001221726,0
"357428","fertilizer_reference",2023,80.2908,80.036,0.000382107,0
"357428","mineral_N_half",2016,128.9217,127.3006,0.000507581,0
"357428","mineral_N_half",2017,120.2967,119.4419,0.000812641,0
"357428","mineral_N_half",2018,111.5664,111.1098,0.001162217,0
"357428","mineral_N_half",2019,104.5044,104.1426,0.00070627,0
"357428","mineral_N_half",2020,96.984,96.756,0.001110825,0
"357428","mineral_N_half",2021,90.4152,90.2027,0.00054096,0
"357428","mineral_N_half",2022,84.6686,84.4411,0.001070895,0
"357428","mineral_N_half",2023,80.2908,80.036,0.000336763,0
"357428","mineral_N_one_half",2016,128.9217,127.3006,0.000583515,0
"357428","mineral_N_one_half",2017,120.2967,119.4419,0.000854679,0
"357428","mineral_N_one_half",2018,111.5664,111.1098,0.001296002,0
"357428","mineral_N_one_half",2019,104.5044,104.1426,0.000786682,0
"357428","mineral_N_one_half",2020,96.984,96.756,0.001272364,0
"357428","mineral_N_one_half",2021,90.4152,90.2027,0.000620172,0
"357428","mineral_N_one_half",2022,84.6686,84.4411,0.001372615,0
"357428","mineral_N_one_half",2023,80.2908,80.036,0.000427429,0
"357428","mineral_N_zero",2016,128.9217,127.3006,0.000469621,0
"357428","mineral_N_zero",2017,120.2967,119.4419,0.000791645,0
"357428","mineral_N_zero",2018,111.5664,111.1098,0.001095344,0
"357428","mineral_N_zero",2019,104.5044,104.1426,0.000666074,0
"357428","mineral_N_zero",2020,96.984,96.756,0.001030025,0
"357428","mineral_N_zero",2021,90.4152,90.2027,0.000501328,0
"357428","mineral_N_zero",2022,84.6686,84.4411,0.000920002,0
"357428","mineral_N_zero",2023,80.2908,80.036,0.000291404,0
"357428","organic_substitution",2016,130.5961,127.3923,0.00051728,0
"357428","organic_substitution",2017,122.5583,119.6983,0.00100758,0
"357428","organic_substitution",2018,113.9895,111.5471,0.001453261,0
"357428","organic_substitution",2019,107.3755,104.7281,0.000903202,0
"357428","organic_substitution",2020,99.796,97.5106,0.001461228,0
"357428","organic_substitution",2021,93.5558,91.0838,0.000708296,0
"357428","organic_substitution",2022,87.7809,85.465,0.001381115,0
"357428","organic_substitution",2023,83.9646,81.1628,0.000446438,0
"357428","tillage_reduced",2016,128.8731,127.2568,0.000471796,0
"357428","tillage_reduced",2017,120.2293,119.3781,0.000792109,0
"357428","tillage_reduced",2018,111.4294,110.9774,0.001101783,0
"357428","tillage_reduced",2019,104.2793,103.9225,0.000672862,0
"357428","tillage_reduced",2020,96.6711,96.4476,0.001041515,0
"357428","tillage_reduced",2021,90.2812,90.0673,0.000496456,0
"357428","tillage_reduced",2022,84.4703,84.2438,0.000917503,0
"357428","tillage_reduced",2023,80.0899,79.8359,0.000291881,0
"357428","tillage_reference",2016,128.7377,127.1347,0.000478527,0
"357428","tillage_reference",2017,120.0395,119.1983,0.000794217,0
"357428","tillage_reference",2018,110.9162,110.4822,0.001130542,0
"357428","tillage_reference",2019,103.5534,103.2119,0.000691342,0
"357428","tillage_reference",2020,95.7225,95.5115,0.001069825,0
"357428","tillage_reference",2021,89.2529,89.0478,0.000503315,0
"357428","tillage_reference",2022,83.3373,83.1192,0.000924112,0
"357428","tillage_reference",2023,78.9895,78.7405,0.00029173,0
"357428","tillage_zero",2016,128.9217,127.3006,0.000469621,0
"357428","tillage_zero",2017,120.2967,119.4419,0.000791645,0
"357428","tillage_zero",2018,111.6147,111.156,0.001090858,0
"357428","tillage_zero",2019,104.5484,104.1856,0.000665658,0
"357428","tillage_zero",2020,97.0241,96.7957,0.00103033,0
"357428","tillage_zero",2021,90.6666,90.4492,0.000493729,0
"357428","tillage_zero",2022,84.8988,84.669,0.000914607,0
"357428","tillage_zero",2023,80.5055,80.2495,0.000291957,0
"362135","cover_annual",2016,63.6485,62.2153,0.000413329,0.0691334
"362135","cover_annual",2017,58.3838,57.541,0.000524144,0.0640236
"362135","cover_annual",2018,53.6101,53.1423,0.000948435,0.0507862
"362135","cover_annual",2019,49.2851,48.8518,0.001736679,0.032242
"362135","cover_annual",2020,45.1674,44.9192,0.000815936,0.0576345
"362135","cover_annual",2021,41.7212,41.5656,6.0536e-05,0.0610979
"362135","cover_annual",2022,38.4581,38.3534,4.3113e-05,0.0582791
"362135","cover_annual",2023,35.6986,35.6115,3.2232e-05,0.0501946
"362135","cover_none",2016,63.6485,62.2153,0.000413329,0.0691334
"362135","cover_none",2017,58.3838,57.541,0.000524144,0.0640236
"362135","cover_none",2018,53.6101,53.1423,0.000948435,0.0507862
"362135","cover_none",2019,49.285,48.8583,0.001732097,0.0323679
"362135","cover_none",2020,45.157,44.9178,0.000810317,0.0576429
"362135","cover_none",2021,41.6986,41.554,6.0474e-05,0.0610769
"362135","cover_none",2022,38.4253,38.3324,4.3118e-05,0.0582403
"362135","cover_none",2023,35.6576,35.5828,3.2236e-05,0.050149
"362135","fertilizer_reference",2016,63.6485,62.2153,0.000444006,0.0691334
"362135","fertilizer_reference",2017,58.3838,57.541,0.000535598,0.0640236
"362135","fertilizer_reference",2018,53.6101,53.1423,0.001086297,0.0507862
"362135","fertilizer_reference",2019,49.285,48.8583,0.001798199,0.0323679
"362135","fertilizer_reference",2020,45.157,44.9178,0.000825636,0.0576429
"362135","fertilizer_reference",2021,41.6986,41.554,8.2731e-05,0.0610769
"362135","fertilizer_reference",2022,38.4253,38.3324,6.7855e-05,0.0582403
"362135","fertilizer_reference",2023,35.6576,35.5828,5.4328e-05,0.050149
"362135","mineral_N_half",2016,63.6485,62.2153,0.000428707,0.0691334
"362135","mineral_N_half",2017,58.3838,57.541,0.000529883,0.0640236
"362135","mineral_N_half",2018,53.6101,53.1423,0.001017363,0.0507862
"362135","mineral_N_half",2019,49.285,48.8583,0.001680205,0.0323679
"362135","mineral_N_half",2020,45.157,44.9178,0.000770556,0.0576429
"362135","mineral_N_half",2021,41.6986,41.554,6.9643e-05,0.0610769
"362135","mineral_N_half",2022,38.4253,38.3324,5.5535e-05,0.0582403
"362135","mineral_N_half",2023,35.6576,35.5828,4.3336e-05,0.050149
"362135","mineral_N_one_half",2016,63.6485,62.2153,0.000459308,0.0691334
"362135","mineral_N_one_half",2017,58.3838,57.541,0.000541332,0.0640236
"362135","mineral_N_one_half",2018,53.6101,53.1423,0.001155301,0.0507862
"362135","mineral_N_one_half",2019,49.285,48.8583,0.001916089,0.0323679
"362135","mineral_N_one_half",2020,45.157,44.9178,0.000880738,0.0576429
"362135","mineral_N_one_half",2021,41.6986,41.554,9.5753e-05,0.0610769
"362135","mineral_N_one_half",2022,38.4253,38.3324,8.0342e-05,0.0582403
"362135","mineral_N_one_half",2023,35.6576,35.5828,6.5492e-05,0.050149
"362135","mineral_N_zero",2016,63.6485,62.2153,0.000413329,0.0691334
"362135","mineral_N_zero",2017,58.3838,57.541,0.000524144,0.0640236
"362135","mineral_N_zero",2018,53.6101,53.1423,0.000948435,0.0507862
"362135","mineral_N_zero",2019,49.285,48.8583,0.001562315,0.0323679
"362135","mineral_N_zero",2020,45.157,44.9178,0.000715481,0.0576429
"362135","mineral_N_zero",2021,41.6986,41.554,5.6596e-05,0.0610769
"362135","mineral_N_zero",2022,38.4253,38.3324,4.2974e-05,0.0582403
"362135","mineral_N_zero",2023,35.6576,35.5828,3.2233e-05,0.050149
"362135","organic_substitution",2016,66.7077,62.3483,0.000433972,0.0704285
"362135","organic_substitution",2017,64.8289,57.7913,0.000557355,0.0656752
"362135","organic_substitution",2018,58.9548,53.7512,0.00123065,0.0539778
"362135","organic_substitution",2019,55.6199,49.6689,0.002108148,0.0339592
"362135","organic_substitution",2020,50.8316,46.0136,0.000979988,0.0626957
"362135","organic_substitution",2021,47.6513,42.8494,7.864e-05,0.0670744
"362135","organic_substitution",2022,44.6266,39.8105,5.8134e-05,0.064764
"362135","organic_substitution",2023,42.3193,37.2222,4.371e-05,0.0566124
"362135","rice_irrigated_reference",2016,63.6485,62.2153,0.000413329,0.0691334
"362135","rice_irrigated_reference",2017,58.3838,57.541,0.000524144,0.0640236
"362135","rice_irrigated_reference",2018,53.6101,53.1423,0.000948435,0.0507862
"362135","rice_irrigated_reference",2019,49.285,48.8583,0.001732097,0.0323679
"362135","rice_irrigated_reference",2020,45.3109,45.0628,0.000374957,0.0630749
"362135","rice_irrigated_reference",2021,41.8372,41.688,4.8885e-05,0.061276
"362135","rice_irrigated_reference",2022,38.5509,38.4557,4.0222e-05,0.0584253
"362135","rice_irrigated_reference",2023,35.7728,35.6968,2.9324e-05,0.0503051
"362135","rice_one_dry",2016,63.6485,62.2153,0.000413329,0.0691334
"362135","rice_one_dry",2017,58.3838,57.541,0.000524144,0.0640236
"362135","rice_one_dry",2018,53.6101,53.1423,0.000948435,0.0507862
"362135","rice_one_dry",2019,49.285,48.8583,0.001732097,0.0323679
"362135","rice_one_dry",2020,45.3109,45.0628,0.000376532,0.0630749
"362135","rice_one_dry",2021,41.8372,41.688,4.9179e-05,0.061276
"362135","rice_one_dry",2022,38.5509,38.4557,4.037e-05,0.0584253
"362135","rice_one_dry",2023,35.7728,35.6968,2.9342e-05,0.0503051
"362135","rice_two_dry",2016,63.6485,62.2153,0.000413329,0.0691334
"362135","rice_two_dry",2017,58.3838,57.541,0.000524144,0.0640236
"362135","rice_two_dry",2018,53.6101,53.1423,0.000948435,0.0507862
"362135","rice_two_dry",2019,49.285,48.8583,0.001732097,0.0323679
"362135","rice_two_dry",2020,45.3109,45.0628,0.000377848,0.0630749
"362135","rice_two_dry",2021,41.8372,41.688,4.9481e-05,0.061276
"362135","rice_two_dry",2022,38.5509,38.4557,4.0627e-05,0.0584253
"362135","rice_two_dry",2023,35.7728,35.6968,2.945e-05,0.0503051
"362135","tillage_reduced",2016,63.6234,62.1951,0.000415646,0.0691077
"362135","tillage_reduced",2017,58.3427,57.5042,0.000526655,0.0639824
"362135","tillage_reduced",2018,53.5587,53.0939,0.000951221,0.0507383
"362135","tillage_reduced",2019,49.2278,48.8024,0.001734627,0.0323301
"362135","tillage_reduced",2020,45.0702,44.8331,0.00081267,0.0575413
"362135","tillage_reduced",2021,41.595,41.4522,6.0827e-05,0.0609309
"362135","tillage_reduced",2022,38.3093,38.2177,4.3412e-05,0.0580722
"362135","tillage_reduced",2023,35.5317,35.4578,3.2475e-05,0.0499756
"362135","tillage_reference",2016,63.5524,62.1381,0.000422441,0.0690411
"362135","tillage_reference",2017,58.2232,57.3975,0.000534338,0.0638649
"362135","tillage_reference",2018,53.4102,52.9538,0.000959611,0.0506021
"362135","tillage_reference",2019,49.0613,48.6399,0.001743083,0.0322231
"362135","tillage_reference",2020,44.8219,44.5906,0.000818984,0.0572577
"362135","tillage_reference",2021,41.298,41.16,6.1917e-05,0.06053
"362135","tillage_reference",2022,37.9755,37.8874,4.4178e-05,0.057593
"362135","tillage_reference",2023,35.1685,35.0972,3.3134e-05,0.0494867
"362135","tillage_zero",2016,63.6485,62.2153,0.000413329,0.0691334
"362135","tillage_zero",2017,58.3838,57.541,0.000524144,0.0640236
"362135","tillage_zero",2018,53.6101,53.1423,0.000948435,0.0507862
"362135","tillage_zero",2019,49.285,48.8583,0.001732097,0.0323679
"362135","tillage_zero",2020,45.157,44.9178,0.000810317,0.0576429
"362135","tillage_zero",2021,41.6986,41.554,6.0474e-05,0.0610769
"362135","tillage_zero",2022,38.4253,38.3324,4.3118e-05,0.0582403
"362135","tillage_zero",2023,35.6576,35.5828,3.2236e-05,0.050149
"371139","fertilizer_reference",2016,52.4463,47.1143,0.000233194,0
"371139","fertilizer_reference",2017,53.4432,47.1864,0.000566647,0
"371139","fertilizer_reference",2018,52.6966,46.1372,0.000600309,0
"371139","fertilizer_reference",2019,48.6251,43.7342,0.000761793,0
"371139","fertilizer_reference",2020,45.6665,41.635,0.001467596,0
"371139","fertilizer_reference",2021,46.4242,41.3207,0.000714077,0
"371139","fertilizer_reference",2022,45.1654,40.2992,0.001266429,0
"371139","fertilizer_reference",2023,42.2345,38.4994,0.001055131,0
"371139","mineral_N_half",2016,52.4463,47.1143,0.000200861,0
"371139","mineral_N_half",2017,53.4432,47.1864,0.000465792,0
"371139","mineral_N_half",2018,52.6966,46.1372,0.000519627,0
"371139","mineral_N_half",2019,48.6251,43.7342,0.000657154,0
"371139","mineral_N_half",2020,45.6665,41.635,0.001290633,0
"371139","mineral_N_half",2021,46.4242,41.3207,0.000618454,0
"371139","mineral_N_half",2022,45.1654,40.2992,0.001079025,0
"371139","mineral_N_half",2023,42.2345,38.4994,0.000898261,0
"371139","mineral_N_one_half",2016,52.4463,47.1143,0.000265494,0
"371139","mineral_N_one_half",2017,53.4432,47.1864,0.000667567,0
"371139","mineral_N_one_half",2018,52.6966,46.1372,0.000681042,0
"371139","mineral_N_one_half",2019,48.6251,43.7342,0.00086645,0
"371139","mineral_N_one_half",2020,45.6665,41.635,0.001644556,0
"371139","mineral_N_one_half",2021,46.4242,41.3207,0.000809709,0
"371139","mineral_N_one_half",2022,45.1654,40.2992,0.00145377,0
"371139","mineral_N_one_half",2023,42.2345,38.4994,0.001212015,0
"371139","mineral_N_zero",2016,52.4463,47.1143,0.000168514,0
"371139","mineral_N_zero",2017,53.4432,47.1864,0.00036485,0
"371139","mineral_N_zero",2018,52.6966,46.1372,0.000438931,0
"371139","mineral_N_zero",2019,48.6251,43.7342,0.000552489,0
"371139","mineral_N_zero",2020,45.6665,41.635,0.001113658,0
"371139","mineral_N_zero",2021,46.4242,41.3207,0.000522797,0
"371139","mineral_N_zero",2022,45.1654,40.2992,0.000891658,0
"371139","mineral_N_zero",2023,42.2345,38.4994,0.000741396,0
"371139","organic_substitution",2016,53.4554,47.1541,0.000185132,0
"371139","organic_substitution",2017,54.8842,47.3077,0.000459489,0
"371139","organic_substitution",2018,54.3898,46.3494,0.00058316,0
"371139","organic_substitution",2019,49.3483,44.1133,0.000783391,0
"371139","organic_substitution",2020,48.5349,42.2096,0.001604594,0
"371139","organic_substitution",2021,53.0381,41.9888,0.000746861,0
"371139","organic_substitution",2022,52.8453,41.2273,0.001305502,0
"371139","organic_substitution",2023,48.4576,39.8358,0.001198404,0
"371139","tillage_reduced",2016,52.3918,47.077,0.000236432,0
"371139","tillage_reduced",2017,53.3106,47.1019,0.000459085,0
"371139","tillage_reduced",2018,52.5198,46.0198,0.000527266,0
"371139","tillage_reduced",2019,48.4542,43.6034,0.000706598,0
"371139","tillage_reduced",2020,45.4796,41.4848,0.001402252,0
"371139","tillage_reduced",2021,46.2254,41.161,0.000690538,0
"371139","tillage_reduced",2022,44.9402,40.1209,0.001230642,0
"371139","tillage_reduced",2023,42.0179,38.3174,0.001030413,0
"371139","tillage_reference",2016,52.2488,46.9792,0.000244777,0
"371139","tillage_reference",2017,52.9769,46.8869,0.000474359,0
"371139","tillage_reference",2018,52.0784,45.7228,0.000547574,0
"371139","tillage_reference",2019,48.0084,43.2632,0.000727772,0
"371139","tillage_reference",2020,44.9882,41.0916,0.00143105,0
"371139","tillage_reference",2021,45.7001,40.7412,0.000701927,0
"371139","tillage_reference",2022,44.3491,39.6533,0.001251636,0
"371139","tillage_reference",2023,41.4448,37.837,0.001046862,0
"371139","tillage_zero",2016,52.4463,47.1143,0.000233194,0
"371139","tillage_zero",2017,53.4432,47.1864,0.000453097,0
"371139","tillage_zero",2018,52.6966,46.1372,0.000519137,0
"371139","tillage_zero",2019,48.6251,43.7342,0.000698322,0
"371139","tillage_zero",2020,45.6665,41.635,0.00139141,0
"371139","tillage_zero",2021,46.4242,41.3207,0.000686286,0
"371139","tillage_zero",2022,45.1654,40.2992,0.001222758,0
"371139","tillage_zero",2023,42.2345,38.4994,0.001024275,0
"372700","cover_annual",2016,46.4469,44.3968,8.0278e-05,0
"372700","cover_annual",2017,42.8427,41.8401,0.000320798,0
"372700","cover_annual",2018,46.9872,41.6012,0.000348961,0
"372700","cover_annual",2019,42.181,39.4905,0.000689664,0
"372700","cover_annual",2020,38.9687,37.5219,0.00101552,0
"372700","cover_annual",2021,38.9042,37.4437,0.001223847,0
"372700","cover_annual",2022,38.7007,37.222,0.001237688,0
"372700","cover_annual",2023,36.2964,35.4721,0.001383847,0
"372700","cover_none",2016,46.4469,44.3968,8.0278e-05,0
"372700","cover_none",2017,42.8427,41.8401,0.000320798,0
"372700","cover_none",2018,46.7779,41.514,0.00034917,0
"372700","cover_none",2019,41.9143,39.3398,0.000698016,0
"372700","cover_none",2020,38.4738,37.198,0.001031346,0
"372700","cover_none",2021,38.3858,37.1102,0.00124085,0
"372700","cover_none",2022,37.906,36.7289,0.001256693,0
"372700","cover_none",2023,35.5748,34.9319,0.00140545,0
"372700","fertilizer_reference",2016,46.4469,44.3968,0.000182049,0
"372700","fertilizer_reference",2017,42.8427,41.8401,0.000454908,0
"372700","fertilizer_reference",2018,46.7779,41.514,0.00058964,0
"372700","fertilizer_reference",2019,41.9143,39.3398,0.001093413,0
"372700","fertilizer_reference",2020,38.4738,37.198,0.00164972,0
"372700","fertilizer_reference",2021,38.3858,37.1102,0.001861211,0
"372700","fertilizer_reference",2022,37.906,36.7289,0.001968677,0
"372700","fertilizer_reference",2023,35.5748,34.9319,0.002218858,0
"372700","mineral_N_half",2016,46.4469,44.3968,0.000131166,0
"372700","mineral_N_half",2017,42.8427,41.8401,0.000387806,0
"372700","mineral_N_half",2018,46.7779,41.514,0.000466599,0
"372700","mineral_N_half",2019,41.9143,39.3398,0.00080924,0
"372700","mineral_N_half",2020,38.4738,37.198,0.001226106,0
"372700","mineral_N_half",2021,38.3858,37.1102,0.001339812,0
"372700","mineral_N_half",2022,37.906,36.7289,0.001400131,0
"372700","mineral_N_half",2023,35.5748,34.9319,0.001540928,0
"372700","mineral_N_one_half",2016,46.4469,44.3968,0.000232893,0
"372700","mineral_N_one_half",2017,42.8427,41.8401,0.000521918,0
"372700","mineral_N_one_half",2018,46.7779,41.514,0.000712727,0
"372700","mineral_N_one_half",2019,41.9143,39.3398,0.001377563,0
"372700","mineral_N_one_half",2020,38.4738,37.198,0.002073394,0
"372700","mineral_N_one_half",2021,38.3858,37.1102,0.002382557,0
"372700","mineral_N_one_half",2022,37.906,36.7289,0.002537226,0
"372700","mineral_N_one_half",2023,35.5748,34.9319,0.002896795,0
"372700","mineral_N_zero",2016,46.4469,44.3968,8.0278e-05,0
"372700","mineral_N_zero",2017,42.8427,41.8401,0.000320798,0
"372700","mineral_N_zero",2018,46.7779,41.514,0.000343492,0
"372700","mineral_N_zero",2019,41.9143,39.3398,0.000525106,0
"372700","mineral_N_zero",2020,38.4738,37.198,0.000802482,0
"372700","mineral_N_zero",2021,38.3858,37.1102,0.000818489,0
"372700","mineral_N_zero",2022,37.906,36.7289,0.000831582,0
"372700","mineral_N_zero",2023,35.5748,34.9319,0.000862983,0
"372700","organic_substitution",2016,51.1417,44.4476,8.2238e-05,0
"372700","organic_substitution",2017,50.0525,42.1019,0.000357507,0
"372700","organic_substitution",2018,61.7437,41.824,0.000387989,0
"372700","organic_substitution",2019,54.1181,40.1234,0.000678836,0
"372700","organic_substitution",2020,52.8958,38.3218,0.001117036,0
"372700","organic_substitution",2021,55.7243,38.2786,0.001153097,0
"372700","organic_substitution",2022,61.4314,38.0535,0.001218332,0
"372700","organic_substitution",2023,53.2895,36.9111,0.001464969,0
"372700","tillage_reduced",2016,46.4255,44.3829,8.1322e-05,0
"372700","tillage_reduced",2017,42.8258,41.8267,0.000321889,0
"372700","tillage_reduced",2018,46.7666,41.5047,0.000350044,0
"372700","tillage_reduced",2019,42.3839,39.587,0.000678798,0
"372700","tillage_reduced",2020,38.8245,37.4389,0.001010369,0
"372700","tillage_reduced",2021,38.7437,37.3593,0.001220312,0
"372700","tillage_reduced",2022,38.2465,36.9762,0.0012369,0
"372700","tillage_reduced",2023,35.8468,35.1574,0.001389999,0
"372700","tillage_reference",2016,46.3718,44.3479,8.4048e-05,0
"372700","tillage_reference",2017,42.7835,41.7932,0.000324713,0
"372700","tillage_reference",2018,46.7188,41.4662,0.000352686,0
"372700","tillage_reference",2019,41.8634,39.2945,0.000700947,0
"372700","tillage_reference",2020,38.428,37.155,0.001034267,0
"372700","tillage_reference",2021,38.3401,37.0673,0.001243669,0
"372700","tillage_reference",2022,37.8612,36.6865,0.001259494,0
"372700","tillage_reference",2023,35.4702,34.84,0.001411319,0
"372700","tillage_zero",2016,46.4469,44.3968,8.0278e-05,0
"372700","tillage_zero",2017,42.8427,41.8401,0.000320798,0
"372700","tillage_zero",2018,46.783,41.518,0.000349003,0
"372700","tillage_zero",2019,42.4525,39.628,0.00067575,0
"372700","tillage_zero",2020,38.878,37.4787,0.001007087,0
"372700","tillage_zero",2021,38.7979,37.3999,0.001217175,0
"372700","tillage_zero",2022,38.2983,37.0165,0.001233829,0
"372700","tillage_zero",2023,35.9067,35.2082,0.001386612,0
"375119","cover_annual",2016,54.7483,52.862,0.000884178,0
"375119","cover_annual",2017,48.3914,47.7591,0.000670288,0
"375119","cover_annual",2018,47.7506,44.3196,0.001025444,0
"375119","cover_annual",2019,40.9725,39.7585,0.000835295,0
"375119","cover_annual",2020,35.1788,34.801,0.001672053,0
"375119","cover_annual",2021,34.8523,31.5241,0.001380444,0
"375119","cover_annual",2022,28.7867,27.6281,0.001613926,0
"375119","cover_annual",2023,25.0131,24.5492,0.000758494,0
"375119","cover_none",2016,54.7483,52.862,0.000884178,0
"375119","cover_none",2017,48.3914,47.7591,0.000670288,0
"375119","cover_none",2018,47.7602,44.3297,0.001036191,0
"375119","cover_none",2019,40.8641,39.6816,0.000828745,0
"375119","cover_none",2020,35.0182,34.6698,0.00165216,0
"375119","cover_none",2021,34.5423,31.2987,0.001347031,0
"375119","cover_none",2022,28.562,27.4203,0.001592103,0
"375119","cover_none",2023,24.7586,24.3082,0.00075073,0
"375119","fertilizer_reference",2016,54.7483,52.862,0.001272807,0
"375119","fertilizer_reference",2017,48.3914,47.7591,0.000749313,0
"375119","fertilizer_reference",2018,47.7602,44.3297,0.00140695,0
"375119","fertilizer_reference",2019,40.8641,39.6816,0.000917583,0
"375119","fertilizer_reference",2020,35.0182,34.6698,0.001890838,0
"375119","fertilizer_reference",2021,34.5423,31.2987,0.001450808,0
"375119","fertilizer_reference",2022,28.562,27.4203,0.001671977,0
"375119","fertilizer_reference",2023,24.7586,24.3082,0.000828582,0
"375119","mineral_N_half",2016,54.7483,52.862,0.001078471,0
"375119","mineral_N_half",2017,48.3914,47.7591,0.000709752,0
"375119","mineral_N_half",2018,47.7602,44.3297,0.001221536,0
"375119","mineral_N_half",2019,40.8641,39.6816,0.000845369,0
"375119","mineral_N_half",2020,35.0182,34.6698,0.001751448,0
"375119","mineral_N_half",2021,34.5423,31.2987,0.001385257,0
"375119","mineral_N_half",2022,28.562,27.4203,0.001562833,0
"375119","mineral_N_half",2023,24.7586,24.3082,0.000774644,0
"375119","mineral_N_one_half",2016,54.7483,52.862,0.001467137,0
"375119","mineral_N_one_half",2017,48.3914,47.7591,0.00078887,0
"375119","mineral_N_one_half",2018,47.7602,44.3297,0.001592382,0
"375119","mineral_N_one_half",2019,40.8641,39.6816,0.000989828,0
"375119","mineral_N_one_half",2020,35.0182,34.6698,0.002030248,0
"375119","mineral_N_one_half",2021,34.5423,31.2987,0.001516404,0
"375119","mineral_N_one_half",2022,28.562,27.4203,0.001781188,0
"375119","mineral_N_one_half",2023,24.7586,24.3082,0.000882538,0
"375119","mineral_N_zero",2016,54.7483,52.862,0.000884178,0
"375119","mineral_N_zero",2017,48.3914,47.7591,0.000670288,0
"375119","mineral_N_zero",2018,47.7602,44.3297,0.001036191,0
"375119","mineral_N_zero",2019,40.8641,39.6816,0.000773158,0
"375119","mineral_N_zero",2020,35.0182,34.6698,0.001612026,0
"375119","mineral_N_zero",2021,34.5423,31.2987,0.001319716,0
"375119","mineral_N_zero",2022,28.562,27.4203,0.001453623,0
"375119","mineral_N_zero",2023,24.7586,24.3082,0.00072068,0
"375119","organic_substitution",2016,56.2635,53.1016,0.001088159,0
"375119","organic_substitution",2017,53.6708,48.0522,0.000761426,0
"375119","organic_substitution",2018,54.1551,44.8849,0.00126172,0
"375119","organic_substitution",2019,46.5769,40.5884,0.000992388,0
"375119","organic_substitution",2020,38.0837,35.9344,0.002253088,0
"375119","organic_substitution",2021,39.9905,32.5345,0.001803464,0
"375119","organic_substitution",2022,34.0044,28.7596,0.002055528,0
"375119","organic_substitution",2023,30.6071,25.7276,0.001183365,0
"375119","tillage_reduced",2016,54.7238,52.8423,0.000888945,0
"375119","tillage_reduced",2017,48.358,47.7288,0.000671657,0
"375119","tillage_reduced",2018,47.7111,44.2828,0.001038781,0
"375119","tillage_reduced",2019,40.8087,39.6294,0.000830766,0
"375119","tillage_reduced",2020,34.9414,34.5962,0.001658413,0
"375119","tillage_reduced",2021,34.4659,31.2237,0.001350177,0
"375119","tillage_reduced",2022,28.4802,27.3427,0.001595695,0
"375119","tillage_reduced",2023,24.6821,24.234,0.000751363,0
"375119","tillage_reference",2016,54.6384,52.7761,0.000904924,0
"375119","tillage_reference",2017,48.2489,47.6303,0.000676444,0
"375119","tillage_reference",2018,47.5401,44.1199,0.00104764,0
"375119","tillage_reference",2019,40.6137,39.4463,0.000838491,0
"375119","tillage_reference",2020,34.6857,34.3506,0.001677098,0
"375119","tillage_reference",2021,34.2076,30.9701,0.00136038,0
"375119","tillage_reference",2022,28.2079,27.0836,0.00160697,0
"375119","tillage_reference",2023,24.4242,23.984,0.000753738,0
"375119","tillage_zero",2016,54.7483,52.862,0.000884178,0
"375119","tillage_zero",2017,48.3914,47.7591,0.000670288,0
"375119","tillage_zero",2018,47.7602,44.3297,0.001036191,0
"375119","tillage_zero",2019,40.8641,39.6816,0.000828745,0
"375119","tillage_zero",2020,35.0182,34.6698,0.00165216,0
"375119","tillage_zero",2021,34.5423,31.2987,0.001347031,0
"375119","tillage_zero",2022,28.562,27.4203,0.001592103,0
"375119","tillage_zero",2023,24.7586,24.3082,0.00075073,0
"378874","cover_annual",2016,24.4671,23.7593,0.001019729,0
"378874","cover_annual",2017,21.717,21.4819,0.001000876,0
"378874","cover_annual",2018,19.4439,19.3566,0.001061466,0
"378874","cover_annual",2019,17.5632,17.5363,0.000898231,0
"378874","cover_annual",2020,15.716,15.7087,0.000970444,0
"378874","cover_annual",2021,13.9729,13.9711,0.00101759,0
"378874","cover_annual",2022,12.3845,12.3841,0.001053299,0
"378874","cover_annual",2023,11.2039,11.2038,0.000616204,0
"378874","cover_none",2016,24.4284,23.7308,0.001020755,0
"378874","cover_none",2017,21.6455,21.4258,0.000999098,0
"378874","cover_none",2018,19.3481,19.2767,0.001058624,0
"378874","cover_none",2019,17.4843,17.4625,0.00089608,0
"378874","cover_none",2020,15.6475,15.6417,0.000968822,0
"378874","cover_none",2021,13.9122,13.9108,0.001016472,0
"378874","cover_none",2022,12.3303,12.33,0.001052606,0
"378874","cover_none",2023,11.1546,11.1545,0.000615924,0
"378874","fertilizer_reference",2016,24.4284,23.7308,0.001728886,0
"378874","fertilizer_reference",2017,21.6455,21.4258,0.001183148,0
"378874","fertilizer_reference",2018,19.3481,19.2767,0.002643924,0
"378874","fertilizer_reference",2019,17.4843,17.4625,0.001322258,0
"378874","fertilizer_reference",2020,15.6475,15.6417,0.001241637,0
"378874","fertilizer_reference",2021,13.9122,13.9108,0.001292273,0
"378874","fertilizer_reference",2022,12.3303,12.33,0.001188766,0
"378874","fertilizer_reference",2023,11.1546,11.1545,0.000635513,0
"378874","mineral_N_half",2016,24.4284,23.7308,0.001374809,0
"378874","mineral_N_half",2017,21.6455,21.4258,0.001091153,0
"378874","mineral_N_half",2018,19.3481,19.2767,0.001851302,0
"378874","mineral_N_half",2019,17.4843,17.4625,0.001047677,0
"378874","mineral_N_half",2020,15.6475,15.6417,0.00104944,0
"378874","mineral_N_half",2021,13.9122,13.9108,0.001135314,0
"378874","mineral_N_half",2022,12.3303,12.33,0.00106504,0
"378874","mineral_N_half",2023,11.1546,11.1545,0.000548566,0
"378874","mineral_N_one_half",2016,24.4284,23.7308,0.0020829,0
"378874","mineral_N_one_half",2017,21.6455,21.4258,0.001275193,0
"378874","mineral_N_one_half",2018,19.3481,19.2767,0.003436559,0
"378874","mineral_N_one_half",2019,17.4843,17.4625,0.001596865,0
"378874","mineral_N_one_half",2020,15.6475,15.6417,0.00143379,0
"378874","mineral_N_one_half",2021,13.9122,13.9108,0.001449123,0
"378874","mineral_N_one_half",2022,12.3303,12.33,0.001312516,0
"378874","mineral_N_one_half",2023,11.1546,11.1545,0.000722463,0
"378874","mineral_N_zero",2016,24.4284,23.7308,0.001020755,0
"378874","mineral_N_zero",2017,21.6455,21.4258,0.000999098,0
"378874","mineral_N_zero",2018,19.3481,19.2767,0.001058624,0
"378874","mineral_N_zero",2019,17.4843,17.4625,0.000773068,0
"378874","mineral_N_zero",2020,15.6475,15.6417,0.000857276,0
"378874","mineral_N_zero",2021,13.9122,13.9108,0.000978424,0
"378874","mineral_N_zero",2022,12.3303,12.33,0.000941272,0
"378874","mineral_N_zero",2023,11.1546,11.1545,0.000461619,0
"378874","organic_substitution",2016,28.9617,23.7374,0.001020826,0
"378874","organic_substitution",2017,27.7511,21.6538,0.001297712,0
"378874","organic_substitution",2018,26.0927,19.7709,0.001667968,0
"378874","organic_substitution",2019,22.9766,18.3014,0.001452388,0
"378874","organic_substitution",2020,19.2467,16.702,0.001937742,0
"378874","organic_substitution",2021,17.7385,15.1222,0.002508713,0
"378874","organic_substitution",2022,16.1521,13.6871,0.002575561,0
"378874","organic_substitution",2023,15.3414,12.5943,0.001242715,0
"378874","tillage_reduced",2016,24.3845,23.6979,0.001028121,0
"378874","tillage_reduced",2017,21.5868,21.3729,0.00100959,0
"378874","tillage_reduced",2018,19.2773,19.2083,0.001067143,0
"378874","tillage_reduced",2019,17.3941,17.3734,0.000901825,0
"378874","tillage_reduced",2020,15.5619,15.5564,0.000972439,0
"378874","tillage_reduced",2021,13.8321,13.8307,0.001015659,0
"378874","tillage_reduced",2022,12.237,12.2367,0.001054592,0
"378874","tillage_reduced",2023,11.0516,11.0515,0.000618804,0
"378874","tillage_reference",2016,24.2691,23.6108,0.001046825,0
"378874","tillage_reference",2017,21.4253,21.2266,0.00103842,0
"378874","tillage_reference",2018,19.0781,19.0155,0.001091652,0
"378874","tillage_reference",2019,17.1462,17.1283,0.000917213,0
"378874","tillage_reference",2020,15.3266,15.3219,0.000982251,0
"378874","tillage_reference",2021,13.6104,13.6093,0.001013811,0
"378874","tillage_reference",2022,11.9825,11.9823,0.001058661,0
"378874","tillage_reference",2023,10.7741,10.774,0.000625769,0
"378874","tillage_zero",2016,24.4284,23.7308,0.001020755,0
"378874","tillage_zero",2017,21.6455,21.4258,0.000999098,0
"378874","tillage_zero",2018,19.3481,19.2767,0.001058624,0
"378874","tillage_zero",2019,17.4843,17.4625,0.00089608,0
"378874","tillage_zero",2020,15.6475,15.6417,0.000968822,0
"378874","tillage_zero",2021,13.9122,13.9108,0.001016472,0
"378874","tillage_zero",2022,12.3303,12.33,0.001052606,0
"378874","tillage_zero",2023,11.1546,11.1545,0.000615924,0
"403505","cover_annual",2016,58.5417,58.0622,0.001161938,0
"403505","cover_annual",2017,50.5346,50.4428,0.002151086,0
"403505","cover_annual",2018,43.2058,43.1909,0.002831134,0
"403505","cover_annual",2019,36.0894,35.9807,0.005303839,0
"403505","cover_annual",2020,29.6145,29.5696,0.005694047,0
"403505","cover_annual",2021,24.2324,24.1962,0.006261871,0
"403505","cover_annual",2022,19.833,19.7886,0.005531071,0
"403505","cover_annual",2023,16.5878,16.5378,0.00327624,0
"403505","cover_none",2016,58.5417,58.0622,0.001161938,0
"403505","cover_none",2017,50.5346,50.4428,0.002151086,0
"403505","cover_none",2018,43.2058,43.1909,0.002831134,0
"403505","cover_none",2019,35.9571,35.9205,0.005292536,0
"403505","cover_none",2020,29.523,29.4921,0.005656252,0
"403505","cover_none",2021,24.1319,24.102,0.00623975,0
"403505","cover_none",2022,19.7208,19.6823,0.005508409,0
"403505","cover_none",2023,16.4665,16.4227,0.003265836,0
"403505","fertilizer_reference",2016,58.5417,58.0622,0.001161938,0
"403505","fertilizer_reference",2017,50.5346,50.4428,0.0022025,0
"403505","fertilizer_reference",2018,43.2058,43.1909,0.00291701,0
"403505","fertilizer_reference",2019,35.9571,35.9205,0.005379411,0
"403505","fertilizer_reference",2020,29.523,29.4921,0.006048052,0
"403505","fertilizer_reference",2021,24.1319,24.102,0.007028824,0
"403505","fertilizer_reference",2022,19.7208,19.6823,0.006579811,0
"403505","fertilizer_reference",2023,16.4665,16.4227,0.00369848,0
"403505","mineral_N_half",2016,58.5417,58.0622,0.001130023,0
"403505","mineral_N_half",2017,50.5346,50.4428,0.002159576,0
"403505","mineral_N_half",2018,43.2058,43.1909,0.002862937,0
"403505","mineral_N_half",2019,35.9571,35.9205,0.005146302,0
"403505","mineral_N_half",2020,29.523,29.4921,0.005681698,0
"403505","mineral_N_half",2021,24.1319,24.102,0.00651278,0
"403505","mineral_N_half",2022,19.7208,19.6823,0.005970756,0
"403505","mineral_N_half",2023,16.4665,16.4227,0.003213395,0
"403505","mineral_N_one_half",2016,58.5417,58.0622,0.00119384,0
"403505","mineral_N_one_half",2017,50.5346,50.4428,0.002245505,0
"403505","mineral_N_one_half",2018,43.2058,43.1909,0.002971047,0
"403505","mineral_N_one_half",2019,35.9571,35.9205,0.005612515,0
"403505","mineral_N_one_half",2020,29.523,29.4921,0.00641442,0
"403505","mineral_N_one_half",2021,24.1319,24.102,0.007544837,0
"403505","mineral_N_one_half",2022,19.7208,19.6823,0.00718891,0
"403505","mineral_N_one_half",2023,16.4665,16.4227,0.00418359,0
"403505","mineral_N_zero",2016,58.5417,58.0622,0.001098121,0
"403505","mineral_N_zero",2017,50.5346,50.4428,0.002116587,0
"403505","mineral_N_zero",2018,43.2058,43.1909,0.002808896,0
"403505","mineral_N_zero",2019,35.9571,35.9205,0.004913177,0
"403505","mineral_N_zero",2020,29.523,29.4921,0.005315344,0
"403505","mineral_N_zero",2021,24.1319,24.102,0.005996779,0
"403505","mineral_N_zero",2022,19.7208,19.6823,0.005361687,0
"403505","mineral_N_zero",2023,16.4665,16.4227,0.00272828,0
"403505","organic_substitution",2016,59.951,58.3061,0.001169591,0
"403505","organic_substitution",2017,52.7138,50.9461,0.002284766,0
"403505","organic_substitution",2018,45.6875,43.9455,0.00307938,0
"403505","organic_substitution",2019,37.3144,36.8163,0.005869086,0
"403505","organic_substitution",2020,30.711,30.4253,0.006787357,0
"403505","organic_substitution",2021,25.3014,25.0488,0.008050517,0
"403505","organic_substitution",2022,20.9013,20.6355,0.007561783,0
"403505","organic_substitution",2023,17.7259,17.3953,0.004202948,0
"403505","tillage_reduced",2016,58.5112,58.0344,0.00116898,0
"403505","tillage_reduced",2017,50.4938,50.4028,0.002157007,0
"403505","tillage_reduced",2018,43.1307,43.1161,0.002841102,0
"403505","tillage_reduced",2019,35.8068,35.7703,0.005322123,0
"403505","tillage_reduced",2020,29.3404,29.3096,0.005688941,0
"403505","tillage_reduced",2021,23.9224,23.8926,0.006273925,0
"403505","tillage_reduced",2022,19.499,19.4606,0.005533548,0
"403505","tillage_reduced",2023,16.2374,16.1938,0.00327852,0
"403505","tillage_reference",2016,58.4167,57.9482,0.001189455,0
"403505","tillage_reference",2017,50.3619,50.2736,0.002176569,0
"403505","tillage_reference",2018,42.9053,42.8916,0.002870887,0
"403505","tillage_reference",2019,35.3775,35.3412,0.00540288,0
"403505","tillage_reference",2020,28.821,28.7905,0.005778696,0
"403505","tillage_reference",2021,23.3341,23.3046,0.006367325,0
"403505","tillage_reference",2022,18.8839,18.8457,0.005600196,0
"403505","tillage_reference",2023,15.6124,15.5692,0.003309702,0
"403505","tillage_zero",2016,58.5417,58.0622,0.001161938,0
"403505","tillage_zero",2017,50.5346,50.4428,0.002151086,0
"403505","tillage_zero",2018,43.2058,43.1909,0.002831134,0
"403505","tillage_zero",2019,35.9571,35.9205,0.005292536,0
"403505","tillage_zero",2020,29.523,29.4921,0.005656252,0
"403505","tillage_zero",2021,24.1319,24.102,0.00623975,0
"403505","tillage_zero",2022,19.7208,19.6823,0.005508409,0
"403505","tillage_zero",2023,16.4665,16.4227,0.003265836,0
"405184","fertilizer_reference",2016,26.7571,26.3346,0.002065598,0
"405184","fertilizer_reference",2017,25.6199,25.484,0.004753048,0
"405184","fertilizer_reference",2018,19.8254,19.8137,0.004179761,0
"405184","fertilizer_reference",2019,15.7349,15.7173,0.00465701,0
"405184","fertilizer_reference",2020,12.3302,12.3174,0.004968705,0
"405184","fertilizer_reference",2021,9.7712,9.7551,0.003958558,0
"405184","fertilizer_reference",2022,7.6338,7.6153,0.005104664,0
"405184","fertilizer_reference",2023,6.1518,6.1271,0.004013006,0
"405184","mineral_N_half",2016,26.7571,26.3346,0.001801754,0
"405184","mineral_N_half",2017,25.6199,25.484,0.004212834,0
"405184","mineral_N_half",2018,19.8254,19.8137,0.00370028,0
"405184","mineral_N_half",2019,15.7349,15.7173,0.004063326,0
"405184","mineral_N_half",2020,12.3302,12.3174,0.004260928,0
"405184","mineral_N_half",2021,9.7712,9.7551,0.003327316,0
"405184","mineral_N_half",2022,7.6338,7.6153,0.004204532,0
"405184","mineral_N_half",2023,6.1518,6.1271,0.003214658,0
"405184","mineral_N_one_half",2016,26.7571,26.3346,0.002329455,0
"405184","mineral_N_one_half",2017,25.6199,25.484,0.005293287,0
"405184","mineral_N_one_half",2018,19.8254,19.8137,0.004659331,0
"405184","mineral_N_one_half",2019,15.7349,15.7173,0.00525069,0
"405184","mineral_N_one_half",2020,12.3302,12.3174,0.005676536,0
"405184","mineral_N_one_half",2021,9.7712,9.7551,0.004589797,0
"405184","mineral_N_one_half",2022,7.6338,7.6153,0.006004742,0
"405184","mineral_N_one_half",2023,6.1518,6.1271,0.004811409,0
"405184","mineral_N_zero",2016,26.7571,26.3346,0.001537921,0
"405184","mineral_N_zero",2017,25.6199,25.484,0.003672565,0
"405184","mineral_N_zero",2018,19.8254,19.8137,0.00322073,0
"405184","mineral_N_zero",2019,15.7349,15.7173,0.003469623,0
"405184","mineral_N_zero",2020,12.3302,12.3174,0.003553122,0
"405184","mineral_N_zero",2021,9.7712,9.7551,0.002696097,0
"405184","mineral_N_zero",2022,7.6338,7.6153,0.003304451,0
"405184","mineral_N_zero",2023,6.1518,6.1271,0.002416308,0
"405184","organic_substitution",2016,26.925,26.4474,0.00190884,0
"405184","organic_substitution",2017,26.7027,25.9121,0.004712862,0
"405184","organic_substitution",2018,21.1666,20.5223,0.004417589,0
"405184","organic_substitution",2019,17.3998,16.5594,0.004976794,0
"405184","organic_substitution",2020,14.4242,13.1886,0.005208576,0
"405184","organic_substitution",2021,12.25,10.6686,0.004039702,0
"405184","organic_substitution",2022,9.9412,8.5839,0.005196963,0
"405184","organic_substitution",2023,8.5334,7.1353,0.004026658,0
"405184","tillage_reduced",2016,26.741,26.3197,0.001543465,0
"405184","tillage_reduced",2017,25.5887,25.4532,0.003681841,0
"405184","tillage_reduced",2018,19.9855,19.9724,0.003223173,0
"405184","tillage_reduced",2019,15.9969,15.9773,0.003430703,0
"405184","tillage_reduced",2020,12.6448,12.6305,0.003503023,0
"405184","tillage_reduced",2021,10.0526,10.0361,0.002660001,0
"405184","tillage_reduced",2022,7.9423,7.9221,0.003270023,0
"405184","tillage_reduced",2023,6.4051,6.3804,0.002395914,0
"405184","tillage_reference",2016,26.6993,26.2812,0.001557772,0
"405184","tillage_reference",2017,25.5081,25.3737,0.003705864,0
"405184","tillage_reference",2018,19.7407,19.7291,0.003231993,0
"405184","tillage_reference",2019,15.6689,15.6513,0.003472386,0
"405184","tillage_reference",2020,12.2797,12.2669,0.003550548,0
"405184","tillage_reference",2021,9.7317,9.7156,0.002691557,0
"405184","tillage_reference",2022,7.6034,7.5849,0.003296907,0
"405184","tillage_reference",2023,6.0998,6.0751,0.002415588,0
"405184","tillage_zero",2016,26.7571,26.3346,0.001537921,0
"405184","tillage_zero",2017,25.6199,25.484,0.003672565,0
"405184","tillage_zero",2018,20.0298,20.0165,0.003219893,0
"405184","tillage_zero",2019,16.0457,16.0259,0.003425736,0
"405184","tillage_zero",2020,12.694,12.6796,0.003498584,0
"405184","tillage_zero",2021,10.0942,10.0776,0.002657698,0
"405184","tillage_zero",2022,7.9838,7.9634,0.003268861,0
"405184","tillage_zero",2023,6.4463,6.4216,0.002394157,0
"405606","cover_annual",2016,39.5375,38.5945,0.001119674,0
"405606","cover_annual",2017,34.7648,34.4888,0.001665844,0
"405606","cover_annual",2018,31.6201,31.4975,0.001092081,0
"405606","cover_annual",2019,29.3378,26.697,0.00279404,0
"405606","cover_annual",2020,23.7386,22.4224,0.004247895,0
"405606","cover_annual",2021,19.0683,18.5846,0.004985043,0
"405606","cover_annual",2022,15.6484,15.4962,0.004997584,0
"405606","cover_annual",2023,15.2023,13.3756,0.002754851,0
"405606","cover_none",2016,39.5375,38.5945,0.001119674,0
"405606","cover_none",2017,34.7442,34.4734,0.001665725,0
"405606","cover_none",2018,31.582,31.4678,0.001090704,0
"405606","cover_none",2019,29.3302,26.6541,0.00279614,0
"405606","cover_none",2020,23.7597,22.3495,0.004243607,0
"405606","cover_none",2021,19.0783,18.4962,0.004993405,0
"405606","cover_none",2022,15.6037,15.3938,0.005016704,0
"405606","cover_none",2023,15.1224,13.2528,0.002753722,0
"405606","fertilizer_reference",2016,39.5375,38.5945,0.001633373,0
"405606","fertilizer_reference",2017,34.7442,34.4734,0.002558783,0
"405606","fertilizer_reference",2018,31.582,31.4678,0.001260351,0
"405606","fertilizer_reference",2019,29.3302,26.6541,0.002925433,0
"405606","fertilizer_reference",2020,23.7597,22.3495,0.004341834,0
"405606","fertilizer_reference",2021,19.0783,18.4962,0.005061351,0
"405606","fertilizer_reference",2022,15.6037,15.3938,0.005062595,0
"405606","fertilizer_reference",2023,15.1224,13.2528,0.002769218,0
"405606","mineral_N_half",2016,39.5375,38.5945,0.001376501,0
"405606","mineral_N_half",2017,34.7442,34.4734,0.00211223,0
"405606","mineral_N_half",2018,31.582,31.4678,0.001037599,0
"405606","mineral_N_half",2019,29.3302,26.6541,0.002374545,0
"405606","mineral_N_half",2020,23.7597,22.3495,0.003658662,0
"405606","mineral_N_half",2021,19.0783,18.4962,0.004263582,0
"405606","mineral_N_half",2022,15.6037,15.3938,0.004288995,0
"405606","mineral_N_half",2023,15.1224,13.2528,0.002278893,0
"405606","mineral_N_one_half",2016,39.5375,38.5945,0.001890194,0
"405606","mineral_N_one_half",2017,34.7442,34.4734,0.003005286,0
"405606","mineral_N_one_half",2018,31.582,31.4678,0.001482971,0
"405606","mineral_N_one_half",2019,29.3302,26.6541,0.003476328,0
"405606","mineral_N_one_half",2020,23.7597,22.3495,0.005024974,0
"405606","mineral_N_one_half",2021,19.0783,18.4962,0.005859138,0
"405606","mineral_N_one_half",2022,15.6037,15.3938,0.005836201,0
"405606","mineral_N_one_half",2023,15.1224,13.2528,0.003259567,0
"405606","mineral_N_zero",2016,39.5375,38.5945,0.001119674,0
"405606","mineral_N_zero",2017,34.7442,34.4734,0.001665725,0
"405606","mineral_N_zero",2018,31.582,31.4678,0.000814915,0
"405606","mineral_N_zero",2019,29.3302,26.6541,0.0018237,0
"405606","mineral_N_zero",2020,23.7597,22.3495,0.002975525,0
"405606","mineral_N_zero",2021,19.0783,18.4962,0.003465852,0
"405606","mineral_N_zero",2022,15.6037,15.3938,0.003515385,0
"405606","mineral_N_zero",2023,15.1224,13.2528,0.001788576,0
"405606","organic_substitution",2016,41.3434,38.8012,0.001489993,0
"405606","organic_substitution",2017,36.1724,34.8842,0.002617067,0
"405606","organic_substitution",2018,33.3175,32.0218,0.001353509,0
"405606","organic_substitution",2019,28.6833,27.4716,0.003166997,0
"405606","organic_substitution",2020,23.6172,23.179,0.005034278,0
"405606","organic_substitution",2021,19.6036,19.3132,0.00586307,0
"405606","organic_substitution",2022,16.5217,16.2248,0.006050783,0
"405606","organic_substitution",2023,15.3899,14.1819,0.003265123,0
"405606","tillage_reduced",2016,39.4649,38.5365,0.001138926,0
"405606","tillage_reduced",2017,34.6198,34.3579,0.001688697,0
"405606","tillage_reduced",2018,31.6287,31.5107,0.001092585,0
"405606","tillage_reduced",2019,29.4339,26.7576,0.002759822,0
"405606","tillage_reduced",2020,23.9871,22.5555,0.004190146,0
"405606","tillage_reduced",2021,19.4128,18.8018,0.004929726,0
"405606","tillage_reduced",2022,15.933,15.7078,0.004946356,0
"405606","tillage_reduced",2023,15.3447,13.4949,0.002739247,0
"405606","tillage_reference",2016,39.2697,38.3798,0.00118872,0
"405606","tillage_reference",2017,34.2874,34.048,0.00174831,0
"405606","tillage_reference",2018,31.1821,31.0783,0.001105157,0
"405606","tillage_reference",2019,29.0313,26.323,0.002790659,0
"405606","tillage_reference",2020,23.521,22.0728,0.004219012,0
"405606","tillage_reference",2021,18.8766,18.2689,0.004958635,0
"405606","tillage_reference",2022,15.4286,15.2059,0.004978573,0
"405606","tillage_reference",2023,14.7618,12.9825,0.002756312,0
"405606","tillage_zero",2016,39.5375,38.5945,0.001119674,0
"405606","tillage_zero",2017,34.7442,34.4734,0.001665725,0
"405606","tillage_zero",2018,31.7555,31.6336,0.00108849,0
"405606","tillage_zero",2019,29.5348,26.8689,0.002757691,0
"405606","tillage_zero",2020,24.0821,22.6606,0.004192264,0
"405606","tillage_zero",2021,19.5087,18.9031,0.004933714,0
"405606","tillage_zero",2022,16.0201,15.7975,0.004950497,0
"405606","tillage_zero",2023,15.4778,13.6027,0.002736551,0
"413887","cover_annual",2016,129.3035,127.8452,0.000321369,0.137417
"413887","cover_annual",2017,119.7801,118.9775,0.000325192,0.1365373
"413887","cover_annual",2018,109.029,108.6472,0.00077412,0.0539495
"413887","cover_annual",2019,101.8849,101.5916,0.000299597,0.1206439
"413887","cover_annual",2020,95.0602,94.7765,8.4541e-05,0.1259633
"413887","cover_annual",2021,89.4457,89.0841,6.4772e-05,0.1086823
"413887","cover_annual",2022,83.9689,83.5968,6.1353e-05,0.1036518
"413887","cover_annual",2023,79.1516,78.7105,5.6296e-05,0.0953642
"413887","cover_none",2016,129.1665,127.7668,0.000304307,0.1386484
"413887","cover_none",2017,119.5539,118.8338,0.00031499,0.1373398
"413887","cover_none",2018,108.6625,108.3525,0.000780051,0.0543755
"413887","cover_none",2019,101.5083,101.2746,0.000296666,0.1204907
"413887","cover_none",2020,94.5279,94.3474,8.4505e-05,0.1253821
"413887","cover_none",2021,88.6827,88.4846,6.4819e-05,0.1079258
"413887","cover_none",2022,83.1471,82.9281,6.1059e-05,0.1027646
"413887","cover_none",2023,78.0248,77.8091,5.659e-05,0.0942303
"413887","fertilizer_reference",2016,129.1665,127.7668,0.000339689,0.1386484
"413887","fertilizer_reference",2017,119.5539,118.8338,0.000357798,0.1373398
"413887","fertilizer_reference",2018,108.6625,108.3525,0.000898478,0.0543755
"413887","fertilizer_reference",2019,101.5083,101.2746,0.000317831,0.1204907
"413887","fertilizer_reference",2020,94.5279,94.3474,8.5077e-05,0.1253821
"413887","fertilizer_reference",2021,88.6827,88.4846,6.4822e-05,0.1079258
"413887","fertilizer_reference",2022,83.1471,82.9281,6.1059e-05,0.1027646
"413887","fertilizer_reference",2023,78.0248,77.8091,5.659e-05,0.0942303
"413887","mineral_N_half",2016,129.1665,127.7668,0.000322031,0.1386484
"413887","mineral_N_half",2017,119.5539,118.8338,0.000336339,0.1373398
"413887","mineral_N_half",2018,108.6625,108.3525,0.00083929,0.0543755
"413887","mineral_N_half",2019,101.5083,101.2746,0.000296612,0.1204907
"413887","mineral_N_half",2020,94.5279,94.3474,7.7185e-05,0.1253821
"413887","mineral_N_half",2021,88.6827,88.4846,5.8658e-05,0.1079258
"413887","mineral_N_half",2022,83.1471,82.9281,5.4587e-05,0.1027646
"413887","mineral_N_half",2023,78.0248,77.8091,4.9415e-05,0.0942303
"413887","mineral_N_one_half",2016,129.1665,127.7668,0.000357448,0.1386484
"413887","mineral_N_one_half",2017,119.5539,118.8338,0.000379194,0.1373398
"413887","mineral_N_one_half",2018,108.6625,108.3525,0.000957631,0.0543755
"413887","mineral_N_one_half",2019,101.5083,101.2746,0.000339099,0.1204907
"413887","mineral_N_one_half",2020,94.5279,94.3474,9.2694e-05,0.1253821
"413887","mineral_N_one_half",2021,88.6827,88.4846,7.1153e-05,0.1079258
"413887","mineral_N_one_half",2022,83.1471,82.9281,6.7428e-05,0.1027646
"413887","mineral_N_one_half",2023,78.0248,77.8091,6.3715e-05,0.0942303
"413887","mineral_N_zero",2016,129.1665,127.7668,0.000304307,0.1386484
"413887","mineral_N_zero",2017,119.5539,118.8338,0.00031499,0.1373398
"413887","mineral_N_zero",2018,108.6625,108.3525,0.000780051,0.0543755
"413887","mineral_N_zero",2019,101.5083,101.2746,0.000275342,0.1204907
"413887","mineral_N_zero",2020,94.5279,94.3474,6.944e-05,0.1253821
"413887","mineral_N_zero",2021,88.6827,88.4846,5.2323e-05,0.1079258
"413887","mineral_N_zero",2022,83.1471,82.9281,4.8081e-05,0.1027646
"413887","mineral_N_zero",2023,78.0248,77.8091,4.2229e-05,0.0942303
"413887","organic_substitution",2016,131.411,127.8951,0.000340928,0.1398739
"413887","organic_substitution",2017,122.8492,119.1682,0.000403909,0.1395791
"413887","organic_substitution",2018,111.6667,108.9675,0.001059813,0.0553791
"413887","organic_substitution",2019,105.8979,102.051,0.000358362,0.1237661
"413887","organic_substitution",2020,99.7983,95.3085,8.2586e-05,0.1300216
"413887","organic_substitution",2021,94.9012,89.6184,6.0937e-05,0.1127921
"413887","organic_substitution",2022,90.0229,84.2436,5.612e-05,0.108306
"413887","organic_substitution",2023,85.4843,79.302,4.9494e-05,0.1000976
"413887","rice_irrigated_reference",2016,129.1665,127.7668,0.000298534,0.1386484
"413887","rice_irrigated_reference",2017,119.5539,118.8338,0.000303587,0.1373395
"413887","rice_irrigated_reference",2018,110.7284,110.3357,0.000485645,0.1159345
"413887","rice_irrigated_reference",2019,103.4065,103.1304,0.000142317,0.1232875
"413887","rice_irrigated_reference",2020,96.2741,96.0725,7.7945e-05,0.1276943
"413887","rice_irrigated_reference",2021,90.3059,90.0967,6.0251e-05,0.109906
"413887","rice_irrigated_reference",2022,84.6574,84.4326,5.5513e-05,0.104635
"413887","rice_irrigated_reference",2023,79.434,79.2152,5.1741e-05,0.0959376
"413887","rice_one_dry",2016,129.1665,127.7668,0.000299098,0.1386484
"413887","rice_one_dry",2017,119.5539,118.8338,0.000304142,0.1373395
"413887","rice_one_dry",2018,110.7284,110.3357,0.000486003,0.1159346
"413887","rice_one_dry",2019,103.4065,103.1304,0.000142961,0.1232875
"413887","rice_one_dry",2020,96.2741,96.0725,7.8318e-05,0.1276943
"413887","rice_one_dry",2021,90.3059,90.0967,6.0473e-05,0.109906
"413887","rice_one_dry",2022,84.6574,84.4326,5.5814e-05,0.104635
"413887","rice_one_dry",2023,79.434,79.2152,5.1974e-05,0.0959376
"413887","rice_two_dry",2016,129.1665,127.7668,0.000299574,0.1386484
"413887","rice_two_dry",2017,119.5539,118.8338,0.000304506,0.1373397
"413887","rice_two_dry",2018,110.7284,110.3357,0.000486297,0.1159346
"413887","rice_two_dry",2019,103.4066,103.1305,0.000143448,0.1232878
"413887","rice_two_dry",2020,96.2741,96.0725,7.8655e-05,0.1276944
"413887","rice_two_dry",2021,90.3059,90.0967,6.0595e-05,0.109906
"413887","rice_two_dry",2022,84.6574,84.4326,5.6001e-05,0.104635
"413887","rice_two_dry",2023,79.434,79.2152,5.2113e-05,0.0959376
"413887","tillage_reduced",2016,129.0534,127.6661,0.000306707,0.1385785
"413887","tillage_reduced",2017,119.3411,118.6338,0.000317626,0.1371477
"413887","tillage_reduced",2018,108.281,107.9806,0.000790218,0.0542487
"413887","tillage_reduced",2019,101.094,100.8662,0.000300106,0.120026
"413887","tillage_reduced",2020,94.0859,93.9092,8.4985e-05,0.1248265
"413887","tillage_reduced",2021,88.2194,88.0239,6.5092e-05,0.1073935
"413887","tillage_reduced",2022,82.6658,82.4489,6.1328e-05,0.1021915
"413887","tillage_reduced",2023,77.5287,77.3148,5.6844e-05,0.0936556
"413887","tillage_reference",2016,128.7513,127.3967,0.000312804,0.1383864
"413887","tillage_reference",2017,118.7729,118.0988,0.00032445,0.1366359
"413887","tillage_reference",2018,107.2773,107.0005,0.000815985,0.0539272
"413887","tillage_reference",2019,99.9961,99.783,0.00030919,0.1188088
"413887","tillage_reference",2020,92.9088,92.7415,8.6269e-05,0.1233689
"413887","tillage_reference",2021,86.9836,86.7946,6.5801e-05,0.1059686
"413887","tillage_reference",2022,81.3787,81.167,6.2021e-05,0.1006754
"413887","tillage_reference",2023,76.2016,75.9926,5.7428e-05,0.0921285
"413887","tillage_zero",2016,129.1665,127.7668,0.000304307,0.1386484
"413887","tillage_zero",2017,119.5539,118.8338,0.00031499,0.1373398
"413887","tillage_zero",2018,108.6625,108.3525,0.000780051,0.0543755
"413887","tillage_zero",2019,101.5083,101.2746,0.000296666,0.1204907
"413887","tillage_zero",2020,94.5279,94.3474,8.4505e-05,0.1253821
"413887","tillage_zero",2021,88.6827,88.4846,6.4819e-05,0.1079258
"413887","tillage_zero",2022,83.1471,82.9281,6.1059e-05,0.1027646
"413887","tillage_zero",2023,78.0248,77.8091,5.659e-05,0.0942303
"415399","fertilizer_reference",2016,28.4232,25.872,0.001092837,0
"415399","fertilizer_reference",2017,25.7842,23.8246,0.002831862,0
"415399","fertilizer_reference",2018,23.6154,21.4045,0.003285104,0
"415399","fertilizer_reference",2019,25.2513,19.7766,0.002586111,0
"415399","fertilizer_reference",2020,19.6916,17.7388,0.002766578,0
"415399","fertilizer_reference",2021,17.1881,15.5866,0.002519093,0
"415399","fertilizer_reference",2022,14.6967,13.9897,0.003466464,0
"415399","fertilizer_reference",2023,13.8131,12.9504,0.00215777,0
"415399","mineral_N_half",2016,28.4232,25.872,0.001035505,0
"415399","mineral_N_half",2017,25.7842,23.8246,0.002548221,0
"415399","mineral_N_half",2018,23.6154,21.4045,0.002954468,0
"415399","mineral_N_half",2019,25.2513,19.7766,0.002230374,0
"415399","mineral_N_half",2020,19.6916,17.7388,0.00239782,0
"415399","mineral_N_half",2021,17.1881,15.5866,0.002253415,0
"415399","mineral_N_half",2022,14.6967,13.9897,0.002991436,0
"415399","mineral_N_half",2023,13.8131,12.9504,0.001875388,0
"415399","mineral_N_one_half",2016,28.4232,25.872,0.001150152,0
"415399","mineral_N_one_half",2017,25.7842,23.8246,0.00311545,0
"415399","mineral_N_one_half",2018,23.6154,21.4045,0.003615719,0
"415399","mineral_N_one_half",2019,25.2513,19.7766,0.002941938,0
"415399","mineral_N_one_half",2020,19.6916,17.7388,0.003135372,0
"415399","mineral_N_one_half",2021,17.1881,15.5866,0.002784798,0
"415399","mineral_N_one_half",2022,14.6967,13.9897,0.003941533,0
"415399","mineral_N_one_half",2023,13.8131,12.9504,0.002440156,0
"415399","mineral_N_zero",2016,28.4232,25.872,0.000978162,0
"415399","mineral_N_zero",2017,25.7842,23.8246,0.002264619,0
"415399","mineral_N_zero",2018,23.6154,21.4045,0.002623813,0
"415399","mineral_N_zero",2019,25.2513,19.7766,0.001874626,0
"415399","mineral_N_zero",2020,19.6916,17.7388,0.002029114,0
"415399","mineral_N_zero",2021,17.1881,15.5866,0.001987697,0
"415399","mineral_N_zero",2022,14.6967,13.9897,0.002516346,0
"415399","mineral_N_zero",2023,13.8131,12.9504,0.001593051,0
"415399","organic_substitution",2016,30.3349,26.0691,0.001052863,0
"415399","organic_substitution",2017,28.0952,24.2971,0.002915252,0
"415399","organic_substitution",2018,26.2117,22.1229,0.003603706,0
"415399","organic_substitution",2019,27.7166,20.7523,0.00294557,0
"415399","organic_substitution",2020,21.5271,18.9353,0.00338378,0
"415399","organic_substitution",2021,19.7506,16.8836,0.003196341,0
"415399","organic_substitution",2022,17.0339,15.4407,0.004525048,0
"415399","organic_substitution",2023,16.5777,14.5219,0.002731683,0
"415399","tillage_reduced",2016,28.3697,25.8276,0.000984248,0
"415399","tillage_reduced",2017,25.7314,23.7751,0.002278671,0
"415399","tillage_reduced",2018,23.5188,21.3185,0.002790815,0
"415399","tillage_reduced",2019,25.159,19.6912,0.002398933,0
"415399","tillage_reduced",2020,19.5974,17.6548,0.002661256,0
"415399","tillage_reduced",2021,17.0749,15.4849,0.002461123,0
"415399","tillage_reduced",2022,14.596,13.8943,0.003421887,0
"415399","tillage_reduced",2023,13.7225,12.8623,0.002142556,0
"415399","tillage_reference",2016,28.2227,25.708,0.000999765,0
"415399","tillage_reference",2017,25.5834,23.6379,0.002318451,0
"415399","tillage_reference",2018,23.2565,21.0861,0.002822125,0
"415399","tillage_reference",2019,24.9088,19.4605,0.002425294,0
"415399","tillage_reference",2020,19.3437,17.4286,0.002675826,0
"415399","tillage_reference",2021,16.772,15.212,0.002467472,0
"415399","tillage_reference",2022,14.3227,13.6361,0.003433806,0
"415399","tillage_reference",2023,13.4741,12.6224,0.002141488,0
"415399","tillage_zero",2016,28.4232,25.872,0.000978162,0
"415399","tillage_zero",2017,25.7842,23.8246,0.002264619,0
"415399","tillage_zero",2018,23.6154,21.4045,0.002779186,0
"415399","tillage_zero",2019,25.2513,19.7766,0.002389128,0
"415399","tillage_zero",2020,19.6916,17.7388,0.00265577,0
"415399","tillage_zero",2021,17.1881,15.5866,0.002458497,0
"415399","tillage_zero",2022,14.6967,13.9897,0.003417667,0
"415399","tillage_zero",2023,13.8131,12.9504,0.002143555,0
"41669","fertilizer_reference",2016,69.4358,66.2235,0.002121155,0
"41669","fertilizer_reference",2017,63.0406,61.028,0.0033613,0
"41669","fertilizer_reference",2018,56.0674,54.5492,0.004685361,0
"41669","fertilizer_reference",2019,50.5267,49.3323,0.00378306,0
"41669","fertilizer_reference",2020,44.241,43.3829,0.004845269,0
"41669","fertilizer_reference",2021,39.4193,38.7428,0.00666201,0
"41669","fertilizer_reference",2022,34.8749,34.3478,0.006864542,0
"41669","fertilizer_reference",2023,31.3304,30.8829,0.002945341,0
"41669","mineral_N_half",2016,69.4358,66.2235,0.001849063,0
"41669","mineral_N_half",2017,63.0406,61.028,0.002998185,0
"41669","mineral_N_half",2018,56.0674,54.5492,0.004339566,0
"41669","mineral_N_half",2019,50.5267,49.3323,0.003531996,0
"41669","mineral_N_half",2020,44.241,43.3829,0.004377161,0
"41669","mineral_N_half",2021,39.4193,38.7428,0.005959787,0
"41669","mineral_N_half",2022,34.8749,34.3478,0.006040019,0
"41669","mineral_N_half",2023,31.3304,30.8829,0.002577746,0
"41669","mineral_N_one_half",2016,69.4358,66.2235,0.002393305,0
"41669","mineral_N_one_half",2017,63.0406,61.028,0.003724456,0
"41669","mineral_N_one_half",2018,56.0674,54.5492,0.005031218,0
"41669","mineral_N_one_half",2019,50.5267,49.3323,0.004034128,0
"41669","mineral_N_one_half",2020,44.241,43.3829,0.00531338,0
"41669","mineral_N_one_half",2021,39.4193,38.7428,0.007364243,0
"41669","mineral_N_one_half",2022,34.8749,34.3478,0.007689091,0
"41669","mineral_N_one_half",2023,31.3304,30.8829,0.003312952,0
"41669","mineral_N_zero",2016,69.4358,66.2235,0.001577037,0
"41669","mineral_N_zero",2017,63.0406,61.028,0.002635116,0
"41669","mineral_N_zero",2018,56.0674,54.5492,0.003993769,0
"41669","mineral_N_zero",2019,50.5267,49.3323,0.003280934,0
"41669","mineral_N_zero",2020,44.241,43.3829,0.003909034,0
"41669","mineral_N_zero",2021,39.4193,38.7428,0.00525755,0
"41669","mineral_N_zero",2022,34.8749,34.3478,0.005215461,0
"41669","mineral_N_zero",2023,31.3304,30.8829,0.002210197,0
"41669","organic_substitution",2016,71.8684,66.4435,0.001703328,0
"41669","organic_substitution",2017,66.4758,61.5485,0.002911136,0
"41669","organic_substitution",2018,57.5682,55.2513,0.004579376,0
"41669","organic_substitution",2019,51.5275,50.0988,0.003935012,0
"41669","organic_substitution",2020,46.3132,44.327,0.004695705,0
"41669","organic_substitution",2021,42.4009,39.8742,0.006229395,0
"41669","organic_substitution",2022,37.5336,35.7074,0.006576531,0
"41669","organic_substitution",2023,34.2565,32.4228,0.003211554,0
"41669","tillage_reduced",2016,69.3818,66.1796,0.002136712,0
"41669","tillage_reduced",2017,62.9723,60.9664,0.002874483,0
"41669","tillage_reduced",2018,55.9253,54.4258,0.004406609,0
"41669","tillage_reduced",2019,50.3536,49.1752,0.003688412,0
"41669","tillage_reduced",2020,44.0686,43.2166,0.00443919,0
"41669","tillage_reduced",2021,39.2528,38.5793,0.005674163,0
"41669","tillage_reduced",2022,34.7119,34.1867,0.005493086,0
"41669","tillage_reduced",2023,31.1763,30.73,0.002280308,0
"41669","tillage_reference",2016,69.2277,66.0555,0.002180474,0
"41669","tillage_reference",2017,62.7645,60.781,0.002910164,0
"41669","tillage_reference",2018,55.5173,54.0701,0.004461072,0
"41669","tillage_reference",2019,49.8598,48.7255,0.003749148,0
"41669","tillage_reference",2020,43.581,42.7457,0.004493728,0
"41669","tillage_reference",2021,38.7804,38.1154,0.005710735,0
"41669","tillage_reference",2022,34.2461,33.7267,0.005515855,0
"41669","tillage_reference",2023,30.7368,30.2941,0.0022804,0
"41669","tillage_zero",2016,69.4358,66.2235,0.002121155,0
"41669","tillage_zero",2017,63.0406,61.028,0.002863494,0
"41669","tillage_zero",2018,56.0674,54.5492,0.004387227,0
"41669","tillage_zero",2019,50.5267,49.3323,0.003666482,0
"41669","tillage_zero",2020,44.241,43.3829,0.004419443,0
"41669","tillage_zero",2021,39.4193,38.7428,0.005660931,0
"41669","tillage_zero",2022,34.8749,34.3478,0.005485088,0
"41669","tillage_zero",2023,31.3304,30.8829,0.002280407,0
"417431","cover_annual",2016,179.3697,100.7031,0.000390906,0.1128616
"417431","cover_annual",2017,141.2844,97.2347,0.000180261,0.158578
"417431","cover_annual",2018,117.5217,93.1825,0.000265581,0.1211083
"417431","cover_annual",2019,103.3722,89.27,0.001110952,0.0502184
"417431","cover_annual",2020,96.5062,86.3584,0.002610912,0.0470545
"417431","cover_annual",2021,88.5973,83.243,0.001087412,0.0735223
"417431","cover_annual",2022,83.439,80.4807,0.000587361,0.0693675
"417431","cover_annual",2023,76.0185,74.8098,0.000960035,0.0340944
"417431","cover_none",2016,139.3279,96.254,0.000195209,0.0350459
"417431","cover_none",2017,115.2774,92.018,0.000110251,0.1356953
"417431","cover_none",2018,100.0452,87.6471,0.000202487,0.1065654
"417431","cover_none",2019,92.3872,83.6688,0.000858741,0.045205
"417431","cover_none",2020,88.7827,80.9581,0.002032763,0.0432033
"417431","cover_none",2021,82.2055,78.0824,0.000868102,0.0684042
"417431","cover_none",2022,77.9144,75.5904,0.000494427,0.0647865
"417431","cover_none",2023,71.2511,70.2831,0.000870476,0.0319413
"417431","fertilizer_reference",2016,139.3279,96.254,0.000195209,0.0350459
"417431","fertilizer_reference",2017,115.2774,92.018,0.00012223,0.1356953
"417431","fertilizer_reference",2018,100.0452,87.6471,0.000263124,0.1065654
"417431","fertilizer_reference",2019,92.3872,83.6688,0.001165998,0.045205
"417431","fertilizer_reference",2020,88.7827,80.9581,0.002896955,0.0432033
"417431","fertilizer_reference",2021,82.2055,78.0824,0.001282921,0.0684042
"417431","fertilizer_reference",2022,77.9144,75.5904,0.000816867,0.0647865
"417431","fertilizer_reference",2023,71.2511,70.2831,0.001427698,0.0319413
"417431","mineral_N_half",2016,139.3279,96.254,0.000173507,0.0350459
"417431","mineral_N_half",2017,115.2774,92.018,0.000113543,0.1356953
"417431","mineral_N_half",2018,100.0452,87.6471,0.000232626,0.1065654
"417431","mineral_N_half",2019,92.3872,83.6688,0.001012186,0.045205
"417431","mineral_N_half",2020,88.7827,80.9581,0.002464621,0.0432033
"417431","mineral_N_half",2021,82.2055,78.0824,0.001075439,0.0684042
"417431","mineral_N_half",2022,77.9144,75.5904,0.000655627,0.0647865
"417431","mineral_N_half",2023,71.2511,70.2831,0.001149046,0.0319413
"417431","mineral_N_one_half",2016,139.3279,96.254,0.000217024,0.0350459
"417431","mineral_N_one_half",2017,115.2774,92.018,0.000130831,0.1356953
"417431","mineral_N_one_half",2018,100.0452,87.6471,0.000293771,0.1065654
"417431","mineral_N_one_half",2019,92.3872,83.6688,0.001319696,0.045205
"417431","mineral_N_one_half",2020,88.7827,80.9581,0.003329303,0.0432033
"417431","mineral_N_one_half",2021,82.2055,78.0824,0.001490372,0.0684042
"417431","mineral_N_one_half",2022,77.9144,75.5904,0.000978132,0.0647865
"417431","mineral_N_one_half",2023,71.2511,70.2831,0.001706361,0.0319413
"417431","mineral_N_zero",2016,139.3279,96.254,0.000151756,0.0350459
"417431","mineral_N_zero",2017,115.2774,92.018,0.00010507,0.1356953
"417431","mineral_N_zero",2018,100.0452,87.6471,0.000202077,0.1065654
"417431","mineral_N_zero",2019,92.3872,83.6688,0.000858398,0.045205
"417431","mineral_N_zero",2020,88.7827,80.9581,0.002032407,0.0432033
"417431","mineral_N_zero",2021,82.2055,78.0824,0.000867995,0.0684042
"417431","mineral_N_zero",2022,77.9144,75.5904,0.000494398,0.0647865
"417431","mineral_N_zero",2023,71.2511,70.2831,0.000870463,0.0319413
"417431","organic_substitution",2016,141.4885,96.3885,0.000187699,0.0362683
"417431","organic_substitution",2017,119.8893,92.3581,0.000124994,0.138957
"417431","organic_substitution",2018,105.466,88.23,0.000250496,0.110109
"417431","organic_substitution",2019,98.0642,84.6823,0.001278856,0.0469898
"417431","organic_substitution",2020,93.1354,82.2097,0.003350669,0.044863
"417431","organic_substitution",2021,86.8217,79.4565,0.001569323,0.0709133
"417431","organic_substitution",2022,82.4483,77.0986,0.0010395,0.0676159
"417431","organic_substitution",2023,74.7152,71.9415,0.002214878,0.0331532
"417431","rice_irrigated_reference",2016,139.3271,96.253,0.00018049,0.0351879
"417431","rice_irrigated_reference",2017,115.2765,92.017,9.7011e-05,0.1356943
"417431","rice_irrigated_reference",2018,100.0443,87.6462,0.000201326,0.1065647
"417431","rice_irrigated_reference",2019,92.3864,83.668,0.000857923,0.0452042
"417431","rice_irrigated_reference",2020,88.7819,80.9573,0.002031791,0.0432031
"417431","rice_irrigated_reference",2021,82.2048,78.0817,0.000867826,0.0684032
"417431","rice_irrigated_reference",2022,77.9137,75.5897,0.000494355,0.064786
"417431","rice_irrigated_reference",2023,71.2504,70.2824,0.000870443,0.0319412
"417431","rice_one_dry",2016,139.3271,96.253,0.000180743,0.0351879
"417431","rice_one_dry",2017,115.2765,92.017,9.7014e-05,0.1356943
"417431","rice_one_dry",2018,100.0443,87.6462,0.000201326,0.1065647
"417431","rice_one_dry",2019,92.3864,83.668,0.000857923,0.0452042
"417431","rice_one_dry",2020,88.7819,80.9573,0.00203179,0.0432031
"417431","rice_one_dry",2021,82.2048,78.0817,0.000867826,0.0684032
"417431","rice_one_dry",2022,77.9137,75.5897,0.000494355,0.064786
"417431","rice_one_dry",2023,71.2504,70.2824,0.000870443,0.0319412
"417431","rice_two_dry",2016,139.3271,96.253,0.000180954,0.0351879
"417431","rice_two_dry",2017,115.2765,92.017,9.7006e-05,0.1356943
"417431","rice_two_dry",2018,100.0443,87.6462,0.000201326,0.1065647
"417431","rice_two_dry",2019,92.3864,83.668,0.000857923,0.0452042
"417431","rice_two_dry",2020,88.7819,80.9573,0.002031788,0.0432031
"417431","rice_two_dry",2021,82.2048,78.0817,0.000867826,0.0684032
"417431","rice_two_dry",2022,77.9137,75.5897,0.000494355,0.064786
"417431","rice_two_dry",2023,71.2504,70.2824,0.000870443,0.0319412
"417431","tillage_reduced",2016,139.3004,96.2374,0.000195488,0.0350316
"417431","tillage_reduced",2017,115.112,91.9729,0.00011071,0.1356497
"417431","tillage_reduced",2018,99.8699,87.5787,0.00020311,0.1064169
"417431","tillage_reduced",2019,92.2206,83.5699,0.000861059,0.04514
"417431","tillage_reduced",2020,88.6289,80.842,0.002033144,0.0431235
"417431","tillage_reduced",2021,82.0406,77.9506,0.00086817,0.0682713
"417431","tillage_reduced",2022,77.8682,75.5364,0.000487673,0.064741
"417431","tillage_reduced",2023,71.1805,70.2129,0.000871251,0.0319147
"417431","tillage_reference",2016,139.2239,96.1912,0.000196178,0.0349966
"417431","tillage_reference",2017,114.6693,91.8503,0.000111837,0.1355244
"417431","tillage_reference",2018,99.3879,87.3889,0.000205089,0.1060012
"417431","tillage_reference",2019,91.733,83.2784,0.000868258,0.0449631
"417431","tillage_reference",2020,88.1839,80.5037,0.002036978,0.0429031
"417431","tillage_reference",2021,81.5626,77.5666,0.000868996,0.0678996
"417431","tillage_reference",2022,77.3672,75.1045,0.000490951,0.064333
"417431","tillage_reference",2023,70.6856,69.7508,0.000876456,0.0317153
"417431","tillage_zero",2016,139.3279,96.254,0.000195209,0.0350459
"417431","tillage_zero",2017,115.2774,92.018,0.000110251,0.1356953
"417431","tillage_zero",2018,100.0452,87.6471,0.000202487,0.1065654
"417431","tillage_zero",2019,92.3872,83.6688,0.000858741,0.045205
"417431","tillage_zero",2020,88.7827,80.9581,0.002032763,0.0432033
"417431","tillage_zero",2021,82.2055,78.0824,0.000868102,0.0684042
"417431","tillage_zero",2022,78.0385,75.6829,0.000486653,0.0648814
"417431","tillage_zero",2023,71.3478,70.3689,0.00086968,0.0319876
"420047","cover_annual",2016,47.4631,46.5339,0.001498901,0
"420047","cover_annual",2017,42.5057,42.2113,0.002042198,0
"420047","cover_annual",2018,38.4795,38.3572,0.002692879,0
"420047","cover_annual",2019,35.5004,35.4048,0.001715461,0
"420047","cover_annual",2020,31.8501,31.7974,0.002296555,0
"420047","cover_annual",2021,28.9544,28.9052,0.002295506,0
"420047","cover_annual",2022,26.3348,26.2607,0.002102997,0
"420047","cover_annual",2023,24.2,24.111,0.001288412,0
"420047","cover_none",2016,47.2831,46.4556,0.001469865,0
"420047","cover_none",2017,42.3958,42.1348,0.002033643,0
"420047","cover_none",2018,38.3688,38.2841,0.002634746,0
"420047","cover_none",2019,35.233,35.2014,0.00168465,0
"420047","cover_none",2020,31.6055,31.5966,0.002265052,0
"420047","cover_none",2021,28.6403,28.6375,0.002280963,0
"420047","cover_none",2022,26.0238,25.9808,0.002083031,0
"420047","cover_none",2023,23.8722,23.8129,0.001279464,0
"420047","fertilizer_reference",2016,47.2831,46.4556,0.002045576,0
"420047","fertilizer_reference",2017,42.3958,42.1348,0.00317979,0
"420047","fertilizer_reference",2018,38.3688,38.2841,0.004028147,0
"420047","fertilizer_reference",2019,35.233,35.2014,0.00271739,0
"420047","fertilizer_reference",2020,31.6055,31.5966,0.003368584,0
"420047","fertilizer_reference",2021,28.6403,28.6375,0.003215964,0
"420047","fertilizer_reference",2022,26.0238,25.9808,0.002933609,0
"420047","fertilizer_reference",2023,23.8722,23.8129,0.001944683,0
"420047","mineral_N_half",2016,47.2831,46.4556,0.001757689,0
"420047","mineral_N_half",2017,42.3958,42.1348,0.002606694,0
"420047","mineral_N_half",2018,38.3688,38.2841,0.003331407,0
"420047","mineral_N_half",2019,35.233,35.2014,0.002201026,0
"420047","mineral_N_half",2020,31.6055,31.5966,0.002816807,0
"420047","mineral_N_half",2021,28.6403,28.6375,0.002748472,0
"420047","mineral_N_half",2022,26.0238,25.9808,0.002508313,0
"420047","mineral_N_half",2023,23.8722,23.8129,0.001612117,0
"420047","mineral_N_one_half",2016,47.2831,46.4556,0.002333418,0
"420047","mineral_N_one_half",2017,42.3958,42.1348,0.003752859,0
"420047","mineral_N_one_half",2018,38.3688,38.2841,0.004724818,0
"420047","mineral_N_one_half",2019,35.233,35.2014,0.003233755,0
"420047","mineral_N_one_half",2020,31.6055,31.5966,0.00392036,0
"420047","mineral_N_one_half",2021,28.6403,28.6375,0.003683438,0
"420047","mineral_N_one_half",2022,26.0238,25.9808,0.003358882,0
"420047","mineral_N_one_half",2023,23.8722,23.8129,0.002277292,0
"420047","mineral_N_zero",2016,47.2831,46.4556,0.001469865,0
"420047","mineral_N_zero",2017,42.3958,42.1348,0.002033643,0
"420047","mineral_N_zero",2018,38.3688,38.2841,0.002634746,0
"420047","mineral_N_zero",2019,35.233,35.2014,0.00168465,0
"420047","mineral_N_zero",2020,31.6055,31.5966,0.002265052,0
"420047","mineral_N_zero",2021,28.6403,28.6375,0.002280963,0
"420047","mineral_N_zero",2022,26.0238,25.9808,0.002083031,0
"420047","mineral_N_zero",2023,23.8722,23.8129,0.001279464,0
"420047","organic_substitution",2016,51.7831,46.4647,0.001470041,0
"420047","organic_substitution",2017,47.3901,42.447,0.002397651,0
"420047","organic_substitution",2018,43.9194,38.8664,0.003620341,0
"420047","organic_substitution",2019,41.3986,36.0324,0.002549813,0
"420047","organic_substitution",2020,39.336,32.6206,0.003673208,0
"420047","organic_substitution",2021,37.2971,29.8915,0.003869503,0
"420047","organic_substitution",2022,33.2222,27.4744,0.003849615,0
"420047","organic_substitution",2023,31.0846,25.4301,0.002272367,0
"420047","tillage_reduced",2016,47.2316,46.4129,0.001488964,0
"420047","tillage_reduced",2017,42.3394,42.0821,0.002042221,0
"420047","tillage_reduced",2018,38.2798,38.1973,0.002647312,0
"420047","tillage_reduced",2019,35.1412,35.1105,0.001691483,0
"420047","tillage_reduced",2020,31.4901,31.4815,0.002276987,0
"420047","tillage_reduced",2021,28.5205,28.5178,0.002291293,0
"420047","tillage_reduced",2022,25.886,25.8431,0.002089192,0
"420047","tillage_reduced",2023,23.7253,23.6662,0.001286782,0
"420047","tillage_reference",2016,47.0951,46.2995,0.001539249,0
"420047","tillage_reference",2017,42.1839,41.9368,0.002067354,0
"420047","tillage_reference",2018,38.0352,37.9586,0.002681713,0
"420047","tillage_reference",2019,34.8873,34.8591,0.001711306,0
"420047","tillage_reference",2020,31.1705,31.1629,0.002309785,0
"420047","tillage_reference",2021,28.189,28.1867,0.002320625,0
"420047","tillage_reference",2022,25.5092,25.4664,0.002105236,0
"420047","tillage_reference",2023,23.3233,23.2647,0.0013059,0
"420047","tillage_zero",2016,47.2831,46.4556,0.001469865,0
"420047","tillage_zero",2017,42.3958,42.1348,0.002033643,0
"420047","tillage_zero",2018,38.3688,38.2841,0.002634746,0
"420047","tillage_zero",2019,35.233,35.2014,0.00168465,0
"420047","tillage_zero",2020,31.6055,31.5966,0.002265052,0
"420047","tillage_zero",2021,28.6403,28.6375,0.002280963,0
"420047","tillage_zero",2022,26.0238,25.9808,0.002083031,0
"420047","tillage_zero",2023,23.8722,23.8129,0.001279464,0
"420343","cover_annual",2016,59.8174,58.9669,0.002561818,0
"420343","cover_annual",2017,54.4128,53.5848,0.001806434,0
"420343","cover_annual",2018,48.987,48.6091,0.002006831,0
"420343","cover_annual",2019,45.5711,42.6689,0.001964245,0
"420343","cover_annual",2020,39.7826,38.1398,0.002944318,0
"420343","cover_annual",2021,35.0109,34.1416,0.002961132,0
"420343","cover_annual",2022,30.3287,29.9101,0.004288868,0
"420343","cover_annual",2023,26.6832,26.4848,0.001466486,0
"420343","cover_none",2016,59.8174,58.9669,0.002561818,0
"420343","cover_none",2017,54.3728,53.5726,0.001787232,0
"420343","cover_none",2018,48.91,48.5736,0.002015916,0
"420343","cover_none",2019,45.4867,42.6096,0.002004616,0
"420343","cover_none",2020,39.5321,37.9499,0.002909591,0
"420343","cover_none",2021,34.7686,33.9404,0.00272323,0
"420343","cover_none",2022,30.0304,29.6705,0.004189672,0
"420343","cover_none",2023,26.4563,26.2686,0.001451598,0
"420343","fertilizer_reference",2016,59.8174,58.9669,0.002561818,0
"420343","fertilizer_reference",2017,54.3728,53.5726,0.002249099,0
"420343","fertilizer_reference",2018,48.91,48.5736,0.002276005,0
"420343","fertilizer_reference",2019,45.4867,42.6096,0.002109793,0
"420343","fertilizer_reference",2020,39.5321,37.9499,0.00329229,0
"420343","fertilizer_reference",2021,34.7686,33.9404,0.002919538,0
"420343","fertilizer_reference",2022,30.0304,29.6705,0.004375503,0
"420343","fertilizer_reference",2023,26.4563,26.2686,0.001503607,0
"420343","mineral_N_half",2016,59.8174,58.9669,0.00219321,0
"420343","mineral_N_half",2017,54.3728,53.5726,0.001956913,0
"420343","mineral_N_half",2018,48.91,48.5736,0.001911707,0
"420343","mineral_N_half",2019,45.4867,42.6096,0.001736781,0
"420343","mineral_N_half",2020,39.5321,37.9499,0.00250325,0
"420343","mineral_N_half",2021,34.7686,33.9404,0.00221431,0
"420343","mineral_N_half",2022,30.0304,29.6705,0.003299751,0
"420343","mineral_N_half",2023,26.4563,26.2686,0.00113904,0
"420343","mineral_N_one_half",2016,59.8174,58.9669,0.002930433,0
"420343","mineral_N_one_half",2017,54.3728,53.5726,0.002541277,0
"420343","mineral_N_one_half",2018,48.91,48.5736,0.002640305,0
"420343","mineral_N_one_half",2019,45.4867,42.6096,0.002482813,0
"420343","mineral_N_one_half",2020,39.5321,37.9499,0.004081261,0
"420343","mineral_N_one_half",2021,34.7686,33.9404,0.003624794,0
"420343","mineral_N_one_half",2022,30.0304,29.6705,0.005451295,0
"420343","mineral_N_one_half",2023,26.4563,26.2686,0.001868166,0
"420343","mineral_N_zero",2016,59.8174,58.9669,0.001824734,0
"420343","mineral_N_zero",2017,54.3728,53.5726,0.001664794,0
"420343","mineral_N_zero",2018,48.91,48.5736,0.001547388,0
"420343","mineral_N_zero",2019,45.4867,42.6096,0.001363743,0
"420343","mineral_N_zero",2020,39.5321,37.9499,0.00171428,0
"420343","mineral_N_zero",2021,34.7686,33.9404,0.001509071,0
"420343","mineral_N_zero",2022,30.0304,29.6705,0.002223962,0
"420343","mineral_N_zero",2023,26.4563,26.2686,0.000774431,0
"420343","organic_substitution",2016,60.2747,59.0693,0.00215063,0
"420343","organic_substitution",2017,58.3597,54.0148,0.002396271,0
"420343","organic_substitution",2018,55.1327,49.4191,0.002455417,0
"420343","organic_substitution",2019,51.1435,43.9841,0.002492238,0
"420343","organic_substitution",2020,43.6393,39.8682,0.003367999,0
"420343","organic_substitution",2021,40.7563,36.1069,0.00305697,0
"420343","organic_substitution",2022,37.692,32.1696,0.004604698,0
"420343","organic_substitution",2023,35.2331,29.1304,0.00168821,0
"420343","tillage_reduced",2016,59.7914,58.9438,0.002570752,0
"420343","tillage_reduced",2017,54.2652,53.4697,0.001805091,0
"420343","tillage_reduced",2018,49.0555,48.7052,0.001994725,0
"420343","tillage_reduced",2019,46.6223,43.6861,0.001919598,0
"420343","tillage_reduced",2020,41.0655,39.3643,0.002756425,0
"420343","tillage_reduced",2021,36.574,35.6286,0.002581088,0
"420343","tillage_reduced",2022,32.2513,31.7825,0.004015947,0
"420343","tillage_reduced",2023,28.6134,28.3723,0.001405748,0
"420343","tillage_reference",2016,59.7039,58.8662,0.002600231,0
"420343","tillage_reference",2017,53.9554,53.1728,0.00185305,0
"420343","tillage_reference",2018,48.3399,48.0226,0.0020567,0
"420343","tillage_reference",2019,45.0012,42.1277,0.00202358,0
"420343","tillage_reference",2020,39.1082,37.5235,0.002908662,0
"420343","tillage_reference",2021,34.2628,33.4508,0.002717085,0
"420343","tillage_reference",2022,29.6005,29.2459,0.004190484,0
"420343","tillage_reference",2023,26.0815,25.8957,0.001445829,0
"420343","tillage_zero",2016,59.8174,58.9669,0.002561818,0
"420343","tillage_zero",2017,54.3728,53.5726,0.001787232,0
"420343","tillage_zero",2018,49.2892,48.9278,0.00197504,0
"420343","tillage_zero",2019,46.9343,43.9888,0.001900963,0
"420343","tillage_zero",2020,41.3976,39.6843,0.002738585,0
"420343","tillage_zero",2021,36.9632,35.9991,0.002566763,0
"420343","tillage_zero",2022,32.6662,32.182,0.003995869,0
"420343","tillage_zero",2023,29.0236,28.7737,0.001400367,0
"424527","cover_annual",2016,72.6362,67.9195,0.003083183,0
"424527","cover_annual",2017,63.4481,60.0989,0.007362253,0
"424527","cover_annual",2018,57.9365,52.3389,0.007427317,0
"424527","cover_annual",2019,50.8376,44.3444,0.007412217,0
"424527","cover_annual",2020,41.5881,37.6549,0.008897569,0
"424527","cover_annual",2021,33.6644,32.1428,0.009071958,0
"424527","cover_annual",2022,40.0129,35.2952,0.010669947,0
"424527","cover_annual",2023,29.2682,28.9942,0.01338354,0
"424527","cover_none",2016,72.6362,67.9195,0.003083183,0
"424527","cover_none",2017,63.4481,60.0989,0.007362253,0
"424527","cover_none",2018,57.9365,52.3389,0.007427317,0
"424527","cover_none",2019,50.8376,44.3444,0.007412217,0
"424527","cover_none",2020,41.5881,37.6549,0.008897569,0
"424527","cover_none",2021,33.6644,32.1428,0.009071958,0
"424527","cover_none",2022,40.0049,35.2867,0.010748436,0
"424527","cover_none",2023,29.2495,28.9774,0.013427274,0
"424527","fertilizer_reference",2016,72.6362,67.9195,0.003083183,0
"424527","fertilizer_reference",2017,63.4481,60.0989,0.00743879,0
"424527","fertilizer_reference",2018,57.9365,52.3389,0.007717441,0
"424527","fertilizer_reference",2019,50.8376,44.3444,0.007595107,0
"424527","fertilizer_reference",2020,41.5881,37.6549,0.009148394,0
"424527","fertilizer_reference",2021,33.6644,32.1428,0.009757693,0
"424527","fertilizer_reference",2022,40.0049,35.2867,0.011324819,0
"424527","fertilizer_reference",2023,29.2495,28.9774,0.015057353,0
"424527","mineral_N_half",2016,72.6362,67.9195,0.003010995,0
"424527","mineral_N_half",2017,63.4481,60.0989,0.00722372,0
"424527","mineral_N_half",2018,57.9365,52.3389,0.007429877,0
"424527","mineral_N_half",2019,50.8376,44.3444,0.007281808,0
"424527","mineral_N_half",2020,41.5881,37.6549,0.008612956,0
"424527","mineral_N_half",2021,33.6644,32.1428,0.009083088,0
"424527","mineral_N_half",2022,40.0049,35.2867,0.010587502,0
"424527","mineral_N_half",2023,29.2495,28.9774,0.01330633,0
"424527","mineral_N_one_half",2016,72.6362,67.9195,0.003155372,0
"424527","mineral_N_one_half",2017,63.4481,60.0989,0.007653778,0
"424527","mineral_N_one_half",2018,57.9365,52.3389,0.008005004,0
"424527","mineral_N_one_half",2019,50.8376,44.3444,0.007908411,0
"424527","mineral_N_one_half",2020,41.5881,37.6549,0.009683858,0
"424527","mineral_N_one_half",2021,33.6644,32.1428,0.010432263,0
"424527","mineral_N_one_half",2022,40.0049,35.2867,0.012062173,0
"424527","mineral_N_one_half",2023,29.2495,28.9774,0.016808397,0
"424527","mineral_N_zero",2016,72.6362,67.9195,0.002938808,0
"424527","mineral_N_zero",2017,63.4481,60.0989,0.007008742,0
"424527","mineral_N_zero",2018,57.9365,52.3389,0.007142319,0
"424527","mineral_N_zero",2019,50.8376,44.3444,0.006968485,0
"424527","mineral_N_zero",2020,41.5881,37.6549,0.008077503,0
"424527","mineral_N_zero",2021,33.6644,32.1428,0.008408493,0
"424527","mineral_N_zero",2022,40.0049,35.2867,0.009850135,0
"424527","mineral_N_zero",2023,29.2495,28.9774,0.011555329,0
"424527","organic_substitution",2016,74.2842,68.0821,0.003037338,0
"424527","organic_substitution",2017,65.3848,60.5358,0.007548063,0
"424527","organic_substitution",2018,60.2077,53.0067,0.007963569,0
"424527","organic_substitution",2019,52.644,45.245,0.007956413,0
"424527","organic_substitution",2020,43.3745,38.6867,0.009415681,0
"424527","organic_substitution",2021,38.6929,33.126,0.010021715,0
"424527","organic_substitution",2022,49.3159,36.3312,0.011601325,0
"424527","organic_substitution",2023,34.9602,30.3173,0.013933015,0
"424527","tillage_reduced",2016,72.5449,67.8377,0.003086695,0
"424527","tillage_reduced",2017,63.3456,60.0019,0.007398103,0
"424527","tillage_reduced",2018,57.7075,52.1443,0.007450557,0
"424527","tillage_reduced",2019,50.6004,44.1485,0.007436853,0
"424527","tillage_reduced",2020,41.3924,37.4769,0.008921706,0
"424527","tillage_reduced",2021,33.4852,31.975,0.009081293,0
"424527","tillage_reduced",2022,40.5354,35.6854,0.010601732,0
"424527","tillage_reduced",2023,29.5653,29.2862,0.013318286,0
"424527","tillage_reference",2016,72.307,67.6268,0.003095473,0
"424527","tillage_reference",2017,63.041,59.7223,0.007499584,0
"424527","tillage_reference",2018,57.088,51.6197,0.007514629,0
"424527","tillage_reference",2019,49.9717,43.6262,0.007502033,0
"424527","tillage_reference",2020,40.8545,36.9924,0.008987216,0
"424527","tillage_reference",2021,33.003,31.5233,0.009106214,0
"424527","tillage_reference",2022,39.5101,34.7974,0.01075349,0
"424527","tillage_reference",2023,28.7733,28.5114,0.013433843,0
"424527","tillage_zero",2016,72.6362,67.9195,0.003083183,0
"424527","tillage_zero",2017,63.4481,60.0989,0.007362253,0
"424527","tillage_zero",2018,57.9365,52.3389,0.007427317,0
"424527","tillage_zero",2019,50.8376,44.3444,0.007412217,0
"424527","tillage_zero",2020,41.5881,37.6549,0.008897569,0
"424527","tillage_zero",2021,33.6644,32.1428,0.009071958,0
"424527","tillage_zero",2022,40.736,35.8709,0.010584479,0
"424527","tillage_zero",2023,29.7383,29.4554,0.01330507,0
"429989","cover_annual",2016,56.7681,56.2812,0.001608346,0
"429989","cover_annual",2017,48.7797,48.6766,0.002303323,0
"429989","cover_annual",2018,39.9219,39.8293,0.004867846,0
"429989","cover_annual",2019,33.0824,32.9868,0.004273388,0
"429989","cover_annual",2020,27.0004,26.9126,0.003688819,0
"429989","cover_annual",2021,22.0596,21.9653,0.00591965,0
"429989","cover_annual",2022,17.9635,17.8739,0.004147997,0
"429989","cover_annual",2023,14.9182,14.8917,0.001685111,0
"429989","cover_none",2016,56.7681,56.2812,0.001608346,0
"429989","cover_none",2017,48.7797,48.6766,0.002303323,0
"429989","cover_none",2018,39.817,39.7901,0.004942598,0
"429989","cover_none",2019,32.9155,32.8978,0.004252122,0
"429989","cover_none",2020,26.7693,26.7554,0.003649764,0
"429989","cover_none",2021,21.7876,21.7738,0.005819885,0
"429989","cover_none",2022,17.6707,17.6566,0.004050851,0
"429989","cover_none",2023,14.7205,14.7048,0.001655955,0
"429989","fertilizer_reference",2016,56.7681,56.2812,0.001699551,0
"429989","fertilizer_reference",2017,48.7797,48.6766,0.00237441,0
"429989","fertilizer_reference",2018,39.817,39.7901,0.005604806,0
"429989","fertilizer_reference",2019,32.9155,32.8978,0.005199907,0
"429989","fertilizer_reference",2020,26.7693,26.7554,0.004536359,0
"429989","fertilizer_reference",2021,21.7876,21.7738,0.00761596,0
"429989","fertilizer_reference",2022,17.6707,17.6566,0.005297089,0
"429989","fertilizer_reference",2023,14.7205,14.7048,0.002223083,0
"429989","mineral_N_half",2016,56.7681,56.2812,0.001653974,0
"429989","mineral_N_half",2017,48.7797,48.6766,0.002338907,0
"429989","mineral_N_half",2018,39.817,39.7901,0.00527369,0
"429989","mineral_N_half",2019,32.9155,32.8978,0.004726023,0
"429989","mineral_N_half",2020,26.7693,26.7554,0.004093074,0
"429989","mineral_N_half",2021,21.7876,21.7738,0.006717929,0
"429989","mineral_N_half",2022,17.6707,17.6566,0.004673953,0
"429989","mineral_N_half",2023,14.7205,14.7048,0.001939538,0
"429989","mineral_N_one_half",2016,56.7681,56.2812,0.001745151,0
"429989","mineral_N_one_half",2017,48.7797,48.6766,0.002409984,0
"429989","mineral_N_one_half",2018,39.817,39.7901,0.005935922,0
"429989","mineral_N_one_half",2019,32.9155,32.8978,0.005673784,0
"429989","mineral_N_one_half",2020,26.7693,26.7554,0.004979702,0
"429989","mineral_N_one_half",2021,21.7876,21.7738,0.008514009,0
"429989","mineral_N_one_half",2022,17.6707,17.6566,0.005920256,0
"429989","mineral_N_one_half",2023,14.7205,14.7048,0.002506621,0
"429989","mineral_N_zero",2016,56.7681,56.2812,0.001608346,0
"429989","mineral_N_zero",2017,48.7797,48.6766,0.002303323,0
"429989","mineral_N_zero",2018,39.817,39.7901,0.004942598,0
"429989","mineral_N_zero",2019,32.9155,32.8978,0.004252122,0
"429989","mineral_N_zero",2020,26.7693,26.7554,0.003649764,0
"429989","mineral_N_zero",2021,21.7876,21.7738,0.005819885,0
"429989","mineral_N_zero",2022,17.6707,17.6566,0.004050851,0
"429989","mineral_N_zero",2023,14.7205,14.7048,0.001655955,0
"429989","organic_substitution",2016,57.7198,56.526,0.001977651,0
"429989","organic_substitution",2017,50.1539,49.1704,0.002934391,0
"429989","organic_substitution",2018,44.8338,40.2572,0.005946446,0
"429989","organic_substitution",2019,38.589,33.5515,0.005090305,0
"429989","organic_substitution",2020,32.4142,27.5975,0.004525564,0
"429989","organic_substitution",2021,27.6995,22.7473,0.007438832,0
"429989","organic_substitution",2022,23.6816,18.7433,0.005372048,0
"429989","organic_substitution",2023,20.9397,15.9045,0.002375626,0
"429989","tillage_reduced",2016,56.7258,56.2427,0.00162049,0
"429989","tillage_reduced",2017,48.7295,48.6274,0.002309423,0
"429989","tillage_reduced",2018,39.6903,39.664,0.004965486,0
"429989","tillage_reduced",2019,32.8004,32.7828,0.004265562,0
"429989","tillage_reduced",2020,26.6619,26.648,0.003654991,0
"429989","tillage_reduced",2021,21.6855,21.6718,0.005821822,0
"429989","tillage_reduced",2022,17.577,17.5629,0.004049175,0
"429989","tillage_reduced",2023,14.6385,14.6229,0.001653304,0
"429989","tillage_reference",2016,56.6023,56.1301,0.001654832,0
"429989","tillage_reference",2017,48.5789,48.4798,0.002329025,0
"429989","tillage_reference",2018,39.3202,39.2958,0.005030444,0
"429989","tillage_reference",2019,32.4628,32.4455,0.004306615,0
"429989","tillage_reference",2020,26.348,26.3342,0.003670692,0
"429989","tillage_reference",2021,21.3875,21.3738,0.00582762,0
"429989","tillage_reference",2022,17.3018,17.2878,0.00404477,0
"429989","tillage_reference",2023,14.3981,14.3825,0.001645868,0
"429989","tillage_zero",2016,56.7681,56.2812,0.001608346,0
"429989","tillage_zero",2017,48.7797,48.6766,0.002303323,0
"429989","tillage_zero",2018,39.817,39.7901,0.004942598,0
"429989","tillage_zero",2019,32.9155,32.8978,0.004252122,0
"429989","tillage_zero",2020,26.7693,26.7554,0.003649764,0
"429989","tillage_zero",2021,21.7876,21.7738,0.005819885,0
"429989","tillage_zero",2022,17.6707,17.6566,0.004050851,0
"429989","tillage_zero",2023,14.7205,14.7048,0.001655955,0
"436143","cover_annual",2016,36.9507,36.6425,0.001683372,0
"436143","cover_annual",2017,27.91,27.7997,0.004536236,0
"436143","cover_annual",2018,21.1851,21.1648,0.006624382,0
"436143","cover_annual",2019,15.8992,15.8887,0.006756567,0
"436143","cover_annual",2020,17.2354,12.4111,0.006913259,0
"436143","cover_annual",2021,12.0646,9.7569,0.00642417,0
"436143","cover_annual",2022,11.1512,7.6192,0.006409731,0
"436143","cover_annual",2023,6.3813,6.1627,0.006300577,0
"436143","cover_none",2016,36.9507,36.6425,0.001683372,0
"436143","cover_none",2017,27.91,27.7997,0.004536236,0
"436143","cover_none",2018,21.1821,21.1636,0.006625876,0
"436143","cover_none",2019,15.8832,15.8812,0.006739298,0
"436143","cover_none",2020,16.5227,11.683,0.007148268,0
"436143","cover_none",2021,11.659,9.068,0.006436009,0
"436143","cover_none",2022,10.92,7.0803,0.006425236,0
"436143","cover_none",2023,5.9218,5.6792,0.006259548,0
"436143","fertilizer_reference",2016,36.9507,36.6425,0.001683372,0
"436143","fertilizer_reference",2017,27.91,27.7997,0.004726072,0
"436143","fertilizer_reference",2018,21.1821,21.1636,0.006762601,0
"436143","fertilizer_reference",2019,15.8832,15.8812,0.006832108,0
"436143","fertilizer_reference",2020,16.5227,11.683,0.007213312,0
"436143","fertilizer_reference",2021,11.659,9.068,0.006478119,0
"436143","fertilizer_reference",2022,10.92,7.0803,0.007244838,0
"436143","fertilizer_reference",2023,5.9218,5.6792,0.00748994,0
"436143","mineral_N_half",2016,36.9507,36.6425,0.001595132,0
"436143","mineral_N_half",2017,27.91,27.7997,0.004557422,0
"436143","mineral_N_half",2018,21.1821,21.1636,0.006239129,0
"436143","mineral_N_half",2019,15.8832,15.8812,0.006216738,0
"436143","mineral_N_half",2020,16.5227,11.683,0.006323718,0
"436143","mineral_N_half",2021,11.659,9.068,0.005509747,0
"436143","mineral_N_half",2022,10.92,7.0803,0.005770695,0
"436143","mineral_N_half",2023,5.9218,5.6792,0.005712601,0
"436143","mineral_N_one_half",2016,36.9507,36.6425,0.001771596,0
"436143","mineral_N_one_half",2017,27.91,27.7997,0.004894696,0
"436143","mineral_N_one_half",2018,21.1821,21.1636,0.007286075,0
"436143","mineral_N_one_half",2019,15.8832,15.8812,0.007447538,0
"436143","mineral_N_one_half",2020,16.5227,11.683,0.008102901,0
"436143","mineral_N_one_half",2021,11.659,9.068,0.007446468,0
"436143","mineral_N_one_half",2022,10.92,7.0803,0.008719015,0
"436143","mineral_N_one_half",2023,5.9218,5.6792,0.00926728,0
"436143","mineral_N_zero",2016,36.9507,36.6425,0.001506973,0
"436143","mineral_N_zero",2017,27.91,27.7997,0.004388754,0
"436143","mineral_N_zero",2018,21.1821,21.1636,0.005715651,0
"436143","mineral_N_zero",2019,15.8832,15.8812,0.0056013,0
"436143","mineral_N_zero",2020,16.5227,11.683,0.005434147,0
"436143","mineral_N_zero",2021,11.659,9.068,0.004541376,0
"436143","mineral_N_zero",2022,10.92,7.0803,0.004296529,0
"436143","mineral_N_zero",2023,5.9218,5.6792,0.003935263,0
"436143","organic_substitution",2016,37.5355,36.8622,0.001781774,0
"436143","organic_substitution",2017,28.5027,28.2102,0.005202112,0
"436143","organic_substitution",2018,22.1076,21.7021,0.006732723,0
"436143","organic_substitution",2019,17.947,16.4746,0.006605527,0
"436143","organic_substitution",2020,17.0277,12.4828,0.006766884,0
"436143","organic_substitution",2021,10.8775,10.0147,0.006034333,0
"436143","organic_substitution",2022,11.231,7.9756,0.006065113,0
"436143","organic_substitution",2023,7.2322,6.5615,0.005680432,0
"436143","tillage_reduced",2016,36.9365,36.6293,0.001688184,0
"436143","tillage_reduced",2017,27.8199,27.71,0.004560347,0
"436143","tillage_reduced",2018,21.6449,21.6198,0.006490069,0
"436143","tillage_reduced",2019,16.7955,16.7923,0.006558447,0
"436143","tillage_reduced",2020,17.5318,12.6891,0.006919844,0
"436143","tillage_reduced",2021,12.6687,9.9812,0.006294132,0
"436143","tillage_reduced",2022,11.7929,7.8775,0.006356931,0
"436143","tillage_reduced",2023,6.5418,6.2931,0.006277409,0
"436143","tillage_reference",2016,36.899,36.5945,0.001700797,0
"436143","tillage_reference",2017,27.5664,27.4577,0.004625503,0
"436143","tillage_reference",2018,20.9271,20.9086,0.006684003,0
"436143","tillage_reference",2019,15.6922,15.6902,0.006757849,0
"436143","tillage_reference",2020,16.3828,11.5431,0.007142712,0
"436143","tillage_reference",2021,11.5524,8.9614,0.006419955,0
"436143","tillage_reference",2022,10.8395,6.9998,0.006403228,0
"436143","tillage_reference",2023,5.8376,5.6021,0.0062456,0
"436143","tillage_zero",2016,36.9507,36.6425,0.001683372,0
"436143","tillage_zero",2017,27.91,27.7997,0.004536236,0
"436143","tillage_zero",2018,21.7642,21.7383,0.006459494,0
"436143","tillage_zero",2019,16.949,16.9456,0.006534071,0
"436143","tillage_zero",2020,17.6831,12.8405,0.006895713,0
"436143","tillage_zero",2021,12.812,10.1143,0.006282429,0
"436143","tillage_zero",2022,11.9118,7.9889,0.006355729,0
"436143","tillage_zero",2023,6.635,6.3836,0.006283423,0
"437146","fertilizer_reference",2016,97.3186,92.1039,0.000816495,0
"437146","fertilizer_reference",2017,101.8856,90.6925,0.000698015,0
"437146","fertilizer_reference",2018,102.3839,90.5931,0.000245676,0
"437146","fertilizer_reference",2019,100.9337,89.6593,0.000178171,0
"437146","fertilizer_reference",2020,93.0262,85.0955,0.000459486,0
"437146","fertilizer_reference",2021,85.1481,80.1015,0.000875947,0
"437146","fertilizer_reference",2022,77.9402,74.8193,0.001122222,0
"437146","fertilizer_reference",2023,73.5341,71.1925,0.000235925,0
"437146","mineral_N_half",2016,97.3186,92.1039,0.000767386,0
"437146","mineral_N_half",2017,101.8856,90.6925,0.000696084,0
"437146","mineral_N_half",2018,102.3839,90.5931,0.000227469,0
"437146","mineral_N_half",2019,100.9337,89.6593,0.000165406,0
"437146","mineral_N_half",2020,93.0262,85.0955,0.000439688,0
"437146","mineral_N_half",2021,85.1481,80.1015,0.00083604,0
"437146","mineral_N_half",2022,77.9402,74.8193,0.001064802,0
"437146","mineral_N_half",2023,73.5341,71.1925,0.000208434,0
"437146","mineral_N_one_half",2016,97.3186,92.1039,0.000865686,0
"437146","mineral_N_one_half",2017,101.8856,90.6925,0.000699922,0
"437146","mineral_N_one_half",2018,102.3839,90.5931,0.000263894,0
"437146","mineral_N_one_half",2019,100.9337,89.6593,0.000190972,0
"437146","mineral_N_one_half",2020,93.0262,85.0955,0.000479373,0
"437146","mineral_N_one_half",2021,85.1481,80.1015,0.00091582,0
"437146","mineral_N_one_half",2022,77.9402,74.8193,0.001179627,0
"437146","mineral_N_one_half",2023,73.5341,71.1925,0.000263352,0
"437146","mineral_N_zero",2016,97.3186,92.1039,0.000718202,0
"437146","mineral_N_zero",2017,101.8856,90.6925,0.00069418,0
"437146","mineral_N_zero",2018,102.3839,90.5931,0.000209215,0
"437146","mineral_N_zero",2019,100.9337,89.6593,0.000152632,0
"437146","mineral_N_zero",2020,93.0262,85.0955,0.000419849,0
"437146","mineral_N_zero",2021,85.1481,80.1015,0.000796168,0
"437146","mineral_N_zero",2022,77.9402,74.8193,0.001007395,0
"437146","mineral_N_zero",2023,73.5341,71.1925,0.000180988,0
"437146","organic_substitution",2016,99.0353,92.2452,0.000852442,0
"437146","organic_substitution",2017,104.2052,91.0475,0.000917051,0
"437146","organic_substitution",2018,105.7799,91.1254,0.000282483,0
"437146","organic_substitution",2019,105.1434,90.3837,0.000225524,0
"437146","organic_substitution",2020,95.7588,86.1406,0.000660831,0
"437146","organic_substitution",2021,87.5423,81.3503,0.001206929,0
"437146","organic_substitution",2022,80.4852,76.2125,0.001482289,0
"437146","organic_substitution",2023,76.8874,72.6994,0.000278505,0
"437146","tillage_reduced",2016,97.2729,92.0649,0.000725164,0
"437146","tillage_reduced",2017,101.7873,90.6104,0.000702352,0
"437146","tillage_reduced",2018,102.2182,90.4707,0.000212191,0
"437146","tillage_reduced",2019,100.7778,89.5365,0.00015305,0
"437146","tillage_reduced",2020,93.1831,85.1575,0.000407263,0
"437146","tillage_reduced",2021,85.4307,80.2824,0.000777412,0
"437146","tillage_reduced",2022,78.2508,75.0554,0.001002612,0
"437146","tillage_reduced",2023,73.8164,71.4292,0.000181526,0
"437146","tillage_reference",2016,97.1212,91.9358,0.000747101,0
"437146","tillage_reference",2017,101.4657,90.3415,0.000727198,0
"437146","tillage_reference",2018,101.7235,90.0962,0.000220169,0
"437146","tillage_reference",2019,100.2479,89.1291,0.000154748,0
"437146","tillage_reference",2020,92.4525,84.6003,0.000417209,0
"437146","tillage_reference",2021,84.6397,79.6354,0.000790234,0
"437146","tillage_reference",2022,77.4634,74.3685,0.00100487,0
"437146","tillage_reference",2023,72.9146,70.62,0.000189291,0
"437146","tillage_zero",2016,97.3186,92.1039,0.000718202,0
"437146","tillage_zero",2017,101.8856,90.6925,0.00069418,0
"437146","tillage_zero",2018,102.3839,90.5931,0.000209215,0
"437146","tillage_zero",2019,100.9537,89.6696,0.00015252,0
"437146","tillage_zero",2020,93.3581,85.2993,0.000406803,0
"437146","tillage_zero",2021,85.6005,80.4287,0.000777413,0
"437146","tillage_zero",2022,78.4188,75.2067,0.001002282,0
"437146","tillage_zero",2023,74.0145,71.6093,0.000179253,0
"440393","cover_annual",2016,71.0395,70.3345,0.001510124,0.0390626
"440393","cover_annual",2017,61.6887,61.4749,0.002333703,0.0307497
"440393","cover_annual",2018,56.4637,56.3094,0.001219133,0.0724138
"440393","cover_annual",2019,52.3484,52.1927,9.8728e-05,0.0753948
"440393","cover_annual",2020,48.1948,48.0262,0.000108079,0.0766472
"440393","cover_annual",2021,44.2758,44.0916,0.000110531,0.0709422
"440393","cover_annual",2022,40.5569,40.385,0.000102384,0.0659204
"440393","cover_annual",2023,37.6536,37.4414,7.5294e-05,0.0557342
"440393","cover_none",2016,71.0395,70.3345,0.001510124,0.0390626
"440393","cover_none",2017,61.6779,61.4701,0.002332789,0.0307867
"440393","cover_none",2018,56.4488,56.3014,0.001214086,0.0724378
"440393","cover_none",2019,52.3057,52.1659,9.8703e-05,0.0753501
"440393","cover_none",2020,48.0552,47.9347,0.000107946,0.0764964
"440393","cover_none",2021,44.0126,43.9065,0.000110114,0.0706238
"440393","cover_none",2022,40.2483,40.1534,0.000101922,0.0655014
"440393","cover_none",2023,37.2133,37.107,7.5357e-05,0.0552031
"440393","fertilizer_reference",2016,71.0395,70.3345,0.001568475,0.0390626
"440393","fertilizer_reference",2017,61.6779,61.4701,0.002791448,0.0307867
"440393","fertilizer_reference",2018,56.4488,56.3014,0.001333761,0.0724378
"440393","fertilizer_reference",2019,52.3057,52.1659,0.000100674,0.0753501
"440393","fertilizer_reference",2020,48.0552,47.9347,0.000108047,0.0764964
"440393","fertilizer_reference",2021,44.0126,43.9065,0.000110124,0.0706238
"440393","fertilizer_reference",2022,40.2483,40.1534,0.000101922,0.0655014
"440393","fertilizer_reference",2023,37.2133,37.107,7.5357e-05,0.0552031
"440393","mineral_N_half",2016,71.0395,70.3345,0.001539316,0.0390626
"440393","mineral_N_half",2017,61.6779,61.4701,0.002562115,0.0307867
"440393","mineral_N_half",2018,56.4488,56.3014,0.001228371,0.0724378
"440393","mineral_N_half",2019,52.3057,52.1659,8.6127e-05,0.0753501
"440393","mineral_N_half",2020,48.0552,47.9347,9.0295e-05,0.0764964
"440393","mineral_N_half",2021,44.0126,43.9065,9.2983e-05,0.0706238
"440393","mineral_N_half",2022,40.2483,40.1534,8.6415e-05,0.0655014
"440393","mineral_N_half",2023,37.2133,37.107,6.1058e-05,0.0552031
"440393","mineral_N_one_half",2016,71.0395,70.3345,0.00159766,0.0390626
"440393","mineral_N_one_half",2017,61.6779,61.4701,0.003020748,0.0307867
"440393","mineral_N_one_half",2018,56.4488,56.3014,0.001439168,0.0724378
"440393","mineral_N_one_half",2019,52.3057,52.1659,0.000115288,0.0753501
"440393","mineral_N_one_half",2020,48.0552,47.9347,0.00012585,0.0764964
"440393","mineral_N_one_half",2021,44.0126,43.9065,0.000127188,0.0706238
"440393","mineral_N_one_half",2022,40.2483,40.1534,0.000117531,0.0655014
"440393","mineral_N_one_half",2023,37.2133,37.107,8.9589e-05,0.0552031
"440393","mineral_N_zero",2016,71.0395,70.3345,0.001510124,0.0390626
"440393","mineral_N_zero",2017,61.6779,61.4701,0.002332789,0.0307867
"440393","mineral_N_zero",2018,56.4488,56.3014,0.001123017,0.0724378
"440393","mineral_N_zero",2019,52.3057,52.1659,7.1653e-05,0.0753501
"440393","mineral_N_zero",2020,48.0552,47.9347,7.2445e-05,0.0764964
"440393","mineral_N_zero",2021,44.0126,43.9065,7.5982e-05,0.0706238
"440393","mineral_N_zero",2022,40.2483,40.1534,7.0795e-05,0.0655014
"440393","mineral_N_zero",2023,37.2133,37.107,4.6842e-05,0.0552031
"440393","organic_substitution",2016,72.9813,70.5465,0.001711459,0.039266
"440393","organic_substitution",2017,63.3414,61.9569,0.003163993,0.0315459
"440393","organic_substitution",2018,59.2251,56.9542,0.001546459,0.0748484
"440393","organic_substitution",2019,56.0586,52.9878,0.000114465,0.0790249
"440393","organic_substitution",2020,52.0983,48.9549,0.000131428,0.0811666
"440393","organic_substitution",2021,48.1687,45.1171,0.000144264,0.0756495
"440393","organic_substitution",2022,44.5272,41.5347,0.000138815,0.0708025
"440393","organic_substitution",2023,41.8892,38.6375,9.7571e-05,0.060408
"440393","rice_irrigated_reference",2016,71.0395,70.3345,0.001510124,0.0390626
"440393","rice_irrigated_reference",2017,65.0068,64.642,0.000340862,0.0885051
"440393","rice_irrigated_reference",2018,59.4161,59.2048,0.000447854,0.0768637
"440393","rice_irrigated_reference",2019,55.0202,54.8505,6.7244e-05,0.0792589
"440393","rice_irrigated_reference",2020,50.5295,50.3962,8.5438e-05,0.0804415
"440393","rice_irrigated_reference",2021,46.267,46.1556,8.5192e-05,0.0742523
"440393","rice_irrigated_reference",2022,42.3022,42.2052,7.9912e-05,0.0688501
"440393","rice_irrigated_reference",2023,39.1044,38.9972,5.8606e-05,0.0580186
"440393","rice_one_dry",2016,71.0395,70.3345,0.001510124,0.0390626
"440393","rice_one_dry",2017,65.0068,64.642,0.000341678,0.0885051
"440393","rice_one_dry",2018,59.4161,59.2048,0.000448507,0.0768639
"440393","rice_one_dry",2019,55.0202,54.8505,6.7609e-05,0.0792589
"440393","rice_one_dry",2020,50.5295,50.3962,8.5948e-05,0.0804415
"440393","rice_one_dry",2021,46.267,46.1556,8.5866e-05,0.0742523
"440393","rice_one_dry",2022,42.3022,42.2052,8.0629e-05,0.0688501
"440393","rice_one_dry",2023,39.1044,38.9972,5.8957e-05,0.0580186
"440393","rice_two_dry",2016,71.0395,70.3345,0.001510124,0.0390626
"440393","rice_two_dry",2017,65.0068,64.642,0.000342258,0.0885051
"440393","rice_two_dry",2018,59.4161,59.2048,0.000449138,0.0768641
"440393","rice_two_dry",2019,55.0202,54.8505,6.7882e-05,0.0792589
"440393","rice_two_dry",2020,50.5295,50.3962,8.6355e-05,0.0804415
"440393","rice_two_dry",2021,46.267,46.1556,8.641e-05,0.0742523
"440393","rice_two_dry",2022,42.3022,42.2052,8.114e-05,0.0688501
"440393","rice_two_dry",2023,39.1044,38.9972,5.9217e-05,0.0580186
"440393","tillage_reduced",2016,71.0152,70.3128,0.001514808,0.0390506
"440393","tillage_reduced",2017,61.5359,61.3321,0.002368056,0.0307673
"440393","tillage_reduced",2018,56.2482,56.1036,0.001226651,0.0722127
"440393","tillage_reduced",2019,52.0794,51.9415,9.9545e-05,0.0750499
"440393","tillage_reduced",2020,47.8075,47.6884,0.000108566,0.0761278
"440393","tillage_reduced",2021,43.8904,43.7822,0.00010965,0.0702763
"440393","tillage_reduced",2022,40.2392,40.1407,0.000100044,0.0653325
"440393","tillage_reduced",2023,37.1804,37.0728,7.5055e-05,0.0551721
"440393","tillage_reference",2016,70.9452,70.2501,0.001529155,0.0390187
"440393","tillage_reference",2017,61.1545,60.9607,0.002459887,0.0307101
"440393","tillage_reference",2018,55.7144,55.5768,0.00125971,0.071614
"440393","tillage_reference",2019,51.4758,51.3428,0.000101681,0.0742598
"440393","tillage_reference",2020,47.145,47.0295,0.00011033,0.0751545
"440393","tillage_reference",2021,43.1823,43.0783,0.000109587,0.0692921
"440393","tillage_reference",2022,39.4907,39.3967,0.000100655,0.0642647
"440393","tillage_reference",2023,36.4037,36.2994,7.6433e-05,0.0540742
"440393","tillage_zero",2016,71.0395,70.3345,0.001510124,0.0390626
"440393","tillage_zero",2017,61.6779,61.4701,0.002332789,0.0307867
"440393","tillage_zero",2018,56.4488,56.3014,0.001214086,0.0724378
"440393","tillage_zero",2019,52.3057,52.1659,9.8703e-05,0.0753501
"440393","tillage_zero",2020,48.0552,47.9347,0.000107946,0.0764964
"440393","tillage_zero",2021,44.131,44.0218,0.000109737,0.0706378
"440393","tillage_zero",2022,40.47,40.3708,0.000100191,0.065694
"440393","tillage_zero",2023,37.4233,37.3149,7.4658e-05,0.0555124
"453786","fertilizer_reference",2016,64.723,62.8753,0.00031337,0
"453786","fertilizer_reference",2017,60.3815,58.9058,0.0004677,0
"453786","fertilizer_reference",2018,56.6003,55.236,0.000875244,0
"453786","fertilizer_reference",2019,52.8495,51.713,0.000552954,0
"453786","fertilizer_reference",2020,49.0909,48.0434,0.000505917,0
"453786","fertilizer_reference",2021,46.2359,45.28,0.001014955,0
"453786","fertilizer_reference",2022,41.8722,41.2973,0.001714301,0
"453786","fertilizer_reference",2023,38.6825,38.1621,0.000636838,0
"453786","mineral_N_half",2016,64.723,62.8753,0.000277672,0
"453786","mineral_N_half",2017,60.3815,58.9058,0.000408991,0
"453786","mineral_N_half",2018,56.6003,55.236,0.000797478,0
"453786","mineral_N_half",2019,52.8495,51.713,0.000524658,0
"453786","mineral_N_half",2020,49.0909,48.0434,0.000476556,0
"453786","mineral_N_half",2021,46.2359,45.28,0.000960342,0
"453786","mineral_N_half",2022,41.8722,41.2973,0.001622833,0
"453786","mineral_N_half",2023,38.6825,38.1621,0.000610477,0
"453786","mineral_N_one_half",2016,64.723,62.8753,0.000349132,0
"453786","mineral_N_one_half",2017,60.3815,58.9058,0.000526472,0
"453786","mineral_N_one_half",2018,56.6003,55.236,0.00095305,0
"453786","mineral_N_one_half",2019,52.8495,51.713,0.000581244,0
"453786","mineral_N_one_half",2020,49.0909,48.0434,0.000535269,0
"453786","mineral_N_one_half",2021,46.2359,45.28,0.001069545,0
"453786","mineral_N_one_half",2022,41.8722,41.2973,0.001805806,0
"453786","mineral_N_one_half",2023,38.6825,38.1621,0.000663216,0
"453786","mineral_N_zero",2016,64.723,62.8753,0.000241998,0
"453786","mineral_N_zero",2017,60.3815,58.9058,0.000350277,0
"453786","mineral_N_zero",2018,56.6003,55.236,0.000719712,0
"453786","mineral_N_zero",2019,52.8495,51.713,0.000496409,0
"453786","mineral_N_zero",2020,49.0909,48.0434,0.00044721,0
"453786","mineral_N_zero",2021,46.2359,45.28,0.000905696,0
"453786","mineral_N_zero",2022,41.8722,41.2973,0.001531367,0
"453786","mineral_N_zero",2023,38.6825,38.1621,0.000584087,0
"453786","organic_substitution",2016,66.4148,63.0556,0.000299547,0
"453786","organic_substitution",2017,68.2862,59.3923,0.000491355,0
"453786","organic_substitution",2018,66.0361,56.0417,0.001117553,0
"453786","organic_substitution",2019,63.1491,52.8616,0.00082486,0
"453786","organic_substitution",2020,55.9138,49.812,0.000855431,0
"453786","organic_substitution",2021,55.9264,47.1794,0.001777865,0
"453786","organic_substitution",2022,51.9811,43.4377,0.002905666,0
"453786","organic_substitution",2023,49.1998,40.5525,0.001130044,0
"453786","tillage_reduced",2016,64.6919,62.8491,0.000244653,0
"453786","tillage_reduced",2017,60.3363,58.8647,0.000356336,0
"453786","tillage_reduced",2018,56.5313,55.1716,0.000782849,0
"453786","tillage_reduced",2019,52.7702,51.6375,0.000526265,0
"453786","tillage_reduced",2020,48.9989,47.9547,0.000480321,0
"453786","tillage_reduced",2021,46.118,45.167,0.000987908,0
"453786","tillage_reduced",2022,41.7468,41.1756,0.001686358,0
"453786","tillage_reduced",2023,38.5586,38.0405,0.000626819,0
"453786","tillage_reference",2016,64.6023,62.7739,0.000251984,0
"453786","tillage_reference",2017,60.205,58.7458,0.000360175,0
"453786","tillage_reference",2018,56.3369,54.9902,0.000791533,0
"453786","tillage_reference",2019,52.5466,51.4245,0.000530647,0
"453786","tillage_reference",2020,48.7327,47.6985,0.000484315,0
"453786","tillage_reference",2021,45.7832,44.8461,0.000998856,0
"453786","tillage_reference",2022,41.3873,40.827,0.001704315,0
"453786","tillage_reference",2023,38.2047,37.6931,0.000630651,0
"453786","tillage_zero",2016,64.723,62.8753,0.000241998,0
"453786","tillage_zero",2017,60.3815,58.9058,0.00035511,0
"453786","tillage_zero",2018,56.6003,55.236,0.000779823,0
"453786","tillage_zero",2019,52.8495,51.713,0.000524826,0
"453786","tillage_zero",2020,49.0909,48.0434,0.00047906,0
"453786","tillage_zero",2021,46.2359,45.28,0.000984106,0
"453786","tillage_zero",2022,41.8722,41.2973,0.001680275,0
"453786","tillage_zero",2023,38.6825,38.1621,0.000625596,0
"462857","cover_annual",2016,48.7685,46.6051,8.0941e-05,0
"462857","cover_annual",2017,46.8925,45.319,0.000223907,0
"462857","cover_annual",2018,46.6474,45.1084,0.000258729,0
"462857","cover_annual",2019,46.4057,44.8157,0.000418932,0
"462857","cover_annual",2020,46.1709,44.7104,0.000522289,0
"462857","cover_annual",2021,50.1821,44.8177,0.000520433,0
"462857","cover_annual",2022,52.5376,44.6984,0.000522964,0
"462857","cover_annual",2023,51.008,44.2042,0.000532282,0
"462857","cover_none",2016,48.69,46.5778,8.0976e-05,0
"462857","cover_none",2017,46.7782,45.2756,0.000224038,0
"462857","cover_none",2018,46.4564,45.029,0.000258832,0
"462857","cover_none",2019,46.2451,44.7444,0.000418853,0
"462857","cover_none",2020,46.0267,44.639,0.000521086,0
"462857","cover_none",2021,50.039,44.7463,0.000519174,0
"462857","cover_none",2022,52.3257,44.6016,0.000521652,0
"462857","cover_none",2023,50.8145,44.1073,0.000531209,0
"462857","fertilizer_reference",2016,48.69,46.5778,0.000310961,0
"462857","fertilizer_reference",2017,46.7782,45.2756,0.000476042,0
"462857","fertilizer_reference",2018,46.4564,45.029,0.000894404,0
"462857","fertilizer_reference",2019,46.2451,44.7444,0.001047004,0
"462857","fertilizer_reference",2020,46.0267,44.639,0.001496014,0
"462857","fertilizer_reference",2021,50.039,44.7463,0.00161267,0
"462857","fertilizer_reference",2022,52.3257,44.6016,0.00173581,0
"462857","fertilizer_reference",2023,50.8145,44.1073,0.001770293,0
"462857","mineral_N_half",2016,48.69,46.5778,0.000195947,0
"462857","mineral_N_half",2017,46.7782,45.2756,0.000350054,0
"462857","mineral_N_half",2018,46.4564,45.029,0.000569106,0
"462857","mineral_N_half",2019,46.2451,44.7444,0.000657246,0
"462857","mineral_N_half",2020,46.0267,44.639,0.000926163,0
"462857","mineral_N_half",2021,50.039,44.7463,0.000985033,0
"462857","mineral_N_half",2022,52.3257,44.6016,0.001049386,0
"462857","mineral_N_half",2023,50.8145,44.1073,0.001076746,0
"462857","mineral_N_one_half",2016,48.69,46.5778,0.000425922,0
"462857","mineral_N_one_half",2017,46.7782,45.2756,0.000602092,0
"462857","mineral_N_one_half",2018,46.4564,45.029,0.001219704,0
"462857","mineral_N_one_half",2019,46.2451,44.7444,0.001436811,0
"462857","mineral_N_one_half",2020,46.0267,44.639,0.002065864,0
"462857","mineral_N_one_half",2021,50.039,44.7463,0.002240323,0
"462857","mineral_N_one_half",2022,52.3257,44.6016,0.002422309,0
"462857","mineral_N_one_half",2023,50.8145,44.1073,0.002463842,0
"462857","mineral_N_zero",2016,48.69,46.5778,8.0976e-05,0
"462857","mineral_N_zero",2017,46.7782,45.2756,0.000224038,0
"462857","mineral_N_zero",2018,46.4564,45.029,0.000243821,0
"462857","mineral_N_zero",2019,46.2451,44.7444,0.000267555,0
"462857","mineral_N_zero",2020,46.0267,44.639,0.000356603,0
"462857","mineral_N_zero",2021,50.039,44.7463,0.000357613,0
"462857","mineral_N_zero",2022,52.3257,44.6016,0.000363184,0
"462857","mineral_N_zero",2023,50.8145,44.1073,0.000383484,0
"462857","organic_substitution",2016,53.2462,46.5826,8.0982e-05,0
"462857","organic_substitution",2017,54.7533,45.3717,0.000258965,0
"462857","organic_substitution",2018,62.3823,45.1996,0.000288823,0
"462857","organic_substitution",2019,64.4544,45.0905,0.00037868,0
"462857","organic_substitution",2020,66.2242,45.2178,0.0006293,0
"462857","organic_substitution",2021,75.019,45.3485,0.000642477,0
"462857","organic_substitution",2022,80.4394,45.3512,0.000670864,0
"462857","organic_substitution",2023,78.2501,45.1719,0.000787217,0
"462857","tillage_reduced",2016,48.6514,46.5529,8.3412e-05,0
"462857","tillage_reduced",2017,46.7108,45.2273,0.000228459,0
"462857","tillage_reduced",2018,46.4137,44.9978,0.000262574,0
"462857","tillage_reduced",2019,46.2044,44.7135,0.000421324,0
"462857","tillage_reduced",2020,45.9882,44.6086,0.000523726,0
"462857","tillage_reduced",2021,50,44.7155,0.000521766,0
"462857","tillage_reduced",2022,52.2875,44.571,0.000524186,0
"462857","tillage_reduced",2023,50.7736,44.0756,0.000533702,0
"462857","tillage_reference",2016,48.552,46.4885,8.9753e-05,0
"462857","tillage_reference",2017,46.5293,45.0964,0.00024038,0
"462857","tillage_reference",2018,46.2127,44.8504,0.000274984,0
"462857","tillage_reference",2019,46.0125,44.5675,0.000433449,0
"462857","tillage_reference",2020,45.8059,44.4643,0.000536288,0
"462857","tillage_reference",2021,49.8173,44.5705,0.00053414,0
"462857","tillage_reference",2022,52.0974,44.4233,0.000536355,0
"462857","tillage_reference",2023,50.5782,43.9249,0.000545765,0
"462857","tillage_zero",2016,48.69,46.5778,8.0976e-05,0
"462857","tillage_zero",2017,46.7782,45.2756,0.000224038,0
"462857","tillage_zero",2018,46.4817,45.0473,0.000258168,0
"462857","tillage_zero",2019,46.2693,44.7626,0.000417287,0
"462857","tillage_zero",2020,46.0497,44.6571,0.000519513,0
"462857","tillage_zero",2021,50.0619,44.7643,0.000517567,0
"462857","tillage_zero",2022,52.3483,44.6196,0.000520134,0
"462857","tillage_zero",2023,50.8362,44.1251,0.000529824,0
"469135","cover_annual",2016,123.9674,116.9249,0.000276446,0
"469135","cover_annual",2017,119.2652,113.1485,0.0003747,0
"469135","cover_annual",2018,113.9545,108.7211,0.000736518,0
"469135","cover_annual",2019,107.9943,103.7814,0.000693381,0
"469135","cover_annual",2020,102.6172,99.4634,0.001638857,0
"469135","cover_annual",2021,93.9887,92.4182,0.001837803,0
"469135","cover_annual",2022,85.746,85.0234,0.001961817,0
"469135","cover_annual",2023,78.4602,78.1219,0.001755096,0
"469135","cover_none",2016,123.9674,116.9249,0.000276446,0
"469135","cover_none",2017,119.2652,113.1485,0.0003747,0
"469135","cover_none",2018,113.9545,108.7211,0.000736518,0
"469135","cover_none",2019,107.9943,103.7814,0.000693381,0
"469135","cover_none",2020,102.5454,99.4346,0.001642375,0
"469135","cover_none",2021,93.8557,92.3492,0.001870549,0
"469135","cover_none",2022,85.5989,84.9244,0.001953412,0
"469135","cover_none",2023,78.3082,78.0048,0.001749815,0
"469135","fertilizer_reference",2016,123.9674,116.9249,0.000276446,0
"469135","fertilizer_reference",2017,119.2652,113.1485,0.000402593,0
"469135","fertilizer_reference",2018,113.9545,108.7211,0.000804645,0
"469135","fertilizer_reference",2019,107.9943,103.7814,0.000761471,0
"469135","fertilizer_reference",2020,102.5454,99.4346,0.001833295,0
"469135","fertilizer_reference",2021,93.8557,92.3492,0.002072197,0
"469135","fertilizer_reference",2022,85.5989,84.9244,0.002094137,0
"469135","fertilizer_reference",2023,78.3082,78.0048,0.001823472,0
"469135","mineral_N_half",2016,123.9674,116.9249,0.000239933,0
"469135","mineral_N_half",2017,119.2652,113.1485,0.000373868,0
"469135","mineral_N_half",2018,113.9545,108.7211,0.00075678,0
"469135","mineral_N_half",2019,107.9943,103.7814,0.000720703,0
"469135","mineral_N_half",2020,102.5454,99.4346,0.001729043,0
"469135","mineral_N_half",2021,93.8557,92.3492,0.001965953,0
"469135","mineral_N_half",2022,85.5989,84.9244,0.001984498,0
"469135","mineral_N_half",2023,78.3082,78.0048,0.001726344,0
"469135","mineral_N_one_half",2016,123.9674,116.9249,0.000313024,0
"469135","mineral_N_one_half",2017,119.2652,113.1485,0.000431235,0
"469135","mineral_N_one_half",2018,113.9545,108.7211,0.000852475,0
"469135","mineral_N_one_half",2019,107.9943,103.7814,0.000802208,0
"469135","mineral_N_one_half",2020,102.5454,99.4346,0.001937604,0
"469135","mineral_N_one_half",2021,93.8557,92.3492,0.002178495,0
"469135","mineral_N_one_half",2022,85.5989,84.9244,0.0022038,0
"469135","mineral_N_one_half",2023,78.3082,78.0048,0.001920562,0
"469135","mineral_N_zero",2016,123.9674,116.9249,0.000203378,0
"469135","mineral_N_zero",2017,119.2652,113.1485,0.000345241,0
"469135","mineral_N_zero",2018,113.9545,108.7211,0.000708888,0
"469135","mineral_N_zero",2019,107.9943,103.7814,0.000679959,0
"469135","mineral_N_zero",2020,102.5454,99.4346,0.001624798,0
"469135","mineral_N_zero",2021,93.8557,92.3492,0.001859718,0
"469135","mineral_N_zero",2022,85.5989,84.9244,0.001874844,0
"469135","mineral_N_zero",2023,78.3082,78.0048,0.00162923,0
"469135","organic_substitution",2016,126.0143,117.0627,0.000233208,0
"469135","organic_substitution",2017,122.9619,113.4475,0.000410381,0
"469135","organic_substitution",2018,118.4706,109.2351,0.000872179,0
"469135","organic_substitution",2019,112.9293,104.5409,0.000865252,0
"469135","organic_substitution",2020,109.8168,100.3564,0.002061791,0
"469135","organic_substitution",2021,102.5757,93.485,0.002302528,0
"469135","organic_substitution",2022,94.7267,86.3244,0.002317747,0
"469135","organic_substitution",2023,88.151,79.6227,0.002023063,0
"469135","tillage_reduced",2016,123.9034,116.8785,0.000279526,0
"469135","tillage_reduced",2017,119.1329,113.0491,0.000378874,0
"469135","tillage_reduced",2018,113.8102,108.6051,0.000742951,0
"469135","tillage_reduced",2019,107.814,103.63,0.000698178,0
"469135","tillage_reduced",2020,102.3168,99.2333,0.001654631,0
"469135","tillage_reduced",2021,93.5582,92.0788,0.001883694,0
"469135","tillage_reduced",2022,85.6437,84.9593,0.001962076,0
"469135","tillage_reduced",2023,78.3539,78.0461,0.001736301,0
"469135","tillage_reference",2016,123.697,116.7294,0.00028805,0
"469135","tillage_reference",2017,118.7377,112.7513,0.000390945,0
"469135","tillage_reference",2018,113.3852,108.2622,0.000761444,0
"469135","tillage_reference",2019,107.3004,103.1963,0.000711549,0
"469135","tillage_reference",2020,101.6392,98.6356,0.001687434,0
"469135","tillage_reference",2021,92.6874,91.2847,0.001922058,0
"469135","tillage_reference",2022,84.5702,83.9428,0.001994192,0
"469135","tillage_reference",2023,77.2519,76.9741,0.001774802,0
"469135","tillage_zero",2016,123.9674,116.9249,0.000276446,0
"469135","tillage_zero",2017,119.2652,113.1485,0.0003747,0
"469135","tillage_zero",2018,113.9545,108.7211,0.000736518,0
"469135","tillage_zero",2019,107.9943,103.7814,0.000693381,0
"469135","tillage_zero",2020,102.5454,99.4346,0.001642375,0
"469135","tillage_zero",2021,93.8557,92.3492,0.001870549,0
"469135","tillage_zero",2022,85.9409,85.2413,0.001951566,0
"469135","tillage_zero",2023,78.6494,78.3337,0.001728068,0
"472163","cover_annual",2016,113.4126,112.4079,0.002642621,0
"472163","cover_annual",2017,102.9024,102.524,0.003199045,0
"472163","cover_annual",2018,93.7614,93.631,0.003614536,0
"472163","cover_annual",2019,86.3286,86.2787,0.002359012,0
"472163","cover_annual",2020,78.3221,78.3061,0.003185061,0
"472163","cover_annual",2021,71.6176,71.612,0.002814529,0
"472163","cover_annual",2022,64.9966,64.9948,0.002679871,0
"472163","cover_annual",2023,59.9333,59.9326,0.001310748,0
"472163","cover_none",2016,113.3731,112.384,0.002638851,0
"472163","cover_none",2017,102.8384,102.479,0.003190418,0
"472163","cover_none",2018,93.7123,93.5886,0.003611983,0
"472163","cover_none",2019,86.2863,86.239,0.002358256,0
"472163","cover_none",2020,78.2847,78.2695,0.003184736,0
"472163","cover_none",2021,71.5834,71.5781,0.002814508,0
"472163","cover_none",2022,64.9654,64.9637,0.002679962,0
"472163","cover_none",2023,59.9044,59.9037,0.00131083,0
"472163","fertilizer_reference",2016,113.3731,112.384,0.002638851,0
"472163","fertilizer_reference",2017,102.8384,102.479,0.003704697,0
"472163","fertilizer_reference",2018,93.7123,93.5886,0.003818296,0
"472163","fertilizer_reference",2019,86.2863,86.239,0.002390252,0
"472163","fertilizer_reference",2020,78.2847,78.2695,0.003199694,0
"472163","fertilizer_reference",2021,71.5834,71.5781,0.003057378,0
"472163","fertilizer_reference",2022,64.9654,64.9637,0.00299971,0
"472163","fertilizer_reference",2023,59.9044,59.9037,0.001457277,0
"472163","mineral_N_half",2016,113.3731,112.384,0.002388403,0
"472163","mineral_N_half",2017,102.8384,102.479,0.003373453,0
"472163","mineral_N_half",2018,93.7123,93.5886,0.003576075,0
"472163","mineral_N_half",2019,86.2863,86.239,0.002275399,0
"472163","mineral_N_half",2020,78.2847,78.2695,0.003049036,0
"472163","mineral_N_half",2021,71.5834,71.5781,0.002897512,0
"472163","mineral_N_half",2022,64.9654,64.9637,0.002829126,0
"472163","mineral_N_half",2023,59.9044,59.9037,0.001382943,0
"472163","mineral_N_one_half",2016,113.3731,112.384,0.002889283,0
"472163","mineral_N_one_half",2017,102.8384,102.479,0.004035967,0
"472163","mineral_N_one_half",2018,93.7123,93.5886,0.004060519,0
"472163","mineral_N_one_half",2019,86.2863,86.239,0.002505168,0
"472163","mineral_N_one_half",2020,78.2847,78.2695,0.003350387,0
"472163","mineral_N_one_half",2021,71.5834,71.5781,0.003217285,0
"472163","mineral_N_one_half",2022,64.9654,64.9637,0.003170288,0
"472163","mineral_N_one_half",2023,59.9044,59.9037,0.0015316,0
"472163","mineral_N_zero",2016,113.3731,112.384,0.002137952,0
"472163","mineral_N_zero",2017,102.8384,102.479,0.003042163,0
"472163","mineral_N_zero",2018,93.7123,93.5886,0.00333388,0
"472163","mineral_N_zero",2019,86.2863,86.239,0.00216058,0
"472163","mineral_N_zero",2020,78.2847,78.2695,0.002898305,0
"472163","mineral_N_zero",2021,71.5834,71.5781,0.002737683,0
"472163","mineral_N_zero",2022,64.9654,64.9637,0.002658563,0
"472163","mineral_N_zero",2023,59.9044,59.9037,0.001308591,0
"472163","organic_substitution",2016,115.3015,112.5829,0.002399249,0
"472163","organic_substitution",2017,105.5185,102.9443,0.003572195,0
"472163","organic_substitution",2018,95.6569,94.1799,0.003908535,0
"472163","organic_substitution",2019,88.8799,86.8478,0.002438965,0
"472163","organic_substitution",2020,84.4529,78.9349,0.003320072,0
"472163","organic_substitution",2021,79.6598,72.4229,0.003122445,0
"472163","organic_substitution",2022,73.8121,66.0285,0.003033887,0
"472163","organic_substitution",2023,69.1198,61.2162,0.001725491,0
"472163","tillage_reduced",2016,113.2547,112.2764,0.002667546,0
"472163","tillage_reduced",2017,102.6428,102.2904,0.003223229,0
"472163","tillage_reduced",2018,93.4679,93.3477,0.00363893,0
"472163","tillage_reduced",2019,86.037,85.9912,0.002363823,0
"472163","tillage_reduced",2020,78.0308,78.0162,0.003186967,0
"472163","tillage_reduced",2021,71.3256,71.3205,0.002815474,0
"472163","tillage_reduced",2022,64.7044,64.7028,0.002681768,0
"472163","tillage_reduced",2023,59.647,59.6464,0.001309568,0
"472163","tillage_reference",2016,112.9289,111.9797,0.002743841,0
"472163","tillage_reference",2017,102.0977,101.7642,0.003313234,0
"472163","tillage_reference",2018,92.7755,92.6646,0.003716032,0
"472163","tillage_reference",2019,85.3286,85.2868,0.002382165,0
"472163","tillage_reference",2020,77.3124,77.2992,0.003193831,0
"472163","tillage_reference",2021,70.5944,70.5899,0.002819116,0
"472163","tillage_reference",2022,63.9635,63.9621,0.00268751,0
"472163","tillage_reference",2023,58.9166,58.9161,0.001306642,0
"472163","tillage_zero",2016,113.3731,112.384,0.002638851,0
"472163","tillage_zero",2017,102.8384,102.479,0.003190418,0
"472163","tillage_zero",2018,93.7123,93.5886,0.003611983,0
"472163","tillage_zero",2019,86.2863,86.239,0.002358256,0
"472163","tillage_zero",2020,78.2847,78.2695,0.003184736,0
"472163","tillage_zero",2021,71.5834,71.5781,0.002814508,0
"472163","tillage_zero",2022,64.9654,64.9637,0.002679962,0
"472163","tillage_zero",2023,59.9044,59.9037,0.00131083,0
"488132","cover_annual",2016,28.2078,27.1912,0.00265951,0
"488132","cover_annual",2017,23.5822,22.9322,0.003608099,0
"488132","cover_annual",2018,19.6587,19.2296,0.003566339,0
"488132","cover_annual",2019,16.6978,16.3365,0.002514241,0
"488132","cover_annual",2020,15.2868,15.0641,0.002310418,0
"488132","cover_annual",2021,12.2987,12.2657,0.002086537,0
"488132","cover_annual",2022,10.1739,10.1552,0.001570066,0
"488132","cover_annual",2023,8.544,8.5344,0.001010298,0
"488132","cover_none",2016,28.2078,27.1912,0.00265951,0
"488132","cover_none",2017,23.5822,22.9322,0.003608099,0
"488132","cover_none",2018,19.6587,19.2296,0.003566339,0
"488132","cover_none",2019,16.6978,16.3365,0.002514241,0
"488132","cover_none",2020,15.2843,15.0639,0.002309967,0
"488132","cover_none",2021,12.2799,12.2557,0.002078923,0
"488132","cover_none",2022,10.0603,10.0574,0.001569024,0
"488132","cover_none",2023,8.4494,8.4489,0.001005784,0
"488132","fertilizer_reference",2016,28.2078,27.1912,0.003459206,0
"488132","fertilizer_reference",2017,23.5822,22.9322,0.004648575,0
"488132","fertilizer_reference",2018,19.6587,19.2296,0.004017954,0
"488132","fertilizer_reference",2019,16.6978,16.3365,0.003029732,0
"488132","fertilizer_reference",2020,15.2843,15.0639,0.004255719,0
"488132","fertilizer_reference",2021,12.2799,12.2557,0.003774796,0
"488132","fertilizer_reference",2022,10.0603,10.0574,0.002960968,0
"488132","fertilizer_reference",2023,8.4494,8.4489,0.002654544,0
"488132","mineral_N_half",2016,28.2078,27.1912,0.003059337,0
"488132","mineral_N_half",2017,23.5822,22.9322,0.004128324,0
"488132","mineral_N_half",2018,19.6587,19.2296,0.003792102,0
"488132","mineral_N_half",2019,16.6978,16.3365,0.002771992,0
"488132","mineral_N_half",2020,15.2843,15.0639,0.003282786,0
"488132","mineral_N_half",2021,12.2799,12.2557,0.002926877,0
"488132","mineral_N_half",2022,10.0603,10.0574,0.002264989,0
"488132","mineral_N_half",2023,8.4494,8.4489,0.001830158,0
"488132","mineral_N_one_half",2016,28.2078,27.1912,0.003859039,0
"488132","mineral_N_one_half",2017,23.5822,22.9322,0.005168823,0
"488132","mineral_N_one_half",2018,19.6587,19.2296,0.004243766,0
"488132","mineral_N_one_half",2019,16.6978,16.3365,0.003287477,0
"488132","mineral_N_one_half",2020,15.2843,15.0639,0.005228642,0
"488132","mineral_N_one_half",2021,12.2799,12.2557,0.00462273,0
"488132","mineral_N_one_half",2022,10.0603,10.0574,0.003656946,0
"488132","mineral_N_one_half",2023,8.4494,8.4489,0.003478969,0
"488132","mineral_N_zero",2016,28.2078,27.1912,0.00265951,0
"488132","mineral_N_zero",2017,23.5822,22.9322,0.003608099,0
"488132","mineral_N_zero",2018,19.6587,19.2296,0.003566339,0
"488132","mineral_N_zero",2019,16.6978,16.3365,0.002514241,0
"488132","mineral_N_zero",2020,15.2843,15.0639,0.002309967,0
"488132","mineral_N_zero",2021,12.2799,12.2557,0.002078923,0
"488132","mineral_N_zero",2022,10.0603,10.0574,0.001569024,0
"488132","mineral_N_zero",2023,8.4494,8.4489,0.001005784,0
"488132","organic_substitution",2016,29.4505,27.3871,0.002990427,0
"488132","organic_substitution",2017,25.075,23.3525,0.004527104,0
"488132","organic_substitution",2018,21.2933,19.8369,0.004882391,0
"488132","organic_substitution",2019,18.5117,17.1005,0.003743054,0
"488132","organic_substitution",2020,21.2996,15.7525,0.003282591,0
"488132","organic_substitution",2021,18.8979,13.1353,0.003660678,0
"488132","organic_substitution",2022,15.0812,11.1184,0.003555383,0
"488132","organic_substitution",2023,13.6808,9.5635,0.002052157,0
"488132","tillage_reduced",2016,28.1472,27.14,0.002688221,0
"488132","tillage_reduced",2017,23.5259,22.8772,0.00361863,0
"488132","tillage_reduced",2018,19.5603,19.1392,0.003584867,0
"488132","tillage_reduced",2019,16.7252,16.3502,0.002490076,0
"488132","tillage_reduced",2020,15.2876,15.0659,0.002288922,0
"488132","tillage_reduced",2021,12.2624,12.2385,0.002082413,0
"488132","tillage_reduced",2022,10.041,10.0381,0.001569326,0
"488132","tillage_reduced",2023,8.4182,8.4178,0.001011456,0
"488132","tillage_reference",2016,27.9653,26.9886,0.002769121,0
"488132","tillage_reference",2017,23.3558,22.7124,0.003653001,0
"488132","tillage_reference",2018,19.2761,18.877,0.003633877,0
"488132","tillage_reference",2019,16.3633,16.0127,0.002525682,0
"488132","tillage_reference",2020,14.9845,14.7667,0.002303761,0
"488132","tillage_reference",2021,11.962,11.9397,0.002077494,0
"488132","tillage_reference",2022,9.7827,9.7801,0.001542614,0
"488132","tillage_reference",2023,8.159,8.1586,0.001005015,0
"488132","tillage_zero",2016,28.2078,27.1912,0.00265951,0
"488132","tillage_zero",2017,23.5822,22.9322,0.003608099,0
"488132","tillage_zero",2018,19.6587,19.2296,0.003566339,0
"488132","tillage_zero",2019,16.8569,16.4721,0.002475957,0
"488132","tillage_zero",2020,15.3964,15.1731,0.002283191,0
"488132","tillage_zero",2021,12.3687,12.3442,0.002084512,0
"488132","tillage_zero",2022,10.1328,10.1298,0.00157917,0
"488132","tillage_zero",2023,8.51,8.5095,0.001013516,0
"506467","fertilizer_reference",2016,100.7005,96.7589,0.000188819,0
"506467","fertilizer_reference",2017,95.2263,91.6898,0.000704834,0
"506467","fertilizer_reference",2018,96.2423,91.1059,0.000771595,0
"506467","fertilizer_reference",2019,89.8774,85.8581,0.001035081,0
"506467","fertilizer_reference",2020,83.7498,80.7233,0.001587185,0
"506467","fertilizer_reference",2021,86.6993,80.4101,0.001646255,0
"506467","fertilizer_reference",2022,85.5595,79.2475,0.001718274,0
"506467","fertilizer_reference",2023,78.6353,75.1971,0.00185563,0
"506467","mineral_N_half",2016,100.7005,96.7589,0.000176187,0
"506467","mineral_N_half",2017,95.2263,91.6898,0.000674838,0
"506467","mineral_N_half",2018,96.2423,91.1059,0.000727622,0
"506467","mineral_N_half",2019,89.8774,85.8581,0.000979514,0
"506467","mineral_N_half",2020,83.7498,80.7233,0.001509898,0
"506467","mineral_N_half",2021,86.6993,80.4101,0.001554522,0
"506467","mineral_N_half",2022,85.5595,79.2475,0.001611944,0
"506467","mineral_N_half",2023,78.6353,75.1971,0.001743219,0
"506467","mineral_N_one_half",2016,100.7005,96.7589,0.000201473,0
"506467","mineral_N_one_half",2017,95.2263,91.6898,0.000734764,0
"506467","mineral_N_one_half",2018,96.2423,91.1059,0.000815567,0
"506467","mineral_N_one_half",2019,89.8774,85.8581,0.001090675,0
"506467","mineral_N_one_half",2020,83.7498,80.7233,0.001664463,0
"506467","mineral_N_one_half",2021,86.6993,80.4101,0.001737948,0
"506467","mineral_N_one_half",2022,85.5595,79.2475,0.001824662,0
"506467","mineral_N_one_half",2023,78.6353,75.1971,0.001968013,0
"506467","mineral_N_zero",2016,100.7005,96.7589,0.000163535,0
"506467","mineral_N_zero",2017,95.2263,91.6898,0.000644874,0
"506467","mineral_N_zero",2018,96.2423,91.1059,0.000683624,0
"506467","mineral_N_zero",2019,89.8774,85.8581,0.000923938,0
"506467","mineral_N_zero",2020,83.7498,80.7233,0.00143261,0
"506467","mineral_N_zero",2021,86.6993,80.4101,0.001462832,0
"506467","mineral_N_zero",2022,85.5595,79.2475,0.001505524,0
"506467","mineral_N_zero",2023,78.6353,75.1971,0.001630848,0
"506467","organic_substitution",2016,104.0635,96.7968,0.000165659,0
"506467","organic_substitution",2017,100.4265,91.8771,0.000718347,0
"506467","organic_substitution",2018,104.641,91.3425,0.000772639,0
"506467","organic_substitution",2019,97.4566,86.4543,0.001130342,0
"506467","organic_substitution",2020,91.0208,81.617,0.001895447,0
"506467","organic_substitution",2021,97.6554,81.3369,0.001953617,0
"506467","organic_substitution",2022,98.4682,80.3294,0.002062281,0
"506467","organic_substitution",2023,88.8582,76.7337,0.002433849,0
"506467","tillage_reduced",2016,100.6686,96.7331,0.000190407,0
"506467","tillage_reduced",2017,95.1643,91.6375,0.000682403,0
"506467","tillage_reduced",2018,96.1739,91.0484,0.000718571,0
"506467","tillage_reduced",2019,90.7736,86.5061,0.000924913,0
"506467","tillage_reduced",2020,84.996,81.7232,0.001394811,0
"506467","tillage_reduced",2021,87.9565,81.4218,0.001425451,0
"506467","tillage_reduced",2022,86.8143,80.276,0.001466458,0
"506467","tillage_reduced",2023,79.9049,76.2791,0.001591027,0
"506467","tillage_reference",2016,100.5886,96.6685,0.000194374,0
"506467","tillage_reference",2017,95.0086,91.506,0.000690643,0
"506467","tillage_reference",2018,96.0022,90.9038,0.000728038,0
"506467","tillage_reference",2019,89.6676,85.6667,0.000964926,0
"506467","tillage_reference",2020,83.5612,80.543,0.001476343,0
"506467","tillage_reference",2021,86.512,80.2305,0.001505552,0
"506467","tillage_reference",2022,85.3762,79.0704,0.001547612,0
"506467","tillage_reference",2023,78.4643,75.0293,0.001668856,0
"506467","tillage_zero",2016,100.7005,96.7589,0.000188819,0
"506467","tillage_zero",2017,95.2263,91.6898,0.000679143,0
"506467","tillage_zero",2018,96.2423,91.1059,0.000714772,0
"506467","tillage_zero",2019,90.9288,86.6295,0.000918491,0
"506467","tillage_zero",2020,85.175,81.8745,0.001384324,0
"506467","tillage_zero",2021,88.1408,81.577,0.001415244,0
"506467","tillage_zero",2022,87.0031,80.4362,0.001455711,0
"506467","tillage_zero",2023,80.1209,76.4618,0.00157945,0
"510456","cover_annual",2016,54.8364,53.3103,0.000925554,0.0455901
"510456","cover_annual",2017,52.4161,50.6481,0.000829646,0.0474202
"510456","cover_annual",2018,47.7345,46.8531,0.000522847,0.0580127
"510456","cover_annual",2019,44.1525,43.6134,5.9663e-05,0.0618352
"510456","cover_annual",2020,40.5758,40.2832,5.4931e-05,0.0610914
"510456","cover_annual",2021,37.4776,37.2819,7.6534e-05,0.054829
"510456","cover_annual",2022,34.8121,34.6064,5.4181e-05,0.0524792
"510456","cover_annual",2023,31.2464,31.1311,0.000889572,0.0092867
"510456","cover_none",2016,54.8364,53.3103,0.000925554,0.0455901
"510456","cover_none",2017,52.4057,50.6435,0.000829646,0.0474201
"510456","cover_none",2018,47.7136,46.8403,0.000520313,0.0580467
"510456","cover_none",2019,43.9739,43.5043,5.9694e-05,0.0616672
"510456","cover_none",2020,40.42,40.1691,5.4742e-05,0.0608888
"510456","cover_none",2021,37.3248,37.1617,7.6409e-05,0.0546344
"510456","cover_none",2022,34.5922,34.4388,5.4021e-05,0.05218
"510456","cover_none",2023,30.9844,30.9105,0.000885339,0.0092125
"510456","fertilizer_reference",2016,54.8364,53.3103,0.000925554,0.0455901
"510456","fertilizer_reference",2017,52.4057,50.6435,0.001050079,0.0474201
"510456","fertilizer_reference",2018,47.7136,46.8403,0.000588654,0.0580467
"510456","fertilizer_reference",2019,43.9739,43.5043,8.3904e-05,0.0616672
"510456","fertilizer_reference",2020,40.42,40.1691,8.4675e-05,0.0608888
"510456","fertilizer_reference",2021,37.3248,37.1617,8.2402e-05,0.0546344
"510456","fertilizer_reference",2022,34.5922,34.4388,5.4387e-05,0.05218
"510456","fertilizer_reference",2023,30.9844,30.9105,0.000886741,0.0092125
"510456","mineral_N_half",2016,54.8364,53.3103,0.000806787,0.0455901
"510456","mineral_N_half",2017,52.4057,50.6435,0.000919087,0.0474201
"510456","mineral_N_half",2018,47.7136,46.8403,0.000509154,0.0580467
"510456","mineral_N_half",2019,43.9739,43.5043,6.9415e-05,0.0616672
"510456","mineral_N_half",2020,40.42,40.1691,6.9416e-05,0.0608888
"510456","mineral_N_half",2021,37.3248,37.1617,6.7341e-05,0.0546344
"510456","mineral_N_half",2022,34.5922,34.4388,5.1634e-05,0.05218
"510456","mineral_N_half",2023,30.9844,30.9105,0.00080912,0.0092125
"510456","mineral_N_one_half",2016,54.8364,53.3103,0.001044357,0.0455901
"510456","mineral_N_one_half",2017,52.4057,50.6435,0.001181022,0.0474201
"510456","mineral_N_one_half",2018,47.7136,46.8403,0.000668208,0.0580467
"510456","mineral_N_one_half",2019,43.9739,43.5043,9.8451e-05,0.0616672
"510456","mineral_N_one_half",2020,40.42,40.1691,9.9596e-05,0.0608888
"510456","mineral_N_one_half",2021,37.3248,37.1617,9.7825e-05,0.0546344
"510456","mineral_N_one_half",2022,34.5922,34.4388,5.7297e-05,0.05218
"510456","mineral_N_one_half",2023,30.9844,30.9105,0.000964469,0.0092125
"510456","mineral_N_zero",2016,54.8364,53.3103,0.000688106,0.0455901
"510456","mineral_N_zero",2017,52.4057,50.6435,0.00078811,0.0474201
"510456","mineral_N_zero",2018,47.7136,46.8403,0.000429679,0.0580467
"510456","mineral_N_zero",2019,43.9739,43.5043,5.4898e-05,0.0616672
"510456","mineral_N_zero",2020,40.42,40.1691,5.4497e-05,0.0608888
"510456","mineral_N_zero",2021,37.3248,37.1617,5.2169e-05,0.0546344
"510456","mineral_N_zero",2022,34.5922,34.4388,4.8633e-05,0.05218
"510456","mineral_N_zero",2023,30.9844,30.9105,0.000731516,0.0092125
"510456","organic_substitution",2016,56.8342,53.5298,0.000922453,0.0468415
"510456","organic_substitution",2017,55.6198,51.0601,0.000979833,0.0492479
"510456","organic_substitution",2018,52.0783,47.4453,0.000523091,0.0612605
"510456","organic_substitution",2019,49.3417,44.2964,6.7746e-05,0.066365
"510456","organic_substitution",2020,46.2787,41.1674,6.9168e-05,0.0666068
"510456","organic_substitution",2021,43.6394,38.3549,6.7556e-05,0.060663
"510456","organic_substitution",2022,42.8674,35.7302,6.0634e-05,0.057036
"510456","organic_substitution",2023,38.6371,32.4473,0.001072016,0.0104449
"510456","rice_irrigated_reference",2016,54.8364,53.3103,0.000925554,0.0455901
"510456","rice_irrigated_reference",2017,52.6913,50.8635,0.000330281,0.0639628
"510456","rice_irrigated_reference",2018,47.9487,47.0447,0.000303641,0.0582877
"510456","rice_irrigated_reference",2019,44.1787,43.6938,3.8369e-05,0.0619445
"510456","rice_irrigated_reference",2020,40.6015,40.3433,3.944e-05,0.0611568
"510456","rice_irrigated_reference",2021,37.4887,37.3221,5.7172e-05,0.0548751
"510456","rice_irrigated_reference",2022,34.7408,34.5858,4.6768e-05,0.0524086
"510456","rice_irrigated_reference",2023,31.1155,31.0411,0.000887191,0.0092534
"510456","rice_one_dry",2016,54.8364,53.3103,0.000925554,0.0455901
"510456","rice_one_dry",2017,52.6913,50.8635,0.00033094,0.0639628
"510456","rice_one_dry",2018,47.9486,47.0446,0.000304272,0.0582964
"510456","rice_one_dry",2019,44.1787,43.6938,3.858e-05,0.0619445
"510456","rice_one_dry",2020,40.6015,40.3433,3.9675e-05,0.0611566
"510456","rice_one_dry",2021,37.4886,37.322,5.7669e-05,0.0548751
"510456","rice_one_dry",2022,34.7408,34.5858,4.6756e-05,0.0524085
"510456","rice_one_dry",2023,31.1154,31.041,0.000887187,0.0092534
"510456","rice_two_dry",2016,54.8364,53.3103,0.000925554,0.0455901
"510456","rice_two_dry",2017,52.6913,50.8635,0.000331387,0.0639628
"510456","rice_two_dry",2018,47.9485,47.0445,0.000304793,0.0583152
"510456","rice_two_dry",2019,44.1785,43.6936,3.8758e-05,0.0619444
"510456","rice_two_dry",2020,40.6014,40.3432,3.9865e-05,0.0611565
"510456","rice_two_dry",2021,37.4885,37.3219,5.8054e-05,0.0548746
"510456","rice_two_dry",2022,34.7407,34.5857,4.6765e-05,0.0524081
"510456","rice_two_dry",2023,31.1153,31.0409,0.00088719,0.0092534
"510456","tillage_reduced",2016,54.8099,53.2887,0.000932444,0.04557
"510456","tillage_reduced",2017,52.3256,50.5727,0.000837776,0.047373
"510456","tillage_reduced",2018,47.5817,46.7227,0.00052476,0.0579174
"510456","tillage_reduced",2019,43.8208,43.362,6.0299e-05,0.0614766
"510456","tillage_reduced",2020,40.2534,40.0093,5.5226e-05,0.0606554
"510456","tillage_reduced",2021,37.1463,36.9875,7.6817e-05,0.054389
"510456","tillage_reduced",2022,34.4203,34.2692,5.4034e-05,0.0519201
"510456","tillage_reduced",2023,30.8244,30.7513,0.000883272,0.0091661
"510456","tillage_reference",2016,54.7357,53.2281,0.000951824,0.0455128
"510456","tillage_reference",2017,52.1065,50.3783,0.000859129,0.0472472
"510456","tillage_reference",2018,47.2282,46.4061,0.000536395,0.0575809
"510456","tillage_reference",2019,43.4098,42.9785,6.186e-05,0.0609786
"510456","tillage_reference",2020,39.8025,39.5759,5.6578e-05,0.0600294
"510456","tillage_reference",2021,36.6617,36.5137,7.7875e-05,0.0537316
"510456","tillage_reference",2022,33.9519,33.8065,5.4097e-05,0.0512207
"510456","tillage_reference",2023,30.3863,30.3153,0.000878514,0.0090374
"510456","tillage_zero",2016,54.8364,53.3103,0.000925554,0.0455901
"510456","tillage_zero",2017,52.4057,50.6435,0.000829646,0.0474201
"510456","tillage_zero",2018,47.7136,46.8403,0.000520313,0.0580467
"510456","tillage_zero",2019,43.9739,43.5043,5.9694e-05,0.0616672
"510456","tillage_zero",2020,40.42,40.1691,5.4742e-05,0.0608888
"510456","tillage_zero",2021,37.3248,37.1617,7.6409e-05,0.0546344
"510456","tillage_zero",2022,34.5922,34.4388,5.4021e-05,0.05218
"510456","tillage_zero",2023,30.9844,30.9105,0.000885339,0.0092125
"514070","fertilizer_reference",2016,44.4921,39.8462,0.0001622,0
"514070","fertilizer_reference",2017,44.7826,39.4936,0.000405658,0
"514070","fertilizer_reference",2018,38.7842,36.1444,0.00171379,0
"514070","fertilizer_reference",2019,35.1809,33.4395,0.001279694,0
"514070","fertilizer_reference",2020,33.3472,30.4258,0.002555399,0
"514070","fertilizer_reference",2021,29.5837,27.8912,0.002253017,0
"514070","fertilizer_reference",2022,26.4022,25.3365,0.002764582,0
"514070","fertilizer_reference",2023,24.6066,23.7468,0.001433179,0
"514070","mineral_N_half",2016,44.4921,39.8462,0.000130262,0
"514070","mineral_N_half",2017,44.7826,39.4936,0.000319887,0
"514070","mineral_N_half",2018,38.7842,36.1444,0.001472772,0
"514070","mineral_N_half",2019,35.1809,33.4395,0.001125448,0
"514070","mineral_N_half",2020,33.3472,30.4258,0.002168658,0
"514070","mineral_N_half",2021,29.5837,27.8912,0.001873357,0
"514070","mineral_N_half",2022,26.4022,25.3365,0.002274553,0
"514070","mineral_N_half",2023,24.6066,23.7468,0.001080473,0
"514070","mineral_N_one_half",2016,44.4921,39.8462,0.000194111,0
"514070","mineral_N_one_half",2017,44.7826,39.4936,0.000491448,0
"514070","mineral_N_one_half",2018,38.7842,36.1444,0.001954832,0
"514070","mineral_N_one_half",2019,35.1809,33.4395,0.001433938,0
"514070","mineral_N_one_half",2020,33.3472,30.4258,0.002942135,0
"514070","mineral_N_one_half",2021,29.5837,27.8912,0.002632711,0
"514070","mineral_N_one_half",2022,26.4022,25.3365,0.003254631,0
"514070","mineral_N_one_half",2023,24.6066,23.7468,0.001785955,0
"514070","mineral_N_zero",2016,44.4921,39.8462,9.8381e-05,0
"514070","mineral_N_zero",2017,44.7826,39.4936,0.000234142,0
"514070","mineral_N_zero",2018,38.7842,36.1444,0.001231783,0
"514070","mineral_N_zero",2019,35.1809,33.4395,0.000971279,0
"514070","mineral_N_zero",2020,33.3472,30.4258,0.001781963,0
"514070","mineral_N_zero",2021,29.5837,27.8912,0.001493771,0
"514070","mineral_N_zero",2022,26.4022,25.3365,0.001784523,0
"514070","mineral_N_zero",2023,24.6066,23.7468,0.00072777,0
"514070","organic_substitution",2016,48.676,39.8544,9.8516e-05,0
"514070","organic_substitution",2017,51.4251,39.6403,0.000313033,0
"514070","organic_substitution",2018,46.4534,36.6273,0.001899798,0
"514070","organic_substitution",2019,43.6748,34.2428,0.001687149,0
"514070","organic_substitution",2020,41.4571,31.5763,0.003220446,0
"514070","organic_substitution",2021,33.2537,29.4629,0.002980132,0
"514070","organic_substitution",2022,29.1824,27.0135,0.003505171,0
"514070","organic_substitution",2023,27.7371,25.4844,0.001395074,0
"514070","tillage_reduced",2016,44.4591,39.8246,0.00010017,0
"514070","tillage_reduced",2017,44.7195,39.4532,0.000237812,0
"514070","tillage_reduced",2018,38.6998,36.083,0.001490868,0
"514070","tillage_reduced",2019,35.193,33.4341,0.001227149,0
"514070","tillage_reduced",2020,33.3613,30.4289,0.002506313,0
"514070","tillage_reduced",2021,29.7961,28.0259,0.002229967,0
"514070","tillage_reduced",2022,26.5251,25.4386,0.002730965,0
"514070","tillage_reduced",2023,24.6992,23.832,0.000916573,0
"514070","tillage_reference",2016,44.364,39.7623,0.000105038,0
"514070","tillage_reference",2017,44.5363,39.3356,0.000247978,0
"514070","tillage_reference",2018,38.4699,35.913,0.001502222,0
"514070","tillage_reference",2019,34.9403,33.227,0.001232529,0
"514070","tillage_reference",2020,33.0466,30.181,0.002517019,0
"514070","tillage_reference",2021,29.346,27.6725,0.00223964,0
"514070","tillage_reference",2022,26.0908,25.0494,0.002770824,0
"514070","tillage_reference",2023,24.2934,23.4503,0.000921384,0
"514070","tillage_zero",2016,44.4921,39.8462,9.8381e-05,0
"514070","tillage_zero",2017,44.7826,39.4936,0.000234142,0
"514070","tillage_zero",2018,38.7842,36.1444,0.001486833,0
"514070","tillage_zero",2019,35.2869,33.5102,0.001225026,0
"514070","tillage_zero",2020,33.4801,30.5213,0.00250196,0
"514070","tillage_zero",2021,29.9113,28.1235,0.002226667,0
"514070","tillage_zero",2022,26.6461,25.5491,0.002723277,0
"514070","tillage_zero",2023,24.8141,23.9409,0.000915597,0
"520659","cover_annual",2016,55.4438,54.1451,5.8461e-05,0.0764294
"520659","cover_annual",2017,50.6152,50.0236,8.5051e-05,0.0709178
"520659","cover_annual",2018,46.5265,46.2547,0.000125987,0.0621131
"520659","cover_annual",2019,42.8673,42.7427,9.9128e-05,0.0585361
"520659","cover_annual",2020,39.4256,39.3359,0.000165013,0.0540162
"520659","cover_annual",2021,34.2088,34.1485,0.001646152,0.014007
"520659","cover_annual",2022,29.4682,29.425,0.003868872,0.0071602
"520659","cover_annual",2023,27.5507,27.3952,0.000285917,0.0359139
"520659","cover_none",2016,55.4438,54.1451,5.8461e-05,0.0764294
"520659","cover_none",2017,50.6152,50.0236,8.5051e-05,0.0709178
"520659","cover_none",2018,46.5265,46.2547,0.000125987,0.0621131
"520659","cover_none",2019,42.8673,42.7427,9.9128e-05,0.0585361
"520659","cover_none",2020,39.4041,39.3291,0.000164956,0.0540227
"520659","cover_none",2021,34.1148,34.08,0.001648729,0.0139812
"520659","cover_none",2022,29.3244,29.3024,0.00384537,0.0071573
"520659","cover_none",2023,27.2436,27.1671,0.000273108,0.0358186
"520659","fertilizer_reference",2016,55.4438,54.1451,6.7219e-05,0.0764294
"520659","fertilizer_reference",2017,50.6152,50.0236,9.0537e-05,0.0709178
"520659","fertilizer_reference",2018,46.5265,46.2547,0.000190858,0.0621131
"520659","fertilizer_reference",2019,42.8673,42.7427,0.000160516,0.0585361
"520659","fertilizer_reference",2020,39.4041,39.3291,0.000298846,0.0540227
"520659","fertilizer_reference",2021,34.1148,34.08,0.00175896,0.0139812
"520659","fertilizer_reference",2022,29.3244,29.3024,0.003925718,0.0071573
"520659","fertilizer_reference",2023,27.2436,27.1671,0.000317544,0.0358186
"520659","mineral_N_half",2016,55.4438,54.1451,6.2778e-05,0.0764294
"520659","mineral_N_half",2017,50.6152,50.0236,8.7783e-05,0.0709178
"520659","mineral_N_half",2018,46.5265,46.2547,0.000158412,0.0621131
"520659","mineral_N_half",2019,42.8673,42.7427,0.00012974,0.0585361
"520659","mineral_N_half",2020,39.4041,39.3291,0.000231867,0.0540227
"520659","mineral_N_half",2021,34.1148,34.08,0.001568907,0.0139812
"520659","mineral_N_half",2022,29.3244,29.3024,0.003417458,0.0071573
"520659","mineral_N_half",2023,27.2436,27.1671,0.000251359,0.0358186
"520659","mineral_N_one_half",2016,55.4438,54.1451,7.1535e-05,0.0764294
"520659","mineral_N_one_half",2017,50.6152,50.0236,9.3327e-05,0.0709178
"520659","mineral_N_one_half",2018,46.5265,46.2547,0.000223318,0.0621131
"520659","mineral_N_one_half",2019,42.8673,42.7427,0.000191224,0.0585361
"520659","mineral_N_one_half",2020,39.4041,39.3291,0.000365824,0.0540227
"520659","mineral_N_one_half",2021,34.1148,34.08,0.001948992,0.0139812
"520659","mineral_N_one_half",2022,29.3244,29.3024,0.004433996,0.0071573
"520659","mineral_N_one_half",2023,27.2436,27.1671,0.000383779,0.0358186
"520659","mineral_N_zero",2016,55.4438,54.1451,5.8461e-05,0.0764294
"520659","mineral_N_zero",2017,50.6152,50.0236,8.5051e-05,0.0709178
"520659","mineral_N_zero",2018,46.5265,46.2547,0.000125987,0.0621131
"520659","mineral_N_zero",2019,42.8673,42.7427,9.9128e-05,0.0585361
"520659","mineral_N_zero",2020,39.4041,39.3291,0.000164956,0.0540227
"520659","mineral_N_zero",2021,34.1148,34.08,0.001378908,0.0139812
"520659","mineral_N_zero",2022,29.3244,29.3024,0.002909208,0.0071573
"520659","mineral_N_zero",2023,27.2436,27.1671,0.000185197,0.0358186
"520659","organic_substitution",2016,61.3974,54.1455,5.8461e-05,0.0764347
"520659","organic_substitution",2017,59.4775,50.2473,0.000117194,0.0738393
"520659","organic_substitution",2018,56.9411,46.7841,0.000202816,0.0664186
"520659","organic_substitution",2019,54.1754,43.602,0.000179749,0.0640197
"520659","organic_substitution",2020,46.4894,40.6392,0.000339503,0.0612323
"520659","organic_substitution",2021,41.3271,35.8206,0.00251985,0.0159358
"520659","organic_substitution",2022,36.1715,31.1953,0.004690379,0.0081332
"520659","organic_substitution",2023,34.0923,29.2178,0.000293194,0.0422519
"520659","rice_irrigated_reference",2016,55.4438,54.1451,5.8461e-05,0.0764294
"520659","rice_irrigated_reference",2017,50.6152,50.0236,8.5051e-05,0.0709178
"520659","rice_irrigated_reference",2018,46.5265,46.2547,0.000125987,0.0621131
"520659","rice_irrigated_reference",2019,42.8673,42.7427,9.9128e-05,0.0585361
"520659","rice_irrigated_reference",2020,39.4041,39.3291,0.000164956,0.0540227
"520659","rice_irrigated_reference",2021,34.1148,34.08,0.001648729,0.0139812
"520659","rice_irrigated_reference",2022,29.3244,29.3024,0.00384537,0.0071573
"520659","rice_irrigated_reference",2023,27.2822,27.2055,0.000142254,0.0373114
"520659","rice_one_dry",2016,55.4438,54.1451,5.8461e-05,0.0764294
"520659","rice_one_dry",2017,50.6152,50.0236,8.5051e-05,0.0709178
"520659","rice_one_dry",2018,46.5265,46.2547,0.000125987,0.0621131
"520659","rice_one_dry",2019,42.8673,42.7427,9.9128e-05,0.0585361
"520659","rice_one_dry",2020,39.4041,39.3291,0.000164956,0.0540227
"520659","rice_one_dry",2021,34.1148,34.08,0.001648729,0.0139812
"520659","rice_one_dry",2022,29.3244,29.3024,0.00384537,0.0071573
"520659","rice_one_dry",2023,27.2822,27.2055,0.000143061,0.0373114
"520659","rice_two_dry",2016,55.4438,54.1451,5.8461e-05,0.0764294
"520659","rice_two_dry",2017,50.6152,50.0236,8.5051e-05,0.0709178
"520659","rice_two_dry",2018,46.5265,46.2547,0.000125987,0.0621131
"520659","rice_two_dry",2019,42.8673,42.7427,9.9128e-05,0.0585361
"520659","rice_two_dry",2020,39.4041,39.3291,0.000164956,0.0540227
"520659","rice_two_dry",2021,34.1148,34.08,0.001648729,0.0139812
"520659","rice_two_dry",2022,29.3244,29.3024,0.00384537,0.0071573
"520659","rice_two_dry",2023,27.2822,27.2055,0.000143621,0.0373114
"520659","tillage_reduced",2016,55.4136,54.1216,5.8986e-05,0.0763912
"520659","tillage_reduced",2017,50.5432,49.9604,8.6036e-05,0.0708457
"520659","tillage_reduced",2018,46.4503,46.1834,0.000126709,0.0620132
"520659","tillage_reduced",2019,42.7874,42.6654,9.9156e-05,0.0584279
"520659","tillage_reduced",2020,39.3203,39.2466,0.000165597,0.053913
"520659","tillage_reduced",2021,34.5628,34.522,0.001542724,0.0140266
"520659","tillage_reduced",2022,30.3664,30.3371,0.003543486,0.0073199
"520659","tillage_reduced",2023,28.1817,28.1018,0.000261209,0.0370607
"520659","tillage_reference",2016,55.3307,54.057,6.0431e-05,0.0762836
"520659","tillage_reference",2017,50.3461,49.7868,8.8534e-05,0.0706538
"520659","tillage_reference",2018,46.2399,45.9861,0.000128812,0.0617372
"520659","tillage_reference",2019,42.5654,42.4504,9.9334e-05,0.0581286
"520659","tillage_reference",2020,39.0866,39.0163,0.000167456,0.0535926
"520659","tillage_reference",2021,33.8433,33.8094,0.001640459,0.0138693
"520659","tillage_reference",2022,29.0921,29.0703,0.003823899,0.0071007
"520659","tillage_reference",2023,26.9503,26.8742,0.000275071,0.0354624
"520659","tillage_zero",2016,55.4438,54.1451,5.8461e-05,0.0764294
"520659","tillage_zero",2017,50.6152,50.0236,8.5051e-05,0.0709178
"520659","tillage_zero",2018,46.5265,46.2547,0.000125987,0.0621131
"520659","tillage_zero",2019,42.8673,42.7427,9.9128e-05,0.0585361
"520659","tillage_zero",2020,39.4041,39.3291,0.000164956,0.0540227
"520659","tillage_zero",2021,34.6878,34.646,0.001533618,0.0140635
"520659","tillage_zero",2022,30.547,30.5167,0.003516937,0.0073513
"520659","tillage_zero",2023,28.3698,28.2894,0.00025921,0.0373056
"522375","cover_annual",2016,55.3861,53.1923,8.3627e-05,0
"522375","cover_annual",2017,53.3917,51.8006,0.000244875,0
"522375","cover_annual",2018,53.0742,51.5591,0.000266683,0
"522375","cover_annual",2019,51.6068,50.4051,0.000460344,0
"522375","cover_annual",2020,49.6187,48.7636,0.000730003,0
"522375","cover_annual",2021,49.6537,48.75,0.000736571,0
"522375","cover_annual",2022,49.3958,48.4965,0.000733358,0
"522375","cover_annual",2023,48.8401,48.0131,0.000720361,0
"522375","cover_none",2016,55.3861,53.1923,8.3627e-05,0
"522375","cover_none",2017,53.3917,51.8006,0.000244875,0
"522375","cover_none",2018,53.0742,51.5591,0.000266683,0
"522375","cover_none",2019,51.4443,50.3029,0.000465236,0
"522375","cover_none",2020,49.4789,48.6633,0.000735276,0
"522375","cover_none",2021,49.5147,48.6498,0.000741624,0
"522375","cover_none",2022,49.2606,48.3969,0.000738234,0
"522375","cover_none",2023,48.7109,47.9143,0.000724723,0
"522375","fertilizer_reference",2016,55.3861,53.1923,0.000194593,0
"522375","fertilizer_reference",2017,53.3917,51.8006,0.00049991,0
"522375","fertilizer_reference",2018,53.0742,51.5591,0.000653623,0
"522375","fertilizer_reference",2019,51.4443,50.3029,0.000845709,0
"522375","fertilizer_reference",2020,49.4789,48.6633,0.001239205,0
"522375","fertilizer_reference",2021,49.5147,48.6498,0.001469608,0
"522375","fertilizer_reference",2022,49.2606,48.3969,0.001599761,0
"522375","fertilizer_reference",2023,48.7109,47.9143,0.001650942,0
"522375","mineral_N_half",2016,55.3861,53.1923,0.000139105,0
"522375","mineral_N_half",2017,53.3917,51.8006,0.000372388,0
"522375","mineral_N_half",2018,53.0742,51.5591,0.000460174,0
"522375","mineral_N_half",2019,51.4443,50.3029,0.000598721,0
"522375","mineral_N_half",2020,49.4789,48.6633,0.000892552,0
"522375","mineral_N_half",2021,49.5147,48.6498,0.001012648,0
"522375","mineral_N_half",2022,49.2606,48.3969,0.001077751,0
"522375","mineral_N_half",2023,48.7109,47.9143,0.001102823,0
"522375","mineral_N_one_half",2016,55.3861,53.1923,0.000250075,0
"522375","mineral_N_one_half",2017,53.3917,51.8006,0.000627431,0
"522375","mineral_N_one_half",2018,53.0742,51.5591,0.000847092,0
"522375","mineral_N_one_half",2019,51.4443,50.3029,0.001092723,0
"522375","mineral_N_one_half",2020,49.4789,48.6633,0.001585895,0
"522375","mineral_N_one_half",2021,49.5147,48.6498,0.001926571,0
"522375","mineral_N_one_half",2022,49.2606,48.3969,0.00212174,0
"522375","mineral_N_one_half",2023,48.7109,47.9143,0.002199104,0
"522375","mineral_N_zero",2016,55.3861,53.1923,8.3627e-05,0
"522375","mineral_N_zero",2017,53.3917,51.8006,0.000244875,0
"522375","mineral_N_zero",2018,53.0742,51.5591,0.000266683,0
"522375","mineral_N_zero",2019,51.4443,50.3029,0.00035164,0
"522375","mineral_N_zero",2020,49.4789,48.6633,0.000545886,0
"522375","mineral_N_zero",2021,49.5147,48.6498,0.000555657,0
"522375","mineral_N_zero",2022,49.2606,48.3969,0.000555781,0
"522375","mineral_N_zero",2023,48.7109,47.9143,0.0005547,0
"522375","organic_substitution",2016,59.9862,53.2302,8.7041e-05,0
"522375","organic_substitution",2017,61.5724,51.9529,0.000324864,0
"522375","organic_substitution",2018,65.5081,51.7752,0.00036692,0
"522375","organic_substitution",2019,69.6503,50.7782,0.000583638,0
"522375","organic_substitution",2020,70.5536,49.5496,0.00104527,0
"522375","organic_substitution",2021,75.3346,49.5618,0.001074145,0
"522375","organic_substitution",2022,77.9828,49.4711,0.001091763,0
"522375","organic_substitution",2023,78.2183,49.3054,0.001161398,0
"522375","tillage_reduced",2016,55.3818,53.1894,8.3844e-05,0
"522375","tillage_reduced",2017,53.346,51.7671,0.000247638,0
"522375","tillage_reduced",2018,53.0293,51.5255,0.000269712,0
"522375","tillage_reduced",2019,51.4057,50.2721,0.00046794,0
"522375","tillage_reduced",2020,49.4439,48.6334,0.000737778,0
"522375","tillage_reduced",2021,49.4806,48.6207,0.000744052,0
"522375","tillage_reduced",2022,49.2582,48.3933,0.000740177,0
"522375","tillage_reduced",2023,48.7049,47.9079,0.000724985,0
"522375","tillage_reference",2016,55.3711,53.1822,8.44e-05,0
"522375","tillage_reference",2017,53.232,51.6832,0.000254502,0
"522375","tillage_reference",2018,52.9173,51.4417,0.000277293,0
"522375","tillage_reference",2019,51.3,50.1878,0.000474669,0
"522375","tillage_reference",2020,49.3479,48.5515,0.000744696,0
"522375","tillage_reference",2021,49.3838,48.5379,0.000750816,0
"522375","tillage_reference",2022,49.1319,48.2856,0.000747171,0
"522375","tillage_reference",2023,48.5738,47.7941,0.000733755,0
"522375","tillage_zero",2016,55.3861,53.1923,8.3627e-05,0
"522375","tillage_zero",2017,53.3917,51.8006,0.000244875,0
"522375","tillage_zero",2018,53.0742,51.5591,0.000266683,0
"522375","tillage_zero",2019,51.4471,50.3051,0.00046523,0
"522375","tillage_zero",2020,49.4814,48.6654,0.000735092,0
"522375","tillage_zero",2021,49.5184,48.6529,0.000741433,0
"522375","tillage_zero",2022,49.3043,48.4326,0.000737525,0
"522375","tillage_zero",2023,48.7531,47.9497,0.000721771,0
"52519","cover_annual",2016,278.9201,277.8363,0.003545624,0
"52519","cover_annual",2017,255.7937,255.3115,0.005446595,0
"52519","cover_annual",2018,233.8124,233.5563,0.008118994,0
"52519","cover_annual",2019,213.9807,213.8145,0.006215102,0
"52519","cover_annual",2020,194.4357,194.2821,0.008206868,0
"52519","cover_annual",2021,180.0116,178.591,0.008026059,0
"52519","cover_annual",2022,164.2108,163.6346,0.006154176,0
"52519","cover_annual",2023,152.8897,152.5215,0.002791177,0
"52519","cover_none",2016,278.9179,277.8379,0.003541593,0
"52519","cover_none",2017,255.7678,255.3142,0.00541144,0
"52519","cover_none",2018,233.804,233.5867,0.008032449,0
"52519","cover_none",2019,213.9689,213.8288,0.006196022,0
"52519","cover_none",2020,194.3991,194.2886,0.008146654,0
"52519","cover_none",2021,179.9689,178.5998,0.007946887,0
"52519","cover_none",2022,164.136,163.6312,0.006041476,0
"52519","cover_none",2023,152.7026,152.4349,0.002744162,0
"52519","fertilizer_reference",2016,278.9179,277.8379,0.004151363,0
"52519","fertilizer_reference",2017,255.7678,255.3142,0.006024414,0
"52519","fertilizer_reference",2018,233.804,233.5867,0.008287025,0
"52519","fertilizer_reference",2019,213.9689,213.8288,0.006238204,0
"52519","fertilizer_reference",2020,194.3991,194.2886,0.008160533,0
"52519","fertilizer_reference",2021,179.9689,178.5998,0.007951243,0
"52519","fertilizer_reference",2022,164.136,163.6312,0.006042593,0
"52519","fertilizer_reference",2023,152.7026,152.4349,0.002744252,0
"52519","mineral_N_half",2016,278.9179,277.8379,0.003846503,0
"52519","mineral_N_half",2017,255.7678,255.3142,0.005717921,0
"52519","mineral_N_half",2018,233.804,233.5867,0.007920863,0
"52519","mineral_N_half",2019,213.9689,213.8288,0.005928003,0
"52519","mineral_N_half",2020,194.3991,194.2886,0.007863458,0
"52519","mineral_N_half",2021,179.9689,178.5998,0.007493263,0
"52519","mineral_N_half",2022,164.136,163.6312,0.005609452,0
"52519","mineral_N_half",2023,152.7026,152.4349,0.002554949,0
"52519","mineral_N_one_half",2016,278.9179,277.8379,0.00445625,0
"52519","mineral_N_one_half",2017,255.7678,255.3142,0.006330909,0
"52519","mineral_N_one_half",2018,233.804,233.5867,0.008653155,0
"52519","mineral_N_one_half",2019,213.9689,213.8288,0.006548355,0
"52519","mineral_N_one_half",2020,194.3991,194.2886,0.008457612,0
"52519","mineral_N_one_half",2021,179.9689,178.5998,0.008409233,0
"52519","mineral_N_one_half",2022,164.136,163.6312,0.006475691,0
"52519","mineral_N_one_half",2023,152.7026,152.4349,0.002933617,0
"52519","mineral_N_zero",2016,278.9179,277.8379,0.003541593,0
"52519","mineral_N_zero",2017,255.7678,255.3142,0.00541144,0
"52519","mineral_N_zero",2018,233.804,233.5867,0.007554748,0
"52519","mineral_N_zero",2019,213.9689,213.8288,0.005617825,0
"52519","mineral_N_zero",2020,194.3991,194.2886,0.007566416,0
"52519","mineral_N_zero",2021,179.9689,178.5998,0.00703532,0
"52519","mineral_N_zero",2022,164.136,163.6312,0.005176321,0
"52519","mineral_N_zero",2023,152.7026,152.4349,0.002365574,0
"52519","organic_substitution",2016,284.2742,277.8424,0.003541645,0
"52519","organic_substitution",2017,259.0318,255.6963,0.006210814,0
"52519","organic_substitution",2018,236.3048,234.2135,0.008857577,0
"52519","organic_substitution",2019,216.3242,214.6327,0.006660554,0
"52519","organic_substitution",2020,196.654,195.2425,0.009006852,0
"52519","organic_substitution",2021,182.4588,179.6757,0.008356299,0
"52519","organic_substitution",2022,166.5922,164.7967,0.006161743,0
"52519","organic_substitution",2023,156.8082,153.777,0.002878066,0
"52519","tillage_reduced",2016,278.6942,277.624,0.00358918,0
"52519","tillage_reduced",2017,255.3289,254.8831,0.005475473,0
"52519","tillage_reduced",2018,234.3433,234.1188,0.008035277,0
"52519","tillage_reduced",2019,215.4453,215.2952,0.006065256,0
"52519","tillage_reduced",2020,196.3917,196.2738,0.007922961,0
"52519","tillage_reduced",2021,182.6596,181.2119,0.007750106,0
"52519","tillage_reduced",2022,167.9466,167.3601,0.00580943,0
"52519","tillage_reduced",2023,156.0984,155.7994,0.002718415,0
"52519","tillage_reference",2016,278.0693,277.0258,0.003717776,0
"52519","tillage_reference",2017,254.1028,253.6782,0.005649737,0
"52519","tillage_reference",2018,232.2966,232.0895,0.008123636,0
"52519","tillage_reference",2019,212.5952,212.4586,0.006182225,0
"52519","tillage_reference",2020,193.1537,193.0443,0.008104949,0
"52519","tillage_reference",2021,178.8265,177.4578,0.007905648,0
"52519","tillage_reference",2022,163.0901,162.5855,0.006010523,0
"52519","tillage_reference",2023,151.315,151.0542,0.002797277,0
"52519","tillage_zero",2016,278.9179,277.8379,0.003541593,0
"52519","tillage_zero",2017,255.7678,255.3142,0.00541144,0
"52519","tillage_zero",2018,234.8468,234.6183,0.008009814,0
"52519","tillage_zero",2019,216.0082,215.8558,0.006055892,0
"52519","tillage_zero",2020,196.97,196.8508,0.007912346,0
"52519","tillage_zero",2021,183.2788,181.8228,0.007742338,0
"52519","tillage_zero",2022,168.66,168.0643,0.005793614,0
"52519","tillage_zero",2023,156.8694,156.5646,0.002699089,0
"534243","fertilizer_reference",2016,43.2482,42.3686,0.002291381,0
"534243","fertilizer_reference",2017,36.603,36.0364,0.003407344,0
"534243","fertilizer_reference",2018,30.4563,29.9713,0.005619049,0
"534243","fertilizer_reference",2019,25.6057,25.1164,0.003768534,0
"534243","fertilizer_reference",2020,21.3414,20.9404,0.004247247,0
"534243","fertilizer_reference",2021,17.2861,17.0469,0.005291754,0
"534243","fertilizer_reference",2022,14.1439,13.9301,0.005291683,0
"534243","fertilizer_reference",2023,11.9343,11.7938,0.003168681,0
"534243","mineral_N_half",2016,43.2482,42.3686,0.001985306,0
"534243","mineral_N_half",2017,36.603,36.0364,0.002962649,0
"534243","mineral_N_half",2018,30.4563,29.9713,0.004971119,0
"534243","mineral_N_half",2019,25.6057,25.1164,0.003427264,0
"534243","mineral_N_half",2020,21.3414,20.9404,0.003915835,0
"534243","mineral_N_half",2021,17.2861,17.0469,0.004708281,0
"534243","mineral_N_half",2022,14.1439,13.9301,0.004521551,0
"534243","mineral_N_half",2023,11.9343,11.7938,0.002573102,0
"534243","mineral_N_one_half",2016,43.2482,42.3686,0.002597441,0
"534243","mineral_N_one_half",2017,36.603,36.0364,0.003852058,0
"534243","mineral_N_one_half",2018,30.4563,29.9713,0.006266949,0
"534243","mineral_N_one_half",2019,25.6057,25.1164,0.004109895,0
"534243","mineral_N_one_half",2020,21.3414,20.9404,0.004578712,0
"534243","mineral_N_one_half",2021,17.2861,17.0469,0.005875334,0
"534243","mineral_N_one_half",2022,14.1439,13.9301,0.006061714,0
"534243","mineral_N_one_half",2023,11.9343,11.7938,0.003764262,0
"534243","mineral_N_zero",2016,43.2482,42.3686,0.00167934,0
"534243","mineral_N_zero",2017,36.603,36.0364,0.002517989,0
"534243","mineral_N_zero",2018,30.4563,29.9713,0.004323269,0
"534243","mineral_N_zero",2019,25.6057,25.1164,0.003085949,0
"534243","mineral_N_zero",2020,21.3414,20.9404,0.003584419,0
"534243","mineral_N_zero",2021,17.2861,17.0469,0.004124761,0
"534243","mineral_N_zero",2022,14.1439,13.9301,0.003751523,0
"534243","mineral_N_zero",2023,11.9343,11.7938,0.001977538,0
"534243","organic_substitution",2016,44.6389,42.6513,0.001825855,0
"534243","organic_substitution",2017,38.4661,36.6158,0.002799708,0
"534243","organic_substitution",2018,32.582,30.8047,0.004848361,0
"534243","organic_substitution",2019,27.9356,26.1677,0.003548196,0
"534243","organic_substitution",2020,23.7907,22.1717,0.004208508,0
"534243","organic_substitution",2021,19.0001,18.3596,0.005288498,0
"534243","organic_substitution",2022,15.8096,15.2635,0.005366251,0
"534243","organic_substitution",2023,13.7614,13.1703,0.003276969,0
"534243","tillage_reduced",2016,43.2177,42.3408,0.002300599,0
"534243","tillage_reduced",2017,36.5513,35.9859,0.002783027,0
"534243","tillage_reduced",2018,30.8735,30.3288,0.005043301,0
"534243","tillage_reduced",2019,26.1891,25.6471,0.003491681,0
"534243","tillage_reduced",2020,21.859,21.4386,0.004029626,0
"534243","tillage_reduced",2021,17.9604,17.689,0.005122465,0
"534243","tillage_reduced",2022,14.8067,14.5711,0.005168113,0
"534243","tillage_reduced",2023,12.4654,12.3209,0.003140053,0
"534243","tillage_reference",2016,43.1275,42.259,0.002327356,0
"534243","tillage_reference",2017,36.4052,35.843,0.002811501,0
"534243","tillage_reference",2018,30.298,29.8131,0.005093774,0
"534243","tillage_reference",2019,25.4757,24.9863,0.003561707,0
"534243","tillage_reference",2020,21.2349,20.8339,0.004100971,0
"534243","tillage_reference",2021,17.2012,16.962,0.00517915,0
"534243","tillage_reference",2022,14.0759,13.8621,0.005216185,0
"534243","tillage_reference",2023,11.8488,11.7095,0.003147357,0
"534243","tillage_zero",2016,43.2482,42.3686,0.002291381,0
"534243","tillage_zero",2017,36.603,36.0364,0.002772791,0
"534243","tillage_zero",2018,30.9776,30.4243,0.005032701,0
"534243","tillage_zero",2019,26.3123,25.762,0.003481871,0
"534243","tillage_zero",2020,21.9731,21.5486,0.004020201,0
"534243","tillage_zero",2021,18.092,17.8153,0.005113489,0
"534243","tillage_zero",2022,14.9364,14.6967,0.005161286,0
"534243","tillage_zero",2023,12.5777,12.4322,0.003138166,0
"535040","cover_annual",2016,92.3623,91.0742,0.001201196,0
"535040","cover_annual",2017,85.5327,84.9652,0.001112317,0
"535040","cover_annual",2018,79.525,79.2737,0.001396385,0
"535040","cover_annual",2019,74.4733,74.2521,0.001136713,0
"535040","cover_annual",2020,70.3355,69.7321,0.00228631,0
"535040","cover_annual",2021,64.3736,64.021,0.002244479,0
"535040","cover_annual",2022,60.4573,60.1685,0.001614264,0
"535040","cover_annual",2023,57.1798,56.8811,0.001174377,0
"535040","cover_none",2016,92.3623,91.0742,0.001201196,0
"535040","cover_none",2017,85.5327,84.9652,0.001112317,0
"535040","cover_none",2018,79.525,79.2737,0.001396385,0
"535040","cover_none",2019,74.4615,74.2478,0.001136277,0
"535040","cover_none",2020,69.5945,69.3746,0.002207744,0
"535040","cover_none",2021,63.8255,63.6483,0.002200175,0
"535040","cover_none",2022,59.9532,59.7824,0.001583975,0
"535040","cover_none",2023,56.6894,56.4787,0.001167063,0
"535040","fertilizer_reference",2016,92.3623,91.0742,0.001201196,0
"535040","fertilizer_reference",2017,85.5327,84.9652,0.001482368,0
"535040","fertilizer_reference",2018,79.525,79.2737,0.001893765,0
"535040","fertilizer_reference",2019,74.4615,74.2478,0.001598366,0
"535040","fertilizer_reference",2020,69.5945,69.3746,0.002560442,0
"535040","fertilizer_reference",2021,63.8255,63.6483,0.002745712,0
"535040","fertilizer_reference",2022,59.9532,59.7824,0.002228637,0
"535040","fertilizer_reference",2023,56.6894,56.4787,0.001331255,0
"535040","mineral_N_half",2016,92.3623,91.0742,0.000984769,0
"535040","mineral_N_half",2017,85.5327,84.9652,0.001264801,0
"535040","mineral_N_half",2018,79.525,79.2737,0.001634997,0
"535040","mineral_N_half",2019,74.4615,74.2478,0.001365108,0
"535040","mineral_N_half",2020,69.5945,69.3746,0.002157277,0
"535040","mineral_N_half",2021,63.8255,63.6483,0.002337237,0
"535040","mineral_N_half",2022,59.9532,59.7824,0.001858693,0
"535040","mineral_N_half",2023,56.6894,56.4787,0.001072903,0
"535040","mineral_N_one_half",2016,92.3623,91.0742,0.001417647,0
"535040","mineral_N_one_half",2017,85.5327,84.9652,0.00169984,0
"535040","mineral_N_one_half",2018,79.525,79.2737,0.002152588,0
"535040","mineral_N_one_half",2019,74.4615,74.2478,0.001831617,0
"535040","mineral_N_one_half",2020,69.5945,69.3746,0.00296359,0
"535040","mineral_N_one_half",2021,63.8255,63.6483,0.003154321,0
"535040","mineral_N_one_half",2022,59.9532,59.7824,0.002598538,0
"535040","mineral_N_one_half",2023,56.6894,56.4787,0.001589487,0
"535040","mineral_N_zero",2016,92.3623,91.0742,0.000768361,0
"535040","mineral_N_zero",2017,85.5327,84.9652,0.001047335,0
"535040","mineral_N_zero",2018,79.525,79.2737,0.001376155,0
"535040","mineral_N_zero",2019,74.4615,74.2478,0.001131879,0
"535040","mineral_N_zero",2020,69.5945,69.3746,0.001754099,0
"535040","mineral_N_zero",2021,63.8255,63.6483,0.001928702,0
"535040","mineral_N_zero",2022,59.9532,59.7824,0.001488741,0
"535040","mineral_N_zero",2023,56.6894,56.4787,0.000814673,0
"535040","organic_substitution",2016,93.2862,91.1464,0.000877507,0
"535040","organic_substitution",2017,86.861,85.1426,0.001281923,0
"535040","organic_substitution",2018,81.0833,79.5616,0.001744436,0
"535040","organic_substitution",2019,79.4049,74.5951,0.001360654,0
"535040","organic_substitution",2020,76.2539,69.9005,0.002171753,0
"535040","organic_substitution",2021,70.8647,64.4272,0.002507622,0
"535040","organic_substitution",2022,67.8519,60.7792,0.002002227,0
"535040","organic_substitution",2023,65.5246,57.6796,0.001164767,0
"535040","tillage_reduced",2016,92.3374,91.0529,0.001205824,0
"535040","tillage_reduced",2017,85.4752,84.9118,0.001113577,0
"535040","tillage_reduced",2018,79.4607,79.2117,0.001400891,0
"535040","tillage_reduced",2019,74.3069,74.0959,0.001147389,0
"535040","tillage_reduced",2020,69.3648,69.1474,0.002231479,0
"535040","tillage_reduced",2021,63.5438,63.3686,0.002220331,0
"535040","tillage_reduced",2022,59.624,59.4551,0.001600176,0
"535040","tillage_reduced",2023,56.3238,56.115,0.001174705,0
"535040","tillage_reference",2016,92.2623,90.9885,0.001219894,0
"535040","tillage_reference",2017,85.3137,84.7619,0.001116912,0
"535040","tillage_reference",2018,79.2796,79.037,0.001413505,0
"535040","tillage_reference",2019,73.8976,73.6935,0.00117517,0
"535040","tillage_reference",2020,68.7612,68.5501,0.002291281,0
"535040","tillage_reference",2021,62.8075,62.637,0.002271451,0
"535040","tillage_reference",2022,58.7668,58.6027,0.001641065,0
"535040","tillage_reference",2023,55.3743,55.1704,0.001193733,0
"535040","tillage_zero",2016,92.3623,91.0742,0.001201196,0
"535040","tillage_zero",2017,85.5327,84.9652,0.001112317,0
"535040","tillage_zero",2018,79.525,79.2737,0.001396385,0
"535040","tillage_zero",2019,74.4615,74.2478,0.001136277,0
"535040","tillage_zero",2020,69.5945,69.3746,0.002207744,0
"535040","tillage_zero",2021,63.8255,63.6483,0.002200175,0
"535040","tillage_zero",2022,59.9532,59.7824,0.001583975,0
"535040","tillage_zero",2023,56.6894,56.4787,0.001167063,0
"535358","cover_annual",2016,51.0141,49.6761,6.1602e-05,0.0709785
"535358","cover_annual",2017,46.5346,45.887,5.1428e-05,0.0702567
"535358","cover_annual",2018,42.4629,42.1585,0.000101754,0.0649159
"535358","cover_annual",2019,39.1323,38.9345,8.3373e-05,0.0565379
"535358","cover_annual",2020,35.7963,35.6538,0.000234209,0.0483843
"535358","cover_annual",2021,32.954,32.8311,0.000481257,0.0155446
"535358","cover_annual",2022,29.269,29.1712,0.001467239,0.03025
"535358","cover_annual",2023,27.3547,27.1826,3.8942e-05,0.0404301
"535358","cover_none",2016,50.9166,49.6123,6.1753e-05,0.070901
"535358","cover_none",2017,46.4432,45.8166,5.1351e-05,0.0701357
"535358","cover_none",2018,42.3747,42.0842,0.000101664,0.0647947
"535358","cover_none",2019,39.021,38.8419,8.3345e-05,0.0563919
"535358","cover_none",2020,35.6087,35.5092,0.000222208,0.048848
"535358","cover_none",2021,32.6036,32.5521,0.000491404,0.0157295
"535358","cover_none",2022,28.9103,28.8647,0.001487805,0.0299477
"535358","cover_none",2023,26.7262,26.6796,3.9394e-05,0.0396732
"535358","fertilizer_reference",2016,50.9166,49.6123,7.7955e-05,0.070901
"535358","fertilizer_reference",2017,46.4432,45.8166,7.1068e-05,0.0701357
"535358","fertilizer_reference",2018,42.3837,42.0902,0.000106462,0.0648053
"535358","fertilizer_reference",2019,39.1568,38.9317,8.344e-05,0.056547
"535358","fertilizer_reference",2020,35.7118,35.5936,0.000222971,0.0489814
"535358","fertilizer_reference",2021,32.7949,32.7039,0.000490993,0.0157623
"535358","fertilizer_reference",2022,29.0587,29.0022,0.001491961,0.0300965
"535358","fertilizer_reference",2023,26.8593,26.8076,6.3632e-05,0.0398632
"535358","mineral_N_half",2016,50.9166,49.6123,6.988e-05,0.070901
"535358","mineral_N_half",2017,46.4432,45.8166,6.0994e-05,0.0701357
"535358","mineral_N_half",2018,42.3837,42.0902,8.5167e-05,0.0648053
"535358","mineral_N_half",2019,39.1568,38.9317,6.2425e-05,0.056547
"535358","mineral_N_half",2020,35.7118,35.5936,0.00018888,0.0489814
"535358","mineral_N_half",2021,32.7949,32.7039,0.000379731,0.0157623
"535358","mineral_N_half",2022,29.0587,29.0022,0.001248773,0.0300965
"535358","mineral_N_half",2023,26.8593,26.8076,4.9226e-05,0.0398632
"535358","mineral_N_one_half",2016,50.9166,49.6123,8.6097e-05,0.070901
"535358","mineral_N_one_half",2017,46.4432,45.8166,8.1216e-05,0.0701357
"535358","mineral_N_one_half",2018,42.3837,42.0902,0.000127872,0.0648053
"535358","mineral_N_one_half",2019,39.1568,38.9317,0.000104527,0.056547
"535358","mineral_N_one_half",2020,35.7118,35.5936,0.00025718,0.0489814
"535358","mineral_N_one_half",2021,32.7949,32.7039,0.000602221,0.0157623
"535358","mineral_N_one_half",2022,29.0587,29.0022,0.001735142,0.0300965
"535358","mineral_N_one_half",2023,26.8593,26.8076,7.8108e-05,0.0398632
"535358","mineral_N_zero",2016,50.9166,49.6123,6.1753e-05,0.070901
"535358","mineral_N_zero",2017,46.4432,45.8166,5.1001e-05,0.0701357
"535358","mineral_N_zero",2018,42.3837,42.0902,6.3768e-05,0.0648053
"535358","mineral_N_zero",2019,39.1568,38.9317,4.1604e-05,0.056547
"535358","mineral_N_zero",2020,35.7118,35.5936,0.00015469,0.0489814
"535358","mineral_N_zero",2021,32.7949,32.7039,0.000268369,0.0157623
"535358","mineral_N_zero",2022,29.0587,29.0022,0.001005608,0.0300965
"535358","mineral_N_zero",2023,26.8593,26.8076,3.4897e-05,0.0398632
"535358","organic_substitution",2016,53.1652,49.74,7.6852e-05,0.0724824
"535358","organic_substitution",2017,54.671,46.1517,8.4416e-05,0.0731097
"535358","organic_substitution",2018,48.5003,42.8415,0.000121216,0.0711881
"535358","organic_substitution",2019,48.6693,40.0274,9.1236e-05,0.0626831
"535358","organic_substitution",2020,42.2174,37.0988,0.000343252,0.0556432
"535358","organic_substitution",2021,41.5799,34.4798,0.000611977,0.0178175
"535358","organic_substitution",2022,34.1656,31.1167,0.002412577,0.0342701
"535358","organic_substitution",2023,32.2861,29.0195,8.6456e-05,0.0461263
"535358","rice_irrigated_reference",2016,50.9213,49.6136,4.477e-05,0.072012
"535358","rice_irrigated_reference",2017,46.4461,45.8179,4.3555e-05,0.0701386
"535358","rice_irrigated_reference",2018,42.3856,42.0914,8.5363e-05,0.0648076
"535358","rice_irrigated_reference",2019,39.1581,38.9327,5.5004e-05,0.0565482
"535358","rice_irrigated_reference",2020,35.7928,35.6714,0.000102787,0.0519828
"535358","rice_irrigated_reference",2021,32.748,32.6537,0.000134656,0.0495606
"535358","rice_irrigated_reference",2022,29.0145,28.9571,0.000686147,0.0300789
"535358","rice_irrigated_reference",2023,26.8161,26.764,2.5471e-05,0.0398035
"535358","rice_one_dry",2016,50.9213,49.6136,4.4941e-05,0.072012
"535358","rice_one_dry",2017,46.4461,45.8179,4.38e-05,0.0701386
"535358","rice_one_dry",2018,42.3856,42.0914,8.6106e-05,0.0648076
"535358","rice_one_dry",2019,39.1581,38.9327,5.5278e-05,0.0565482
"535358","rice_one_dry",2020,35.7928,35.6714,0.000103294,0.0519828
"535358","rice_one_dry",2021,32.7485,32.6541,0.000135312,0.0495719
"535358","rice_one_dry",2022,29.0148,28.9574,0.000686879,0.0300791
"535358","rice_one_dry",2023,26.8163,26.7642,2.5639e-05,0.039804
"535358","rice_two_dry",2016,50.9213,49.6136,4.5171e-05,0.072012
"535358","rice_two_dry",2017,46.4461,45.8179,4.4029e-05,0.0701386
"535358","rice_two_dry",2018,42.3856,42.0914,8.552e-05,0.0648076
"535358","rice_two_dry",2019,39.1581,38.9327,5.5476e-05,0.0565482
"535358","rice_two_dry",2020,35.7928,35.6714,0.000103685,0.0519829
"535358","rice_two_dry",2021,32.7498,32.6554,0.000134894,0.0496297
"535358","rice_two_dry",2022,29.016,28.9586,0.000687278,0.0300814
"535358","rice_two_dry",2023,26.8175,26.7654,2.5755e-05,0.039805
"535358","tillage_reduced",2016,50.8854,49.5884,6.244e-05,0.0708671
"535358","tillage_reduced",2017,46.3869,45.7676,5.1875e-05,0.0700656
"535358","tillage_reduced",2018,42.4923,42.1898,0.000100812,0.0647557
"535358","tillage_reduced",2019,39.4505,39.2084,8.1177e-05,0.0567456
"535358","tillage_reduced",2020,36.0443,35.9164,0.000217256,0.0493524
"535358","tillage_reduced",2021,33.1507,33.0543,0.000488827,0.015913
"535358","tillage_reduced",2022,29.3403,29.2827,0.00148529,0.0303966
"535358","tillage_reduced",2023,27.0956,27.0437,4.0267e-05,0.0402338
"535358","tillage_reference",2016,50.7943,49.5185,6.4263e-05,0.0707776
"535358","tillage_reference",2017,46.2229,45.6246,5.3367e-05,0.0698661
"535358","tillage_reference",2018,42.1942,41.9129,0.000101573,0.0645129
"535358","tillage_reference",2019,38.9878,38.7681,8.3061e-05,0.0563049
"535358","tillage_reference",2020,35.5602,35.4441,0.000222228,0.0487726
"535358","tillage_reference",2021,32.6571,32.5669,0.00048976,0.0156973
"535358","tillage_reference",2022,28.8171,28.762,0.001490445,0.0298758
"535358","tillage_reference",2023,26.5532,26.5031,4.0878e-05,0.039473
"535358","tillage_zero",2016,50.9166,49.6123,6.1753e-05,0.070901
"535358","tillage_zero",2017,46.4432,45.8166,5.1351e-05,0.0701357
"535358","tillage_zero",2018,42.56,42.2527,0.000100727,0.0648358
"535358","tillage_zero",2019,39.535,39.2891,8.0974e-05,0.0568383
"535358","tillage_zero",2020,36.1397,36.0094,0.000216689,0.0494627
"535358","tillage_zero",2021,33.2426,33.1451,0.000488484,0.0159553
"535358","tillage_zero",2022,29.4542,29.396,0.00148478,0.0305056
"535358","tillage_zero",2023,27.2234,27.1709,3.9873e-05,0.0404076
"542872","cover_annual",2016,58.0675,56.8027,0.000295372,0
"542872","cover_annual",2017,52.441,51.908,0.000610389,0
"542872","cover_annual",2018,48.558,48.2959,0.001027662,0
"542872","cover_annual",2019,42.5678,42.457,0.002225783,0
"542872","cover_annual",2020,37.1016,36.9966,0.003547245,0
"542872","cover_annual",2021,33.057,32.9451,0.004016666,0
"542872","cover_annual",2022,29.2481,29.1391,0.004260959,0
"542872","cover_annual",2023,26.1579,26.0475,0.002024577,0
"542872","cover_none",2016,58.0675,56.8027,0.000295372,0
"542872","cover_none",2017,52.3938,51.8863,0.00060823,0
"542872","cover_none",2018,48.5084,48.2632,0.001027755,0
"542872","cover_none",2019,42.4629,42.3819,0.002228371,0
"542872","cover_none",2020,36.9985,36.9093,0.003534347,0
"542872","cover_none",2021,32.9353,32.8396,0.004011012,0
"542872","cover_none",2022,29.1203,29.0271,0.00426778,0
"542872","cover_none",2023,25.9111,25.8499,0.002060421,0
"542872","fertilizer_reference",2016,58.0675,56.8027,0.000437962,0
"542872","fertilizer_reference",2017,52.3938,51.8863,0.000819058,0
"542872","fertilizer_reference",2018,48.5084,48.2632,0.001203651,0
"542872","fertilizer_reference",2019,42.4629,42.3819,0.002343264,0
"542872","fertilizer_reference",2020,36.9985,36.9093,0.003602389,0
"542872","fertilizer_reference",2021,32.9353,32.8396,0.004047925,0
"542872","fertilizer_reference",2022,29.1203,29.0271,0.004286642,0
"542872","fertilizer_reference",2023,25.9111,25.8499,0.002064232,0
"542872","mineral_N_half",2016,58.0675,56.8027,0.000366683,0
"542872","mineral_N_half",2017,52.3938,51.8863,0.000713654,0
"542872","mineral_N_half",2018,48.5084,48.2632,0.000995887,0
"542872","mineral_N_half",2019,42.4629,42.3819,0.002023332,0
"542872","mineral_N_half",2020,36.9985,36.9093,0.003174873,0
"542872","mineral_N_half",2021,32.9353,32.8396,0.003498265,0
"542872","mineral_N_half",2022,29.1203,29.0271,0.003481418,0
"542872","mineral_N_half",2023,25.9111,25.8499,0.001658559,0
"542872","mineral_N_one_half",2016,58.0675,56.8027,0.000509262,0
"542872","mineral_N_one_half",2017,52.3938,51.8863,0.000924526,0
"542872","mineral_N_one_half",2018,48.5084,48.2632,0.001411418,0
"542872","mineral_N_one_half",2019,42.4629,42.3819,0.002663231,0
"542872","mineral_N_one_half",2020,36.9985,36.9093,0.004029919,0
"542872","mineral_N_one_half",2021,32.9353,32.8396,0.004597647,0
"542872","mineral_N_one_half",2022,29.1203,29.0271,0.005091863,0
"542872","mineral_N_one_half",2023,25.9111,25.8499,0.002469905,0
"542872","mineral_N_zero",2016,58.0675,56.8027,0.000295372,0
"542872","mineral_N_zero",2017,52.3938,51.8863,0.00060823,0
"542872","mineral_N_zero",2018,48.5084,48.2632,0.00078817,0
"542872","mineral_N_zero",2019,42.4629,42.3819,0.001703345,0
"542872","mineral_N_zero",2020,36.9985,36.9093,0.002747356,0
"542872","mineral_N_zero",2021,32.9353,32.8396,0.002948618,0
"542872","mineral_N_zero",2022,29.1203,29.0271,0.002676171,0
"542872","mineral_N_zero",2023,25.9111,25.8499,0.001252881,0
"542872","organic_substitution",2016,60.1857,56.9293,0.000374087,0
"542872","organic_substitution",2017,55.0326,52.302,0.000899113,0
"542872","organic_substitution",2018,54.3994,48.7498,0.001093064,0
"542872","organic_substitution",2019,44.941,43.2341,0.002650606,0
"542872","organic_substitution",2020,39.3442,37.9837,0.004209159,0
"542872","organic_substitution",2021,35.7678,34.0884,0.004436381,0
"542872","organic_substitution",2022,32.0505,30.4486,0.004114279,0
"542872","organic_substitution",2023,28.3373,27.3316,0.002110657,0
"542872","tillage_reduced",2016,58.0175,56.7631,0.000298244,0
"542872","tillage_reduced",2017,52.2806,51.7829,0.000615493,0
"542872","tillage_reduced",2018,48.4933,48.2475,0.001030995,0
"542872","tillage_reduced",2019,42.7712,42.683,0.002210787,0
"542872","tillage_reduced",2020,37.211,37.1206,0.003471807,0
"542872","tillage_reduced",2021,33.0711,32.9755,0.004002375,0
"542872","tillage_reduced",2022,29.1936,29.1009,0.004283234,0
"542872","tillage_reduced",2023,25.938,25.8774,0.002075222,0
"542872","tillage_reference",2016,57.8818,56.6554,0.000305637,0
"542872","tillage_reference",2017,51.9858,51.5127,0.000634211,0
"542872","tillage_reference",2018,48.1456,47.9148,0.001048277,0
"542872","tillage_reference",2019,42.1536,42.0757,0.002231675,0
"542872","tillage_reference",2020,36.5136,36.426,0.003568121,0
"542872","tillage_reference",2021,32.3174,32.2236,0.004071293,0
"542872","tillage_reference",2022,28.4063,28.3151,0.004330696,0
"542872","tillage_reference",2023,25.1386,25.0795,0.002090751,0
"542872","tillage_zero",2016,58.0675,56.8027,0.000295372,0
"542872","tillage_zero",2017,52.3938,51.8863,0.00060823,0
"542872","tillage_zero",2018,48.6015,48.3511,0.001024973,0
"542872","tillage_zero",2019,42.8995,42.8094,0.002207922,0
"542872","tillage_zero",2020,37.3796,37.2885,0.003454775,0
"542872","tillage_zero",2021,33.2723,33.1761,0.003983247,0
"542872","tillage_zero",2022,29.4168,29.3235,0.004265748,0
"542872","tillage_zero",2023,26.1744,26.1132,0.002067357,0
"54800","cover_annual",2016,104.7823,104.1395,0.003026524,0
"54800","cover_annual",2017,95.2781,94.9667,0.003095376,0
"54800","cover_annual",2018,86.7776,86.5952,0.003954843,0
"54800","cover_annual",2019,77.8514,77.7054,0.003065163,0
"54800","cover_annual",2020,68.2647,68.1603,0.005712334,0
"54800","cover_annual",2021,61.5265,61.3955,0.005486659,0
"54800","cover_annual",2022,56.8157,55.7524,0.003598666,0
"54800","cover_annual",2023,52.5402,52.0914,0.001658925,0
"54800","cover_none",2016,104.7442,104.1118,0.003018331,0
"54800","cover_none",2017,95.2494,94.941,0.003093658,0
"54800","cover_none",2018,86.7532,86.5717,0.003953723,0
"54800","cover_none",2019,77.8303,77.6845,0.003064894,0
"54800","cover_none",2020,68.2464,68.142,0.005712205,0
"54800","cover_none",2021,61.5102,61.3792,0.005486629,0
"54800","cover_none",2022,56.8011,55.7378,0.003598688,0
"54800","cover_none",2023,52.5268,52.078,0.001658935,0
"54800","fertilizer_reference",2016,104.7442,104.1118,0.003018331,0
"54800","fertilizer_reference",2017,95.2494,94.941,0.003662636,0
"54800","fertilizer_reference",2018,86.7532,86.5717,0.004710114,0
"54800","fertilizer_reference",2019,77.8303,77.6845,0.003561809,0
"54800","fertilizer_reference",2020,68.2464,68.142,0.00683884,0
"54800","fertilizer_reference",2021,61.5102,61.3792,0.00667381,0
"54800","fertilizer_reference",2022,56.8011,55.7378,0.004542592,0
"54800","fertilizer_reference",2023,52.5268,52.078,0.002325829,0
"54800","mineral_N_half",2016,104.7442,104.1118,0.002691162,0
"54800","mineral_N_half",2017,95.2494,94.941,0.003318545,0
"54800","mineral_N_half",2018,86.7532,86.5717,0.004305016,0
"54800","mineral_N_half",2019,77.8303,77.6845,0.003306938,0
"54800","mineral_N_half",2020,68.2464,68.142,0.006270872,0
"54800","mineral_N_half",2021,61.5102,61.3792,0.0060779,0
"54800","mineral_N_half",2022,56.8011,55.7378,0.004069883,0
"54800","mineral_N_half",2023,52.5268,52.078,0.001992242,0
"54800","mineral_N_one_half",2016,104.7442,104.1118,0.003345467,0
"54800","mineral_N_one_half",2017,95.2494,94.941,0.004006742,0
"54800","mineral_N_one_half",2018,86.7532,86.5717,0.005115131,0
"54800","mineral_N_one_half",2019,77.8303,77.6845,0.003816715,0
"54800","mineral_N_one_half",2020,68.2464,68.142,0.007406828,0
"54800","mineral_N_one_half",2021,61.5102,61.3792,0.00726974,0
"54800","mineral_N_one_half",2022,56.8011,55.7378,0.005015283,0
"54800","mineral_N_one_half",2023,52.5268,52.078,0.002659454,0
"54800","mineral_N_zero",2016,104.7442,104.1118,0.002363996,0
"54800","mineral_N_zero",2017,95.2494,94.941,0.002974443,0
"54800","mineral_N_zero",2018,86.7532,86.5717,0.003900023,0
"54800","mineral_N_zero",2019,77.8303,77.6845,0.003052079,0
"54800","mineral_N_zero",2020,68.2464,68.142,0.005702879,0
"54800","mineral_N_zero",2021,61.5102,61.3792,0.005481985,0
"54800","mineral_N_zero",2022,56.8011,55.7378,0.003597223,0
"54800","mineral_N_zero",2023,52.5268,52.078,0.001658652,0
"54800","organic_substitution",2016,106.3318,104.3769,0.002586379,0
"54800","organic_substitution",2017,97.6943,95.4366,0.003374238,0
"54800","organic_substitution",2018,89.735,87.2997,0.00457242,0
"54800","organic_substitution",2019,80.5536,78.6575,0.003735567,0
"54800","organic_substitution",2020,70.8408,69.2988,0.00698732,0
"54800","organic_substitution",2021,64.5145,62.6853,0.006791219,0
"54800","organic_substitution",2022,59.9035,57.1889,0.004558494,0
"54800","organic_substitution",2023,56.5538,53.6551,0.002194171,0
"54800","tillage_reduced",2016,104.6896,104.0608,0.003034159,0
"54800","tillage_reduced",2017,95.1615,94.855,0.003107013,0
"54800","tillage_reduced",2018,86.5513,86.3731,0.00397867,0
"54800","tillage_reduced",2019,77.5461,77.4033,0.003092332,0
"54800","tillage_reduced",2020,67.9374,67.8347,0.005734013,0
"54800","tillage_reduced",2021,61.2092,61.0792,0.005500493,0
"54800","tillage_reduced",2022,56.5267,55.4659,0.003598274,0
"54800","tillage_reduced",2023,52.2405,51.7954,0.001663231,0
"54800","tillage_reference",2016,104.5158,103.8983,0.003082304,0
"54800","tillage_reference",2017,94.8806,94.5801,0.003150054,0
"54800","tillage_reference",2018,85.9762,85.8069,0.00404566,0
"54800","tillage_reference",2019,76.76,76.6247,0.003162415,0
"54800","tillage_reference",2020,67.0981,66.9995,0.005789173,0
"54800","tillage_reference",2021,60.3968,60.2694,0.005533324,0
"54800","tillage_reference",2022,55.7726,54.7207,0.003595948,0
"54800","tillage_reference",2023,51.4541,51.02,0.001675335,0
"54800","tillage_zero",2016,104.7442,104.1118,0.003018331,0
"54800","tillage_zero",2017,95.2494,94.941,0.003093658,0
"54800","tillage_zero",2018,86.7532,86.5717,0.003953723,0
"54800","tillage_zero",2019,77.8303,77.6845,0.003064894,0
"54800","tillage_zero",2020,68.2464,68.142,0.005712205,0
"54800","tillage_zero",2021,61.5102,61.3792,0.005486629,0
"54800","tillage_zero",2022,56.8066,55.7422,0.003598638,0
"54800","tillage_zero",2023,52.5312,52.0821,0.001658664,0
"549173","fertilizer_reference",2016,133.3969,130.6168,0.001890774,0
"549173","fertilizer_reference",2017,121.7837,120.6434,0.001963114,0
"549173","fertilizer_reference",2018,111.3009,110.8498,0.001965659,0
"549173","fertilizer_reference",2019,102.2667,102.0833,0.000609523,0
"549173","fertilizer_reference",2020,93.1799,93.1126,0.001929243,0
"549173","fertilizer_reference",2021,85.0629,85.0379,0.002265669,0
"549173","fertilizer_reference",2022,78.0408,78.031,0.001521914,0
"549173","fertilizer_reference",2023,72.0843,72.0802,0.00069258,0
"549173","mineral_N_half",2016,133.3969,130.6168,0.001671178,0
"549173","mineral_N_half",2017,121.7837,120.6434,0.001792217,0
"549173","mineral_N_half",2018,111.3009,110.8498,0.001893366,0
"549173","mineral_N_half",2019,102.2667,102.0833,0.000585694,0
"549173","mineral_N_half",2020,93.1799,93.1126,0.001875878,0
"549173","mineral_N_half",2021,85.0629,85.0379,0.002189963,0
"549173","mineral_N_half",2022,78.0408,78.031,0.001462485,0
"549173","mineral_N_half",2023,72.0843,72.0802,0.000644071,0
"549173","mineral_N_one_half",2016,133.3969,130.6168,0.002110435,0
"549173","mineral_N_one_half",2017,121.7837,120.6434,0.002134044,0
"549173","mineral_N_one_half",2018,111.3009,110.8498,0.002037947,0
"549173","mineral_N_one_half",2019,102.2667,102.0833,0.000633336,0
"549173","mineral_N_one_half",2020,93.1799,93.1126,0.001982607,0
"549173","mineral_N_one_half",2021,85.0629,85.0379,0.002341395,0
"549173","mineral_N_one_half",2022,78.0408,78.031,0.001581357,0
"549173","mineral_N_one_half",2023,72.0843,72.0802,0.000741147,0
"549173","mineral_N_zero",2016,133.3969,130.6168,0.001451758,0
"549173","mineral_N_zero",2017,121.7837,120.6434,0.001621456,0
"549173","mineral_N_zero",2018,111.3009,110.8498,0.001821076,0
"549173","mineral_N_zero",2019,102.2667,102.0833,0.000561891,0
"549173","mineral_N_zero",2020,93.1799,93.1126,0.001822504,0
"549173","mineral_N_zero",2021,85.0629,85.0379,0.00211425,0
"549173","mineral_N_zero",2022,78.0408,78.031,0.001403062,0
"549173","mineral_N_zero",2023,72.0843,72.0802,0.000595515,0
"549173","organic_substitution",2016,135.4265,130.7898,0.00158429,0
"549173","organic_substitution",2017,124.6866,121.0595,0.001853545,0
"549173","organic_substitution",2018,114.2758,111.4935,0.00218203,0
"549173","organic_substitution",2019,105.4042,102.9305,0.000710542,0
"549173","organic_substitution",2020,96.2657,94.1533,0.002371024,0
"549173","organic_substitution",2021,88.2635,86.2435,0.002776407,0
"549173","organic_substitution",2022,81.5321,79.38,0.001869149,0
"549173","organic_substitution",2023,75.8549,73.5701,0.000852035,0
"549173","tillage_reduced",2016,133.3528,130.5771,0.001461255,0
"549173","tillage_reduced",2017,121.7083,120.5729,0.001627535,0
"549173","tillage_reduced",2018,111.6146,111.1489,0.001818324,0
"549173","tillage_reduced",2019,102.7029,102.5104,0.000556392,0
"549173","tillage_reduced",2020,93.7579,93.6858,0.001800099,0
"549173","tillage_reduced",2021,85.6471,85.6201,0.002098136,0
"549173","tillage_reduced",2022,78.7528,78.742,0.001393244,0
"549173","tillage_reduced",2023,72.7265,72.7219,0.000602236,0
"549173","tillage_reference",2016,133.1889,130.4323,0.001494561,0
"549173","tillage_reference",2017,121.4378,120.3208,0.001650258,0
"549173","tillage_reference",2018,110.9949,110.5527,0.001821527,0
"549173","tillage_reference",2019,101.9896,101.8096,0.000560415,0
"549173","tillage_reference",2020,92.9289,92.8629,0.001817144,0
"549173","tillage_reference",2021,84.8345,84.8099,0.002108097,0
"549173","tillage_reference",2022,77.8315,77.8219,0.001399021,0
"549173","tillage_reference",2023,71.7422,71.7382,0.000614661,0
"549173","tillage_zero",2016,133.3969,130.6168,0.001451758,0
"549173","tillage_zero",2017,121.7837,120.6434,0.001621456,0
"549173","tillage_zero",2018,111.724,111.2545,0.001818016,0
"549173","tillage_zero",2019,102.8169,102.6226,0.000556233,0
"549173","tillage_zero",2020,93.8836,93.8106,0.001799406,0
"549173","tillage_zero",2021,85.7718,85.7444,0.002097503,0
"549173","tillage_zero",2022,78.8921,78.8811,0.001391503,0
"549173","tillage_zero",2023,72.8893,72.8846,0.000597833,0
"555182","fertilizer_reference",2016,67.9136,66.926,0.000912349,0
"555182","fertilizer_reference",2017,59.7901,59.5337,0.001412729,0
"555182","fertilizer_reference",2018,51.8637,51.8131,0.002252375,0
"555182","fertilizer_reference",2019,50.1913,47.0291,0.001130394,0
"555182","fertilizer_reference",2020,41.6717,40.9332,0.002406532,0
"555182","fertilizer_reference",2021,35.7351,35.5609,0.001975253,0
"555182","fertilizer_reference",2022,30.4102,30.3754,0.00261862,0
"555182","fertilizer_reference",2023,26.9303,26.9201,0.001154133,0
"555182","mineral_N_half",2016,67.9136,66.926,0.000905206,0
"555182","mineral_N_half",2017,59.7901,59.5337,0.001279889,0
"555182","mineral_N_half",2018,51.8637,51.8131,0.002100936,0
"555182","mineral_N_half",2019,50.1913,47.0291,0.001039945,0
"555182","mineral_N_half",2020,41.6717,40.9332,0.002187369,0
"555182","mineral_N_half",2021,35.7351,35.5609,0.00184687,0
"555182","mineral_N_half",2022,30.4102,30.3754,0.002263435,0
"555182","mineral_N_half",2023,26.9303,26.9201,0.000936019,0
"555182","mineral_N_one_half",2016,67.9136,66.926,0.000919485,0
"555182","mineral_N_one_half",2017,59.7901,59.5337,0.001545592,0
"555182","mineral_N_one_half",2018,51.8637,51.8131,0.002403818,0
"555182","mineral_N_one_half",2019,50.1913,47.0291,0.001220852,0
"555182","mineral_N_one_half",2020,41.6717,40.9332,0.002625704,0
"555182","mineral_N_one_half",2021,35.7351,35.5609,0.002103588,0
"555182","mineral_N_one_half",2022,30.4102,30.3754,0.002973843,0
"555182","mineral_N_one_half",2023,26.9303,26.9201,0.001372223,0
"555182","mineral_N_zero",2016,67.9136,66.926,0.000898041,0
"555182","mineral_N_zero",2017,59.7901,59.5337,0.001147018,0
"555182","mineral_N_zero",2018,51.8637,51.8131,0.001949532,0
"555182","mineral_N_zero",2019,50.1913,47.0291,0.000949537,0
"555182","mineral_N_zero",2020,41.6717,40.9332,0.001968218,0
"555182","mineral_N_zero",2021,35.7351,35.5609,0.00171854,0
"555182","mineral_N_zero",2022,30.4102,30.3754,0.001908225,0
"555182","mineral_N_zero",2023,26.9303,26.9201,0.000717926,0
"555182","organic_substitution",2016,70.1331,67.1145,0.001026787,0
"555182","organic_substitution",2017,62.1298,60.0346,0.001416649,0
"555182","organic_substitution",2018,56.9721,52.3574,0.002227812,0
"555182","organic_substitution",2019,56.4814,47.7494,0.001199208,0
"555182","organic_substitution",2020,44.5682,42.0624,0.002892951,0
"555182","organic_substitution",2021,38.1373,36.8396,0.002518918,0
"555182","organic_substitution",2022,32.7399,31.7347,0.002697188,0
"555182","organic_substitution",2023,29.6863,28.4107,0.00114496,0
"555182","tillage_reduced",2016,67.8923,66.9078,0.00089821,0
"555182","tillage_reduced",2017,59.7565,59.5015,0.001148983,0
"555182","tillage_reduced",2018,52.4217,52.3644,0.001849854,0
"555182","tillage_reduced",2019,50.6342,47.4918,0.000937886,0
"555182","tillage_reduced",2020,41.9894,41.2677,0.001994155,0
"555182","tillage_reduced",2021,35.9763,35.8082,0.001740579,0
"555182","tillage_reduced",2022,30.9062,30.8693,0.001885325,0
"555182","tillage_reduced",2023,27.3612,27.3505,0.000718381,0
"555182","tillage_reference",2016,67.8377,66.8611,0.000898593,0
"555182","tillage_reference",2017,59.6576,59.407,0.001156246,0
"555182","tillage_reference",2018,51.7521,51.7026,0.001949665,0
"555182","tillage_reference",2019,49.8732,46.7928,0.000962033,0
"555182","tillage_reference",2020,41.152,40.4765,0.002033866,0
"555182","tillage_reference",2021,35.1674,35.0148,0.001747843,0
"555182","tillage_reference",2022,29.9386,29.9081,0.001922076,0
"555182","tillage_reference",2023,26.4824,26.4736,0.000718045,0
"555182","tillage_zero",2016,67.9136,66.926,0.000898041,0
"555182","tillage_zero",2017,59.7901,59.5337,0.001147018,0
"555182","tillage_zero",2018,52.5569,52.4979,0.00183133,0
"555182","tillage_zero",2019,50.8149,47.6501,0.000931426,0
"555182","tillage_zero",2020,42.2106,41.4717,0.0019775,0
"555182","tillage_zero",2021,36.2024,36.0282,0.001735218,0
"555182","tillage_zero",2022,31.1436,31.1048,0.001876722,0
"555182","tillage_zero",2023,27.5779,27.5666,0.000718792,0
"557284","cover_annual",2016,45.7494,45.1255,0.002196865,0
"557284","cover_annual",2017,39.8969,39.7573,0.001100465,0
"557284","cover_annual",2018,35.0294,34.9982,0.001882713,0
"557284","cover_annual",2019,34.6929,32.3575,0.001054767,0
"557284","cover_annual",2020,29.4057,28.8279,0.002868666,0
"557284","cover_annual",2021,24.7765,24.6836,0.002524212,0
"557284","cover_annual",2022,21.3229,21.3063,0.002692021,0
"557284","cover_annual",2023,19.1173,19.1126,0.001307442,0
"557284","cover_none",2016,45.7404,45.1189,0.002193799,0
"557284","cover_none",2017,39.8902,39.7512,0.001100235,0
"557284","cover_none",2018,35.0237,34.9927,0.001882599,0
"557284","cover_none",2019,34.6877,32.3524,0.001054754,0
"557284","cover_none",2020,29.4011,28.8233,0.002868681,0
"557284","cover_none",2021,24.7725,24.6796,0.00252425,0
"557284","cover_none",2022,21.3193,21.3027,0.002692055,0
"557284","cover_none",2023,19.1141,19.1094,0.001307459,0
"557284","fertilizer_reference",2016,45.7404,45.1189,0.002193799,0
"557284","fertilizer_reference",2017,39.8902,39.7512,0.001457535,0
"557284","fertilizer_reference",2018,35.0237,34.9927,0.002039696,0
"557284","fertilizer_reference",2019,34.6877,32.3524,0.001072014,0
"557284","fertilizer_reference",2020,29.4011,28.8233,0.002878528,0
"557284","fertilizer_reference",2021,24.7725,24.6796,0.002527505,0
"557284","fertilizer_reference",2022,21.3193,21.3027,0.00269358,0
"557284","fertilizer_reference",2023,19.1141,19.1094,0.001307651,0
"557284","mineral_N_half",2016,45.7404,45.1189,0.001701639,0
"557284","mineral_N_half",2017,39.8902,39.7512,0.001225759,0
"557284","mineral_N_half",2018,35.0237,34.9927,0.001737584,0
"557284","mineral_N_half",2019,34.6877,32.3524,0.000837682,0
"557284","mineral_N_half",2020,29.4011,28.8233,0.002278255,0
"557284","mineral_N_half",2021,24.7725,24.6796,0.002099712,0
"557284","mineral_N_half",2022,21.3193,21.3027,0.002187569,0
"557284","mineral_N_half",2023,19.1141,19.1094,0.000997988,0
"557284","mineral_N_one_half",2016,45.7404,45.1189,0.002685958,0
"557284","mineral_N_one_half",2017,39.8902,39.7512,0.001689299,0
"557284","mineral_N_one_half",2018,35.0237,34.9927,0.002341817,0
"557284","mineral_N_one_half",2019,34.6877,32.3524,0.001306316,0
"557284","mineral_N_one_half",2020,29.4011,28.8233,0.003478797,0
"557284","mineral_N_one_half",2021,24.7725,24.6796,0.002955332,0
"557284","mineral_N_one_half",2022,21.3193,21.3027,0.003199547,0
"557284","mineral_N_one_half",2023,19.1141,19.1094,0.00161729,0
"557284","mineral_N_zero",2016,45.7404,45.1189,0.00120949,0
"557284","mineral_N_zero",2017,39.8902,39.7512,0.000993998,0
"557284","mineral_N_zero",2018,35.0237,34.9927,0.001435432,0
"557284","mineral_N_zero",2019,34.6877,32.3524,0.0006034,0
"557284","mineral_N_zero",2020,29.4011,28.8233,0.001677978,0
"557284","mineral_N_zero",2021,24.7725,24.6796,0.001671868,0
"557284","mineral_N_zero",2022,21.3193,21.3027,0.001681606,0
"557284","mineral_N_zero",2023,19.1141,19.1094,0.000688338,0
"557284","organic_substitution",2016,49.6948,45.1566,0.001211569,0
"557284","organic_substitution",2017,42.3508,40.2401,0.001602374,0
"557284","organic_substitution",2018,37.3292,35.7812,0.002521231,0
"557284","organic_substitution",2019,38.0791,33.3541,0.001063729,0
"557284","organic_substitution",2020,32.4811,30.0816,0.003079124,0
"557284","organic_substitution",2021,27.1526,26.136,0.003303563,0
"557284","organic_substitution",2022,23.9211,22.8796,0.003344236,0
"557284","organic_substitution",2023,22.4687,20.8156,0.00164046,0
"557284","tillage_reduced",2016,45.7055,45.0888,0.002204814,0
"557284","tillage_reduced",2017,39.8327,39.6959,0.001107495,0
"557284","tillage_reduced",2018,35.0284,34.9973,0.001883855,0
"557284","tillage_reduced",2019,34.8247,32.4319,0.001049616,0
"557284","tillage_reduced",2020,29.6142,28.9972,0.002834303,0
"557284","tillage_reduced",2021,24.9879,24.8861,0.002502617,0
"557284","tillage_reduced",2022,21.5588,21.54,0.002673914,0
"557284","tillage_reduced",2023,19.3141,19.3089,0.001312569,0
"557284","tillage_reference",2016,45.5756,44.9766,0.002239899,0
"557284","tillage_reference",2017,39.6199,39.4911,0.001131549,0
"557284","tillage_reference",2018,34.792,34.7633,0.001890662,0
"557284","tillage_reference",2019,34.4759,32.1414,0.001053179,0
"557284","tillage_reference",2020,29.2137,28.6361,0.002861225,0
"557284","tillage_reference",2021,24.6123,24.5195,0.002515149,0
"557284","tillage_reference",2022,21.1812,21.1646,0.002682064,0
"557284","tillage_reference",2023,18.9062,18.9018,0.001329809,0
"557284","tillage_zero",2016,45.7404,45.1189,0.002193799,0
"557284","tillage_zero",2017,39.8902,39.7512,0.001100235,0
"557284","tillage_zero",2018,35.0875,35.0558,0.001882138,0
"557284","tillage_zero",2019,34.8933,32.4938,0.001049212,0
"557284","tillage_zero",2020,29.6842,29.0629,0.002832831,0
"557284","tillage_zero",2021,25.0518,24.949,0.002502606,0
"557284","tillage_zero",2022,21.6194,21.6004,0.002674381,0
"557284","tillage_zero",2023,19.3902,19.3848,0.001306166,0
"565118","cover_annual",2016,220.9196,220.1991,0.004432253,0
"565118","cover_annual",2017,199.6493,199.3346,0.003336321,0
"565118","cover_annual",2018,181.7146,181.5149,0.00611225,0
"565118","cover_annual",2019,160.0749,159.9255,0.00768468,0
"565118","cover_annual",2020,141.3417,141.2409,0.00761821,0
"565118","cover_annual",2021,131.3848,131.2102,0.007569745,0
"565118","cover_annual",2022,120.5764,120.3998,0.00616125,0
"565118","cover_annual",2023,114.857,111.2739,0.002461885,0
"565118","cover_none",2016,221.0717,220.3776,0.004376902,0
"565118","cover_none",2017,199.5184,199.2547,0.00334495,0
"565118","cover_none",2018,181.3872,181.2554,0.006186062,0
"565118","cover_none",2019,159.6948,159.5857,0.007619841,0
"565118","cover_none",2020,140.7495,140.6914,0.007649828,0
"565118","cover_none",2021,130.3961,130.3072,0.00759983,0
"565118","cover_none",2022,119.4192,119.3336,0.006295722,0
"565118","cover_none",2023,113.6692,109.915,0.002789537,0
"565118","fertilizer_reference",2016,221.0717,220.3776,0.004376902,0
"565118","fertilizer_reference",2017,199.5184,199.2547,0.003631074,0
"565118","fertilizer_reference",2018,181.3872,181.2554,0.006448715,0
"565118","fertilizer_reference",2019,159.6948,159.5857,0.00773763,0
"565118","fertilizer_reference",2020,140.7495,140.6914,0.007701126,0
"565118","fertilizer_reference",2021,130.3961,130.3072,0.007630629,0
"565118","fertilizer_reference",2022,119.4192,119.3336,0.006314213,0
"565118","fertilizer_reference",2023,113.6692,109.915,0.002793978,0
"565118","mineral_N_half",2016,221.0717,220.3776,0.004265604,0
"565118","mineral_N_half",2017,199.5184,199.2547,0.003457548,0
"565118","mineral_N_half",2018,181.3872,181.2554,0.006132098,0
"565118","mineral_N_half",2019,159.6948,159.5857,0.007202126,0
"565118","mineral_N_half",2020,140.7495,140.6914,0.007180172,0
"565118","mineral_N_half",2021,130.3961,130.3072,0.00716123,0
"565118","mineral_N_half",2022,119.4192,119.3336,0.005919063,0
"565118","mineral_N_half",2023,113.6692,109.915,0.002551729,0
"565118","mineral_N_one_half",2016,221.0717,220.3776,0.004488242,0
"565118","mineral_N_one_half",2017,199.5184,199.2547,0.003804567,0
"565118","mineral_N_one_half",2018,181.3872,181.2554,0.00676531,0
"565118","mineral_N_one_half",2019,159.6948,159.5857,0.00827311,0
"565118","mineral_N_one_half",2020,140.7495,140.6914,0.008222103,0
"565118","mineral_N_one_half",2021,130.3961,130.3072,0.008099958,0
"565118","mineral_N_one_half",2022,119.4192,119.3336,0.006709364,0
"565118","mineral_N_one_half",2023,113.6692,109.915,0.003036264,0
"565118","mineral_N_zero",2016,221.0717,220.3776,0.00415429,0
"565118","mineral_N_zero",2017,199.5184,199.2547,0.003284035,0
"565118","mineral_N_zero",2018,181.3872,181.2554,0.005815489,0
"565118","mineral_N_zero",2019,159.6948,159.5857,0.006666649,0
"565118","mineral_N_zero",2020,140.7495,140.6914,0.006659192,0
"565118","mineral_N_zero",2021,130.3961,130.3072,0.00669187,0
"565118","mineral_N_zero",2022,119.4192,119.3336,0.005523896,0
"565118","mineral_N_zero",2023,113.6692,109.915,0.002309432,0
"565118","organic_substitution",2016,222.8863,220.6291,0.004335677,0
"565118","organic_substitution",2017,201.2159,199.7116,0.003630316,0
"565118","organic_substitution",2018,183.2306,181.8807,0.006626471,0
"565118","organic_substitution",2019,162.0566,160.5209,0.007922566,0
"565118","organic_substitution",2020,142.6636,141.7582,0.007983047,0
"565118","organic_substitution",2021,132.9859,131.4647,0.008045222,0
"565118","organic_substitution",2022,123.0774,120.69,0.006747255,0
"565118","organic_substitution",2023,116.5356,111.598,0.002888024,0
"565118","tillage_reduced",2016,220.7027,220.0214,0.004432148,0
"565118","tillage_reduced",2017,198.9674,198.7104,0.003380329,0
"565118","tillage_reduced",2018,180.7144,180.5862,0.006222873,0
"565118","tillage_reduced",2019,159.2515,159.142,0.007635235,0
"565118","tillage_reduced",2020,142.0318,141.9644,0.007547146,0
"565118","tillage_reduced",2021,131.4773,131.3852,0.007332458,0
"565118","tillage_reduced",2022,120.7404,120.6508,0.00615057,0
"565118","tillage_reduced",2023,114.7281,110.997,0.002751294,0
"565118","tillage_reference",2016,219.6851,219.0382,0.004576579,0
"565118","tillage_reference",2017,197.4861,197.246,0.003473954,0
"565118","tillage_reference",2018,178.935,178.8159,0.006318529,0
"565118","tillage_reference",2019,157.3083,157.2039,0.007702123,0
"565118","tillage_reference",2020,138.6467,138.5896,0.007663668,0
"565118","tillage_reference",2021,128.0638,127.9761,0.007605183,0
"565118","tillage_reference",2022,117.286,117.2008,0.006296884,0
"565118","tillage_reference",2023,111.1181,107.4126,0.002797405,0
"565118","tillage_zero",2016,221.0717,220.3776,0.004376902,0
"565118","tillage_zero",2017,199.5184,199.2547,0.00334495,0
"565118","tillage_zero",2018,181.3872,181.2554,0.006186062,0
"565118","tillage_zero",2019,159.9915,159.8799,0.007608691,0
"565118","tillage_zero",2020,142.8704,142.8014,0.007522512,0
"565118","tillage_zero",2021,132.365,132.272,0.007296175,0
"565118","tillage_zero",2022,121.5912,121.5009,0.006131327,0
"565118","tillage_zero",2023,115.6781,111.9344,0.002744264,0
"589581","cover_annual",2016,91.3967,90.3028,0.001397641,0
"589581","cover_annual",2017,84.8029,84.2238,0.002035404,0
"589581","cover_annual",2018,81.8542,81.3341,0.001048539,0
"589581","cover_annual",2019,73.9976,73.7543,0.001166555,0
"589581","cover_annual",2020,64.119,64.0108,0.003580077,0
"589581","cover_annual",2021,59.3672,59.2028,0.00396611,0
"589581","cover_annual",2022,53.1585,53.0392,0.003066974,0
"589581","cover_annual",2023,47.5161,47.4215,0.001397849,0
"589581","cover_none",2016,91.3967,90.3028,0.001397641,0
"589581","cover_none",2017,84.8029,84.2238,0.002035404,0
"589581","cover_none",2018,81.8542,81.3341,0.001048539,0
"589581","cover_none",2019,73.9976,73.7543,0.001166555,0
"589581","cover_none",2020,64.119,64.0108,0.003580077,0
"589581","cover_none",2021,59.3672,59.2028,0.00396611,0
"589581","cover_none",2022,53.1663,53.053,0.00303171,0
"589581","cover_none",2023,47.4259,47.358,0.001391055,0
"589581","fertilizer_reference",2016,91.3967,90.3028,0.001397641,0
"589581","fertilizer_reference",2017,84.8029,84.2238,0.002532846,0
"589581","fertilizer_reference",2018,81.8542,81.3341,0.001345579,0
"589581","fertilizer_reference",2019,73.9976,73.7543,0.001575991,0
"589581","fertilizer_reference",2020,64.119,64.0108,0.004573401,0
"589581","fertilizer_reference",2021,59.3672,59.2028,0.004987591,0
"589581","fertilizer_reference",2022,53.1663,53.053,0.003967162,0
"589581","fertilizer_reference",2023,47.4259,47.358,0.001598747,0
"589581","mineral_N_half",2016,91.3967,90.3028,0.001317192,0
"589581","mineral_N_half",2017,84.8029,84.2238,0.002256735,0
"589581","mineral_N_half",2018,81.8542,81.3341,0.001190083,0
"589581","mineral_N_half",2019,73.9976,73.7543,0.00136848,0
"589581","mineral_N_half",2020,64.119,64.0108,0.004073956,0
"589581","mineral_N_half",2021,59.3672,59.2028,0.004475156,0
"589581","mineral_N_half",2022,53.1663,53.053,0.003498372,0
"589581","mineral_N_half",2023,47.4259,47.358,0.001448424,0
"589581","mineral_N_one_half",2016,91.3967,90.3028,0.001478128,0
"589581","mineral_N_one_half",2017,84.8029,84.2238,0.002808908,0
"589581","mineral_N_one_half",2018,81.8542,81.3341,0.001501047,0
"589581","mineral_N_one_half",2019,73.9976,73.7543,0.001783562,0
"589581","mineral_N_one_half",2020,64.119,64.0108,0.005072877,0
"589581","mineral_N_one_half",2021,59.3672,59.2028,0.005500037,0
"589581","mineral_N_one_half",2022,53.1663,53.053,0.00443597,0
"589581","mineral_N_one_half",2023,47.4259,47.358,0.001749056,0
"589581","mineral_N_zero",2016,91.3967,90.3028,0.001236733,0
"589581","mineral_N_zero",2017,84.8029,84.2238,0.001980704,0
"589581","mineral_N_zero",2018,81.8542,81.3341,0.001034626,0
"589581","mineral_N_zero",2019,73.9976,73.7543,0.001160981,0
"589581","mineral_N_zero",2020,64.119,64.0108,0.003574539,0
"589581","mineral_N_zero",2021,59.3672,59.2028,0.003962732,0
"589581","mineral_N_zero",2022,53.1663,53.053,0.003029575,0
"589581","mineral_N_zero",2023,47.4259,47.358,0.001298121,0
"589581","organic_substitution",2016,97.3494,90.3033,0.001236733,0
"589581","organic_substitution",2017,87.8939,84.5944,0.002736383,0
"589581","organic_substitution",2018,86.9803,81.8715,0.001464795,0
"589581","organic_substitution",2019,77.8881,74.6502,0.001556246,0
"589581","organic_substitution",2020,67.0787,65.1596,0.004429736,0
"589581","organic_substitution",2021,62.9818,60.4817,0.004804714,0
"589581","organic_substitution",2022,59.5725,54.4488,0.003683163,0
"589581","organic_substitution",2023,53.0188,48.9063,0.001677358,0
"589581","tillage_reduced",2016,91.3138,90.229,0.001412769,0
"589581","tillage_reduced",2017,84.6967,84.1225,0.002048287,0
"589581","tillage_reduced",2018,81.7496,81.2326,0.001051322,0
"589581","tillage_reduced",2019,74.1223,73.8725,0.001159965,0
"589581","tillage_reduced",2020,65.0023,64.8791,0.003473629,0
"589581","tillage_reduced",2021,60.0892,59.9203,0.003811353,0
"589581","tillage_reduced",2022,53.7701,53.6561,0.002994514,0
"589581","tillage_reduced",2023,47.9483,47.8803,0.001392988,0
"589581","tillage_reference",2016,91.0755,90.0165,0.001454748,0
"589581","tillage_reference",2017,84.3782,83.8187,0.002087965,0
"589581","tillage_reference",2018,81.4302,80.9229,0.001060515,0
"589581","tillage_reference",2019,73.6248,73.3849,0.001168383,0
"589581","tillage_reference",2020,63.8023,63.6945,0.003568265,0
"589581","tillage_reference",2021,58.7994,58.6409,0.003978255,0
"589581","tillage_reference",2022,52.4329,52.3259,0.00308782,0
"589581","tillage_reference",2023,46.7118,46.6464,0.001408304,0
"589581","tillage_zero",2016,91.3967,90.3028,0.001397641,0
"589581","tillage_zero",2017,84.8029,84.2238,0.002035404,0
"589581","tillage_zero",2018,81.8542,81.3341,0.001048539,0
"589581","tillage_zero",2019,74.2798,74.0269,0.001157514,0
"589581","tillage_zero",2020,65.2358,65.1101,0.003457088,0
"589581","tillage_zero",2021,60.3804,60.2088,0.003784077,0
"589581","tillage_zero",2022,54.1029,53.9866,0.002969591,0
"589581","tillage_zero",2023,48.2585,48.1896,0.001387998,0
"589918","cover_annual",2016,69.6996,68.5978,0.001240957,0
"589918","cover_annual",2017,62.1325,61.7033,0.001399663,0
"589918","cover_annual",2018,62.3324,56.9535,0.002963048,0
"589918","cover_annual",2019,55.1544,51.5662,0.002313571,0
"589918","cover_annual",2020,47.7074,45.5994,0.00276775,0
"589918","cover_annual",2021,42.3111,41.0942,0.00410284,0
"589918","cover_annual",2022,37.3669,36.6385,0.004363266,0
"589918","cover_annual",2023,33.695,33.2624,0.003505094,0
"589918","cover_none",2016,69.6996,68.5978,0.001240957,0
"589918","cover_none",2017,62.1325,61.7033,0.001399663,0
"589918","cover_none",2018,62.3586,56.9817,0.003015351,0
"589918","cover_none",2019,55.1181,51.4965,0.002319181,0
"589918","cover_none",2020,47.6537,45.4363,0.002795548,0
"589918","cover_none",2021,42.2523,40.9022,0.004204785,0
"589918","cover_none",2022,37.21,36.4136,0.004312168,0
"589918","cover_none",2023,33.4442,32.9615,0.00345228,0
"589918","fertilizer_reference",2016,69.6996,68.5978,0.001240957,0
"589918","fertilizer_reference",2017,62.1325,61.7033,0.001527037,0
"589918","fertilizer_reference",2018,62.3586,56.9817,0.003133237,0
"589918","fertilizer_reference",2019,55.1181,51.4965,0.002364618,0
"589918","fertilizer_reference",2020,47.6537,45.4363,0.00307351,0
"589918","fertilizer_reference",2021,42.2523,40.9022,0.004423465,0
"589918","fertilizer_reference",2022,37.21,36.4136,0.004490946,0
"589918","fertilizer_reference",2023,33.4442,32.9615,0.003608073,0
"589918","mineral_N_half",2016,69.6996,68.5978,0.001173328,0
"589918","mineral_N_half",2017,62.1325,61.7033,0.001436022,0
"589918","mineral_N_half",2018,62.3586,56.9817,0.002963124,0
"589918","mineral_N_half",2019,55.1181,51.4965,0.002209861,0
"589918","mineral_N_half",2020,47.6537,45.4363,0.002609053,0
"589918","mineral_N_half",2021,42.2523,40.9022,0.003825202,0
"589918","mineral_N_half",2022,37.21,36.4136,0.003808298,0
"589918","mineral_N_half",2023,33.4442,32.9615,0.002737544,0
"589918","mineral_N_one_half",2016,69.6996,68.5978,0.001308603,0
"589918","mineral_N_one_half",2017,62.1325,61.7033,0.001618063,0
"589918","mineral_N_one_half",2018,62.3586,56.9817,0.003303364,0
"589918","mineral_N_one_half",2019,55.1181,51.4965,0.00251935,0
"589918","mineral_N_one_half",2020,47.6537,45.4363,0.003537915,0
"589918","mineral_N_one_half",2021,42.2523,40.9022,0.005021717,0
"589918","mineral_N_one_half",2022,37.21,36.4136,0.005173572,0
"589918","mineral_N_one_half",2023,33.4442,32.9615,0.004478671,0
"589918","mineral_N_zero",2016,69.6996,68.5978,0.001105736,0
"589918","mineral_N_zero",2017,62.1325,61.7033,0.001344986,0
"589918","mineral_N_zero",2018,62.3586,56.9817,0.002792977,0
"589918","mineral_N_zero",2019,55.1181,51.4965,0.002055156,0
"589918","mineral_N_zero",2020,47.6537,45.4363,0.002144634,0
"589918","mineral_N_zero",2021,42.2523,40.9022,0.003226965,0
"589918","mineral_N_zero",2022,37.21,36.4136,0.003125681,0
"589918","mineral_N_zero",2023,33.4442,32.9615,0.001866906,0
"589918","organic_substitution",2016,70.5729,68.7071,0.001285949,0
"589918","organic_substitution",2017,66.1286,62.011,0.001689105,0
"589918","organic_substitution",2018,65.3303,57.4747,0.003627015,0
"589918","organic_substitution",2019,58.2999,52.2579,0.002837319,0
"589918","organic_substitution",2020,52.7349,46.5838,0.003104862,0
"589918","organic_substitution",2021,51.4852,42.2236,0.004999977,0
"589918","organic_substitution",2022,42.2964,38.1243,0.005214455,0
"589918","organic_substitution",2023,39.6032,34.9495,0.003337691,0
"589918","tillage_reduced",2016,69.6392,68.5451,0.001252774,0
"589918","tillage_reduced",2017,62.0646,61.6385,0.001406145,0
"589918","tillage_reduced",2018,62.9463,57.5255,0.002906197,0
"589918","tillage_reduced",2019,56.1047,52.4022,0.002184616,0
"589918","tillage_reduced",2020,48.9993,46.6777,0.002711845,0
"589918","tillage_reduced",2021,43.9685,42.4947,0.004000605,0
"589918","tillage_reduced",2022,39.1415,38.2426,0.004121007,0
"589918","tillage_reduced",2023,35.1358,34.5979,0.003405714,0
"589918","tillage_reference",2016,69.4602,68.3886,0.001286071,0
"589918","tillage_reference",2017,61.8649,61.4476,0.001425665,0
"589918","tillage_reference",2018,62.1284,56.7523,0.003023514,0
"589918","tillage_reference",2019,54.9184,51.2893,0.002317673,0
"589918","tillage_reference",2020,47.4822,45.2546,0.002790141,0
"589918","tillage_reference",2021,42.0983,40.7392,0.00419406,0
"589918","tillage_reference",2022,37.0727,36.2695,0.004300881,0
"589918","tillage_reference",2023,33.2431,32.761,0.003464356,0
"589918","tillage_zero",2016,69.6996,68.5978,0.001240957,0
"589918","tillage_zero",2017,62.1325,61.7033,0.001399663,0
"589918","tillage_zero",2018,63.0705,57.6451,0.002892537,0
"589918","tillage_zero",2019,56.2605,52.5519,0.002171099,0
"589918","tillage_zero",2020,49.1889,46.8586,0.002704927,0
"589918","tillage_zero",2021,44.1907,42.7062,0.003981854,0
"589918","tillage_zero",2022,39.383,38.4748,0.004103673,0
"589918","tillage_zero",2023,35.3697,34.8256,0.003397033,0
"590073","cover_annual",2016,17.9518,14.6589,0.000273513,0.010936
"590073","cover_annual",2017,24.2049,19.2082,0.000262232,0.0130439
"590073","cover_annual",2018,21.2568,18.2931,0.000133941,0.022513
"590073","cover_annual",2019,19.0482,17.2928,2.6368e-05,0.0231896
"590073","cover_annual",2020,17.4362,16.3421,2.4037e-05,0.0224142
"590073","cover_annual",2021,16.3278,15.5561,2.0379e-05,0.0193711
"590073","cover_annual",2022,14.8626,14.4535,0.000252188,0.0119641
"590073","cover_annual",2023,14.2912,13.8684,5.2355e-05,0.0155529
"590073","cover_none",2016,17.9518,14.6589,0.000273513,0.010936
"590073","cover_none",2017,24.1534,19.1855,0.000262234,0.0130439
"590073","cover_none",2018,21.1315,18.2139,0.00013199,0.0224829
"590073","cover_none",2019,18.9114,17.1954,2.6352e-05,0.0230428
"590073","cover_none",2020,17.1894,16.1689,2.4095e-05,0.0221739
"590073","cover_none",2021,15.9184,15.2686,2.0418e-05,0.0189947
"590073","cover_none",2022,14.4536,14.1304,0.00024937,0.0116624
"590073","cover_none",2023,13.7208,13.4302,4.9897e-05,0.0152385
"590073","fertilizer_reference",2016,17.9518,14.6589,0.000273513,0.010936
"590073","fertilizer_reference",2017,24.1534,19.1855,0.00054871,0.0130439
"590073","fertilizer_reference",2018,21.1315,18.2139,0.000172621,0.0224829
"590073","fertilizer_reference",2019,18.9114,17.1954,2.6745e-05,0.0230428
"590073","fertilizer_reference",2020,17.1894,16.1689,2.4098e-05,0.0221739
"590073","fertilizer_reference",2021,15.9184,15.2686,2.0418e-05,0.0189947
"590073","fertilizer_reference",2022,14.4536,14.1304,0.00024937,0.0116624
"590073","fertilizer_reference",2023,13.7208,13.4302,4.9897e-05,0.0152385
"590073","mineral_N_half",2016,17.9518,14.6589,0.000246608,0.010936
"590073","mineral_N_half",2017,24.1534,19.1855,0.000385878,0.0130439
"590073","mineral_N_half",2018,21.1315,18.2139,0.000125157,0.0224829
"590073","mineral_N_half",2019,18.9114,17.1954,1.8431e-05,0.0230428
"590073","mineral_N_half",2020,17.1894,16.1689,1.655e-05,0.0221739
"590073","mineral_N_half",2021,15.9184,15.2686,1.3477e-05,0.0189947
"590073","mineral_N_half",2022,14.4536,14.1304,0.000174156,0.0116624
"590073","mineral_N_half",2023,13.7208,13.4302,3.2994e-05,0.0152385
"590073","mineral_N_one_half",2016,17.9518,14.6589,0.00030039,0.010936
"590073","mineral_N_one_half",2017,24.1534,19.1855,0.000711536,0.0130439
"590073","mineral_N_one_half",2018,21.1315,18.2139,0.000220053,0.0224829
"590073","mineral_N_one_half",2019,18.9114,17.1954,3.5107e-05,0.0230428
"590073","mineral_N_one_half",2020,17.1894,16.1689,3.1641e-05,0.0221739
"590073","mineral_N_one_half",2021,15.9184,15.2686,2.7669e-05,0.0189947
"590073","mineral_N_one_half",2022,14.4536,14.1304,0.000324435,0.0116624
"590073","mineral_N_one_half",2023,13.7208,13.4302,6.6676e-05,0.0152385
"590073","mineral_N_zero",2016,17.9518,14.6589,0.000219655,0.010936
"590073","mineral_N_zero",2017,24.1534,19.1855,0.000223143,0.0130439
"590073","mineral_N_zero",2018,21.1315,18.2139,7.7733e-05,0.0224829
"590073","mineral_N_zero",2019,18.9114,17.1954,1.0127e-05,0.0230428
"590073","mineral_N_zero",2020,17.1894,16.1689,8.817e-06,0.0221739
"590073","mineral_N_zero",2021,15.9184,15.2686,6.439e-06,0.0189947
"590073","mineral_N_zero",2022,14.4536,14.1304,9.9119e-05,0.0116624
"590073","mineral_N_zero",2023,13.7208,13.4302,1.5968e-05,0.0152385
"590073","organic_substitution",2016,20.7538,14.7595,0.00024697,0.0114968
"590073","organic_substitution",2017,26.7289,19.5834,0.000573053,0.0145139
"590073","organic_substitution",2018,24.5776,18.8135,0.000225569,0.0250457
"590073","organic_substitution",2019,23.2098,17.9956,2.8563e-05,0.0268815
"590073","organic_substitution",2020,22.3603,17.1539,2.1845e-05,0.0267139
"590073","organic_substitution",2021,21.8633,16.4371,1.5317e-05,0.0239275
"590073","organic_substitution",2022,20.4192,15.5917,0.000294006,0.0155314
"590073","organic_substitution",2023,20.5036,15.0456,4.39e-05,0.0203559
"590073","rice_irrigated_reference",2016,17.9518,14.6589,0.000273513,0.010936
"590073","rice_irrigated_reference",2017,24.9997,19.6113,0.000122999,0.0178296
"590073","rice_irrigated_reference",2018,21.7702,18.625,9.6548e-05,0.0231159
"590073","rice_irrigated_reference",2019,19.4246,17.5862,2.348e-05,0.0236421
"590073","rice_irrigated_reference",2020,17.6233,16.5372,2.2978e-05,0.0227137
"590073","rice_irrigated_reference",2021,16.3011,15.6152,1.9137e-05,0.0194509
"590073","rice_irrigated_reference",2022,14.7904,14.4511,0.00024934,0.01193
"590073","rice_irrigated_reference",2023,14.0311,13.7315,4.8567e-05,0.01559
"590073","rice_one_dry",2016,17.9518,14.6589,0.000273513,0.010936
"590073","rice_one_dry",2017,24.9997,19.6118,0.000123589,0.0177414
"590073","rice_one_dry",2018,21.7703,18.6254,9.6851e-05,0.0231161
"590073","rice_one_dry",2019,19.4249,17.5866,2.3651e-05,0.0236428
"590073","rice_one_dry",2020,17.6235,16.5375,2.31e-05,0.022714
"590073","rice_one_dry",2021,16.3015,15.6156,1.9179e-05,0.0194514
"590073","rice_one_dry",2022,14.7908,14.4515,0.000249325,0.0119302
"590073","rice_one_dry",2023,14.0314,13.7318,4.8681e-05,0.0155901
"590073","rice_two_dry",2016,17.9518,14.6589,0.000273513,0.010936
"590073","rice_two_dry",2017,24.9998,19.6115,0.000123464,0.0178054
"590073","rice_two_dry",2018,21.7703,18.6252,9.7138e-05,0.0231161
"590073","rice_two_dry",2019,19.4248,17.5864,2.3682e-05,0.0236424
"590073","rice_two_dry",2020,17.6234,16.5373,2.3141e-05,0.0227138
"590073","rice_two_dry",2021,16.3013,15.6154,1.9245e-05,0.019451
"590073","rice_two_dry",2022,14.7906,14.4513,0.0002493,0.01193
"590073","rice_two_dry",2023,14.0313,13.7317,4.8758e-05,0.0155901
"590073","tillage_reduced",2016,17.9122,14.6385,0.000275925,0.010926
"590073","tillage_reduced",2017,24.0845,19.145,0.000265804,0.0130075
"590073","tillage_reduced",2018,21.053,18.166,0.00013255,0.0224181
"590073","tillage_reduced",2019,18.9293,17.1884,2.6289e-05,0.0229803
"590073","tillage_reduced",2020,17.1901,16.1582,2.3847e-05,0.0221769
"590073","tillage_reduced",2021,15.9567,15.2872,2.0392e-05,0.0189912
"590073","tillage_reduced",2022,14.4816,14.1488,0.00024943,0.0116857
"590073","tillage_reduced",2023,13.7356,13.4405,5.0017e-05,0.0152577
"590073","tillage_reference",2016,17.8105,14.5857,0.000281904,0.010902
"590073","tillage_reference",2017,23.9075,19.0395,0.000274855,0.0129208
"590073","tillage_reference",2018,20.8483,18.0402,0.000134038,0.0222536
"590073","tillage_reference",2019,18.687,17.0303,2.624e-05,0.0227885
"590073","tillage_reference",2020,16.9466,15.9789,2.4228e-05,0.0219046
"590073","tillage_reference",2021,15.7095,15.0895,2.0343e-05,0.0187564
"590073","tillage_reference",2022,14.2402,13.9367,0.000251659,0.0115002
"590073","tillage_reference",2023,13.4966,13.2211,4.9971e-05,0.0150089
"590073","tillage_zero",2016,17.9518,14.6589,0.000273513,0.010936
"590073","tillage_zero",2017,24.1534,19.1855,0.000262234,0.0130439
"590073","tillage_zero",2018,21.1315,18.2139,0.00013199,0.0224829
"590073","tillage_zero",2019,19.0009,17.2383,2.6309e-05,0.0230493
"590073","tillage_zero",2020,17.2643,16.2147,2.3795e-05,0.0222527
"590073","tillage_zero",2021,16.025,15.3438,2.0389e-05,0.0190675
"590073","tillage_zero",2022,14.5483,14.2084,0.00024887,0.0117346
"590073","tillage_zero",2023,13.8042,13.5039,5.0002e-05,0.0153301
"590334","fertilizer_reference",2016,44.8769,43.5084,0.000962343,0
"590334","fertilizer_reference",2017,41.1589,40.1854,0.001228422,0
"590334","fertilizer_reference",2018,37.6283,36.8908,0.00177213,0
"590334","fertilizer_reference",2019,34.5731,33.9719,0.001086261,0
"590334","fertilizer_reference",2020,30.8345,30.4298,0.001758354,0
"590334","fertilizer_reference",2021,27.4636,27.0727,0.00195775,0
"590334","fertilizer_reference",2022,24.6747,24.3895,0.002060951,0
"590334","fertilizer_reference",2023,22.8909,22.6197,0.000755866,0
"590334","mineral_N_half",2016,44.8769,43.5084,0.000877022,0
"590334","mineral_N_half",2017,41.1589,40.1854,0.001106638,0
"590334","mineral_N_half",2018,37.6283,36.8908,0.001599915,0
"590334","mineral_N_half",2019,34.5731,33.9719,0.00095457,0
"590334","mineral_N_half",2020,30.8345,30.4298,0.001553803,0
"590334","mineral_N_half",2021,27.4636,27.0727,0.001706474,0
"590334","mineral_N_half",2022,24.6747,24.3895,0.001821296,0
"590334","mineral_N_half",2023,22.8909,22.6197,0.000619889,0
"590334","mineral_N_one_half",2016,44.8769,43.5084,0.001047651,0
"590334","mineral_N_one_half",2017,41.1589,40.1854,0.001350285,0
"590334","mineral_N_one_half",2018,37.6283,36.8908,0.001944361,0
"590334","mineral_N_one_half",2019,34.5731,33.9719,0.001217876,0
"590334","mineral_N_one_half",2020,30.8345,30.4298,0.001962927,0
"590334","mineral_N_one_half",2021,27.4636,27.0727,0.00220906,0
"590334","mineral_N_one_half",2022,24.6747,24.3895,0.002300634,0
"590334","mineral_N_one_half",2023,22.8909,22.6197,0.000891872,0
"590334","mineral_N_zero",2016,44.8769,43.5084,0.000791731,0
"590334","mineral_N_zero",2017,41.1589,40.1854,0.000984775,0
"590334","mineral_N_zero",2018,37.6283,36.8908,0.001427711,0
"590334","mineral_N_zero",2019,34.5731,33.9719,0.000822941,0
"590334","mineral_N_zero",2020,30.8345,30.4298,0.001349176,0
"590334","mineral_N_zero",2021,27.4636,27.0727,0.001455198,0
"590334","mineral_N_zero",2022,24.6747,24.3895,0.001581615,0
"590334","mineral_N_zero",2023,22.8909,22.6197,0.000483953,0
"590334","organic_substitution",2016,46.4497,43.7025,0.000978482,0
"590334","organic_substitution",2017,43.5875,40.6098,0.001340472,0
"590334","organic_substitution",2018,40.4851,37.5551,0.002052685,0
"590334","organic_substitution",2019,37.8234,34.8604,0.00127847,0
"590334","organic_substitution",2020,33.753,31.5494,0.002160292,0
"590334","organic_substitution",2021,30.1549,28.3784,0.002403283,0
"590334","organic_substitution",2022,27.823,25.8297,0.00259185,0
"590334","organic_substitution",2023,26.9481,24.1922,0.000883087,0
"590334","tillage_reduced",2016,44.8334,43.4736,0.000970479,0
"590334","tillage_reduced",2017,41.1158,40.146,0.001029233,0
"590334","tillage_reduced",2018,37.5808,36.8453,0.001656392,0
"590334","tillage_reduced",2019,34.5242,33.9241,0.00106424,0
"590334","tillage_reduced",2020,30.7837,30.3797,0.00174568,0
"590334","tillage_reduced",2021,27.4059,27.0157,0.001953152,0
"590334","tillage_reduced",2022,24.6163,24.3317,0.002058984,0
"590334","tillage_reduced",2023,22.8337,22.5629,0.000755189,0
"590334","tillage_reference",2016,44.6969,43.3658,0.000994519,0
"590334","tillage_reference",2017,40.9823,40.0248,0.001036619,0
"590334","tillage_reference",2018,37.4371,36.7078,0.001661804,0
"590334","tillage_reference",2019,34.3772,33.7804,0.001065247,0
"590334","tillage_reference",2020,30.6329,30.2308,0.001747483,0
"590334","tillage_reference",2021,27.2292,26.8414,0.001958892,0
"590334","tillage_reference",2022,24.4392,24.1565,0.002064604,0
"590334","tillage_reference",2023,22.6604,22.3911,0.000754399,0
"590334","tillage_zero",2016,44.8769,43.5084,0.000962343,0
"590334","tillage_zero",2017,41.1589,40.1854,0.00102698,0
"590334","tillage_zero",2018,37.6283,36.8908,0.001654619,0
"590334","tillage_zero",2019,34.5731,33.9719,0.001063995,0
"590334","tillage_zero",2020,30.8345,30.4298,0.001744966,0
"590334","tillage_zero",2021,27.4636,27.0727,0.001951415,0
"590334","tillage_zero",2022,24.6747,24.3895,0.002057218,0
"590334","tillage_zero",2023,22.8909,22.6197,0.000755503,0
"592578","cover_annual",2016,202.1094,201.2595,0.004965547,0
"592578","cover_annual",2017,178.9793,178.6671,0.004986576,0
"592578","cover_annual",2018,160.0758,159.8744,0.008485178,0
"592578","cover_annual",2019,140.7168,140.5957,0.007356798,0
"592578","cover_annual",2020,122.1382,122.0408,0.011723964,0
"592578","cover_annual",2021,109.8357,109.6781,0.010980152,0
"592578","cover_annual",2022,98.0358,97.8819,0.009047161,0
"592578","cover_annual",2023,87.8061,87.6124,0.005309078,0
"592578","cover_none",2016,202.1351,201.2882,0.004955233,0
"592578","cover_none",2017,178.7951,178.517,0.005002957,0
"592578","cover_none",2018,159.7545,159.597,0.008469339,0
"592578","cover_none",2019,140.4505,140.3488,0.007331256,0
"592578","cover_none",2020,121.7187,121.6521,0.011735926,0
"592578","cover_none",2021,109.1638,109.0624,0.010990654,0
"592578","cover_none",2022,97.2933,97.1972,0.009137475,0
"592578","cover_none",2023,86.8952,86.7961,0.005506022,0
"592578","fertilizer_reference",2016,202.1351,201.2882,0.004955233,0
"592578","fertilizer_reference",2017,178.7951,178.517,0.005394165,0
"592578","fertilizer_reference",2018,159.7545,159.597,0.008831934,0
"592578","fertilizer_reference",2019,140.4505,140.3488,0.007451788,0
"592578","fertilizer_reference",2020,121.7187,121.6521,0.011812288,0
"592578","fertilizer_reference",2021,109.1638,109.0624,0.011032255,0
"592578","fertilizer_reference",2022,97.2933,97.1972,0.009158528,0
"592578","fertilizer_reference",2023,86.8952,86.7961,0.005511597,0
"592578","mineral_N_half",2016,202.1351,201.2882,0.00475056,0
"592578","mineral_N_half",2017,178.7951,178.517,0.005134196,0
"592578","mineral_N_half",2018,159.7545,159.597,0.008408888,0
"592578","mineral_N_half",2019,140.4505,140.3488,0.006956271,0
"592578","mineral_N_half",2020,121.7187,121.6521,0.011067924,0
"592578","mineral_N_half",2021,109.1638,109.0624,0.010344819,0
"592578","mineral_N_half",2022,97.2933,97.1972,0.008534003,0
"592578","mineral_N_half",2023,86.8952,86.7961,0.005100635,0
"592578","mineral_N_one_half",2016,202.1351,201.2882,0.005159894,0
"592578","mineral_N_one_half",2017,178.7951,178.517,0.0056541,0
"592578","mineral_N_one_half",2018,159.7545,159.597,0.00925495,0
"592578","mineral_N_one_half",2019,140.4505,140.3488,0.00794732,0
"592578","mineral_N_one_half",2020,121.7187,121.6521,0.012556647,0
"592578","mineral_N_one_half",2021,109.1638,109.0624,0.011719666,0
"592578","mineral_N_one_half",2022,97.2933,97.1972,0.009783002,0
"592578","mineral_N_one_half",2023,86.8952,86.7961,0.005922541,0
"592578","mineral_N_zero",2016,202.1351,201.2882,0.004545922,0
"592578","mineral_N_zero",2017,178.7951,178.517,0.004874237,0
"592578","mineral_N_zero",2018,159.7545,159.597,0.007985893,0
"592578","mineral_N_zero",2019,140.4505,140.3488,0.006460768,0
"592578","mineral_N_zero",2020,121.7187,121.6521,0.01032357,0
"592578","mineral_N_zero",2021,109.1638,109.0624,0.009657407,0
"592578","mineral_N_zero",2022,97.2933,97.1972,0.007909472,0
"592578","mineral_N_zero",2023,86.8952,86.7961,0.004689652,0
"592578","organic_substitution",2016,202.9811,201.4284,0.00493495,0
"592578","organic_substitution",2017,179.9004,178.8396,0.005537074,0
"592578","organic_substitution",2018,161.1441,160.0811,0.009207233,0
"592578","organic_substitution",2019,141.8333,140.9858,0.007657411,0
"592578","organic_substitution",2020,123.0659,122.4124,0.012322165,0
"592578","organic_substitution",2021,110.9106,109.9264,0.011629024,0
"592578","organic_substitution",2022,99.9137,98.2695,0.009667378,0
"592578","organic_substitution",2023,89.9535,88.0869,0.005904114,0
"592578","tillage_reduced",2016,201.841,201.0065,0.005006128,0
"592578","tillage_reduced",2017,178.2746,178.003,0.005068034,0
"592578","tillage_reduced",2018,159.11,158.9551,0.008548674,0
"592578","tillage_reduced",2019,140.7522,140.6431,0.007344414,0
"592578","tillage_reduced",2020,122.8479,122.7742,0.011471087,0
"592578","tillage_reduced",2021,110.4747,110.3684,0.01068828,0
"592578","tillage_reduced",2022,98.7744,98.6737,0.008934595,0
"592578","tillage_reduced",2023,88.1109,88.0111,0.005485659,0
"592578","tillage_reference",2016,201.0411,200.2394,0.005137321,0
"592578","tillage_reference",2017,176.8426,176.5879,0.005244253,0
"592578","tillage_reference",2018,157.3348,157.1868,0.008766119,0
"592578","tillage_reference",2019,138.3308,138.2312,0.00740651,0
"592578","tillage_reference",2020,119.8846,119.8184,0.011688925,0
"592578","tillage_reference",2021,107.5226,107.4213,0.010903896,0
"592578","tillage_reference",2022,95.833,95.7369,0.009047818,0
"592578","tillage_reference",2023,85.1295,85.0319,0.005547345,0
"592578","tillage_zero",2016,202.1351,201.2882,0.004955233,0
"592578","tillage_zero",2017,178.7951,178.517,0.005002957,0
"592578","tillage_zero",2018,159.7545,159.597,0.008469339,0
"592578","tillage_zero",2019,141.4172,141.3066,0.00732397,0
"592578","tillage_zero",2020,123.5183,123.4437,0.011456677,0
"592578","tillage_zero",2021,111.1058,110.9989,0.010681066,0
"592578","tillage_zero",2022,99.3679,99.2667,0.00894009,0
"592578","tillage_zero",2023,88.767,88.6666,0.00547044,0
"594379","cover_annual",2016,39.3187,31.4086,7.8777e-05,0
"594379","cover_annual",2017,38.6782,32.5445,7.0801e-05,0
"594379","cover_annual",2018,36.6729,30.7944,0.00087386,0
"594379","cover_annual",2019,34.4974,29.2833,0.001132275,0
"594379","cover_annual",2020,32.7966,28.7467,0.001744966,0
"594379","cover_annual",2021,30.475,27.5624,0.001796942,0
"594379","cover_annual",2022,27.788,25.96,0.00186664,0
"594379","cover_annual",2023,25.9802,24.7329,0.00093514,0
"594379","cover_none",2016,39.3187,31.4086,7.8777e-05,0
"594379","cover_none",2017,38.6939,32.5698,7.2025e-05,0
"594379","cover_none",2018,36.7252,30.6015,0.000872866,0
"594379","cover_none",2019,34.7864,28.8453,0.00113882,0
"594379","cover_none",2020,33.2715,28.2459,0.00171856,0
"594379","cover_none",2021,30.7808,26.8854,0.001778703,0
"594379","cover_none",2022,28.0001,25.2783,0.00184768,0
"594379","cover_none",2023,26.0351,24.0241,0.000926582,0
"594379","fertilizer_reference",2016,39.8619,32.3638,0.00034741,0
"594379","fertilizer_reference",2017,39.4407,35.2068,0.000387226,0
"594379","fertilizer_reference",2018,35.6412,33.2042,0.001119742,0
"594379","fertilizer_reference",2019,32.8469,31.3566,0.001240282,0
"594379","fertilizer_reference",2020,31.677,30.5554,0.00183393,0
"594379","fertilizer_reference",2021,29.761,29.003,0.001873262,0
"594379","fertilizer_reference",2022,27.6176,27.2096,0.001920018,0
"594379","fertilizer_reference",2023,26.0565,25.826,0.00094201,0
"594379","mineral_N_half",2016,39.8619,32.3638,0.000175507,0
"594379","mineral_N_half",2017,39.4407,35.2068,0.000171438,0
"594379","mineral_N_half",2018,35.6412,33.2042,0.000677014,0
"594379","mineral_N_half",2019,32.8469,31.3566,0.000773918,0
"594379","mineral_N_half",2020,31.677,30.5554,0.001166517,0
"594379","mineral_N_half",2021,29.761,29.003,0.001243429,0
"594379","mineral_N_half",2022,27.6176,27.2096,0.001287144,0
"594379","mineral_N_half",2023,26.0565,25.826,0.000589121,0
"594379","mineral_N_one_half",2016,39.8619,32.3638,0.000520246,0
"594379","mineral_N_one_half",2017,39.4407,35.2068,0.000605717,0
"594379","mineral_N_one_half",2018,35.6412,33.2042,0.001565949,0
"594379","mineral_N_one_half",2019,32.8469,31.3566,0.001707468,0
"594379","mineral_N_one_half",2020,31.677,30.5554,0.002501842,0
"594379","mineral_N_one_half",2021,29.761,29.003,0.002503366,0
"594379","mineral_N_one_half",2022,27.6176,27.2096,0.00255305,0
"594379","mineral_N_one_half",2023,26.0565,25.826,0.001294814,0
"594379","mineral_N_zero",2016,39.3187,31.4086,7.8777e-05,0
"594379","mineral_N_zero",2017,38.6939,32.5698,7.2025e-05,0
"594379","mineral_N_zero",2018,36.7252,30.6015,0.000313732,0
"594379","mineral_N_zero",2019,34.7864,28.8453,0.000285213,0
"594379","mineral_N_zero",2020,33.2715,28.2459,0.000429115,0
"594379","mineral_N_zero",2021,30.7808,26.8854,0.000541189,0
"594379","mineral_N_zero",2022,28.0001,25.2783,0.000594159,0
"594379","mineral_N_zero",2023,26.0351,24.0241,0.000222651,0
"594379","organic_substitution",2016,41.9039,32.4862,0.000112556,0
"594379","organic_substitution",2017,41.9217,35.6106,0.000206824,0
"594379","organic_substitution",2018,40.5121,33.7358,0.000640018,0
"594379","organic_substitution",2019,39.0929,32.0866,0.000633024,0
"594379","organic_substitution",2020,38.4529,31.5251,0.001159822,0
"594379","organic_substitution",2021,37.262,30.187,0.001393471,0
"594379","organic_substitution",2022,35.6703,28.6051,0.001543393,0
"594379","organic_substitution",2023,35.0041,27.416,0.000584659,0
"594379","tillage_reduced",2016,39.3146,31.4246,7.961e-05,0
"594379","tillage_reduced",2017,38.6793,32.5971,7.2735e-05,0
"594379","tillage_reduced",2018,36.8642,30.7649,0.000867695,0
"594379","tillage_reduced",2019,34.9033,28.9885,0.00113225,0
"594379","tillage_reduced",2020,33.647,28.5219,0.001710421,0
"594379","tillage_reduced",2021,31.126,27.154,0.001755744,0
"594379","tillage_reduced",2022,28.333,25.5475,0.001833394,0
"594379","tillage_reduced",2023,26.3233,24.2697,0.000927003,0
"594379","tillage_reference",2016,39.3038,31.4742,8.177e-05,0
"594379","tillage_reference",2017,38.6375,32.6824,7.4588e-05,0
"594379","tillage_reference",2018,36.6628,30.708,0.000872233,0
"594379","tillage_reference",2019,34.6646,28.8981,0.001145995,0
"594379","tillage_reference",2020,33.0975,28.2562,0.001732466,0
"594379","tillage_reference",2021,30.6307,26.8935,0.00178454,0
"594379","tillage_reference",2022,27.8604,25.2733,0.001850192,0
"594379","tillage_reference",2023,25.8455,23.9689,0.000932078,0
"594379","tillage_zero",2016,39.3187,31.4086,7.8777e-05,0
"594379","tillage_zero",2017,38.6939,32.5698,7.2025e-05,0
"594379","tillage_zero",2018,36.8972,30.7541,0.000867266,0
"594379","tillage_zero",2019,34.9507,28.9907,0.001129422,0
"594379","tillage_zero",2020,33.7383,28.5506,0.001705478,0
"594379","tillage_zero",2021,31.2112,27.1844,0.001751635,0
"594379","tillage_zero",2022,28.4202,25.5855,0.001830016,0
"594379","tillage_zero",2023,26.4204,24.32,0.000925147,0
"597240","cover_annual",2016,62.9897,60.3287,7.6333e-05,0
"597240","cover_annual",2017,60.8583,58.6826,0.00024857,0
"597240","cover_annual",2018,60.6621,58.5035,0.000270747,0
"597240","cover_annual",2019,58.585,56.9993,0.000370864,0
"597240","cover_annual",2020,56.0861,55.0317,0.000594074,0
"597240","cover_annual",2021,56.0074,54.9612,0.000606159,0
"597240","cover_annual",2022,55.5659,54.5929,0.000608272,0
"597240","cover_annual",2023,54.6649,53.8312,0.000609562,0
"597240","cover_none",2016,62.9897,60.3287,7.6333e-05,0
"597240","cover_none",2017,60.8583,58.6826,0.00024857,0
"597240","cover_none",2018,60.6621,58.5035,0.000270747,0
"597240","cover_none",2019,58.5108,56.952,0.0003733,0
"597240","cover_none",2020,55.9399,54.9302,6e-04,0
"597240","cover_none",2021,55.8521,54.8581,0.000612643,0
"597240","cover_none",2022,55.4048,54.4881,0.000614576,0
"597240","cover_none",2023,54.4742,53.7033,0.000616265,0
"597240","fertilizer_reference",2016,62.9897,60.3287,0.000191147,0
"597240","fertilizer_reference",2017,60.8583,58.6826,0.000557739,0
"597240","fertilizer_reference",2018,60.6621,58.5035,0.000717388,0
"597240","fertilizer_reference",2019,58.5108,56.952,0.000957612,0
"597240","fertilizer_reference",2020,55.9399,54.9302,0.00134593,0
"597240","fertilizer_reference",2021,55.8521,54.8581,0.001514227,0
"597240","fertilizer_reference",2022,55.4048,54.4881,0.001819346,0
"597240","fertilizer_reference",2023,54.4742,53.7033,0.001875845,0
"597240","mineral_N_half",2016,62.9897,60.3287,0.000133776,0
"597240","mineral_N_half",2017,60.8583,58.6826,0.000403186,0
"597240","mineral_N_half",2018,60.6621,58.5035,0.000494023,0
"597240","mineral_N_half",2019,58.5108,56.952,0.000665472,0
"597240","mineral_N_half",2020,55.9399,54.9302,0.000972952,0
"597240","mineral_N_half",2021,55.8521,54.8581,0.001063431,0
"597240","mineral_N_half",2022,55.4048,54.4881,0.001216971,0
"597240","mineral_N_half",2023,54.4742,53.7033,0.00124605,0
"597240","mineral_N_one_half",2016,62.9897,60.3287,0.000248557,0
"597240","mineral_N_one_half",2017,60.8583,58.6826,0.000712331,0
"597240","mineral_N_one_half",2018,60.6621,58.5035,0.000940694,0
"597240","mineral_N_one_half",2019,58.5108,56.952,0.001249787,0
"597240","mineral_N_one_half",2020,55.9399,54.9302,0.001718884,0
"597240","mineral_N_one_half",2021,55.8521,54.8581,0.001964991,0
"597240","mineral_N_one_half",2022,55.4048,54.4881,0.002421729,0
"597240","mineral_N_one_half",2023,54.4742,53.7033,0.002505672,0
"597240","mineral_N_zero",2016,62.9897,60.3287,7.6333e-05,0
"597240","mineral_N_zero",2017,60.8583,58.6826,0.00024857,0
"597240","mineral_N_zero",2018,60.6621,58.5035,0.000270747,0
"597240","mineral_N_zero",2019,58.5108,56.952,0.0003733,0
"597240","mineral_N_zero",2020,55.9399,54.9302,6e-04,0
"597240","mineral_N_zero",2021,55.8521,54.8581,0.000612643,0
"597240","mineral_N_zero",2022,55.4048,54.4881,0.000614576,0
"597240","mineral_N_zero",2023,54.4742,53.7033,0.000616265,0
"597240","organic_substitution",2016,67.0942,60.3536,7.764e-05,0
"597240","organic_substitution",2017,68.2104,58.7969,0.000288267,0
"597240","organic_substitution",2018,71.2013,58.652,0.000319217,0
"597240","organic_substitution",2019,71.0166,57.2988,0.000479091,0
"597240","organic_substitution",2020,69.2662,55.5528,0.00083615,0
"597240","organic_substitution",2021,73.6031,55.4947,0.000859047,0
"597240","organic_substitution",2022,76.5932,55.2115,0.000871453,0
"597240","organic_substitution",2023,77.3156,54.6439,0.000911828,0
"597240","tillage_reduced",2016,62.989,60.3282,7.6354e-05,0
"597240","tillage_reduced",2017,60.8572,58.6818,0.000248617,0
"597240","tillage_reduced",2018,60.6592,58.5014,0.000270897,0
"597240","tillage_reduced",2019,58.6785,57.0776,0.000363239,0
"597240","tillage_reduced",2020,56.0893,55.0523,0.000589303,0
"597240","tillage_reduced",2021,56.0008,54.98,0.00060223,0
"597240","tillage_reduced",2022,55.5507,54.6093,0.000604416,0
"597240","tillage_reduced",2023,54.6147,53.823,0.000606927,0
"597240","tillage_reference",2016,62.9827,60.324,7.6479e-05,0
"597240","tillage_reference",2017,60.8469,58.6742,0.000249097,0
"597240","tillage_reference",2018,60.644,58.4903,0.000271661,0
"597240","tillage_reference",2019,58.4941,56.9389,0.000374344,0
"597240","tillage_reference",2020,55.925,54.9176,0.000601062,0
"597240","tillage_reference",2021,55.8369,54.8453,0.000613666,0
"597240","tillage_reference",2022,55.3893,54.4749,0.000615639,0
"597240","tillage_reference",2023,54.4527,53.6847,0.000617338,0
"597240","tillage_zero",2016,62.9897,60.3287,7.6333e-05,0
"597240","tillage_zero",2017,60.8583,58.6826,0.00024857,0
"597240","tillage_zero",2018,60.6621,58.5035,0.000270747,0
"597240","tillage_zero",2019,58.7073,57.0991,0.000361489,0
"597240","tillage_zero",2020,56.115,55.0733,0.000587489,0
"597240","tillage_zero",2021,56.0264,55.001,0.000600466,0
"597240","tillage_zero",2022,55.5759,54.6302,0.000602714,0
"597240","tillage_zero",2023,54.639,53.8437,0.000605381,0
"601779","fertilizer_reference",2016,82.9594,78.2933,0.002141548,0
"601779","fertilizer_reference",2017,85.3139,78.3379,0.000993215,0
"601779","fertilizer_reference",2018,79.0674,72.4326,0.004971245,0
"601779","fertilizer_reference",2019,71.351,65.9882,0.003820389,0
"601779","fertilizer_reference",2020,61.0118,58.4833,0.006619059,0
"601779","fertilizer_reference",2021,52.1638,50.9721,0.008637466,0
"601779","fertilizer_reference",2022,45.7836,44.9799,0.00892176,0
"601779","fertilizer_reference",2023,41.9717,40.9834,0.004927452,0
"601779","mineral_N_half",2016,82.9594,78.2933,0.00197825,0
"601779","mineral_N_half",2017,85.3139,78.3379,0.000919247,0
"601779","mineral_N_half",2018,79.0674,72.4326,0.004564297,0
"601779","mineral_N_half",2019,71.351,65.9882,0.003532727,0
"601779","mineral_N_half",2020,61.0118,58.4833,0.006170215,0
"601779","mineral_N_half",2021,52.1638,50.9721,0.008071801,0
"601779","mineral_N_half",2022,45.7836,44.9799,0.008329804,0
"601779","mineral_N_half",2023,41.9717,40.9834,0.004544418,0
"601779","mineral_N_one_half",2016,82.9594,78.2933,0.002304853,0
"601779","mineral_N_one_half",2017,85.3139,78.3379,0.001067125,0
"601779","mineral_N_one_half",2018,79.0674,72.4326,0.005378177,0
"601779","mineral_N_one_half",2019,71.351,65.9882,0.004108063,0
"601779","mineral_N_one_half",2020,61.0118,58.4833,0.00706788,0
"601779","mineral_N_one_half",2021,52.1638,50.9721,0.009203125,0
"601779","mineral_N_one_half",2022,45.7836,44.9799,0.00951369,0
"601779","mineral_N_one_half",2023,41.9717,40.9834,0.005310463,0
"601779","mineral_N_zero",2016,82.9594,78.2933,0.001814939,0
"601779","mineral_N_zero",2017,85.3139,78.3379,0.000845305,0
"601779","mineral_N_zero",2018,79.0674,72.4326,0.004157404,0
"601779","mineral_N_zero",2019,71.351,65.9882,0.003245068,0
"601779","mineral_N_zero",2020,61.0118,58.4833,0.005721408,0
"601779","mineral_N_zero",2021,52.1638,50.9721,0.007506148,0
"601779","mineral_N_zero",2022,45.7836,44.9799,0.007737863,0
"601779","mineral_N_zero",2023,41.9717,40.9834,0.004161357,0
"601779","organic_substitution",2016,84.7293,78.5003,0.002038417,0
"601779","organic_substitution",2017,89.4872,78.7006,0.000966217,0
"601779","organic_substitution",2018,81.3388,73.161,0.005076906,0
"601779","organic_substitution",2019,72.8303,66.9535,0.00414578,0
"601779","organic_substitution",2020,62.3942,59.584,0.007432062,0
"601779","organic_substitution",2021,53.7487,52.1509,0.00981965,0
"601779","organic_substitution",2022,47.852,46.2229,0.010195017,0
"601779","organic_substitution",2023,44.452,42.3195,0.005641707,0
"601779","tillage_reduced",2016,82.9011,78.2414,0.002157758,0
"601779","tillage_reduced",2017,85.1743,78.2248,0.000904192,0
"601779","tillage_reduced",2018,80.2232,73.0475,0.004192263,0
"601779","tillage_reduced",2019,72.8091,66.9391,0.003184234,0
"601779","tillage_reduced",2020,62.7814,59.8737,0.005567906,0
"601779","tillage_reduced",2021,54.4321,52.9563,0.007190387,0
"601779","tillage_reduced",2022,47.9614,47.0208,0.007455751,0
"601779","tillage_reduced",2023,43.8314,42.7953,0.004061742,0
"601779","tillage_reference",2016,82.7126,78.0783,0.002206888,0
"601779","tillage_reference",2017,84.7866,77.9083,0.000928147,0
"601779","tillage_reference",2018,78.6505,72.0433,0.004339552,0
"601779","tillage_reference",2019,70.998,65.6413,0.003309466,0
"601779","tillage_reference",2020,60.7102,58.1821,0.00576434,0
"601779","tillage_reference",2021,51.907,50.715,0.007520433,0
"601779","tillage_reference",2022,45.5612,44.7573,0.007734577,0
"601779","tillage_reference",2023,41.7146,40.73,0.004165296,0
"601779","tillage_zero",2016,82.9594,78.2933,0.002141548,0
"601779","tillage_zero",2017,85.3139,78.3379,0.000895356,0
"601779","tillage_zero",2018,80.4725,73.2274,0.004159966,0
"601779","tillage_zero",2019,73.076,67.1452,0.003166022,0
"601779","tillage_zero",2020,63.064,60.1123,0.005545435,0
"601779","tillage_zero",2021,54.7559,53.2462,0.007156676,0
"601779","tillage_zero",2022,48.2648,47.3078,0.007429275,0
"601779","tillage_zero",2023,44.1088,43.0658,0.004051144,0
"89752","fertilizer_reference",2016,54.9244,50.8966,0.00030818,0
"89752","fertilizer_reference",2017,55.7343,51.0604,0.000282426,0
"89752","fertilizer_reference",2018,65.701,61.4618,0.000450013,0
"89752","fertilizer_reference",2019,61.4533,58.8762,0.000433954,0
"89752","fertilizer_reference",2020,57.0331,55.6062,0.000987223,0
"89752","fertilizer_reference",2021,58.1055,53.2995,0.001044529,0
"89752","fertilizer_reference",2022,52.9387,50.7493,0.001054753,0
"89752","fertilizer_reference",2023,50.7526,49.4404,0.000202031,0
"89752","mineral_N_half",2016,54.9244,50.8966,0.000259648,0
"89752","mineral_N_half",2017,55.7343,51.0604,0.00023802,0
"89752","mineral_N_half",2018,65.701,61.4618,0.000345097,0
"89752","mineral_N_half",2019,61.4533,58.8762,0.000338339,0
"89752","mineral_N_half",2020,57.0331,55.6062,0.000770695,0
"89752","mineral_N_half",2021,58.1055,53.2995,0.000807983,0
"89752","mineral_N_half",2022,52.9387,50.7493,0.000827913,0
"89752","mineral_N_half",2023,50.7526,49.4404,0.000163004,0
"89752","mineral_N_one_half",2016,54.9244,50.8966,0.000356824,0
"89752","mineral_N_one_half",2017,55.7343,51.0604,0.000327068,0
"89752","mineral_N_one_half",2018,65.701,61.4618,0.000554944,0
"89752","mineral_N_one_half",2019,61.4533,58.8762,0.000529584,0
"89752","mineral_N_one_half",2020,57.0331,55.6062,0.001203752,0
"89752","mineral_N_one_half",2021,58.1055,53.2995,0.001280994,0
"89752","mineral_N_one_half",2022,52.9387,50.7493,0.001281603,0
"89752","mineral_N_one_half",2023,50.7526,49.4404,0.000241051,0
"89752","mineral_N_zero",2016,54.9244,50.8966,0.000211002,0
"89752","mineral_N_zero",2017,55.7343,51.0604,0.000193626,0
"89752","mineral_N_zero",2018,65.701,61.4618,0.000240173,0
"89752","mineral_N_zero",2019,61.4533,58.8762,0.000242768,0
"89752","mineral_N_zero",2020,57.0331,55.6062,0.00055415,0
"89752","mineral_N_zero",2021,58.1055,53.2995,0.000571545,0
"89752","mineral_N_zero",2022,52.9387,50.7493,0.000601218,0
"89752","mineral_N_zero",2023,50.7526,49.4404,0.000123986,0
"89752","organic_substitution",2016,57.9432,51.034,0.00023633,0
"89752","organic_substitution",2017,60.4726,51.4442,0.000284943,0
"89752","organic_substitution",2018,70.8705,62.1197,0.000376367,0
"89752","organic_substitution",2019,68.2204,59.8826,0.000449057,0
"89752","organic_substitution",2020,62.463,56.875,0.00102505,0
"89752","organic_substitution",2021,63.4114,54.7324,0.001130262,0
"89752","organic_substitution",2022,57.5976,52.3652,0.00120371,0
"89752","organic_substitution",2023,55.8031,51.1739,0.00030008,0
"89752","tillage_reduced",2016,54.9077,50.8841,0.000310116,0
"89752","tillage_reduced",2017,55.7009,51.035,0.000203641,0
"89752","tillage_reduced",2018,65.6884,61.447,0.00024148,0
"89752","tillage_reduced",2019,61.6459,59.007,0.000242437,0
"89752","tillage_reduced",2020,57.2504,55.7792,0.000537789,0
"89752","tillage_reduced",2021,58.3351,53.4826,0.000565643,0
"89752","tillage_reduced",2022,53.3023,51.031,0.000597549,0
"89752","tillage_reduced",2023,51.1,49.7362,0.000122801,0
"89752","tillage_reference",2016,54.8474,50.839,0.000316858,0
"89752","tillage_reference",2017,55.5804,50.9437,0.00020991,0
"89752","tillage_reference",2018,65.5069,61.3115,0.000242037,0
"89752","tillage_reference",2019,61.2797,58.7282,0.00024372,0
"89752","tillage_reference",2020,56.8292,55.4247,0.000552977,0
"89752","tillage_reference",2021,57.8809,53.1065,0.000573661,0
"89752","tillage_reference",2022,52.7365,50.5637,0.00060289,0
"89752","tillage_reference",2023,50.5038,49.2151,0.000125587,0
"89752","tillage_zero",2016,54.9244,50.8966,0.00030818,0
"89752","tillage_zero",2017,55.7343,51.0604,0.000201913,0
"89752","tillage_zero",2018,65.7488,61.4906,0.000241347,0
"89752","tillage_zero",2019,61.7206,59.0652,0.000241971,0
"89752","tillage_zero",2020,57.3412,55.8561,0.000536434,0
"89752","tillage_zero",2021,58.4465,53.5698,0.000563988,0
"89752","tillage_zero",2022,53.4168,51.1268,0.000595805,0
"89752","tillage_zero",2023,51.2185,49.8406,0.000122429,0
"90","fertilizer_reference",2016,32.9503,31.8884,0.0005354,0
"90","fertilizer_reference",2017,29.6607,29.2323,0.001072061,0
"90","fertilizer_reference",2018,27.244,26.8511,0.001716701,0
"90","fertilizer_reference",2019,25.1636,24.8721,0.001104071,0
"90","fertilizer_reference",2020,24.4202,22.8904,0.001942348,0
"90","fertilizer_reference",2021,22.0794,21.3378,0.001837915,0
"90","fertilizer_reference",2022,23.2244,19.6558,0.001926078,0
"90","fertilizer_reference",2023,20.5539,18.4553,0.000757462,0
"90","mineral_N_half",2016,32.9503,31.8884,0.000481817,0
"90","mineral_N_half",2017,29.6607,29.2323,0.000995827,0
"90","mineral_N_half",2018,27.244,26.8511,0.001579307,0
"90","mineral_N_half",2019,25.1636,24.8721,0.000985921,0
"90","mineral_N_half",2020,24.4202,22.8904,0.001780615,0
"90","mineral_N_half",2021,22.0794,21.3378,0.001674863,0
"90","mineral_N_half",2022,23.2244,19.6558,0.001744127,0
"90","mineral_N_half",2023,20.5539,18.4553,0.000692437,0
"90","mineral_N_one_half",2016,32.9503,31.8884,0.000588985,0
"90","mineral_N_one_half",2017,29.6607,29.2323,0.001148267,0
"90","mineral_N_one_half",2018,27.244,26.8511,0.001854148,0
"90","mineral_N_one_half",2019,25.1636,24.8721,0.001222252,0
"90","mineral_N_one_half",2020,24.4202,22.8904,0.002104074,0
"90","mineral_N_one_half",2021,22.0794,21.3378,0.00200101,0
"90","mineral_N_one_half",2022,23.2244,19.6558,0.002108004,0
"90","mineral_N_one_half",2023,20.5539,18.4553,0.000822471,0
"90","mineral_N_zero",2016,32.9503,31.8884,0.000428264,0
"90","mineral_N_zero",2017,29.6607,29.2323,0.000919641,0
"90","mineral_N_zero",2018,27.244,26.8511,0.001441902,0
"90","mineral_N_zero",2019,25.1636,24.8721,0.000867764,0
"90","mineral_N_zero",2020,24.4202,22.8904,0.001618896,0
"90","mineral_N_zero",2021,22.0794,21.3378,0.001511804,0
"90","mineral_N_zero",2022,23.2244,19.6558,0.001562161,0
"90","mineral_N_zero",2023,20.5539,18.4553,0.00062734,0
"90","organic_substitution",2016,35.3013,32.0729,0.000475845,0
"90","organic_substitution",2017,32.8748,29.7131,0.001245005,0
"90","organic_substitution",2018,30.4991,27.5843,0.002213699,0
"90","organic_substitution",2019,28.5405,25.8344,0.001572723,0
"90","organic_substitution",2020,26.7934,24.0014,0.002984246,0
"90","organic_substitution",2021,24.5678,22.5229,0.002873917,0
"90","organic_substitution",2022,25.3548,21.038,0.003261734,0
"90","organic_substitution",2023,23.2079,19.9259,0.00130346,0
"90","tillage_reduced",2016,32.9262,31.8708,0.000540094,0
"90","tillage_reduced",2017,29.6326,29.2076,0.000964476,0
"90","tillage_reduced",2018,27.2084,26.8174,0.001641884,0
"90","tillage_reduced",2019,25.1248,24.8343,0.001084305,0
"90","tillage_reduced",2020,24.3699,22.8473,0.00193263,0
"90","tillage_reduced",2021,22.0204,21.2855,0.001835097,0
"90","tillage_reduced",2022,23.1492,19.591,0.001928336,0
"90","tillage_reduced",2023,20.4822,18.3909,0.000757723,0
"90","tillage_reference",2016,32.8607,31.8228,0.00055264,0
"90","tillage_reference",2017,29.5551,29.1395,0.000972275,0
"90","tillage_reference",2018,27.1045,26.7189,0.001655045,0
"90","tillage_reference",2019,25.0103,24.723,0.001092013,0
"90","tillage_reference",2020,24.2242,22.7217,0.001946864,0
"90","tillage_reference",2021,21.8482,21.1326,0.00184768,0
"90","tillage_reference",2022,22.9286,19.404,0.00194669,0
"90","tillage_reference",2023,20.2737,18.2056,0.000761078,0
"90","tillage_zero",2016,32.9503,31.8884,0.0005354,0
"90","tillage_zero",2017,29.6607,29.2323,0.000961818,0
"90","tillage_zero",2018,27.244,26.8511,0.001637742,0
"90","tillage_zero",2019,25.1636,24.8721,0.001081962,0
"90","tillage_zero",2020,24.4202,22.8904,0.001927792,0
"90","tillage_zero",2021,22.0794,21.3378,0.001830793,0
"90","tillage_zero",2022,23.2244,19.6558,0.001921832,0
"90","tillage_zero",2023,20.5539,18.4553,0.000756549,0
"96038","cover_annual",2016,93.596,91.407,0.000225924,0
"96038","cover_annual",2017,90.3168,88.7717,0.000563169,0
"96038","cover_annual",2018,89.6944,88.2531,0.00059514,0
"96038","cover_annual",2019,90.1934,86.0761,0.000719519,0
"96038","cover_annual",2020,90.0799,85.6677,0.000900941,0
"96038","cover_annual",2021,90.3134,85.6305,0.000893496,0
"96038","cover_annual",2022,89.8776,85.1632,0.000896847,0
"96038","cover_annual",2023,88.8351,84.3106,0.000893603,0
"96038","cover_none",2016,93.596,91.407,0.000225924,0
"96038","cover_none",2017,90.3168,88.7717,0.000563169,0
"96038","cover_none",2018,89.6944,88.2531,0.00059514,0
"96038","cover_none",2019,90.1683,86.0635,0.000719525,0
"96038","cover_none",2020,85.9437,82.9535,0.001064796,0
"96038","cover_none",2021,85.8017,82.8452,0.00107919,0
"96038","cover_none",2022,85.0788,82.2899,0.001078317,0
"96038","cover_none",2023,83.5734,81.1119,0.001067854,0
"96038","fertilizer_reference",2016,93.596,91.407,0.000225924,0
"96038","fertilizer_reference",2017,90.3168,88.7717,0.000677407,0
"96038","fertilizer_reference",2018,89.6944,88.2531,0.00090276,0
"96038","fertilizer_reference",2019,90.1683,86.0635,0.001178455,0
"96038","fertilizer_reference",2020,85.9437,82.9535,0.001674266,0
"96038","fertilizer_reference",2021,85.8017,82.8452,0.001846797,0
"96038","fertilizer_reference",2022,85.0788,82.2899,0.002011766,0
"96038","fertilizer_reference",2023,83.5734,81.1119,0.002205227,0
"96038","mineral_N_half",2016,93.596,91.407,0.000168518,0
"96038","mineral_N_half",2017,90.3168,88.7717,0.000522857,0
"96038","mineral_N_half",2018,89.6944,88.2531,0.000653511,0
"96038","mineral_N_half",2019,90.1683,86.0635,0.000859692,0
"96038","mineral_N_half",2020,85.9437,82.9535,0.001272378,0
"96038","mineral_N_half",2021,85.8017,82.8452,0.001367568,0
"96038","mineral_N_half",2022,85.0788,82.2899,0.001451408,0
"96038","mineral_N_half",2023,83.5734,81.1119,0.001549311,0
"96038","mineral_N_one_half",2016,93.596,91.407,0.000283349,0
"96038","mineral_N_one_half",2017,90.3168,88.7717,0.000831997,0
"96038","mineral_N_one_half",2018,89.6944,88.2531,0.001152005,0
"96038","mineral_N_one_half",2019,90.1683,86.0635,0.001497219,0
"96038","mineral_N_one_half",2020,85.9437,82.9535,0.002076167,0
"96038","mineral_N_one_half",2021,85.8017,82.8452,0.002325976,0
"96038","mineral_N_one_half",2022,85.0788,82.2899,0.002572148,0
"96038","mineral_N_one_half",2023,83.5734,81.1119,0.002861208,0
"96038","mineral_N_zero",2016,93.596,91.407,0.000111109,0
"96038","mineral_N_zero",2017,90.3168,88.7717,0.000368256,0
"96038","mineral_N_zero",2018,89.6944,88.2531,0.00040434,0
"96038","mineral_N_zero",2019,90.1683,86.0635,0.000540928,0
"96038","mineral_N_zero",2020,85.9437,82.9535,0.000870484,0
"96038","mineral_N_zero",2021,85.8017,82.8452,0.000888376,0
"96038","mineral_N_zero",2022,85.0788,82.2899,0.000891059,0
"96038","mineral_N_zero",2023,83.5734,81.1119,0.000893367,0
"96038","organic_substitution",2016,98.6387,91.4376,0.000111715,0
"96038","organic_substitution",2017,99.5118,88.8997,0.000385914,0
"96038","organic_substitution",2018,102.1368,88.4346,0.000427165,0
"96038","organic_substitution",2019,103.5171,86.5021,0.000622077,0
"96038","organic_substitution",2020,99.051,83.6637,0.001044542,0
"96038","organic_substitution",2021,102.237,83.5715,0.001069606,0
"96038","organic_substitution",2022,103.6722,83.1186,0.001089027,0
"96038","organic_substitution",2023,102.5539,82.1715,0.001159025,0
"96038","tillage_reduced",2016,93.5957,91.4067,0.000225936,0
"96038","tillage_reduced",2017,90.259,88.7238,0.000567123,0
"96038","tillage_reduced",2018,89.6336,88.2022,0.000599225,0
"96038","tillage_reduced",2019,90.0823,85.9927,0.000726304,0
"96038","tillage_reduced",2020,85.8485,82.8719,0.001070569,0
"96038","tillage_reduced",2021,85.7048,82.7622,0.001085839,0
"96038","tillage_reduced",2022,84.9835,82.2074,0.001084835,0
"96038","tillage_reduced",2023,83.4811,81.0304,0.001073831,0
"96038","tillage_reference",2016,93.5948,91.406,0.00022598,0
"96038","tillage_reference",2017,90.0947,88.5873,0.000578262,0
"96038","tillage_reference",2018,89.4594,88.0559,0.000610953,0
"96038","tillage_reference",2019,89.7276,85.7123,0.00074511,0
"96038","tillage_reference",2020,85.2126,82.3584,0.001110345,0
"96038","tillage_reference",2021,85.0662,82.2455,0.001127704,0
"96038","tillage_reference",2022,84.3553,81.6936,0.001125799,0
"96038","tillage_reference",2023,82.874,80.5231,0.001111492,0
"96038","tillage_zero",2016,93.596,91.407,0.000225924,0
"96038","tillage_zero",2017,90.3168,88.7717,0.000563169,0
"96038","tillage_zero",2018,89.6944,88.2531,0.00059514,0
"96038","tillage_zero",2019,90.2117,86.0942,0.000719514,0
"96038","tillage_zero",2020,86.0848,83.061,0.001055958,0
"96038","tillage_zero",2021,85.9423,82.9526,0.001070324,0
"96038","tillage_zero",2022,85.217,82.3967,0.001069642,0
"96038","tillage_zero",2023,83.7066,81.2174,0.001059912,0
