site_id,year,design_pft,cov_crop,crop_codes,harvests,plants,leafon,leafoff,mineral_N,tillage,irrigation
328163,2016,annual crop,Alfalfa and alfalfa mixtures,G**;F16,"('2016-07-18', 'G**', 'row', 1, [0.5276, 0.1364, 0.4724, 0.8636]);('2016-11-27', 'F16', 'row', 2, [0.7518, 0.0, 0.2482, 1.0])",,2016-03-29;2016-09-11,2016-06-07;2016-11-07,12.3,0,75.685
328163,2017,annual crop,Alfalfa and alfalfa mixtures,P1,"('2017-06-05', 'P1', 'hay', 2, [0.85, 0.0, 0.15, 1.0])",,2017-03-15,2017-06-24,0,0,75.685
328163,2018,annual crop,Alfalfa and alfalfa mixtures,P1,"('2018-06-22', 'P1', 'hay', 2, [0.85, 0.0, 0.15, 1.0])",,2018-04-14,2018-07-26,0.0,0.5664,15.137
328163,2019,annual crop,Alfalfa and alfalfa mixtures,P1,"('2019-06-14', 'P1', 'hay', 2, [0.85, 0.0, 0.15, 1.0])",,2019-03-26,2019-08-01,0.0,0.5119,15.137
328163,2020,annual crop,Alfalfa and alfalfa mixtures,P1,"('2020-06-22', 'P1', 'hay', 2, [0.85, 0.0, 0.15, 1.0])","('2020-07-26', 'P1', 'hay', 2)",2020-05-13,2020-07-10,0,1.0,45.411
328163,2021,annual crop,Alfalfa and alfalfa mixtures,P1,"('2021-09-27', 'P1', 'hay', 2, [0.85, 0.0, 0.15, 1.0])",,2021-04-24,2021-10-22,0,0.0,60.548
328163,2022,annual crop,Alfalfa and alfalfa mixtures,P1,"('2022-05-09', 'P1', 'hay', 2, [0.85, 0.0, 0.15, 1.0])",,2022-02-14,2022-06-24,0,0.8698,60.548
328163,2023,annual crop,Alfalfa and alfalfa mixtures,P1,"('2023-05-23', 'P1', 'hay', 2, [0.85, 0.0, 0.15, 1.0])",,2023-04-07,2023-08-02,0,0,0
26336,2016,woody perennial crop,Almonds,D5,"('2016-04-18', 'D5', 'woody', 2, [0.122, 0.0, 0.044, 0.0])",,2016-02-26,2016-07-23,9.5,0,110.408
26336,2017,woody perennial crop,Almonds,D12,"('2017-06-16', 'D12', 'woody', 2, [0.131, 0.0, 0.032, 0.0])",,2017-03-09,2017-07-20,0,0,124.209
26336,2018,woody perennial crop,Almonds,D12,"('2018-06-13', 'D12', 'woody', 2, [0.131, 0.0, 0.032, 0.0])",,2018-03-19,2018-07-28,26.3,0.6257,151.811
26336,2019,woody perennial crop,Almonds,D12,"('2019-06-18', 'D12', 'woody', 2, [0.131, 0.0, 0.032, 0.0])",,2019-03-11,2019-08-05,8.2,0.7502,138.01
26336,2020,woody perennial crop,Almonds,D12,"('2020-07-06', 'D12', 'woody', 2, [0.131, 0.0, 0.032, 0.0])",,2020-03-08,2020-08-06,27.7,0.3418,124.209
26336,2021,woody perennial crop,Almonds,D12,"('2021-06-15', 'D12', 'woody', 2, [0.131, 0.0, 0.032, 0.0])",,2021-03-12,2021-08-01,10.5,0.8026,138.01
26336,2022,woody perennial crop,Almonds,D12,"('2022-06-18', 'D12', 'woody', 2, [0.131, 0.0, 0.032, 0.0])",,2022-03-08,2022-08-02,14.3,0,138.01
26336,2023,woody perennial crop,Almonds,,,,,,0,0,110.408
565118,2016,annual crop,"Corn, Sorghum or Sudan (grouped for RS only)",G2,"('2016-09-23', 'G2', 'row', 2, [0.7135, 0.0, 0.2865, 1.0])",,2016-06-25,2016-09-05,13.7,0,0
565118,2017,annual crop,"Corn, Sorghum or Sudan (grouped for RS only)",F16,"('2017-10-20', 'F16', 'row', 2, [0.7518, 0.0, 0.2482, 1.0])","('2017-01-15', 'F16', 'row', 2);('2017-11-25', 'F16', 'row', 2)",2017-07-06,2017-09-18,0,0,0
565118,2018,annual crop,"Corn, Sorghum or Sudan (grouped for RS only)",F16,"('2018-10-08', 'F16', 'row', 2, [0.7518, 0.0, 0.2482, 1.0])",,2018-07-02,2018-09-17,19.0,0.0,0
565118,2019,annual crop,"Corn, Sorghum or Sudan (grouped for RS only)",G6;F16,"('2019-05-22', 'G6', 'row', 1, [0.5221, 0.0, 0.4779, 1.0]);('2019-10-03', 'F16', 'row', 2, [0.7518, 0.0, 0.2482, 1.0])",,2019-03-05;2019-06-30,2019-05-08;2019-09-12,35.8,0.1948,0
565118,2020,annual crop,"Corn, Sorghum or Sudan (grouped for RS only)",F16,"('2020-09-23', 'F16', 'row', 2, [0.7518, 0.0, 0.2482, 1.0])","('2020-12-16', 'F16', 'row', 2)",2020-06-07,2020-08-18,27.9,1.0,0
565118,2021,annual crop,"Corn, Sorghum or Sudan (grouped for RS only)",F16,"('2021-10-21', 'F16', 'row', 2, [0.7518, 0.0, 0.2482, 1.0])",,2021-06-08,2021-08-27,18.6,0,15.263
565118,2022,annual crop,"Corn, Sorghum or Sudan (grouped for RS only)",F16,"('2022-10-19', 'F16', 'row', 2, [0.7518, 0.0, 0.2482, 1.0])","('2022-12-20', 'F16', 'row', 2)",2022-06-07,2022-08-30,27.1,1.0,15.263
565118,2023,annual crop,"Corn, Sorghum or Sudan (grouped for RS only)",F16,"('2023-11-03', 'F16', 'row', 2, [0.7518, 0.0, 0.2482, 1.0])",,2023-06-22,2023-09-09,19.7,0,0
159849,2016,woody perennial crop,Almonds,V2,"('2016-07-03', 'V2', 'woody', 2, [0.1416, 0.0, 0.0925, 0.0])",,2016-03-01,2016-09-22,6.0,0,0
159849,2017,woody perennial crop,Almonds,V2,"('2017-06-01', 'V2', 'woody', 2, [0.1416, 0.0, 0.0925, 0.0])",,2017-03-10,2017-08-07,0,0,16.037
159849,2018,woody perennial crop,Almonds,D12,"('2018-05-30', 'D12', 'woody', 2, [0.131, 0.0, 0.032, 0.0])",,2018-03-16,2018-07-29,27.1,1.0,128.296
159849,2019,woody perennial crop,Almonds,D12,"('2019-06-22', 'D12', 'woody', 2, [0.131, 0.0, 0.032, 0.0])",,2019-03-15,2019-08-25,14.5,1.0,112.25899999999999
159849,2020,woody perennial crop,Almonds,D12,"('2020-06-12', 'D12', 'woody', 2, [0.131, 0.0, 0.032, 0.0])",,2020-03-07,2020-08-18,20.9,0.408,112.25899999999999
159849,2021,woody perennial crop,Almonds,D12,"('2021-06-15', 'D12', 'woody', 2, [0.131, 0.0, 0.032, 0.0])",,2021-03-11,2021-08-04,22.5,0.5525,128.296
159849,2022,woody perennial crop,Almonds,D12,"('2022-07-18', 'D12', 'woody', 2, [0.131, 0.0, 0.032, 0.0])",,2022-03-11,2022-09-16,16.3,0.217,144.333
159849,2023,woody perennial crop,Almonds,D12,"('2023-07-08', 'D12', 'woody', 2, [0.131, 0.0, 0.032, 0.0])",,2023-03-25,2023-09-13,13.8,0,96.222
522375,2016,annual crop,Alfalfa and alfalfa mixtures,P1,"('2016-07-03', 'P1', 'hay', 2, [0.85, 0.0, 0.15, 1.0])","('2016-01-01', 'P1', 'hay', 2)",2016-04-18,2016-08-05,0,0,0
522375,2017,annual crop,Alfalfa and alfalfa mixtures,P1,"('2017-05-15', 'P1', 'hay', 2, [0.85, 0.0, 0.15, 1.0])","('2017-01-09', 'P1', 'hay', 2)",2017-03-30,2017-06-06,0,0,0
522375,2018,annual crop,Alfalfa and alfalfa mixtures,,,,,,0,0,0
522375,2019,annual crop,Alfalfa and alfalfa mixtures,F16;G6,"('2019-08-08', 'F16', 'row', 2, [0.7518, 0.0, 0.2482, 1.0])",,2019-04-06,2019-07-14,24.3,0.7879,0
522375,2020,annual crop,Alfalfa and alfalfa mixtures,P6;G6,"('2020-05-26', 'G6', 'row', 1, [0.5221, 0.0, 0.4779, 1.0]);('2020-07-31', 'P6', 'hay', 2, [0.9, 0.0, 0.1, 1.0])","('2020-02-25', 'P6', 'hay', 2)",2020-01-08;2020-06-14,2020-05-01;2020-08-18,0,0.842,0
522375,2021,annual crop,Alfalfa and alfalfa mixtures,P1,"('2021-05-29', 'P1', 'hay', 2, [0.85, 0.0, 0.15, 1.0])",,2021-02-21,2021-06-29,0,0.272,0
522375,2022,annual crop,Alfalfa and alfalfa mixtures,P1,"('2022-05-05', 'P1', 'hay', 2, [0.85, 0.0, 0.15, 1.0])","('2022-06-21', 'P1', 'hay', 2)",2022-01-01,2022-06-15,0,0.4441,0
522375,2023,annual crop,Alfalfa and alfalfa mixtures,P1,"('2023-05-10', 'P1', 'hay', 2, [0.85, 0.0, 0.15, 1.0])",,2023-02-09,2023-07-16,0,0,0
534243,2016,woody perennial crop,Almonds,D12,"('2016-04-22', 'D12', 'woody', 2, [0.131, 0.0, 0.032, 0.0])",,2016-03-03,2016-07-12,21.7,0,165.671
534243,2017,woody perennial crop,Almonds,D12,"('2017-05-21', 'D12', 'woody', 2, [0.131, 0.0, 0.032, 0.0])",,2017-03-10,2017-07-02,0,0,120.488
534243,2018,woody perennial crop,Almonds,D12,"('2018-06-04', 'D12', 'woody', 2, [0.131, 0.0, 0.032, 0.0])",,2018-03-22,2018-07-23,20.9,0.8127,135.549
534243,2019,woody perennial crop,Almonds,D12,"('2019-06-08', 'D12', 'woody', 2, [0.131, 0.0, 0.032, 0.0])",,2019-03-18,2019-08-20,3.8,0.7471,135.549
534243,2020,woody perennial crop,Almonds,D12,"('2020-07-08', 'D12', 'woody', 2, [0.131, 0.0, 0.032, 0.0])",,2020-03-09,2020-08-17,7.1,0.5009,135.549
534243,2021,woody perennial crop,Almonds,D12,"('2021-05-11', 'D12', 'woody', 2, [0.131, 0.0, 0.032, 0.0])",,2021-03-13,2021-07-19,20.4,0.7408,150.61
534243,2022,woody perennial crop,Almonds,D12,"('2022-06-17', 'D12', 'woody', 2, [0.131, 0.0, 0.032, 0.0])",,2022-03-07,2022-08-12,23.5,0.6269,150.61
534243,2023,woody perennial crop,Almonds,D12,"('2023-04-25', 'D12', 'woody', 2, [0.131, 0.0, 0.032, 0.0])",,2023-03-15,2023-05-12,18.5,0,120.488
205678,2016,annual crop,"Corn, Sorghum or Sudan (grouped for RS only)",T32;F16,"('2016-10-25', 'T32', 'row', 2, [0.33, 0.0, 0.67, 1.0])","('2016-06-22', 'T32', 'row', 2);('2016-11-03', 'F16', 'row', 2)",2016-06-10,2016-09-14,11.4,0,17.544
205678,2017,annual crop,"Corn, Sorghum or Sudan (grouped for RS only)",F16,"('2017-11-06', 'F16', 'row', 2, [0.7518, 0.0, 0.2482, 1.0])",,2017-06-22,2017-09-18,0,0,17.544
205678,2018,annual crop,"Corn, Sorghum or Sudan (grouped for RS only)",F16,"('2018-11-13', 'F16', 'row', 2, [0.7518, 0.0, 0.2482, 1.0])","('2018-04-29', 'F16', 'row', 2)",2018-06-23,2018-09-29,21.3,0,17.544
205678,2019,annual crop,"Corn, Sorghum or Sudan (grouped for RS only)",F16,"('2019-11-10', 'F16', 'row', 2, [0.7518, 0.0, 0.2482, 1.0])",,2019-06-28,2019-09-30,28.3,0,17.544
205678,2020,annual crop,"Corn, Sorghum or Sudan (grouped for RS only)",,,,,,0,0,17.544
205678,2021,annual crop,"Corn, Sorghum or Sudan (grouped for RS only)",R1,"('2021-11-04', 'R1', 'rice', 2, [0.6415, 0.0, 0.3585, 1.0])","('2021-01-24', 'R1', 'rice', 2)",2021-06-07,2021-09-30,15.1,0,149.352
205678,2022,annual crop,"Corn, Sorghum or Sudan (grouped for RS only)",R1,"('2022-11-23', 'R1', 'rice', 2, [0.6415, 0.0, 0.3585, 1.0])","('2022-05-22', 'R1', 'rice', 2)",2022-06-18,2022-10-15,14.2,0,249.863
205678,2023,annual crop,"Corn, Sorghum or Sudan (grouped for RS only)",R1,"('2023-11-10', 'R1', 'rice', 2, [0.6415, 0.0, 0.3585, 1.0])",,2023-07-04,2023-10-15,14.1,0,194.765
169473,2016,woody perennial crop,Pistachios,C5,"('2016-04-24', 'C5', 'woody', 2, [0.068, 0.0, 0.093, 0.0])",,2016-03-16,2016-05-15,9.8,0,145.107
169473,2017,woody perennial crop,Pistachios,C5,"('2017-03-23', 'C5', 'woody', 2, [0.068, 0.0, 0.093, 0.0])",,2017-01-29,2017-04-14,0,0,128.984
169473,2018,woody perennial crop,Pistachios,D14,"('2018-04-25', 'D14', 'woody', 2, [0.101, 0.0, 0.033, 0.0])",,2018-02-19,2018-07-30,22.0,0.1309,145.107
169473,2019,woody perennial crop,Pistachios,D14,"('2019-04-03', 'D14', 'woody', 2, [0.101, 0.0, 0.033, 0.0])",,2019-01-29,2019-05-25,20.3,0.5986,145.107
169473,2020,woody perennial crop,Pistachios,D14,"('2020-06-28', 'D14', 'woody', 2, [0.101, 0.0, 0.033, 0.0])",,2020-02-12,2020-09-05,20.3,0.0,128.984
169473,2021,woody perennial crop,Pistachios,D14,"('2021-06-02', 'D14', 'woody', 2, [0.101, 0.0, 0.033, 0.0])",,2021-02-19,2021-08-22,13.3,0.7855,161.23000000000002
169473,2022,woody perennial crop,Pistachios,D14,"('2022-04-22', 'D14', 'woody', 2, [0.101, 0.0, 0.033, 0.0])",,2022-02-21,2022-07-23,22.0,0.4782,161.23000000000002
169473,2023,woody perennial crop,Pistachios,D14,"('2023-03-18', 'D14', 'woody', 2, [0.101, 0.0, 0.033, 0.0])",,2023-02-01,2023-03-30,13.0,0,112.861
592578,2016,annual crop,"Corn, Sorghum or Sudan (grouped for RS only)",F1,"('2016-11-09', 'F1', 'row', 2, [0.45, 0.0, 0.55, 1.0])",,2016-07-17,2016-10-14,21.0,0,72.63
592578,2017,annual crop,"Corn, Sorghum or Sudan (grouped for RS only)",F16,"('2017-10-31', 'F16', 'row', 2, [0.7518, 0.0, 0.2482, 1.0])",,2017-06-13,2017-09-17,0,0,43.578
592578,2018,annual crop,"Corn, Sorghum or Sudan (grouped for RS only)",F16,"('2018-11-14', 'F16', 'row', 2, [0.7518, 0.0, 0.2482, 1.0])",,2018-06-22,2018-09-28,20.4,0,43.578
592578,2019,annual crop,"Corn, Sorghum or Sudan (grouped for RS only)",F16,"('2019-11-08', 'F16', 'row', 2, [0.7518, 0.0, 0.2482, 1.0])","('2019-03-22', 'F16', 'row', 2)",2019-06-23,2019-09-27,30.5,1.0,43.578
592578,2020,annual crop,"Corn, Sorghum or Sudan (grouped for RS only)",F16,"('2020-10-26', 'F16', 'row', 2, [0.7518, 0.0, 0.2482, 1.0])","('2020-03-19', 'F16', 'row', 2)",2020-06-13,2020-09-06,24.2,1.0,58.104
592578,2021,annual crop,"Corn, Sorghum or Sudan (grouped for RS only)",F16,"('2021-11-02', 'F16', 'row', 2, [0.7518, 0.0, 0.2482, 1.0])",,2021-06-16,2021-09-13,18.9,1.0,72.63
592578,2022,annual crop,"Corn, Sorghum or Sudan (grouped for RS only)",F16,"('2022-10-26', 'F16', 'row', 2, [0.7518, 0.0, 0.2482, 1.0])","('2022-08-21', 'F16', 'row', 2)",2022-06-10,2022-09-10,27.4,1.0,58.104
592578,2023,annual crop,"Corn, Sorghum or Sudan (grouped for RS only)",F16,"('2023-10-29', 'F16', 'row', 2, [0.7518, 0.0, 0.2482, 1.0])","('2023-05-31', 'F16', 'row', 2)",2023-06-23,2023-09-24,16.1,0,43.578
557284,2016,woody perennial crop,Pistachios,T20,"('2016-10-30', 'T20', 'row', 2, [0.45, 0.0, 0.55, 1.0])",,2016-04-03,2016-08-31,31.0,0,65.787
557284,2017,woody perennial crop,Pistachios,D14,"('2017-06-15', 'D14', 'woody', 2, [0.101, 0.0, 0.033, 0.0])",,2017-04-07,2017-10-12,0,0,67.967
557284,2018,woody perennial crop,Pistachios,D14,"('2018-06-17', 'D14', 'woody', 2, [0.101, 0.0, 0.033, 0.0])",,2018-04-14,2018-09-13,14.5,0.6562,67.239
557284,2019,woody perennial crop,Pistachios,D14,"('2019-07-15', 'D14', 'woody', 2, [0.101, 0.0, 0.033, 0.0])",,2019-04-17,2019-10-25,22.5,1.0,66.508
557284,2020,woody perennial crop,Pistachios,D14,"('2020-07-01', 'D14', 'woody', 2, [0.101, 0.0, 0.033, 0.0])",,2020-04-12,2020-09-12,24.6,0.9288,66.645
557284,2021,woody perennial crop,Pistachios,D14,"('2021-02-18', 'D14', 'woody', 2, [0.101, 0.0, 0.033, 0.0])",,2021-01-10,2021-03-04,15.5,0.8531,69.274
557284,2022,woody perennial crop,Pistachios,D14,"('2022-06-17', 'D14', 'woody', 2, [0.101, 0.0, 0.033, 0.0])",,2022-04-09,2022-10-15,24.3,0.9816,72.305
557284,2023,woody perennial crop,Pistachios,D14,"('2023-06-30', 'D14', 'woody', 2, [0.101, 0.0, 0.033, 0.0])",,2023-04-23,2023-10-06,12.9,0,62.176
413887,2016,annual crop,Rice,,,,,,0,0,0
413887,2017,annual crop,Rice,,,,,,0,0,0
413887,2018,annual crop,Rice,,,,,,0,0,17.731
413887,2019,annual crop,Rice,R1,"('2019-10-30', 'R1', 'rice', 2, [0.6415, 0.0, 0.3585, 1.0])",,2019-07-04,2019-10-05,12.4,0,141.888
413887,2020,annual crop,Rice,R1,"('2020-11-12', 'R1', 'rice', 2, [0.6415, 0.0, 0.3585, 1.0])","('2020-07-20', 'R1', 'rice', 2)",2020-06-18,2020-09-29,13.3,0,235.063
413887,2021,annual crop,Rice,R1,"('2021-11-16', 'R1', 'rice', 2, [0.6415, 0.0, 0.3585, 1.0])",,2021-06-23,2021-10-19,13.5,0,230.082
413887,2022,annual crop,Rice,R1,"('2022-11-20', 'R1', 'rice', 2, [0.6415, 0.0, 0.3585, 1.0])","('2022-06-16', 'R1', 'rice', 2)",2022-06-19,2022-10-17,13.0,0,243.728
413887,2023,annual crop,Rice,R1,"('2023-11-24', 'R1', 'rice', 2, [0.6415, 0.0, 0.3585, 1.0])","('2023-10-26', 'R1', 'rice', 2)",2023-07-08,2023-10-15,15.0,0,196.867
590334,2016,woody perennial crop,Avocados,C5,"('2016-05-16', 'C5', 'woody', 2, [0.068, 0.0, 0.093, 0.0])",,2016-05-08,2016-06-20,8.2,0,95.131
590334,2017,woody perennial crop,Avocados,C5,"('2017-05-12', 'C5', 'woody', 2, [0.068, 0.0, 0.093, 0.0])",,2017-05-21,2017-06-17,0,0,95.236
590334,2018,woody perennial crop,Avocados,C5,"('2018-05-12', 'C5', 'woody', 2, [0.068, 0.0, 0.093, 0.0])",,2018-05-21,2018-06-17,8.0,0,95.156
590334,2019,woody perennial crop,Avocados,C5,"('2019-05-12', 'C5', 'woody', 2, [0.068, 0.0, 0.093, 0.0])",,2019-05-21,2019-06-17,8.0,0,79.219
590334,2020,woody perennial crop,Avocados,C5,"('2020-05-11', 'C5', 'woody', 2, [0.068, 0.0, 0.093, 0.0])",,2020-05-20,2020-06-16,10.1,0,79.652
590334,2021,woody perennial crop,Avocados,C5,"('2021-06-15', 'C5', 'woody', 2, [0.068, 0.0, 0.093, 0.0])",,2021-03-20,2021-08-03,10.9,0,95.456
590334,2022,woody perennial crop,Avocados,C5,"('2022-05-12', 'C5', 'woody', 2, [0.068, 0.0, 0.093, 0.0])",,2022-05-21,2022-06-17,8.7,0,94.864
590334,2023,woody perennial crop,Avocados,C5,"('2023-05-12', 'C5', 'woody', 2, [0.068, 0.0, 0.093, 0.0])",,2023-05-21,2023-06-17,10.4,0,79.736
440393,2016,annual crop,Rice,D3,"('2016-04-03', 'D3', 'woody', 2, [0.054, 0.0, 0.045, 0.0])",,2016-02-03,2016-04-19,0,0,13.619
440393,2017,annual crop,Rice,R1,"('2017-10-27', 'R1', 'rice', 2, [0.6415, 0.0, 0.3585, 1.0])",,2017-07-05,2017-10-04,0,0,13.619
440393,2018,annual crop,Rice,R1,"('2018-10-29', 'R1', 'rice', 2, [0.6415, 0.0, 0.3585, 1.0])",,2018-06-19,2018-10-04,13.3,0,102.643
440393,2019,annual crop,Rice,R1,"('2019-10-29', 'R1', 'rice', 2, [0.6415, 0.0, 0.3585, 1.0])",,2019-06-28,2019-10-06,14.7,0,132.201
440393,2020,annual crop,Rice,R1,"('2020-10-20', 'R1', 'rice', 2, [0.6415, 0.0, 0.3585, 1.0])",,2020-06-20,2020-09-27,16.1,0,167.189
440393,2021,annual crop,Rice,R1,"('2021-10-12', 'R1', 'rice', 2, [0.6415, 0.0, 0.3585, 1.0])","('2021-01-08', 'R1', 'rice', 2)",2021-06-20,2021-09-20,13.9,0.8168,168.34
440393,2022,annual crop,Rice,R1,"('2022-10-18', 'R1', 'rice', 2, [0.6415, 0.0, 0.3585, 1.0])",,2022-06-24,2022-09-22,12.5,0.9774,174.769
440393,2023,annual crop,Rice,R1,"('2023-10-26', 'R1', 'rice', 2, [0.6415, 0.0, 0.3585, 1.0])",,2023-06-22,2023-09-30,14.4,0,144.096
16073,2016,woody perennial crop,Almonds,,,,,,0,0,99.493
16073,2017,woody perennial crop,Almonds,,,,,,0,0,99.886
16073,2018,woody perennial crop,Almonds,T18;T20,"('2018-06-05', 'T18', 'row', 2, [0.5281, 0.1878, 0.4719, 0.8122])",,2018-01-24,2018-04-28,18.3,0,99.263
16073,2019,woody perennial crop,Almonds,T20,"('2019-06-19', 'T20', 'row', 2, [0.45, 0.0, 0.55, 1.0])","('2019-06-06', 'T20', 'row', 2)",2019-01-16,2019-05-04,0,0,99.293
16073,2020,woody perennial crop,Almonds,,,,,,0,0,111.122
16073,2021,woody perennial crop,Almonds,D12,"('2021-03-25', 'D12', 'woody', 2, [0.131, 0.0, 0.032, 0.0])",,2021-01-31;2021-12-01,2021-04-17,35.900000000000006,0,111.035
16073,2022,woody perennial crop,Almonds,D12,"('2022-02-22', 'D12', 'woody', 2, [0.131, 0.0, 0.032, 0.0])",,,2022-04-03,0,0,112.204
16073,2023,woody perennial crop,Almonds,D12,,,2023-01-19,2023-04-30,10.3,0,99.513
420343,2016,annual crop,"Corn, Sorghum or Sudan (grouped for RS only)",D13;F16,"('2016-04-15', 'D13', 'woody', 2, [0.051, 0.0, 0.035, 0.0])","('2016-12-07', 'F16', 'row', 2)",2016-02-11,2016-05-07,22.2,0,125.16
420343,2017,annual crop,"Corn, Sorghum or Sudan (grouped for RS only)",F16;G2,"('2017-09-21', 'F16', 'row', 2, [0.7518, 0.0, 0.2482, 1.0])",,2017-06-25;2017-11-27,2017-09-04,12.1,0,78.225
420343,2018,annual crop,"Corn, Sorghum or Sudan (grouped for RS only)",G2;F16,"('2018-05-11', 'G2', 'row', 1, [0.7135, 0.0, 0.2865, 1.0]);('2018-09-21', 'F16', 'row', 2, [0.7518, 0.0, 0.2482, 1.0])","('2018-01-16', 'G2', 'row', 1)",2018-06-26;2018-12-08,2018-04-23;2018-09-04,43.900000000000006,0.4654,0
420343,2019,annual crop,"Corn, Sorghum or Sudan (grouped for RS only)",G2;F16,"('2019-05-18', 'G2', 'row', 1, [0.7135, 0.0, 0.2865, 1.0]);('2019-10-01', 'F16', 'row', 2, [0.7518, 0.0, 0.2482, 1.0])",,2019-07-09,2019-04-30;2019-09-16,20.1,2.0,0
420343,2020,annual crop,"Corn, Sorghum or Sudan (grouped for RS only)",G2;F16,"('2020-07-07', 'G2', 'row', 1, [0.7135, 0.0, 0.2865, 1.0]);('2020-09-12', 'F16', 'row', 2, [0.7518, 0.0, 0.2482, 1.0])",,2020-03-11;2020-06-17;2020-12-24,2020-06-21;2020-08-25,64.6,1.0,15.645
420343,2021,annual crop,"Corn, Sorghum or Sudan (grouped for RS only)",G2;F16,"('2021-04-23', 'G2', 'row', 1, [0.7135, 0.0, 0.2865, 1.0]);('2021-09-08', 'F16', 'row', 2, [0.7518, 0.0, 0.2482, 1.0])","('2021-11-18', 'G2', 'row', 1)",2021-06-18;2021-11-25,2021-04-11;2021-08-25,44.6,0.9947,15.645
420343,2022,annual crop,"Corn, Sorghum or Sudan (grouped for RS only)",F16;G2,"('2022-05-10', 'G2', 'row', 1, [0.7135, 0.0, 0.2865, 1.0]);('2022-09-16', 'F16', 'row', 2, [0.7518, 0.0, 0.2482, 1.0])","('2022-01-18', 'F16', 'row', 2)",2022-06-24;2022-12-29,2022-04-27;2022-09-01,52.1,1.811,31.29
420343,2023,annual crop,"Corn, Sorghum or Sudan (grouped for RS only)",G2;F16,"('2023-05-13', 'G2', 'row', 1, [0.7135, 0.0, 0.2865, 1.0]);('2023-09-15', 'F16', 'row', 2, [0.7518, 0.0, 0.2482, 1.0])","('2023-02-24', 'G2', 'row', 1)",2023-06-21,2023-05-01;2023-09-01,12.9,0.57,0
415399,2016,woody perennial crop,Avocados,,,,2016-07-18,2016-11-25,0,0,110.131
415399,2017,woody perennial crop,Avocados,,,,2017-02-09,2017-04-24,0,0,141.597
415399,2018,woody perennial crop,Avocados,C5,"('2018-09-05', 'C5', 'woody', 2, [0.068, 0.0, 0.093, 0.0])",,2018-07-23,2018-10-13,10.6,0,141.597
415399,2019,woody perennial crop,Avocados,C5,"('2019-04-12', 'C5', 'woody', 2, [0.068, 0.0, 0.093, 0.0])",,2019-03-02,2019-05-04,9.3,0,110.131
415399,2020,woody perennial crop,Avocados,C5,"('2020-02-17', 'C5', 'woody', 2, [0.068, 0.0, 0.093, 0.0])",,2020-01-04,2020-03-07,9.0,0,125.864
415399,2021,woody perennial crop,Avocados,C5,"('2021-11-16', 'C5', 'woody', 2, [0.068, 0.0, 0.093, 0.0])",,2021-06-29,2021-12-13,8.6,0,141.597
415399,2022,woody perennial crop,Avocados,C5,"('2022-03-20', 'C5', 'woody', 2, [0.068, 0.0, 0.093, 0.0])",,2022-01-18,2022-04-14,7.6,0,141.597
415399,2023,woody perennial crop,Avocados,C5,"('2023-04-12', 'C5', 'woody', 2, [0.068, 0.0, 0.093, 0.0])",,2023-02-07,2023-05-09,9.9,0,110.131
132390,2016,annual crop,Rice,C5,"('2016-03-26', 'C5', 'woody', 2, [0.068, 0.0, 0.093, 0.0])",,2016-02-03,2016-04-09,8.7,0,43.083
132390,2017,annual crop,Rice,R1,"('2017-10-18', 'R1', 'rice', 2, [0.6415, 0.0, 0.3585, 1.0])","('2017-05-26', 'R1', 'rice', 2)",2017-06-18,2017-09-28,0,0,57.444
132390,2018,annual crop,Rice,R1,"('2018-10-06', 'R1', 'rice', 2, [0.6415, 0.0, 0.3585, 1.0])",,2018-06-13,2018-09-18,13.9,0,114.202
132390,2019,annual crop,Rice,R1,"('2019-10-24', 'R1', 'rice', 2, [0.6415, 0.0, 0.3585, 1.0])",,2019-06-18,2019-09-22,15.7,0,140.355
132390,2020,annual crop,Rice,R1,"('2020-10-08', 'R1', 'rice', 2, [0.6415, 0.0, 0.3585, 1.0])",,2020-05-30,2020-09-17,13.1,0,178.161
132390,2021,annual crop,Rice,,,,,,0,0,172.036
132390,2022,annual crop,Rice,,,,,,0,0,185.125
132390,2023,annual crop,Rice,R1,"('2023-10-09', 'R1', 'rice', 2, [0.6415, 0.0, 0.3585, 1.0])","('2023-05-11', 'R1', 'rice', 2)",2023-06-12,2023-09-21,13.7,0,146.292
514070,2016,woody perennial crop,Almonds,C6,"('2016-06-26', 'C6', 'woody', 2, [0.114, 0.0, 0.158, 0.0])",,2016-03-03,2016-08-18,0,0,0
514070,2017,woody perennial crop,Almonds,C6,"('2017-05-21', 'C6', 'woody', 2, [0.114, 0.0, 0.158, 0.0])",,2017-03-13,2017-08-26,0,0,12.828
514070,2018,woody perennial crop,Almonds,D12,"('2018-06-08', 'D12', 'woody', 2, [0.131, 0.0, 0.032, 0.0])",,2018-03-22,2018-08-20,10.8,0.0,115.452
514070,2019,woody perennial crop,Almonds,D12,"('2019-06-10', 'D12', 'woody', 2, [0.131, 0.0, 0.032, 0.0])",,2019-03-21,2019-08-20,8.0,0.3457,64.14
514070,2020,woody perennial crop,Almonds,D12,"('2020-06-10', 'D12', 'woody', 2, [0.131, 0.0, 0.032, 0.0])",,2020-03-05,2020-08-19,19.8,0.1244,89.79599999999999
514070,2021,woody perennial crop,Almonds,D12,"('2021-05-29', 'D12', 'woody', 2, [0.131, 0.0, 0.032, 0.0])",,2021-03-09,2021-08-21,17.9,1.0,89.79599999999999
514070,2022,woody perennial crop,Almonds,D12,"('2022-05-29', 'D12', 'woody', 2, [0.131, 0.0, 0.032, 0.0])",,2022-03-27,2022-07-27,17.2,0,102.624
514070,2023,woody perennial crop,Almonds,,,,2023-03-08,2023-06-04,0,0,51.312
52519,2016,annual crop,"Corn, Sorghum or Sudan (grouped for RS only)",T16,"('2016-08-16', 'T16', 'row', 2, [0.5281, 0.1878, 0.4719, 0.8122])",,2016-05-06,2016-07-25,0,0,89.287
52519,2017,annual crop,"Corn, Sorghum or Sudan (grouped for RS only)",F16,"('2017-10-20', 'F16', 'row', 2, [0.7518, 0.0, 0.2482, 1.0])",,2017-06-01,2017-09-06,0,0,88.884
52519,2018,annual crop,"Corn, Sorghum or Sudan (grouped for RS only)",F16,"('2018-10-25', 'F16', 'row', 2, [0.7518, 0.0, 0.2482, 1.0])","('2018-03-30', 'F16', 'row', 2)",2018-06-02,2018-09-10,18.3,1.0,88.732
52519,2019,annual crop,"Corn, Sorghum or Sudan (grouped for RS only)",F16,"('2019-10-21', 'F16', 'row', 2, [0.7518, 0.0, 0.2482, 1.0])","('2019-01-26', 'F16', 'row', 2)",2019-06-03,2019-08-31,18.1,1.0,88.589
52519,2020,annual crop,"Corn, Sorghum or Sudan (grouped for RS only)",F16,"('2020-11-03', 'F16', 'row', 2, [0.7518, 0.0, 0.2482, 1.0])",,2020-06-03,2020-09-06,11.8,1.0,99.16
52519,2021,annual crop,"Corn, Sorghum or Sudan (grouped for RS only)",F16,"('2021-10-07', 'F16', 'row', 2, [0.7518, 0.0, 0.2482, 1.0])","('2021-02-15', 'F16', 'row', 2)",2021-05-30,2021-09-05,30.7,1.0,103.538
52519,2022,annual crop,"Corn, Sorghum or Sudan (grouped for RS only)",T12,"('2022-08-05', 'T12', 'row', 2, [0.7714, 0.7714, 0.2286, 0.2286])",,2022-05-08,2022-07-12,26.7,1.0,103.874
52519,2023,annual crop,"Corn, Sorghum or Sudan (grouped for RS only)",F16,"('2023-10-16', 'F16', 'row', 2, [0.7518, 0.0, 0.2482, 1.0])",,2023-06-04,2023-09-04,14.9,0,87.888
90,2016,woody perennial crop,Wine grapes,V2,"('2016-03-05', 'V2', 'woody', 2, [0.1416, 0.0, 0.0925, 0.0])",,2016-01-24,2016-03-24,5.3,0,29.726
90,2017,woody perennial crop,Wine grapes,V2,"('2017-03-15', 'V2', 'woody', 2, [0.1416, 0.0, 0.0925, 0.0])",,2017-01-27,2017-04-02,0,0,59.452
90,2018,woody perennial crop,Wine grapes,V2,"('2018-06-15', 'V2', 'woody', 2, [0.1416, 0.0, 0.0925, 0.0])",,2018-03-26,2018-11-03,5.3,0,89.178
90,2019,woody perennial crop,Wine grapes,V2,"('2019-05-05', 'V2', 'woody', 2, [0.1416, 0.0, 0.0925, 0.0])",,2019-02-15,2019-07-03,6.0,0,59.452
90,2020,woody perennial crop,Wine grapes,V2,"('2020-05-20', 'V2', 'woody', 2, [0.1416, 0.0, 0.0925, 0.0])",,2020-02-10,2020-06-25,5.0,0,89.178
90,2021,woody perennial crop,Wine grapes,V2,"('2021-06-17', 'V2', 'woody', 2, [0.1416, 0.0, 0.0925, 0.0])",,2021-04-04,2021-08-21,6.3,0,89.178
90,2022,woody perennial crop,Wine grapes,V2,"('2022-05-02', 'V2', 'woody', 2, [0.1416, 0.0, 0.0925, 0.0])",,2022-03-12,2022-07-24,5.5,0,104.041
90,2023,woody perennial crop,Wine grapes,V2,"('2023-06-05', 'V2', 'woody', 2, [0.1416, 0.0, 0.0925, 0.0])",,2023-01-23,2023-09-07,2.4,0,44.589
248496,2016,annual crop,Alfalfa and alfalfa mixtures,C5,"('2016-07-28', 'C5', 'woody', 2, [0.068, 0.0, 0.093, 0.0])",,2016-05-10,2016-08-21,9.2,0,96.862
248496,2017,annual crop,Alfalfa and alfalfa mixtures,P1,"('2017-05-26', 'P1', 'hay', 2, [0.85, 0.0, 0.15, 1.0])","('2017-11-04', 'P1', 'hay', 2)",2017-03-10,2017-06-24,0,0,94.644
248496,2018,annual crop,Alfalfa and alfalfa mixtures,P1,"('2018-04-03', 'P1', 'hay', 2, [0.85, 0.0, 0.15, 1.0])",,2018-02-05,2018-04-27,0,0.2879,75.35
248496,2019,annual crop,Alfalfa and alfalfa mixtures,P1,"('2019-04-21', 'P1', 'hay', 2, [0.85, 0.0, 0.15, 1.0])","('2019-06-24', 'P1', 'hay', 2)",2019-01-29,2019-05-24,0,0.6817,30.14
248496,2020,annual crop,Alfalfa and alfalfa mixtures,P1,"('2020-03-13', 'P1', 'hay', 2, [0.85, 0.0, 0.15, 1.0])","('2020-06-06', 'P1', 'hay', 2)",2020-01-08,2020-04-13,0,1.0,45.21
248496,2021,annual crop,Alfalfa and alfalfa mixtures,P1,"('2021-07-07', 'P1', 'hay', 2, [0.85, 0.0, 0.15, 1.0])","('2021-02-02', 'P1', 'hay', 2)",2021-04-19,2021-08-05,0,0.313,60.28
248496,2022,annual crop,Alfalfa and alfalfa mixtures,P1,"('2022-03-28', 'P1', 'hay', 2, [0.85, 0.0, 0.15, 1.0])",,2022-01-18,2022-04-22,0,0.8561,60.28
248496,2023,annual crop,Alfalfa and alfalfa mixtures,P1,"('2023-05-08', 'P1', 'hay', 2, [0.85, 0.0, 0.15, 1.0])","('2023-01-30', 'P1', 'hay', 2)",2023-03-22,2023-06-04,0,0,15.07
332581,2016,woody perennial crop,Land not cropped (recently cropped),D15,"('2016-03-25', 'D15', 'woody', 2, [0.018, 0.0, 0.047, 0.0])",,2016-01-01;2016-11-23,2016-04-23,0,0,205.049
332581,2017,woody perennial crop,Land not cropped (recently cropped),D15;G6,"('2017-03-30', 'D15', 'woody', 2, [0.018, 0.0, 0.047, 0.0])",,2017-12-22,2017-05-07,12.7,0,216.567
332581,2018,woody perennial crop,Land not cropped (recently cropped),G6,"('2018-05-25', 'G6', 'row', 2, [0.5221, 0.0, 0.4779, 1.0])",,2018-12-18,2018-04-24,9.8,0.0,38.624
332581,2019,woody perennial crop,Land not cropped (recently cropped),G6,"('2019-06-14', 'G6', 'row', 2, [0.5221, 0.0, 0.4779, 1.0])",,,2019-05-20,0,0,25.905
332581,2020,woody perennial crop,Land not cropped (recently cropped),,,,,,0,0,38.43
332581,2021,woody perennial crop,Land not cropped (recently cropped),,,,,,0,0,38.797
332581,2022,woody perennial crop,Land not cropped (recently cropped),,,,,,0,0,38.77
332581,2023,woody perennial crop,Land not cropped (recently cropped),,,,,,0,0,38.59
296871,2016,annual crop,Miscellaneous truck,D13,"('2016-05-07', 'D13', 'woody', 2, [0.051, 0.0, 0.035, 0.0])",,2016-02-27,2016-06-05,18.5,0,47.373000000000005
296871,2017,annual crop,Miscellaneous truck,D13,"('2017-04-26', 'D13', 'woody', 2, [0.051, 0.0, 0.035, 0.0])",,2017-02-09,2017-05-27,0,0,47.373000000000005
296871,2018,annual crop,Miscellaneous truck,T18,"('2018-07-24', 'T18', 'row', 2, [0.5281, 0.1878, 0.4719, 0.8122])",,2018-02-19,2018-06-03,0.0,0.2657,94.74600000000001
296871,2019,annual crop,Miscellaneous truck,T18,"('2019-07-20', 'T18', 'row', 2, [0.5281, 0.1878, 0.4719, 0.8122])","('2019-12-13', 'T18', 'row', 2)",2019-04-13,2019-06-25,0,0.6343,47.373000000000005
296871,2020,annual crop,Miscellaneous truck,T18,"('2020-07-17', 'T18', 'row', 2, [0.5281, 0.1878, 0.4719, 0.8122])",,2020-03-03,2020-06-06,0,0.7152,94.74600000000001
296871,2021,annual crop,Miscellaneous truck,T18,"('2021-07-20', 'T18', 'row', 2, [0.5281, 0.1878, 0.4719, 0.8122])",,2021-04-03,2021-06-24,0.0,0.439,94.74600000000001
296871,2022,annual crop,Miscellaneous truck,T18,"('2022-06-05', 'T18', 'row', 2, [0.5281, 0.1878, 0.4719, 0.8122])",,2022-02-22,2022-05-12,0,0.3114,110.537
296871,2023,annual crop,Miscellaneous truck,T18,"('2023-06-28', 'T18', 'row', 2, [0.5281, 0.1878, 0.4719, 0.8122])",,2023-02-16,2023-05-17,0,0,47.373000000000005
488132,2016,woody perennial crop,Miscellaneous subtropical fruits,C7,"('2016-05-14', 'C7', 'woody', 2, [0.1075, 0.0, 0.1848, 0.0])",,2016-05-11;2016-11-02,2016-06-19,0,0,248.861
488132,2017,woody perennial crop,Miscellaneous subtropical fruits,C7,"('2017-03-05', 'C7', 'woody', 2, [0.1075, 0.0, 0.1848, 0.0])",,2017-10-14,2017-05-17,0,0,248.049
488132,2018,woody perennial crop,Miscellaneous subtropical fruits,C7,"('2018-03-13', 'C7', 'woody', 2, [0.1075, 0.0, 0.1848, 0.0])",,2018-11-05,2018-04-20,0,0.0,248.87
488132,2019,woody perennial crop,Miscellaneous subtropical fruits,,,,,2019-05-19,0,0.2805,244.065
488132,2020,woody perennial crop,Miscellaneous subtropical fruits,,,,2020-02-11,2020-07-19,0,0,250.329
488132,2021,woody perennial crop,Miscellaneous subtropical fruits,T16,"('2021-06-08', 'T16', 'row', 2, [0.5281, 0.1878, 0.4719, 0.8122])",,2021-04-14,2021-05-21,0,0,241.214
488132,2022,woody perennial crop,Miscellaneous subtropical fruits,,,,2022-10-01;2022-11-02,,0,0,256.915
488132,2023,woody perennial crop,Miscellaneous subtropical fruits,T16,"('2023-05-04', 'T16', 'row', 2, [0.5281, 0.1878, 0.4719, 0.8122]);('2023-08-07', 'T16', 'row', 2, [0.5281, 0.1878, 0.4719, 0.8122])","('2023-03-26', 'T16', 'row', 2)",,2023-02-19;2023-06-26,0,0,250.423
589918,2016,annual crop,Miscellaneous grain and hay,V2,"('2016-08-28', 'V2', 'woody', 2, [0.1416, 0.0, 0.0925, 0.0])",,2016-05-03;2016-12-23,2016-09-18,6.6,0,43.974
589918,2017,annual crop,Miscellaneous grain and hay,V2;G6,"('2017-02-21', 'V2', 'woody', 2, [0.1416, 0.0, 0.0925, 0.0])","('2017-12-13', 'G6', 'row', 2)",,2017-03-23,8.7,0,73.28999999999999
589918,2018,annual crop,Miscellaneous grain and hay,G6,"('2018-06-02', 'G6', 'row', 2, [0.5221, 0.0, 0.4779, 1.0])",,2018-01-15,2018-04-29,12.9,1.0,0
589918,2019,annual crop,Miscellaneous grain and hay,G6,"('2019-05-10', 'G6', 'row', 2, [0.5221, 0.0, 0.4779, 1.0])",,2019-01-11,2019-04-05,0,1.0,0
589918,2020,annual crop,Miscellaneous grain and hay,T20;G6,"('2020-10-12', 'T20', 'row', 2, [0.45, 0.0, 0.55, 1.0])",,2020-06-02,2020-09-25,40.8,1.0,43.974
589918,2021,annual crop,Miscellaneous grain and hay,G6;T20,"('2021-05-24', 'G6', 'row', 2, [0.5221, 0.0, 0.4779, 1.0])",,2021-01-20;2021-11-13;2021-11-13,2021-04-30,29.0,1.0,29.316
589918,2022,annual crop,Miscellaneous grain and hay,T20;G6,"('2022-04-19', 'T20', 'row', 1, [0.45, 0.0, 0.55, 1.0]);('2022-04-24', 'G6', 'row', 2, [0.5221, 0.0, 0.4779, 1.0])",,,2022-03-03;2022-03-20,0,1.0,0
589918,2023,annual crop,Miscellaneous grain and hay,G6;T30,"('2023-07-11', 'G6', 'row', 1, [0.5221, 0.0, 0.4779, 1.0]);('2023-07-25', 'T30', 'row', 2, [0.8, 0.0, 0.2, 1.0])",,2023-03-25;2023-04-21,2023-06-17;2023-07-06,39.4,0,0
142350,2016,woody perennial crop,Almonds,D12;P1,,"('2016-10-13', 'P1', 'hay', 2)",2016-03-03,2016-06-13,15.2,0,141.04
142350,2017,woody perennial crop,Almonds,P1,"('2017-06-09', 'P1', 'hay', 2, [0.85, 0.0, 0.15, 1.0])",,2017-03-02,2017-08-08,0,0,88.14999999999999
142350,2018,woody perennial crop,Almonds,P1,"('2018-05-13', 'P1', 'hay', 2, [0.85, 0.0, 0.15, 1.0])",,2018-03-03,2018-07-14,0,0,17.63
142350,2019,woody perennial crop,Almonds,,,,2019-08-10,2019-10-03,0,0,17.63
142350,2020,woody perennial crop,Almonds,D12,,,2020-02-10,2020-04-19,22.4,0.8935,158.67
142350,2021,woody perennial crop,Almonds,D12,,,2021-02-16,2021-09-14,10.2,0,123.41
142350,2022,woody perennial crop,Almonds,D12,,,2022-04-09,2022-08-18,18.8,0,123.41
142350,2023,woody perennial crop,Almonds,D12,"('2023-05-19', 'D12', 'woody', 2, [0.131, 0.0, 0.032, 0.0])",,2023-03-08,2023-06-13,14.1,0,70.52
535358,2016,annual crop,Rice,,,,,,0,0,0
535358,2017,annual crop,Rice,R1;G6,"('2017-09-25', 'R1', 'rice', 2, [0.6415, 0.0, 0.3585, 1.0])",,2017-06-19,2017-09-07,10.0,0,0
535358,2018,annual crop,Rice,G6;R1,"('2018-06-09', 'G6', 'row', 1, [0.5221, 0.0, 0.4779, 1.0]);('2018-09-22', 'R1', 'rice', 2, [0.6415, 0.0, 0.3585, 1.0])",,2018-02-04;2018-07-12,2018-05-19;2018-08-23,12.9,0.891,0
535358,2019,annual crop,Rice,R1;G6,"('2019-08-20', 'G6', 'row', 1, [0.5221, 0.0, 0.4779, 1.0]);('2019-08-23', 'R1', 'rice', 2, [0.6415, 0.0, 0.3585, 1.0])","('2019-03-18', 'R1', 'rice', 2)",2019-04-14;2019-04-19,2019-08-03;2019-08-04,23.4,0.8724,0
535358,2020,annual crop,Rice,R1,"('2020-09-09', 'R1', 'rice', 2, [0.6415, 0.0, 0.3585, 1.0])",,2020-05-26,2020-08-15,13.0,0.449,146.473
535358,2021,annual crop,Rice,R1;G6,"('2021-08-06', 'G6', 'row', 1, [0.5221, 0.0, 0.4779, 1.0]);('2021-09-25', 'R1', 'rice', 2, [0.6415, 0.0, 0.3585, 1.0])","('2021-02-01', 'R1', 'rice', 2)",2021-04-22;2021-05-31,2021-07-09;2021-08-21,20.1,1.0,27.483
535358,2022,annual crop,Rice,R1,"('2022-11-09', 'R1', 'rice', 2, [0.6415, 0.0, 0.3585, 1.0])","('2022-04-15', 'R1', 'rice', 2)",2022-07-01,2022-10-14,15.2,0,118.819
535358,2023,annual crop,Rice,,,,,,0,0,167.84199999999998
321992,2016,woody perennial crop,(no subclass),D13,"('2016-02-25', 'D13', 'woody', 2, [0.051, 0.0, 0.035, 0.0])",,2016-01-05,2016-03-19,20.2,0,102.039
321992,2017,woody perennial crop,(no subclass),D13,"('2017-03-30', 'D13', 'woody', 2, [0.051, 0.0, 0.035, 0.0])",,2017-01-30,2017-04-23,0,0,131.193
321992,2018,woody perennial crop,(no subclass),G2,,,,,0.0,0,116.616
321992,2019,woody perennial crop,(no subclass),G2,"('2019-05-04', 'G2', 'row', 2, [0.7135, 0.0, 0.2865, 1.0])",,2019-02-12,2019-04-16,13.2,1.0,43.731
321992,2020,woody perennial crop,(no subclass),G6,"('2020-06-06', 'G6', 'row', 2, [0.5221, 0.0, 0.4779, 1.0])",,2020-03-09,2020-05-06,10.9,0,29.154
321992,2021,woody perennial crop,(no subclass),,,,,,0,0,43.731
321992,2022,woody perennial crop,(no subclass),,,,,,0,0,43.731
321992,2023,woody perennial crop,(no subclass),,,,,,0,0,14.577
589581,2016,annual crop,Alfalfa and alfalfa mixtures,D12,"('2016-07-07', 'D12', 'woody', 2, [0.131, 0.0, 0.032, 0.0])",,2016-04-23,2016-08-20,7.7,0,81.41
589581,2017,annual crop,Alfalfa and alfalfa mixtures,P1,"('2017-05-29', 'P1', 'hay', 2, [0.85, 0.0, 0.15, 1.0])",,2017-02-28,2017-07-10,0,0,68.828
589581,2018,annual crop,Alfalfa and alfalfa mixtures,P1,"('2018-06-13', 'P1', 'hay', 2, [0.85, 0.0, 0.15, 1.0])",,2018-03-11,2018-07-24,0,0.0,17.207
589581,2019,annual crop,Alfalfa and alfalfa mixtures,P1,"('2019-05-22', 'P1', 'hay', 2, [0.85, 0.0, 0.15, 1.0])",,2019-03-17,2019-07-19,0,0.4229,34.414
589581,2020,annual crop,Alfalfa and alfalfa mixtures,P1,"('2020-04-23', 'P1', 'hay', 2, [0.85, 0.0, 0.15, 1.0])","('2020-02-17', 'P1', 'hay', 2)",2020-01-18,2020-07-06,0,0.8543,68.828
589581,2021,annual crop,Alfalfa and alfalfa mixtures,P1,"('2021-05-30', 'P1', 'hay', 2, [0.85, 0.0, 0.15, 1.0])",,2021-03-28;2021-11-15,2021-06-25,0,0.0,68.828
589581,2022,annual crop,Alfalfa and alfalfa mixtures,P1;G6,"('2022-03-08', 'P1', 'hay', 2, [0.85, 0.0, 0.15, 1.0])","('2022-05-19', 'P1', 'hay', 2)",,2022-04-03,10.5,0.0628,68.828
589581,2023,annual crop,Alfalfa and alfalfa mixtures,G6,"('2023-07-12', 'G6', 'row', 2, [0.5221, 0.0, 0.4779, 1.0])","('2023-01-01', 'G6', 'row', 2)",2023-02-21,2023-06-07,0,0,0
590073,2016,annual crop,Rice,C5,"('2016-09-17', 'C5', 'woody', 2, [0.068, 0.0, 0.093, 0.0])",,2016-07-12,2016-10-18,8.9,0,54.792
590073,2017,annual crop,Rice,R1,"('2017-11-08', 'R1', 'rice', 2, [0.6415, 0.0, 0.3585, 1.0])","('2017-05-12', 'R1', 'rice', 2)",2017-07-15,2017-10-09,0,0,73.056
590073,2018,annual crop,Rice,R1,"('2018-11-15', 'R1', 'rice', 2, [0.6415, 0.0, 0.3585, 1.0])",,2018-07-15,2018-10-21,15.4,0,154.419
590073,2019,annual crop,Rice,R1,"('2019-10-27', 'R1', 'rice', 2, [0.6415, 0.0, 0.3585, 1.0])",,2019-07-07,2019-10-07,16.0,1.0,195.627
590073,2020,annual crop,Rice,R1,"('2020-11-13', 'R1', 'rice', 2, [0.6415, 0.0, 0.3585, 1.0])","('2020-12-17', 'R1', 'rice', 2)",2020-06-29,2020-10-04,14.5,0,250.276
590073,2021,annual crop,Rice,R1,"('2021-11-14', 'R1', 'rice', 2, [0.6415, 0.0, 0.3585, 1.0])",,2021-07-05,2021-10-11,15.3,1.0,240.93
590073,2022,annual crop,Rice,G2,"('2022-10-25', 'G2', 'row', 2, [0.7135, 0.0, 0.2865, 1.0])","('2022-06-17', 'G2', 'row', 2)",2022-05-02,2022-07-11,14.6,0,121.505
590073,2023,annual crop,Rice,R1,"('2023-11-26', 'R1', 'rice', 2, [0.6415, 0.0, 0.3585, 1.0])","('2023-02-10', 'R1', 'rice', 2)",2023-07-05,2023-10-07,12.7,0,152.649
437146,2016,woody perennial crop,Apples,D3,"('2016-10-27', 'D3', 'woody', 2, [0.054, 0.0, 0.045, 0.0])",,2016-05-05,2016-11-30,0,0,147.347
437146,2017,woody perennial crop,Apples,D1,"('2017-10-31', 'D1', 'woody', 2, [0.343, 0.0, 0.176, 0.0])",,2017-05-11,2017-12-06,0,0,141.477
437146,2018,woody perennial crop,Apples,D1,"('2018-10-27', 'D1', 'woody', 2, [0.343, 0.0, 0.176, 0.0])",,2018-05-07,2018-12-06,0,0,20.921
437146,2019,woody perennial crop,Apples,D1,"('2019-10-25', 'D1', 'woody', 2, [0.343, 0.0, 0.176, 0.0])",,2019-05-15,2019-12-04,0,1.0483,14.571
437146,2020,woody perennial crop,Apples,D1,"('2020-09-08', 'D1', 'woody', 2, [0.343, 0.0, 0.176, 0.0])",,2020-04-16,2020-11-25,0,1.0,58.284
437146,2021,woody perennial crop,Apples,D1,"('2021-10-10', 'D1', 'woody', 2, [0.343, 0.0, 0.176, 0.0])",,2021-05-03,2021-11-21,0,0.1496,58.284
437146,2022,woody perennial crop,Apples,D1,"('2022-10-14', 'D1', 'woody', 2, [0.343, 0.0, 0.176, 0.0])",,2022-07-31,2022-11-16,0,1.0,58.284
437146,2023,woody perennial crop,Apples,D1,"('2023-10-03', 'D1', 'woody', 2, [0.343, 0.0, 0.176, 0.0])",,2023-05-11,2023-11-24,0,0,14.571
14,2016,annual crop,"Corn, Sorghum or Sudan (grouped for RS only)",F16,"('2016-08-23', 'F16', 'row', 2, [0.7518, 0.0, 0.2482, 1.0])",,2016-05-27,2016-08-06,20.7,0,0
14,2017,annual crop,"Corn, Sorghum or Sudan (grouped for RS only)",F16,"('2017-08-08', 'F16', 'row', 2, [0.7518, 0.0, 0.2482, 1.0])","('2017-04-16', 'F16', 'row', 2)",2017-05-16,2017-07-26,0,0,0
14,2018,annual crop,"Corn, Sorghum or Sudan (grouped for RS only)",F16,"('2018-08-09', 'F16', 'row', 2, [0.7518, 0.0, 0.2482, 1.0])","('2018-05-24', 'F16', 'row', 2)",2018-05-08,2018-07-25,18.0,1.0,13.516
14,2019,annual crop,"Corn, Sorghum or Sudan (grouped for RS only)",G6;F16,"('2019-06-12', 'G6', 'row', 1, [0.5221, 0.0, 0.4779, 1.0]);('2019-08-05', 'F16', 'row', 2, [0.7518, 0.0, 0.2482, 1.0])",,2019-04-06;2019-05-08,2019-05-14;2019-07-18,34.7,1.0,26.134
14,2020,annual crop,"Corn, Sorghum or Sudan (grouped for RS only)",D14,,,2020-02-09,2020-06-20,17.1,0,26.098
14,2021,annual crop,"Corn, Sorghum or Sudan (grouped for RS only)",D14,,,2021-04-03,2021-08-13,24.9,0,34.585
14,2022,annual crop,"Corn, Sorghum or Sudan (grouped for RS only)",D14,,,2022-03-04,2022-05-04,22.7,0.0,34.605999999999995
14,2023,annual crop,"Corn, Sorghum or Sudan (grouped for RS only)",D14,,,2023-02-21,2023-05-13,19.1,0,25.93
96038,2016,woody perennial crop,Almonds,D12,"('2016-09-01', 'D12', 'woody', 2, [0.131, 0.0, 0.032, 0.0])",,2016-06-19;2016-12-24,2016-09-29,25.5,0,0
96038,2017,woody perennial crop,Almonds,D12,"('2017-03-23', 'D12', 'woody', 2, [0.131, 0.0, 0.032, 0.0])",,,2017-04-21,0,0,0
96038,2018,woody perennial crop,Almonds,C7,"('2018-11-27', 'C7', 'woody', 2, [0.1075, 0.0, 0.1848, 0.0])",,2018-07-29,,0,0,0
96038,2019,woody perennial crop,Almonds,F11,"('2019-12-20', 'F11', 'row', 2, [0.2841, 0.0, 0.7159, 1.0])","('2019-02-25', 'F11', 'row', 2)",2019-06-17,2019-01-02;2019-11-19,0.0,0.2607,0
96038,2020,woody perennial crop,Almonds,,,,2020-05-03,2020-12-10,0,0,0
96038,2021,woody perennial crop,Almonds,F11,,"('2021-05-01', 'F11', 'row', 2)",2021-05-17,2021-12-09,0,0.0,0
96038,2022,woody perennial crop,Almonds,F11,"('2022-01-16', 'F11', 'row', 2, [0.2841, 0.0, 0.7159, 1.0])",,,,0,0,0
96038,2023,woody perennial crop,Almonds,,,,,,0,0,0
155097,2016,annual crop,Carrots,R1,"('2016-10-14', 'R1', 'rice', 2, [0.6415, 0.0, 0.3585, 1.0])",,2016-06-13,2016-09-22,12.7,0,131.327
155097,2017,annual crop,Carrots,T6,"('2017-05-18', 'T6', 'row', 2, [0.2, 0.2, 0.8, 0.8])",,2017-02-03,2017-04-26,0,0,177.24
155097,2018,annual crop,Carrots,T6,"('2018-12-08', 'T6', 'row', 2, [0.2, 0.2, 0.8, 0.8])","('2018-05-24', 'T6', 'row', 2)",2018-08-09,2018-11-15,16.7,1.0,173.668
155097,2019,annual crop,Carrots,T9,"('2019-10-03', 'T9', 'row', 2, [0.4233, 0.0, 0.5767, 1.0])","('2019-03-31', 'T9', 'row', 2)",2019-07-08,2019-09-07,5.2,1.0,30.938
155097,2020,annual crop,Carrots,F16,"('2020-09-29', 'F16', 'row', 2, [0.7518, 0.0, 0.2482, 1.0])","('2020-02-01', 'F16', 'row', 2)",2020-06-18,2020-09-07,19.7,0,92.814
155097,2021,annual crop,Carrots,T32,"('2021-10-02', 'T32', 'row', 2, [0.33, 0.0, 0.67, 1.0])","('2021-07-20', 'T32', 'row', 2)",2021-06-20,2021-09-04,32.8,0,92.814
155097,2022,annual crop,Carrots,T18,"('2022-08-24', 'T18', 'row', 2, [0.5281, 0.1878, 0.4719, 0.8122])",,2022-06-19,2022-08-06,0,0,108.283
155097,2023,annual crop,Carrots,T32,"('2023-10-01', 'T32', 'row', 2, [0.33, 0.0, 0.67, 1.0])","('2023-05-17', 'T32', 'row', 2)",2023-06-12,2023-09-04,26.2,0,61.876
30934,2016,woody perennial crop,Dates,T19,"('2016-06-11', 'T19', 'woody', 2, [0.1416, 0.0, 0.0925, 0.0])",,2016-05-08,2016-07-02,0,0,131.296
30934,2017,woody perennial crop,Dates,T19,"('2017-06-02', 'T19', 'woody', 2, [0.1416, 0.0, 0.0925, 0.0])",,2017-05-02,2017-06-22,0,0,131.296
30934,2018,woody perennial crop,Dates,,,,,,0,0,131.296
30934,2019,woody perennial crop,Dates,C4,,,2019-05-06,2019-06-23,0.0,0,143.232
30934,2020,woody perennial crop,Dates,,,,2020-05-05,2020-06-22,0,0,143.232
30934,2021,woody perennial crop,Dates,,,,2021-05-06,2021-06-23,0,0,131.296
30934,2022,woody perennial crop,Dates,C4,"('2022-05-18', 'C4', 'woody', 2, [0.029, 0.0, 0.243, 0.0])",,2022-05-06,2022-06-23,0.0,0,131.296
30934,2023,woody perennial crop,Dates,C4,"('2023-05-18', 'C4', 'woody', 2, [0.029, 0.0, 0.243, 0.0])",,2023-05-06,2023-06-23,0,0,143.232
32528,2016,annual crop,Carrots,C5,"('2016-03-01', 'C5', 'woody', 2, [0.068, 0.0, 0.093, 0.0])",,2016-01-22;2016-12-25,2016-03-18,9.5,0,152.856
32528,2017,annual crop,Carrots,C5;T6,"('2017-02-26', 'C5', 'woody', 2, [0.068, 0.0, 0.093, 0.0])",,2017-12-19,2017-03-18,17.2,0,152.856
32528,2018,annual crop,Carrots,T6;T10,"('2018-05-10', 'T6', 'row', 2, [0.2, 0.2, 0.8, 0.8])","('2018-06-26', 'T6', 'row', 2)",2018-12-19,2018-04-22,34.4,0,125.06400000000001
32528,2019,annual crop,Carrots,T10,"('2019-06-02', 'T10', 'row', 2, [0.2, 0.2, 0.8, 0.8])",,,2019-05-12,0,0,163.208
32528,2020,annual crop,Carrots,T6,"('2020-05-04', 'T6', 'row', 2, [0.2, 0.2, 0.8, 0.8])",,2020-02-19;2020-12-10,2020-04-21,16.2,0,125.06400000000001
32528,2021,annual crop,Carrots,T18;T6,"('2021-03-26', 'T18', 'row', 2, [0.5281, 0.1878, 0.4719, 0.8122])","('2021-05-17', 'T18', 'row', 2)",,2021-03-09,21.5,0,138.96
32528,2022,annual crop,Carrots,T6,"('2022-05-16', 'T6', 'row', 2, [0.2, 0.2, 0.8, 0.8])","('2022-05-12', 'T6', 'row', 2)",2022-02-16;2022-12-14,2022-05-02,0,0,152.856
32528,2023,annual crop,Carrots,T18,"('2023-03-07', 'T18', 'row', 2, [0.5281, 0.1878, 0.4719, 0.8122])","('2023-08-02', 'T18', 'row', 2)",,2023-02-18,0,0,125.06400000000001
469135,2016,woody perennial crop,(no subclass),C5,"('2016-06-03', 'C5', 'woody', 2, [0.068, 0.0, 0.093, 0.0])",,2016-03-28,2016-07-18,9.9,0,0
469135,2017,woody perennial crop,(no subclass),V2,"('2017-08-22', 'V2', 'woody', 2, [0.1416, 0.0, 0.0925, 0.0])",,2017-04-27,2017-10-10,0,0,0
469135,2018,woody perennial crop,(no subclass),,,,,,0,0,0
469135,2019,woody perennial crop,(no subclass),,,,,,0,0,0
469135,2020,woody perennial crop,(no subclass),,,,,,0,0,0
469135,2021,woody perennial crop,(no subclass),,,,,,0,0,0
469135,2022,woody perennial crop,(no subclass),G6,"('2022-10-29', 'G6', 'row', 2, [0.5221, 0.0, 0.4779, 1.0])",,2022-04-18,2022-08-19,7.3,1.0,0
469135,2023,woody perennial crop,(no subclass),G6,"('2023-09-09', 'G6', 'row', 2, [0.5221, 0.0, 0.4779, 1.0])","('2023-04-30', 'G6', 'row', 2)",2023-05-01,2023-07-09,6.5,0,0
357428,2016,annual crop,Mixed pasture,,,,2016-01-01,2016-06-09,0,0,0
357428,2017,annual crop,Mixed pasture,P3,"('2017-05-25', 'P3', 'hay', 2, [0.9, 0.0, 0.1, 1.0])","('2017-02-12', 'P3', 'hay', 2)",2017-01-02;2017-12-26,2017-06-15,0,0,0
357428,2018,annual crop,Mixed pasture,P3,"('2018-04-24', 'P3', 'hay', 2, [0.9, 0.0, 0.1, 1.0])",,,2018-06-13,0,0.0423,12.726
357428,2019,annual crop,Mixed pasture,P3,"('2019-05-19', 'P3', 'hay', 2, [0.9, 0.0, 0.1, 1.0])","('2019-06-05', 'P3', 'hay', 2)",2019-01-30;2019-11-07,2019-06-18,0,0.0,0
357428,2020,annual crop,Mixed pasture,P3,"('2020-03-03', 'P3', 'hay', 2, [0.9, 0.0, 0.1, 1.0])",,2020-12-24,2020-06-20,0,0.0,0
357428,2021,annual crop,Mixed pasture,P3,"('2021-05-13', 'P3', 'hay', 2, [0.9, 0.0, 0.1, 1.0])","('2021-01-26', 'P3', 'hay', 2)",,2021-06-27,0,0.3398,0
357428,2022,annual crop,Mixed pasture,P3,"('2022-05-27', 'P3', 'hay', 2, [0.9, 0.0, 0.1, 1.0])",,2022-01-10,2022-07-10,0,0.0,0
357428,2023,annual crop,Mixed pasture,P3,"('2023-05-30', 'P3', 'hay', 2, [0.9, 0.0, 0.1, 1.0])","('2023-02-08', 'P3', 'hay', 2)",2023-01-20,2023-06-30,0,0,0
472163,2016,woody perennial crop,(no subclass),T32,"('2016-09-03', 'T32', 'row', 2, [0.33, 0.0, 0.67, 1.0])","('2016-06-07', 'T32', 'row', 2)",2016-06-05,2016-08-19,18.6,0,184.908
472163,2017,woody perennial crop,(no subclass),T32,"('2017-08-04', 'T32', 'row', 2, [0.33, 0.0, 0.67, 1.0])",,2017-05-18,2017-07-19,0,0,171.255
472163,2018,woody perennial crop,(no subclass),C5,"('2018-05-18', 'C5', 'woody', 2, [0.068, 0.0, 0.093, 0.0])",,2018-05-06;2018-12-26,2018-06-23,18.6,0,184.60399999999998
472163,2019,woody perennial crop,(no subclass),C5,"('2019-03-06', 'C5', 'woody', 2, [0.068, 0.0, 0.093, 0.0])",,2019-12-22,2019-04-04,10.1,0,160.076
472163,2020,woody perennial crop,(no subclass),C5,"('2020-04-16', 'C5', 'woody', 2, [0.068, 0.0, 0.093, 0.0])",,,2020-07-07,0,0,184.462
472163,2021,woody perennial crop,(no subclass),,,,,,0,0,190.781
472163,2022,woody perennial crop,(no subclass),,,,2022-02-04,2022-04-22,0,0,197.298
472163,2023,woody perennial crop,(no subclass),,,,2023-05-01,2023-06-27,0,0,158.828
329357,2016,annual crop,Wine grapes,T32,"('2016-05-12', 'T32', 'row', 2, [0.33, 0.0, 0.67, 1.0])",,2016-01-31,2016-04-22,30.5,0,253.495
329357,2017,annual crop,Wine grapes,T32,"('2017-09-29', 'T32', 'row', 2, [0.33, 0.0, 0.67, 1.0])",,2017-05-08,2017-09-04,0,0,244.286
329357,2018,annual crop,Wine grapes,,,,,,0,0,252.138
329357,2019,annual crop,Wine grapes,T31,,,,,25.2,0,224.879
329357,2020,annual crop,Wine grapes,T31,"('2020-02-26', 'T31', 'row', 2, [0.5276, 0.1364, 0.4724, 0.8636])",,2020-01-03,2020-02-17,0,0,242.211
329357,2021,annual crop,Wine grapes,V2,"('2021-09-09', 'V2', 'woody', 2, [0.1416, 0.0, 0.0925, 0.0])",,2021-07-19,2021-09-23,3.2,0,267.656
329357,2022,annual crop,Wine grapes,V2,"('2022-04-30', 'V2', 'woody', 2, [0.1416, 0.0, 0.0925, 0.0])",,2022-01-30,2022-06-22,3.5,0,258.175
329357,2023,annual crop,Wine grapes,V2,"('2023-08-07', 'V2', 'woody', 2, [0.1416, 0.0, 0.0925, 0.0])",,2023-04-29,2023-11-13,3.0,0,222.883
152256,2016,woody perennial crop,Olives,D13,"('2016-03-31', 'D13', 'woody', 2, [0.051, 0.0, 0.035, 0.0])",,2016-01-01;2016-11-18,2016-04-30,0,0,92.46900000000001
152256,2017,woody perennial crop,Olives,D13,"('2017-04-19', 'D13', 'woody', 2, [0.051, 0.0, 0.035, 0.0])",,2017-12-02,2017-05-23,0,0,92.835
152256,2018,woody perennial crop,Olives,C6,"('2018-03-25', 'C6', 'woody', 2, [0.114, 0.0, 0.158, 0.0])",,2018-12-21,2018-05-01,0,0.0,52.892
152256,2019,woody perennial crop,Olives,C6,"('2019-04-09', 'C6', 'woody', 2, [0.114, 0.0, 0.158, 0.0])",,2019-12-19,2019-05-01,0,0.0,52.871
152256,2020,woody perennial crop,Olives,C6,"('2020-02-25', 'C6', 'woody', 2, [0.114, 0.0, 0.158, 0.0])",,2020-12-21,2020-04-15,0,0.0,53.046
152256,2021,woody perennial crop,Olives,C6,"('2021-03-31', 'C6', 'woody', 2, [0.114, 0.0, 0.158, 0.0])",,2021-11-18,2021-04-26,0,0.0,53.088
152256,2022,woody perennial crop,Olives,C6,"('2022-02-13', 'C6', 'woody', 2, [0.114, 0.0, 0.158, 0.0])",,2022-12-28,2022-03-15,0,0.0,52.653
152256,2023,woody perennial crop,Olives,C6,"('2023-04-07', 'C6', 'woody', 2, [0.114, 0.0, 0.158, 0.0])",,,2023-04-26,0,0,39.469
89752,2016,annual crop,Mixed pasture,D5,"('2016-08-09', 'D5', 'woody', 2, [0.122, 0.0, 0.044, 0.0])",,2016-04-26,2016-10-07,8.0,0,231.836
89752,2017,annual crop,Mixed pasture,D5,"('2017-07-31', 'D5', 'woody', 2, [0.122, 0.0, 0.044, 0.0])",,2017-04-26,2017-09-18,0,0,218.845
89752,2018,annual crop,Mixed pasture,P3,"('2018-07-21', 'P3', 'hay', 2, [0.9, 0.0, 0.1, 1.0])","('2018-06-09', 'P3', 'hay', 2)",2018-05-07,2018-09-17,0,0.1476,130.918
89752,2019,annual crop,Mixed pasture,P3,"('2019-08-14', 'P3', 'hay', 2, [0.9, 0.0, 0.1, 1.0])",,2019-05-02,2019-10-02,0,1.0,123.416
89752,2020,annual crop,Mixed pasture,P3,"('2020-07-11', 'P3', 'hay', 2, [0.9, 0.0, 0.1, 1.0])","('2020-01-13', 'P3', 'hay', 2)",2020-05-01,2020-09-11,0,0.1308,138.843
89752,2021,annual crop,Mixed pasture,P3,"('2021-08-04', 'P3', 'hay', 2, [0.9, 0.0, 0.1, 1.0])","('2021-05-07', 'P3', 'hay', 2)",2021-05-10,2021-09-26,0.0,0.2334,138.843
89752,2022,annual crop,Mixed pasture,P3,"('2022-07-26', 'P3', 'hay', 2, [0.9, 0.0, 0.1, 1.0])","('2022-03-07', 'P3', 'hay', 2)",2022-04-14,2022-09-26,0,1.0,138.843
89752,2023,annual crop,Mixed pasture,P3,"('2023-08-09', 'P3', 'hay', 2, [0.9, 0.0, 0.1, 1.0])","('2023-01-12', 'P3', 'hay', 2)",2023-05-05,2023-09-29,0,0,138.843
362135,2016,woody perennial crop,(no subclass),V2,"('2016-01-19', 'V2', 'woody', 2, [0.1416, 0.0, 0.0925, 0.0])",,2016-01-01,2016-02-02,0,0,55.107
362135,2017,woody perennial crop,(no subclass),V2,"('2017-04-20', 'V2', 'woody', 2, [0.1416, 0.0, 0.0925, 0.0])",,2017-02-27,2017-05-10,0,0,63.99
362135,2018,woody perennial crop,(no subclass),,,,,,0,0,64.231
362135,2019,woody perennial crop,(no subclass),G6,"('2019-04-13', 'G6', 'row', 2, [0.5221, 0.0, 0.4779, 1.0])","('2019-05-10', 'G6', 'row', 2)",2019-02-01,2019-03-31,12.6,0,43.742999999999995
362135,2020,woody perennial crop,(no subclass),R1,"('2020-09-25', 'R1', 'rice', 2, [0.6415, 0.0, 0.3585, 1.0])","('2020-03-28', 'R1', 'rice', 2)",2020-06-06,2020-08-27,14.1,0,134.963
362135,2021,woody perennial crop,(no subclass),,,,,,0,0,212.236
362135,2022,woody perennial crop,(no subclass),,,,,,0,0,219.775
362135,2023,woody perennial crop,(no subclass),,,,,,0,0,175.72
594379,2016,annual crop,Strawberries,P3,"('2016-08-03', 'P3', 'hay', 2, [0.9, 0.0, 0.1, 1.0])",,2016-04-13,2016-09-03,0.0,0,70.295
594379,2017,annual crop,Strawberries,P3,"('2017-09-09', 'P3', 'hay', 2, [0.9, 0.0, 0.1, 1.0])",,2017-04-13,2017-12-15,0,0,84.354
594379,2018,annual crop,Strawberries,T20,"('2018-09-19', 'T20', 'row', 2, [0.45, 0.0, 0.55, 1.0])","('2018-04-24', 'T20', 'row', 2)",2018-04-15,2018-08-15,26.5,0.9664,51.552
594379,2019,annual crop,Strawberries,T20,,"('2019-10-24', 'T20', 'row', 2)",2019-05-10,,29.2,0,38.653999999999996
594379,2020,annual crop,Strawberries,T20,"('2020-01-18', 'T20', 'row', 2, [0.45, 0.0, 0.55, 1.0]);('2020-09-15', 'T20', 'row', 2, [0.45, 0.0, 0.55, 1.0])",,2020-04-09,2020-01-01;2020-08-26,27.0,1.0,38.394
594379,2021,annual crop,Strawberries,T20,"('2021-12-15', 'T20', 'row', 2, [0.45, 0.0, 0.55, 1.0])","('2021-06-27', 'T20', 'row', 2)",2021-05-03,2021-11-26,21.3,0.3243,32.055
594379,2022,annual crop,Strawberries,T20,"('2022-12-05', 'T20', 'row', 2, [0.45, 0.0, 0.55, 1.0])","('2022-05-20', 'T20', 'row', 2)",2022-06-04,2022-10-20,26.9,0.1282,44.443
594379,2023,annual crop,Strawberries,T20,,"('2023-03-10', 'T20', 'row', 2)",2023-06-17,,25.0,0,38.249
429989,2016,woody perennial crop,Land not cropped (recently cropped),C6,"('2016-03-03', 'C6', 'woody', 2, [0.114, 0.0, 0.158, 0.0])",,2016-01-01;2016-11-30,2016-03-28,0,0,40.013999999999996
429989,2017,woody perennial crop,Land not cropped (recently cropped),C6,"('2017-03-04', 'C6', 'woody', 2, [0.114, 0.0, 0.158, 0.0])",,,2017-04-08,0,0,40.013999999999996
429989,2018,woody perennial crop,Land not cropped (recently cropped),T18,"('2018-05-12', 'T18', 'row', 2, [0.5281, 0.1878, 0.4719, 0.8122])","('2018-05-28', 'T18', 'row', 2)",2018-02-09;2018-12-14,2018-04-23,0,0.0,80.02799999999999
429989,2019,woody perennial crop,Land not cropped (recently cropped),T18,"('2019-05-03', 'T18', 'row', 2, [0.5281, 0.1878, 0.4719, 0.8122])","('2019-03-03', 'T18', 'row', 2)",,2019-04-08,0,0,80.02799999999999
429989,2020,woody perennial crop,Land not cropped (recently cropped),,,,,,0,0,66.69
429989,2021,woody perennial crop,Land not cropped (recently cropped),,,,,,0,0,93.366
429989,2022,woody perennial crop,Land not cropped (recently cropped),,,,,,0,0,93.366
429989,2023,woody perennial crop,Land not cropped (recently cropped),,,,,,0,0,80.02799999999999
102480,2016,annual crop,Miscellaneous grain and hay,V2,"('2016-03-20', 'V2', 'woody', 2, [0.1416, 0.0, 0.0925, 0.0])",,2016-01-06,2016-04-16,5.4,0,100.056
102480,2017,annual crop,Miscellaneous grain and hay,V2,"('2017-04-13', 'V2', 'woody', 2, [0.1416, 0.0, 0.0925, 0.0])",,2017-02-02,2017-05-02,0,0,100.091
102480,2018,annual crop,Miscellaneous grain and hay,G2,"('2018-05-17', 'G2', 'row', 2, [0.7135, 0.0, 0.2865, 1.0])",,2018-02-08,2018-04-29,26.1,0.6149,28.872
102480,2019,annual crop,Miscellaneous grain and hay,G2;G6,"('2019-05-28', 'G2', 'row', 2, [0.7135, 0.0, 0.2865, 1.0])","('2019-06-13', 'G2', 'row', 2);('2019-11-10', 'G6', 'row', 2)",2019-02-03,2019-05-03,23.4,0.0,14.436
102480,2020,annual crop,Miscellaneous grain and hay,G6,"('2020-05-13', 'G6', 'row', 2, [0.5221, 0.0, 0.4779, 1.0])",,2020-02-13,2020-04-24,8.8,0.8509,14.436
102480,2021,annual crop,Miscellaneous grain and hay,G6,"('2021-05-09', 'G6', 'row', 2, [0.5221, 0.0, 0.4779, 1.0])",,2021-02-09,2021-04-18,9.4,0,14.436
102480,2022,annual crop,Miscellaneous grain and hay,,,,,,0,0,14.436
102480,2023,annual crop,Miscellaneous grain and hay,G6,"('2023-06-16', 'G6', 'row', 2, [0.5221, 0.0, 0.4779, 1.0])",,2023-02-16,2023-05-09,9.5,0,14.436
28809,2016,woody perennial crop,Almonds,D13,"('2016-05-17', 'D13', 'woody', 2, [0.051, 0.0, 0.035, 0.0])",,2016-02-25,2016-06-20,20.0,0,105.84700000000001
28809,2017,woody perennial crop,Almonds,D13,"('2017-05-18', 'D13', 'woody', 2, [0.051, 0.0, 0.035, 0.0])",,2017-03-05,2017-06-10,0,0,105.84700000000001
28809,2018,woody perennial crop,Almonds,F1,"('2018-10-24', 'F1', 'row', 2, [0.45, 0.0, 0.55, 1.0])","('2018-01-01', 'F1', 'row', 2)",2018-06-19,2018-09-29,12.1,1.0,90.726
28809,2019,woody perennial crop,Almonds,F1,"('2019-10-21', 'F1', 'row', 2, [0.45, 0.0, 0.55, 1.0])",,2019-06-16,2019-09-21,20.6,1.0,75.605
28809,2020,woody perennial crop,Almonds,F16,"('2020-09-07', 'F16', 'row', 2, [0.7518, 0.0, 0.2482, 1.0])",,2020-06-21,2020-08-20,24.0,0,75.605
28809,2021,woody perennial crop,Almonds,,,,2021-02-19,2021-04-21,0,0,90.726
28809,2022,woody perennial crop,Almonds,D12,"('2022-08-25', 'D12', 'woody', 2, [0.131, 0.0, 0.032, 0.0])",,2022-03-22,2022-12-22,3.5,0,166.33100000000002
28809,2023,woody perennial crop,Almonds,D12,"('2023-07-17', 'D12', 'woody', 2, [0.131, 0.0, 0.032, 0.0])",,2023-03-31,2023-09-26,8.5,0.6618,105.84700000000001
405184,2016,annual crop,Miscellaneous grasses,D13,"('2016-02-18', 'D13', 'woody', 2, [0.051, 0.0, 0.035, 0.0])",,2016-01-01,2016-04-24,0,0,154.319
405184,2017,annual crop,Miscellaneous grasses,P6,"('2017-03-28', 'P6', 'hay', 2, [0.9, 0.0, 0.1, 1.0])",,2017-01-04,2017-07-05,0,0,140.29
405184,2018,annual crop,Miscellaneous grasses,P6,"('2018-06-16', 'P6', 'hay', 2, [0.9, 0.0, 0.1, 1.0])","('2018-05-23', 'P6', 'hay', 2)",2018-04-30,2018-08-17,0,1.0,126.261
405184,2019,annual crop,Miscellaneous grasses,P6,"('2019-08-13', 'P6', 'hay', 2, [0.9, 0.0, 0.1, 1.0])",,2019-03-26,2019-10-18,0,1.0,126.261
405184,2020,annual crop,Miscellaneous grasses,P6,"('2020-07-22', 'P6', 'hay', 2, [0.9, 0.0, 0.1, 1.0])","('2020-03-01', 'P6', 'hay', 2)",2020-03-09,2020-09-14,0,1.0,140.29
405184,2021,annual crop,Miscellaneous grasses,P6,"('2021-08-18', 'P6', 'hay', 2, [0.9, 0.0, 0.1, 1.0])","('2021-04-14', 'P6', 'hay', 2)",2021-04-01,2021-11-24,0,1.0,112.232
405184,2022,annual crop,Miscellaneous grasses,P6,"('2022-08-22', 'P6', 'hay', 2, [0.9, 0.0, 0.1, 1.0])","('2022-06-20', 'P6', 'hay', 2)",2022-04-08,2022-10-21,0,1.0,140.29
405184,2023,annual crop,Miscellaneous grasses,P6,"('2023-08-27', 'P6', 'hay', 2, [0.9, 0.0, 0.1, 1.0])",,2023-03-25,2023-11-22,0,0,140.29
330822,2016,woody perennial crop,(no subclass),D10,"('2016-09-06', 'D10', 'woody', 2, [0.236, 0.0, 0.028, 0.0])",,2016-04-15,2016-10-04,0,0,85.17
330822,2017,woody perennial crop,(no subclass),D10,"('2017-09-24', 'D10', 'woody', 2, [0.236, 0.0, 0.028, 0.0])",,2017-05-27,2017-10-15,0,0,85.17
330822,2018,woody perennial crop,(no subclass),G6,"('2018-06-03', 'G6', 'row', 2, [0.5221, 0.0, 0.4779, 1.0])","('2018-04-05', 'G6', 'row', 2)",2018-03-21,2018-05-19,7.3,0,42.585
330822,2019,woody perennial crop,(no subclass),,,,,,0,0,0
330822,2020,woody perennial crop,(no subclass),,,,,,0,0,0
330822,2021,woody perennial crop,(no subclass),,,,,,0,0,14.195
330822,2022,woody perennial crop,(no subclass),,,,,,0,0,0
330822,2023,woody perennial crop,(no subclass),G6,"('2023-07-08', 'G6', 'row', 2, [0.5221, 0.0, 0.4779, 1.0])","('2023-08-02', 'G6', 'row', 2)",2023-03-31,2023-05-30,10.4,0,0
15499,2016,annual crop,Mixed pasture,V2,"('2016-03-18', 'V2', 'woody', 2, [0.1416, 0.0, 0.0925, 0.0])",,2016-01-01;2016-12-03,2016-04-13,0,0,136.341
15499,2017,annual crop,Mixed pasture,V2,"('2017-03-20', 'V2', 'woody', 2, [0.1416, 0.0, 0.0925, 0.0])",,,2017-04-13,0,0,135.41
15499,2018,annual crop,Mixed pasture,,,,2018-12-28,,0,0,141.409
15499,2019,annual crop,Mixed pasture,P3,"('2019-03-29', 'P3', 'hay', 2, [0.9, 0.0, 0.1, 1.0])","('2019-05-20', 'P3', 'hay', 2)",2019-11-21,2019-04-18,0,1.0,76.72
15499,2020,annual crop,Mixed pasture,P3,"('2020-03-13', 'P3', 'hay', 2, [0.9, 0.0, 0.1, 1.0])",,,2020-04-11,0,0,76.72
15499,2021,annual crop,Mixed pasture,,,,2021-11-20,,0,0,76.72
15499,2022,annual crop,Mixed pasture,P3,"('2022-02-25', 'P3', 'hay', 2, [0.9, 0.0, 0.1, 1.0])",,2022-12-14,2022-03-20,0,0.0,98.64000000000001
15499,2023,annual crop,Mixed pasture,P3,"('2023-03-29', 'P3', 'hay', 2, [0.9, 0.0, 0.1, 1.0])",,,2023-04-22,0,0,65.76
284301,2016,woody perennial crop,Pistachios,T30,"('2016-11-23', 'T30', 'row', 2, [0.8, 0.0, 0.2, 1.0])","('2016-02-06', 'T30', 'row', 2)",2016-04-07,2016-11-10,22.7,0,101.06099999999999
284301,2017,woody perennial crop,Pistachios,D14,"('2017-09-18', 'D14', 'woody', 2, [0.101, 0.0, 0.033, 0.0])",,2017-04-19,2017-11-22,0,0,105.989
284301,2018,woody perennial crop,Pistachios,D14,"('2018-08-02', 'D14', 'woody', 2, [0.101, 0.0, 0.033, 0.0])",,2018-04-22,2018-11-13,21.4,0.9544,107.833
284301,2019,woody perennial crop,Pistachios,D14,"('2019-08-31', 'D14', 'woody', 2, [0.101, 0.0, 0.033, 0.0])",,2019-04-19,2019-11-06,11.4,1.0,105.582
284301,2020,woody perennial crop,Pistachios,D14,"('2020-07-12', 'D14', 'woody', 2, [0.101, 0.0, 0.033, 0.0])",,2020-04-19,2020-09-19,16.0,1.0,109.092
284301,2021,woody perennial crop,Pistachios,D14,"('2021-09-05', 'D14', 'woody', 2, [0.101, 0.0, 0.033, 0.0])",,2021-04-13,2021-11-07,14.1,0.7478,114.97
284301,2022,woody perennial crop,Pistachios,D14,"('2022-09-16', 'D14', 'woody', 2, [0.101, 0.0, 0.033, 0.0])",,2022-04-12,2022-12-08,17.8,0.6116,119.285
284301,2023,woody perennial crop,Pistachios,D14,"('2023-08-30', 'D14', 'woody', 2, [0.101, 0.0, 0.033, 0.0])",,2023-04-27,2023-11-06,18.2,0,99.099
285241,2016,annual crop,Alfalfa and alfalfa mixtures,P1,"('2016-03-09', 'P1', 'hay', 2, [0.85, 0.0, 0.15, 1.0])",,2016-01-01;2016-11-17,2016-04-07,0,0,38.304
285241,2017,annual crop,Alfalfa and alfalfa mixtures,P1;V2,"('2017-01-24', 'P1', 'hay', 2, [0.85, 0.0, 0.15, 1.0])",,2017-12-22,2017-02-24,6.7,0,38.304
285241,2018,annual crop,Alfalfa and alfalfa mixtures,V2,"('2018-02-09', 'V2', 'woody', 2, [0.1416, 0.0, 0.0925, 0.0])",,,2018-04-04,0,0,38.304
285241,2019,annual crop,Alfalfa and alfalfa mixtures,V2,"('2019-04-04', 'V2', 'woody', 2, [0.1416, 0.0, 0.0925, 0.0])",,2019-01-19,2019-05-11,2.5,0,38.304
285241,2020,annual crop,Alfalfa and alfalfa mixtures,,,,,,0,0,38.304
285241,2021,annual crop,Alfalfa and alfalfa mixtures,,,,,,0,0,51.072
285241,2022,annual crop,Alfalfa and alfalfa mixtures,,,,,,0,0,38.304
285241,2023,annual crop,Alfalfa and alfalfa mixtures,,,,,,0,0,38.304
244878,2016,woody perennial crop,Bush berries,R1,"('2016-12-11', 'R1', 'rice', 2, [0.6415, 0.0, 0.3585, 1.0])",,2016-03-23,2016-11-20,12.5,0,152.559
244878,2017,woody perennial crop,Bush berries,R1,"('2017-11-11', 'R1', 'rice', 2, [0.6415, 0.0, 0.3585, 1.0])",,2017-04-14,2017-08-27,0,0,169.025
244878,2018,woody perennial crop,Bush berries,T19,"('2018-07-03', 'T19', 'woody', 2, [0.1416, 0.0, 0.0925, 0.0])",,2018-04-25,2018-09-27,0,0.1757,161.413
244878,2019,woody perennial crop,Bush berries,T19,"('2019-07-18', 'T19', 'woody', 2, [0.1416, 0.0, 0.0925, 0.0])",,2019-04-06,2019-10-11,0,0.0661,153.598
244878,2020,woody perennial crop,Bush berries,T19,"('2020-06-26', 'T19', 'woody', 2, [0.1416, 0.0, 0.0925, 0.0])",,2020-04-13,2020-09-10,0,0.6758,190.435
244878,2021,woody perennial crop,Bush berries,T19,"('2021-06-24', 'T19', 'woody', 2, [0.1416, 0.0, 0.0925, 0.0])",,2021-04-06,2021-09-11,0,0.2565,180.043
244878,2022,woody perennial crop,Bush berries,T19,"('2022-07-09', 'T19', 'woody', 2, [0.1416, 0.0, 0.0925, 0.0])",,2022-03-27,2022-08-25,0.0,0.4432,197.393
244878,2023,woody perennial crop,Bush berries,T19,"('2023-07-16', 'T19', 'woody', 2, [0.1416, 0.0, 0.0925, 0.0])",,2023-04-13,2023-10-16,0,0,160.062
405606,2016,annual crop,Cotton,P4,"('2016-08-15', 'P4', 'hay', 2, [0.9, 0.0, 0.1, 1.0])",,2016-06-11,2016-10-03,0,0,218.509
405606,2017,annual crop,Cotton,F1,"('2017-11-14', 'F1', 'row', 2, [0.45, 0.0, 0.55, 1.0])","('2017-04-22', 'F1', 'row', 2)",2017-06-26,2017-09-23,0,0,213.835
405606,2018,annual crop,Cotton,F1,"('2018-11-15', 'F1', 'row', 2, [0.45, 0.0, 0.55, 1.0])",,2018-06-22,2018-09-18,20.2,1.0,87.895
405606,2019,annual crop,Cotton,F1,"('2019-11-30', 'F1', 'row', 2, [0.45, 0.0, 0.55, 1.0])","('2019-04-18', 'F1', 'row', 2)",2019-06-25,2019-10-01,20.6,1.0,84.19200000000001
405606,2020,annual crop,Cotton,F1,"('2020-11-13', 'F1', 'row', 2, [0.45, 0.0, 0.55, 1.0])","('2020-02-19', 'F1', 'row', 2)",2020-06-28,2020-09-28,16.3,1.0,84.19200000000001
405606,2021,annual crop,Cotton,F1,"('2021-11-15', 'F1', 'row', 2, [0.45, 0.0, 0.55, 1.0])","('2021-11-09', 'F1', 'row', 2)",2021-06-21,2021-09-21,19.2,1.0,84.19200000000001
405606,2022,annual crop,Cotton,F1,"('2022-11-16', 'F1', 'row', 2, [0.45, 0.0, 0.55, 1.0])",,2022-06-19,2022-09-11,11.5,1.0,98.224
405606,2023,annual crop,Cotton,F1,"('2023-11-23', 'F1', 'row', 2, [0.45, 0.0, 0.55, 1.0])","('2023-07-30', 'F1', 'row', 2)",2023-07-09,2023-10-24,18.6,0,70.16
327124,2016,woody perennial crop,Avocados,P3,"('2016-12-20', 'P3', 'hay', 2, [0.9, 0.0, 0.1, 1.0])",,2016-09-24,,0,0,123.768
327124,2017,woody perennial crop,Avocados,P3,"('2017-12-22', 'P3', 'hay', 2, [0.9, 0.0, 0.1, 1.0])",,2017-07-16,2017-02-11,0,0,110.016
327124,2018,woody perennial crop,Avocados,C5,,,2018-11-21,2018-02-01,8.9,0,123.768
327124,2019,woody perennial crop,Avocados,C5,"('2019-01-23', 'C5', 'woody', 2, [0.068, 0.0, 0.093, 0.0]);('2019-08-29', 'C5', 'woody', 2, [0.068, 0.0, 0.093, 0.0])",,2019-07-03,2019-03-01;2019-09-28,7.9,0,123.768
327124,2020,woody perennial crop,Avocados,C5,,,2020-10-29,,10.2,0,123.768
327124,2021,woody perennial crop,Avocados,C5,"('2021-01-07', 'C5', 'woody', 2, [0.068, 0.0, 0.093, 0.0]);('2021-11-03', 'C5', 'woody', 2, [0.068, 0.0, 0.093, 0.0])",,2021-09-06,2021-02-08;2021-12-17,9.5,0,137.52
327124,2022,woody perennial crop,Avocados,C5,"('2022-05-11', 'C5', 'woody', 2, [0.068, 0.0, 0.093, 0.0])",,2022-05-24,2022-06-15,9.2,0,137.52
327124,2023,woody perennial crop,Avocados,C5,"('2023-10-15', 'C5', 'woody', 2, [0.068, 0.0, 0.093, 0.0])",,2023-05-23,2023-11-18,9.6,0,96.26400000000001
118038,2016,annual crop,Miscellaneous grain and hay,C5,"('2016-05-08', 'C5', 'woody', 2, [0.068, 0.0, 0.093, 0.0])",,2016-02-15,2016-06-20,10.1,0,178.369
118038,2017,annual crop,Miscellaneous grain and hay,C5,"('2017-06-07', 'C5', 'woody', 2, [0.068, 0.0, 0.093, 0.0])",,2017-04-20,2017-07-13,0,0,17.521
118038,2018,annual crop,Miscellaneous grain and hay,G6,"('2018-08-31', 'G6', 'row', 2, [0.5221, 0.0, 0.4779, 1.0])",,2018-02-14,2018-05-21,18.4,1.0,17.521
118038,2019,annual crop,Miscellaneous grain and hay,G6,"('2019-05-02', 'G6', 'row', 2, [0.5221, 0.0, 0.4779, 1.0])",,2019-01-25,2019-04-04,0,1.0,0
118038,2020,annual crop,Miscellaneous grain and hay,G6,"('2020-08-29', 'G6', 'row', 2, [0.5221, 0.0, 0.4779, 1.0])",,2020-04-03,2020-06-09,9.3,1.0,0
118038,2021,annual crop,Miscellaneous grain and hay,G6,"('2021-05-14', 'G6', 'row', 2, [0.5221, 0.0, 0.4779, 1.0])","('2021-02-22', 'G6', 'row', 2)",2021-02-16,2021-04-08,10.1,0,17.521
118038,2022,annual crop,Miscellaneous grain and hay,,,,,,0,0,0
118038,2023,annual crop,Miscellaneous grain and hay,,,,,,0,0,0
597240,2016,woody perennial crop,Dates,C4,"('2016-09-22', 'C4', 'woody', 2, [0.029, 0.0, 0.243, 0.0])",,2016-07-14,2016-11-22,0,0,0
597240,2017,woody perennial crop,Dates,C4,"('2017-09-27', 'C4', 'woody', 2, [0.029, 0.0, 0.243, 0.0])",,2017-07-11,2017-11-20,0,0,0
597240,2018,woody perennial crop,Dates,P6;T18,"('2018-10-31', 'P6', 'hay', 2, [0.9, 0.0, 0.1, 1.0])","('2018-02-21', 'P6', 'hay', 2);('2018-11-01', 'T18', 'row', 2)",2018-07-15,2018-12-05,0,0,0
597240,2019,woody perennial crop,Dates,T18,"('2019-12-12', 'T18', 'row', 2, [0.5281, 0.1878, 0.4719, 0.8122])",,2019-06-19,2019-11-10,0,0.6668,0
597240,2020,woody perennial crop,Dates,,,,,,0,0,0
597240,2021,woody perennial crop,Dates,,,,,,0,0,0
597240,2022,woody perennial crop,Dates,,,,,,0,0,0
597240,2023,woody perennial crop,Dates,,,,,,0,0,0
299613,2016,annual crop,Mixed pasture,P3,"('2016-05-26', 'P3', 'hay', 2, [0.9, 0.0, 0.1, 1.0])",,2016-02-26,2016-07-09,0,0,120.928
299613,2017,annual crop,Mixed pasture,P3,"('2017-05-15', 'P3', 'hay', 2, [0.9, 0.0, 0.1, 1.0])",,2017-01-27;2017-12-28,2017-06-25,0,0,45.348
299613,2018,annual crop,Mixed pasture,P3,"('2018-04-06', 'P3', 'hay', 2, [0.9, 0.0, 0.1, 1.0])",,,2018-06-28,0,0,75.58
299613,2019,annual crop,Mixed pasture,,,,2019-07-13,2019-10-02,0,0,60.464
299613,2020,annual crop,Mixed pasture,P1,"('2020-05-07', 'P1', 'hay', 2, [0.85, 0.0, 0.15, 1.0])","('2020-05-12', 'P1', 'hay', 2)",2020-04-04,2020-05-17,0,1.0,60.464
299613,2021,annual crop,Mixed pasture,D13,,,2021-03-01,2021-06-02,21.7,0.2286,136.04399999999998
299613,2022,annual crop,Mixed pasture,D13,,,2022-03-10,2022-07-08,19.4,1.0,105.812
299613,2023,annual crop,Mixed pasture,D13,,,2023-02-11,2023-05-07,19.5,0,30.232
293793,2016,annual crop,(no subclass),C6,"('2016-09-29', 'C6', 'woody', 2, [0.114, 0.0, 0.158, 0.0])",,2016-07-21,2016-11-07,0,0,39.382
293793,2017,annual crop,(no subclass),C6,"('2017-09-14', 'C6', 'woody', 2, [0.114, 0.0, 0.158, 0.0])",,2017-07-05,2017-10-23,0,0,39.685
293793,2018,annual crop,(no subclass),F16,"('2018-12-11', 'F16', 'row', 2, [0.7518, 0.0, 0.2482, 1.0])",,2018-07-26,2018-11-03,27.1,0,52.663
293793,2019,annual crop,(no subclass),,,,,,0,0,39.61
293793,2020,annual crop,(no subclass),,,,,,0,0,52.858
293793,2021,annual crop,(no subclass),F16,"('2021-11-20', 'F16', 'row', 2, [0.7518, 0.0, 0.2482, 1.0])",,2021-07-12,2021-10-19,29.1,0,52.668
293793,2022,annual crop,(no subclass),,,,,,0,0,52.797
293793,2023,annual crop,(no subclass),F16,"('2023-11-03', 'F16', 'row', 2, [0.7518, 0.0, 0.2482, 1.0])",,2023-04-23,2023-10-06,29.4,0,39.534
144461,2016,woody perennial crop,Pistachios,V2,"('2016-03-16', 'V2', 'woody', 2, [0.1416, 0.0, 0.0925, 0.0])",,2016-02-06,2016-04-02,5.6,0,191.467
144461,2017,woody perennial crop,Pistachios,V2,"('2017-03-19', 'V2', 'woody', 2, [0.1416, 0.0, 0.0925, 0.0])",,2017-02-02,2017-04-07,0,0,189.783
144461,2018,woody perennial crop,Pistachios,D14,"('2018-04-23', 'D14', 'woody', 2, [0.101, 0.0, 0.033, 0.0])",,2018-03-17,2018-05-13,18.2,0.2308,202.854
144461,2019,woody perennial crop,Pistachios,D14,"('2019-02-24', 'D14', 'woody', 2, [0.101, 0.0, 0.033, 0.0])",,2019-01-17,2019-03-14,16.2,1.0,191.245
144461,2020,woody perennial crop,Pistachios,D14,"('2020-08-14', 'D14', 'woody', 2, [0.101, 0.0, 0.033, 0.0])",,2020-04-03,2020-11-12,13.3,0.7969,210.411
144461,2021,woody perennial crop,Pistachios,D14,"('2021-09-14', 'D14', 'woody', 2, [0.101, 0.0, 0.033, 0.0])",,2021-04-07,2021-11-19,20.8,0.1834,218.823
144461,2022,woody perennial crop,Pistachios,D14,"('2022-11-09', 'D14', 'woody', 2, [0.101, 0.0, 0.033, 0.0])",,2022-04-09,2022-12-11,19.4,0.412,224.1
144461,2023,woody perennial crop,Pistachios,D14,"('2023-09-04', 'D14', 'woody', 2, [0.101, 0.0, 0.033, 0.0])",,2023-04-16,2023-11-12,13.5,0,178.762
153154,2016,annual crop,"Flowers, nursery, Christmas trees",V2,"('2016-05-08', 'V2', 'woody', 2, [0.1416, 0.0, 0.0925, 0.0])",,2016-01-28,2016-06-24,3.2,0,118.514
153154,2017,annual crop,"Flowers, nursery, Christmas trees",V2,"('2017-05-26', 'V2', 'woody', 2, [0.1416, 0.0, 0.0925, 0.0])",,2017-02-21;2017-12-21,2017-07-02,0,0,125.425
153154,2018,annual crop,"Flowers, nursery, Christmas trees",T16,"('2018-07-14', 'T16', 'row', 2, [0.5281, 0.1878, 0.4719, 0.8122])","('2018-12-02', 'T16', 'row', 2)",2018-11-11,2018-05-26,0,0.0,126.077
153154,2019,annual crop,"Flowers, nursery, Christmas trees",T16,"('2019-06-14', 'T16', 'row', 2, [0.5281, 0.1878, 0.4719, 0.8122])",,,2019-04-26,0,0.0,124.75999999999999
153154,2020,annual crop,"Flowers, nursery, Christmas trees",T16,"('2020-08-17', 'T16', 'row', 2, [0.5281, 0.1878, 0.4719, 0.8122])","('2020-01-30', 'T16', 'row', 2);('2020-11-08', 'T16', 'row', 2)",2020-01-28;2020-12-16,2020-06-27,0,0.0192,137.298
153154,2021,annual crop,"Flowers, nursery, Christmas trees",T16,"('2021-06-28', 'T16', 'row', 2, [0.5281, 0.1878, 0.4719, 0.8122])",,2021-11-23,2021-04-30,0,0.4459,126.176
153154,2022,annual crop,"Flowers, nursery, Christmas trees",T16,"('2022-07-14', 'T16', 'row', 2, [0.5281, 0.1878, 0.4719, 0.8122])","('2022-04-16', 'T16', 'row', 2)",,2022-05-25,0,0.0206,145.316
153154,2023,annual crop,"Flowers, nursery, Christmas trees",T16,"('2023-09-27', 'T16', 'row', 2, [0.5281, 0.1878, 0.4719, 0.8122])",,2023-02-14,2023-08-01,0,0,126.006
506467,2016,woody perennial crop,Dates,V2,"('2016-05-10', 'V2', 'woody', 2, [0.1416, 0.0, 0.0925, 0.0])",,2016-04-19,2016-06-22,4.8,0,0
506467,2017,woody perennial crop,Dates,V2,"('2017-10-03', 'V2', 'woody', 2, [0.1416, 0.0, 0.0925, 0.0])",,2017-06-04,2017-11-11,0,0,0
506467,2018,woody perennial crop,Dates,C4,"('2018-09-19', 'C4', 'woody', 2, [0.029, 0.0, 0.243, 0.0])",,2018-06-22,2018-12-06,0,0,0
506467,2019,woody perennial crop,Dates,,,,2019-08-14,2019-11-20,0,2.0,0
506467,2020,woody perennial crop,Dates,,,,2020-06-03,2020-07-27,0,0.5349,0
506467,2021,woody perennial crop,Dates,C4,,,2021-05-06,2021-09-02,0.0,0.4436,0
506467,2022,woody perennial crop,Dates,C4,"('2022-10-11', 'C4', 'woody', 2, [0.029, 0.0, 0.243, 0.0])",,2022-05-26,2022-11-26,0,0,0
506467,2023,woody perennial crop,Dates,C4,"('2023-10-01', 'C4', 'woody', 2, [0.029, 0.0, 0.243, 0.0])",,2023-08-28,2023-11-22,0,0.3665,0
302976,2016,annual crop,Lettuce or leafy greens (grouped for RS only),V2,"('2016-04-18', 'V2', 'woody', 2, [0.1416, 0.0, 0.0925, 0.0])",,2016-02-26,2016-05-13,5.4,0,12.99
302976,2017,annual crop,Lettuce or leafy greens (grouped for RS only),V2;T30,"('2017-07-11', 'V2', 'woody', 2, [0.1416, 0.0, 0.0925, 0.0])",,2017-05-13;2017-12-14,2017-08-01,28.1,0,51.96
302976,2018,annual crop,Lettuce or leafy greens (grouped for RS only),T30;F16,"('2018-03-06', 'T30', 'row', 2, [0.8, 0.0, 0.2, 1.0]);('2018-09-28', 'F16', 'row', 3, [0.7518, 0.0, 0.2482, 1.0])","('2018-06-12', 'T30', 'row', 2)",2018-04-07;2018-12-26,2018-02-17;2018-06-15,49.5,0,38.97
302976,2019,annual crop,Lettuce or leafy greens (grouped for RS only),T30;F1,"('2019-03-20', 'T30', 'row', 1, [0.8, 0.0, 0.2, 1.0]);('2019-08-23', 'F1', 'row', 2, [0.45, 0.0, 0.55, 1.0])",,2019-05-09,2019-03-04;2019-07-27,16.1,0,51.96
302976,2020,annual crop,Lettuce or leafy greens (grouped for RS only),F16;T30,"('2020-08-04', 'F16', 'row', 2, [0.7518, 0.0, 0.2482, 1.0]);('2020-11-28', 'T30', 'row', 1, [0.8, 0.0, 0.2, 1.0])","('2020-04-13', 'F16', 'row', 2);('2020-05-13', 'T30', 'row', 1)",2020-04-21;2020-09-23,2020-07-22;2020-11-18,35.4,0,38.97
302976,2021,annual crop,Lettuce or leafy greens (grouped for RS only),G6;T30,"('2021-07-12', 'G6', 'row', 2, [0.5221, 0.0, 0.4779, 1.0]);('2021-12-29', 'T30', 'row', 1, [0.8, 0.0, 0.2, 1.0])",,2021-03-31;2021-10-14,2021-06-13;2021-12-10,34.0,0,51.96
302976,2022,annual crop,Lettuce or leafy greens (grouped for RS only),G2;T30,"('2022-06-15', 'G2', 'row', 2, [0.7135, 0.0, 0.2865, 1.0])",,2022-03-11;2022-11-18,2022-05-23,48.4,0,51.96
302976,2023,annual crop,Lettuce or leafy greens (grouped for RS only),T30;G6,"('2023-01-26', 'T30', 'row', 1, [0.8, 0.0, 0.2, 1.0]);('2023-07-26', 'G6', 'row', 2, [0.5221, 0.0, 0.4779, 1.0]);('2023-12-16', 'T30', 'row', 1, [0.8, 0.0, 0.2, 1.0])","('2023-05-08', 'G6', 'row', 2)",2023-04-25;2023-09-27,2023-01-14;2023-07-05;2023-11-30,42.7,0,38.97
453786,2016,woody perennial crop,Wine grapes,C5,"('2016-03-02', 'C5', 'woody', 2, [0.068, 0.0, 0.093, 0.0])",,2016-01-01;2016-11-15,2016-05-10,0,0,0
453786,2017,woody perennial crop,Wine grapes,C5;V2,"('2017-02-10', 'C5', 'woody', 2, [0.068, 0.0, 0.093, 0.0])",,2017-12-10,2017-05-09,6.0,0,0
453786,2018,woody perennial crop,Wine grapes,V2,"('2018-04-22', 'V2', 'woody', 2, [0.1416, 0.0, 0.0925, 0.0])",,2018-12-21,2018-05-16,2.5,0,0
453786,2019,woody perennial crop,Wine grapes,V2,"('2019-02-18', 'V2', 'woody', 2, [0.1416, 0.0, 0.0925, 0.0])",,,2019-04-28,0,0,0
453786,2020,woody perennial crop,Wine grapes,V2,"('2020-04-15', 'V2', 'woody', 2, [0.1416, 0.0, 0.0925, 0.0])",,2020-01-23;2020-12-12,2020-05-20,6.4,0,0
453786,2021,woody perennial crop,Wine grapes,V2,"('2021-02-24', 'V2', 'woody', 2, [0.1416, 0.0, 0.0925, 0.0])",,2021-11-22,2021-04-24,5.0,0,0
453786,2022,woody perennial crop,Wine grapes,V2,"('2022-01-18', 'V2', 'woody', 2, [0.1416, 0.0, 0.0925, 0.0])",,2022-12-09,2022-03-02,2.9,0,0
453786,2023,woody perennial crop,Wine grapes,V2,"('2023-03-24', 'V2', 'woody', 2, [0.1416, 0.0, 0.0925, 0.0])",,,2023-05-18,0,0,0
336904,2016,annual crop,"Corn, Sorghum or Sudan (grouped for RS only)",D12;F16,"('2016-06-05', 'D12', 'woody', 2, [0.131, 0.0, 0.032, 0.0])","('2016-10-26', 'F16', 'row', 2)",2016-04-24,2016-07-01,26.0,0,115.134
336904,2017,annual crop,"Corn, Sorghum or Sudan (grouped for RS only)",F16,"('2017-11-15', 'F16', 'row', 2, [0.7518, 0.0, 0.2482, 1.0])",,2017-06-10,2017-09-18,0,0,115.218
336904,2018,annual crop,"Corn, Sorghum or Sudan (grouped for RS only)",F16,"('2018-11-16', 'F16', 'row', 2, [0.7518, 0.0, 0.2482, 1.0])",,2018-06-13,2018-09-23,24.9,0.9969,114.813
336904,2019,annual crop,"Corn, Sorghum or Sudan (grouped for RS only)",F16,"('2019-11-07', 'F16', 'row', 2, [0.7518, 0.0, 0.2482, 1.0])",,2019-06-11,2019-09-18,11.9,1.0,104.361
336904,2020,annual crop,"Corn, Sorghum or Sudan (grouped for RS only)",F16,"('2020-10-28', 'F16', 'row', 2, [0.7518, 0.0, 0.2482, 1.0])",,2020-05-26,2020-08-26,14.9,1.0,115.823
336904,2021,annual crop,"Corn, Sorghum or Sudan (grouped for RS only)",F16,"('2021-11-03', 'F16', 'row', 2, [0.7518, 0.0, 0.2482, 1.0])",,2021-05-24,2021-09-13,12.7,1.0,126.574
336904,2022,annual crop,"Corn, Sorghum or Sudan (grouped for RS only)",F16,"('2022-11-05', 'F16', 'row', 2, [0.7518, 0.0, 0.2482, 1.0])","('2022-01-19', 'F16', 'row', 2)",2022-05-28,2022-09-07,23.5,1.0,125.15
336904,2023,annual crop,"Corn, Sorghum or Sudan (grouped for RS only)",F16,"('2023-11-13', 'F16', 'row', 2, [0.7518, 0.0, 0.2482, 1.0])","('2023-07-13', 'F16', 'row', 2)",2023-06-05,2023-09-27,14.5,0,104.534
535040,2016,woody perennial crop,(no subclass),D13,"('2016-06-11', 'D13', 'woody', 2, [0.051, 0.0, 0.035, 0.0])",,2016-03-16,2016-07-22,21.4,0,65.149
535040,2017,woody perennial crop,(no subclass),D13,"('2017-11-22', 'D13', 'woody', 2, [0.051, 0.0, 0.035, 0.0])",,2017-09-22,,0,0,65.06400000000001
535040,2018,woody perennial crop,(no subclass),,,,,2018-01-17,0,0,65.94200000000001
535040,2019,woody perennial crop,(no subclass),,,,,,0,0,65.744
535040,2020,woody perennial crop,(no subclass),T20,"('2020-11-05', 'T20', 'row', 2, [0.45, 0.0, 0.55, 1.0])","('2020-01-23', 'T20', 'row', 2)",2020-07-29,2020-10-25,22.2,0,57.06
535040,2021,woody perennial crop,(no subclass),,,,,,0,0,35.865
535040,2022,woody perennial crop,(no subclass),,,,,,0,0,35.650999999999996
535040,2023,woody perennial crop,(no subclass),T20,"('2023-10-14', 'T20', 'row', 2, [0.45, 0.0, 0.55, 1.0])",,2023-07-30,2023-10-01,21.3,0,31.062
212287,2016,annual crop,Wheat,T18,"('2016-05-20', 'T18', 'row', 2, [0.5281, 0.1878, 0.4719, 0.8122])",,2016-02-17,2016-05-03,0,0,77.455
212287,2017,annual crop,Wheat,T18;G2,"('2017-06-15', 'T18', 'row', 2, [0.5281, 0.1878, 0.4719, 0.8122])",,2017-01-29;2017-12-27,2017-04-21,13.8,0,108.437
212287,2018,annual crop,Wheat,G2,"('2018-05-06', 'G2', 'row', 2, [0.7135, 0.0, 0.2865, 1.0])","('2018-05-01', 'G2', 'row', 2)",,2018-04-18,16.1,1.0,15.491
212287,2019,annual crop,Wheat,G2,"('2019-05-08', 'G2', 'row', 2, [0.7135, 0.0, 0.2865, 1.0])","('2019-06-04', 'G2', 'row', 2)",2019-01-01;2019-12-30,2019-04-17,15.9,1.0,30.982
212287,2020,annual crop,Wheat,G2,"('2020-05-04', 'G2', 'row', 2, [0.7135, 0.0, 0.2865, 1.0])",,,2020-04-15,0,0.6837,15.491
212287,2021,annual crop,Wheat,G2;G6,"('2021-08-07', 'G2', 'row', 2, [0.7135, 0.0, 0.2865, 1.0])",,2021-01-29,2021-04-12,33.4,0.6667,46.473
212287,2022,annual crop,Wheat,G6;G2,"('2022-05-03', 'G6', 'row', 2, [0.5221, 0.0, 0.4779, 1.0])","('2022-05-24', 'G6', 'row', 2)",2022-01-26,2022-04-13,14.7,1.0,46.473
212287,2023,annual crop,Wheat,G2,"('2023-06-10', 'G2', 'row', 2, [0.7135, 0.0, 0.2865, 1.0])","('2023-06-30', 'G2', 'row', 2)",2023-01-18,2023-04-20,0,0,15.491
549173,2016,woody perennial crop,Apples,P3,"('2016-05-28', 'P3', 'hay', 2, [0.9, 0.0, 0.1, 1.0])","('2016-01-11', 'P3', 'hay', 2)",2016-03-24,2016-07-30,0,0,101.437
549173,2017,woody perennial crop,Apples,P3,"('2017-05-28', 'P3', 'hay', 2, [0.9, 0.0, 0.1, 1.0])","('2017-02-13', 'P3', 'hay', 2)",2017-03-17,2017-07-24,0,0,0
549173,2018,woody perennial crop,Apples,D1,"('2018-06-16', 'D1', 'woody', 2, [0.343, 0.0, 0.176, 0.0])",,2018-04-13,2018-08-27,0,1.0,57.964
549173,2019,woody perennial crop,Apples,D1,"('2019-07-18', 'D1', 'woody', 2, [0.343, 0.0, 0.176, 0.0])",,2019-04-26,2019-10-24,0,1.0,14.491
549173,2020,woody perennial crop,Apples,D1,"('2020-07-05', 'D1', 'woody', 2, [0.343, 0.0, 0.176, 0.0])",,2020-04-20,2020-09-24,0,0.7388,57.964
549173,2021,woody perennial crop,Apples,D1,"('2021-09-24', 'D1', 'woody', 2, [0.343, 0.0, 0.176, 0.0])",,2021-06-10,2021-11-19,0,0.4632,57.964
549173,2022,woody perennial crop,Apples,D1,"('2022-06-21', 'D1', 'woody', 2, [0.343, 0.0, 0.176, 0.0])",,2022-04-24,2022-07-09,0,1.0,57.964
549173,2023,woody perennial crop,Apples,D1,"('2023-08-07', 'D1', 'woody', 2, [0.343, 0.0, 0.176, 0.0])",,2023-05-07,2023-10-08,0,0,14.491
107465,2016,annual crop,Mixed pasture,,,,,,0,0,143.302
107465,2017,annual crop,Mixed pasture,D12,"('2017-05-05', 'D12', 'woody', 2, [0.131, 0.0, 0.032, 0.0])",,2017-02-24,2017-05-29,0,0,148.382
107465,2018,annual crop,Mixed pasture,D12,"('2018-05-05', 'D12', 'woody', 2, [0.131, 0.0, 0.032, 0.0])",,2018-02-12,2018-05-21,16.7,0.3853,67.83
107465,2019,annual crop,Mixed pasture,D12,"('2019-04-26', 'D12', 'woody', 2, [0.131, 0.0, 0.032, 0.0])",,2019-02-16,2019-07-08,5.9,0.0,67.83
107465,2020,annual crop,Mixed pasture,P3,"('2020-04-05', 'P3', 'hay', 2, [0.9, 0.0, 0.1, 1.0])","('2020-05-14', 'P3', 'hay', 2)",2020-01-30,2020-05-03,0,0.0132,54.264
107465,2021,annual crop,Mixed pasture,P3,"('2021-03-27', 'P3', 'hay', 2, [0.9, 0.0, 0.1, 1.0])","('2021-02-28', 'P3', 'hay', 2)",2021-02-11;2021-12-26,2021-04-10,0.0,0.0,94.962
107465,2022,annual crop,Mixed pasture,P3,"('2022-03-14', 'P3', 'hay', 2, [0.9, 0.0, 0.1, 1.0])","('2022-05-24', 'P3', 'hay', 2);('2022-12-30', 'P3', 'hay', 2)",,2022-04-09,0,0.0,94.962
107465,2023,annual crop,Mixed pasture,P3,"('2023-04-22', 'P3', 'hay', 2, [0.9, 0.0, 0.1, 1.0])",,2023-01-29,2023-05-12,0.0,0,54.264
555182,2016,woody perennial crop,Olives,,,,2016-10-05;2016-11-06,,0,0,134.626
555182,2017,woody perennial crop,Olives,P1,"('2017-02-04', 'P1', 'hay', 2, [0.85, 0.0, 0.15, 1.0]);('2017-02-25', 'P1', 'hay', 2, [0.85, 0.0, 0.15, 1.0])",,,2017-04-01;2017-04-23,0,0,47.295
555182,2018,woody perennial crop,Olives,C6,"('2018-04-09', 'C6', 'woody', 2, [0.114, 0.0, 0.158, 0.0])",,2018-01-03,2018-05-02,0,0.608,31.53
555182,2019,woody perennial crop,Olives,C6,"('2019-11-14', 'C6', 'woody', 2, [0.114, 0.0, 0.158, 0.0])",,2019-09-08,,0.0,0,31.53
555182,2020,woody perennial crop,Olives,C6,"('2020-04-09', 'C6', 'woody', 2, [0.114, 0.0, 0.158, 0.0])",,2020-01-21;2020-12-11,2020-02-28;2020-04-28,0,0.0,47.295
555182,2021,woody perennial crop,Olives,C6,"('2021-04-07', 'C6', 'woody', 2, [0.114, 0.0, 0.158, 0.0])",,2021-11-12,2021-05-08,0,0.0,47.295
555182,2022,woody perennial crop,Olives,C6,"('2022-03-03', 'C6', 'woody', 2, [0.114, 0.0, 0.158, 0.0])",,,2022-03-31,0,0.6397,47.295
555182,2023,woody perennial crop,Olives,C6,"('2023-05-06', 'C6', 'woody', 2, [0.114, 0.0, 0.158, 0.0])",,2023-03-07,2023-05-28,0,0,31.53
372700,2016,annual crop,Lettuce or leafy greens (grouped for RS only),P3,"('2016-05-06', 'P3', 'hay', 2, [0.9, 0.0, 0.1, 1.0])",,2016-03-24,2016-05-24,0,0,0
372700,2017,annual crop,Lettuce or leafy greens (grouped for RS only),P3,"('2017-12-10', 'P3', 'hay', 2, [0.9, 0.0, 0.1, 1.0])",,2017-10-25;2017-11-24,2017-12-28,0,0,0
372700,2018,annual crop,Lettuce or leafy greens (grouped for RS only),T18;T30,"('2018-03-27', 'T18', 'row', 2, [0.5281, 0.1878, 0.4719, 0.8122])","('2018-05-23', 'T18', 'row', 2);('2018-12-09', 'T30', 'row', 2)",2018-12-30,2018-03-07,28.2,1.0,0
372700,2019,annual crop,Lettuce or leafy greens (grouped for RS only),T30,"('2019-04-04', 'T30', 'row', 2, [0.8, 0.0, 0.2, 1.0])",,,2019-03-11,0,1.0,0
372700,2020,annual crop,Lettuce or leafy greens (grouped for RS only),T30;T4,,"('2020-06-06', 'T30', 'row', 2)",2020-10-09;2020-11-04,,35.5,0,0
372700,2021,annual crop,Lettuce or leafy greens (grouped for RS only),T30;T4,"('2021-01-25', 'T30', 'row', 2, [0.8, 0.0, 0.2, 1.0]);('2021-02-27', 'T4', 'row', 2, [0.8, 0.0, 0.2, 1.0])",,,2021-01-06;2021-02-11,0,1.0,0
372700,2022,annual crop,Lettuce or leafy greens (grouped for RS only),T18;T30,"('2022-04-08', 'T18', 'row', 2, [0.5281, 0.1878, 0.4719, 0.8122])",,2022-01-21;2022-12-12,2022-03-24,26.2,1.0,0
372700,2023,annual crop,Lettuce or leafy greens (grouped for RS only),T30,"('2023-02-18', 'T30', 'row', 2, [0.8, 0.0, 0.2, 1.0])","('2023-01-24', 'T30', 'row', 2)",,2023-02-01,0,0,0
313780,2016,woody perennial crop,Bush berries,C5,"('2016-07-10', 'C5', 'woody', 2, [0.068, 0.0, 0.093, 0.0])",,2016-04-06,2016-09-25,9.4,0,124.122
313780,2017,woody perennial crop,Bush berries,C5,"('2017-05-13', 'C5', 'woody', 2, [0.068, 0.0, 0.093, 0.0])",,2017-02-24,2017-06-13,0,0,131.629
313780,2018,woody perennial crop,Bush berries,T19,"('2018-03-31', 'T19', 'woody', 2, [0.1416, 0.0, 0.0925, 0.0])",,2018-02-05,2018-04-18,0,0,128.799
313780,2019,woody perennial crop,Bush berries,,,,,,0,0,122.281
313780,2020,woody perennial crop,Bush berries,T19,"('2020-11-09', 'T19', 'woody', 2, [0.1416, 0.0, 0.0925, 0.0])",,2020-06-08,,0,0,136.801
313780,2021,woody perennial crop,Bush berries,T19,"('2021-11-25', 'T19', 'woody', 2, [0.1416, 0.0, 0.0925, 0.0])",,2021-10-27,2021-01-11;2021-12-07,0,0.0474,130.157
313780,2022,woody perennial crop,Bush berries,T19,"('2022-10-04', 'T19', 'woody', 2, [0.1416, 0.0, 0.0925, 0.0])",,2022-05-29,2022-11-18,0,1.0,148.281
313780,2023,woody perennial crop,Bush berries,T19,"('2023-08-18', 'T19', 'woody', 2, [0.1416, 0.0, 0.0925, 0.0])",,2023-05-02,2023-10-08,0,0,124.278
309355,2016,annual crop,(no subclass),D12,"('2016-06-09', 'D12', 'woody', 2, [0.131, 0.0, 0.032, 0.0])",,2016-03-30,2016-08-09,17.3,0,0
309355,2017,annual crop,(no subclass),D12,"('2017-06-14', 'D12', 'woody', 2, [0.131, 0.0, 0.032, 0.0])",,2017-04-03,2017-08-13,0,0,0
309355,2018,annual crop,(no subclass),,,,,,0,0,0
309355,2019,annual crop,(no subclass),,,,,,0,0,0
309355,2020,annual crop,(no subclass),,,,,,0,0,0
309355,2021,annual crop,(no subclass),T30,,,,,0.0,0,0
309355,2022,annual crop,(no subclass),T30,"('2022-06-22', 'T30', 'row', 2, [0.8, 0.0, 0.2, 1.0])",,2022-04-19,2022-06-07,26.5,0.0,0
309355,2023,annual crop,(no subclass),T18,"('2023-07-12', 'T18', 'row', 2, [0.5281, 0.1878, 0.4719, 0.8122]);('2023-07-22', 'T18', 'row', 1, [0.5281, 0.1878, 0.4719, 0.8122])",,2023-05-06;2023-05-12,2023-06-26;2023-07-04,0.0,0,0
403505,2016,woody perennial crop,(no subclass),V2,"('2016-03-03', 'V2', 'woody', 2, [0.1416, 0.0, 0.0925, 0.0])",,2016-01-19,2016-03-25,3.1,0,31.176
403505,2017,woody perennial crop,(no subclass),V2,"('2017-02-26', 'V2', 'woody', 2, [0.1416, 0.0, 0.0925, 0.0])",,2017-01-11,2017-03-18,0,0,31.176
403505,2018,woody perennial crop,(no subclass),,,,,,0,0,46.763999999999996
403505,2019,woody perennial crop,(no subclass),F1,"('2019-10-28', 'F1', 'row', 2, [0.45, 0.0, 0.55, 1.0])","('2019-04-27', 'F1', 'row', 2)",2019-06-09,2019-09-26,13.7,0,80.273
403505,2020,woody perennial crop,(no subclass),,,,,,0,0,91.331
403505,2021,woody perennial crop,(no subclass),,,,,,0,0,93.504
403505,2022,woody perennial crop,(no subclass),,,,,,0,0,102.898
403505,2023,woody perennial crop,(no subclass),F1,"('2023-11-20', 'F1', 'row', 2, [0.45, 0.0, 0.55, 1.0])","('2023-05-21', 'F1', 'row', 2)",2023-06-29,2023-10-11,17.9,0,80.083
236386,2016,annual crop,Mixed pasture,C5,"('2016-05-20', 'C5', 'woody', 2, [0.068, 0.0, 0.093, 0.0])",,2016-03-26,2016-06-17,10.4,0,31.564
236386,2017,annual crop,Mixed pasture,C5;P3,"('2017-05-17', 'C5', 'woody', 2, [0.068, 0.0, 0.093, 0.0])","('2017-11-01', 'P3', 'hay', 2)",2017-03-14,2017-06-17,0,0,31.564
236386,2018,annual crop,Mixed pasture,P3,"('2018-05-23', 'P3', 'hay', 2, [0.9, 0.0, 0.1, 1.0])",,2018-03-23,2018-06-19,0.0,0.0,78.91
236386,2019,annual crop,Mixed pasture,P3,"('2019-05-26', 'P3', 'hay', 2, [0.9, 0.0, 0.1, 1.0])","('2019-07-03', 'P3', 'hay', 2)",2019-03-20,2019-06-29,0,0.6814,63.128
236386,2020,annual crop,Mixed pasture,P3,"('2020-07-17', 'P3', 'hay', 2, [0.9, 0.0, 0.1, 1.0])",,2020-04-06,2020-10-12,0,0.0,63.128
236386,2021,annual crop,Mixed pasture,P3,"('2021-07-01', 'P3', 'hay', 2, [0.9, 0.0, 0.1, 1.0])","('2021-03-31', 'P3', 'hay', 2)",2021-03-22,2021-09-09,0.0,0.0,94.69200000000001
236386,2022,annual crop,Mixed pasture,P3,"('2022-06-08', 'P3', 'hay', 2, [0.9, 0.0, 0.1, 1.0])",,2022-03-20,2022-08-21,0,1.0,78.91
236386,2023,annual crop,Mixed pasture,P3,"('2023-06-05', 'P3', 'hay', 2, [0.9, 0.0, 0.1, 1.0])",,2023-04-06,2023-09-15,0,0,63.128
14956,2016,woody perennial crop,(no subclass),,,,2016-01-01;2016-12-26,2016-04-17,0,0,89.154
14956,2017,woody perennial crop,(no subclass),,,,,2017-04-28,0,0,89.154
14956,2018,woody perennial crop,(no subclass),G6,,"('2018-11-23', 'G6', 'row', 2)",2018-12-11,,10.7,0,89.154
14956,2019,woody perennial crop,(no subclass),G6,"('2019-05-14', 'G6', 'row', 2, [0.5221, 0.0, 0.4779, 1.0])",,,2019-04-12,6.0,1.0,14.859
14956,2020,woody perennial crop,(no subclass),G6,"('2020-05-18', 'G6', 'row', 2, [0.5221, 0.0, 0.4779, 1.0])",,2020-01-15,2020-04-20,0,0,29.718
14956,2021,woody perennial crop,(no subclass),,,,,,0,0,29.718
14956,2022,woody perennial crop,(no subclass),,,,,,0,0,29.718
14956,2023,woody perennial crop,(no subclass),,,,,,0,0,14.859
219229,2016,annual crop,"Corn, Sorghum or Sudan (grouped for RS only)",V2,"('2016-04-12', 'V2', 'woody', 2, [0.1416, 0.0, 0.0925, 0.0])",,2016-02-17,2016-06-12,5.7,0,0
219229,2017,annual crop,"Corn, Sorghum or Sudan (grouped for RS only)",V2;G6,"('2017-05-28', 'V2', 'woody', 2, [0.1416, 0.0, 0.0925, 0.0])",,2017-03-15;2017-12-17,2017-06-27,6.5,0,0
219229,2018,annual crop,"Corn, Sorghum or Sudan (grouped for RS only)",G6;F16,"('2018-02-27', 'G6', 'row', 1, [0.5221, 0.0, 0.4779, 1.0]);('2018-06-17', 'F16', 'row', 2, [0.7518, 0.0, 0.2482, 1.0])","('2018-01-22', 'G6', 'row', 1);('2018-03-29', 'F16', 'row', 2)",2018-04-15,2018-02-18;2018-06-02,13.2,1.0,0
219229,2019,annual crop,"Corn, Sorghum or Sudan (grouped for RS only)",F16;G6,"('2019-07-08', 'G6', 'row', 1, [0.5221, 0.0, 0.4779, 1.0]);('2019-09-18', 'F16', 'row', 2, [0.7518, 0.0, 0.2482, 1.0])","('2019-02-05', 'F16', 'row', 2);('2019-06-02', 'G6', 'row', 1)",2019-03-04;2019-06-09,2019-06-10;2019-08-30,36.400000000000006,1.0,0
219229,2020,annual crop,"Corn, Sorghum or Sudan (grouped for RS only)",G6;F16,"('2020-04-29', 'G6', 'row', 1, [0.5221, 0.0, 0.4779, 1.0]);('2020-09-03', 'F16', 'row', 2, [0.7518, 0.0, 0.2482, 1.0])","('2020-06-06', 'F16', 'row', 2);('2020-06-11', 'G6', 'row', 1)",2020-01-27;2020-05-31,2020-04-13;2020-08-15,34.8,1.0,0
219229,2021,annual crop,"Corn, Sorghum or Sudan (grouped for RS only)",G6;F16,"('2021-05-05', 'G6', 'row', 1, [0.5221, 0.0, 0.4779, 1.0]);('2021-09-17', 'F16', 'row', 2, [0.7518, 0.0, 0.2482, 1.0])","('2021-06-01', 'G6', 'row', 1);('2021-12-12', 'G6', 'row', 1);('2021-12-24', 'F16', 'row', 2)",2021-02-08;2021-07-03,2021-04-21;2021-09-02,33.7,1.1815,0
219229,2022,annual crop,"Corn, Sorghum or Sudan (grouped for RS only)",G6;F16,"('2022-04-25', 'G6', 'row', 1, [0.5221, 0.0, 0.4779, 1.0]);('2022-09-04', 'F16', 'row', 2, [0.7518, 0.0, 0.2482, 1.0])",,2022-02-02;2022-06-07,2022-04-10;2022-08-22,26.299999999999997,1.6118999999999999,0
219229,2023,annual crop,"Corn, Sorghum or Sudan (grouped for RS only)",F16;G6,"('2023-05-23', 'G6', 'row', 1, [0.5221, 0.0, 0.4779, 1.0]);('2023-09-29', 'F16', 'row', 2, [0.7518, 0.0, 0.2482, 1.0])","('2023-07-10', 'G6', 'row', 1)",2023-01-15;2023-07-04,2023-05-08;2023-09-14,20.0,0.6977,0
375119,2016,woody perennial crop,(no subclass),D3,"('2016-04-16', 'D3', 'woody', 2, [0.054, 0.0, 0.045, 0.0])",,2016-02-26,2016-05-03,0.0,0,0
375119,2017,woody perennial crop,(no subclass),D3,"('2017-05-03', 'D3', 'woody', 2, [0.054, 0.0, 0.045, 0.0])",,2017-02-10,2017-05-25,0,0,0
375119,2018,woody perennial crop,(no subclass),G6,,,,,0.0,0,14.67
375119,2019,woody perennial crop,(no subclass),G6,"('2019-07-08', 'G6', 'row', 2, [0.5221, 0.0, 0.4779, 1.0])",,2019-02-28,2019-05-25,7.9,0,14.67
375119,2020,woody perennial crop,(no subclass),,,,,,0,0,29.34
375119,2021,woody perennial crop,(no subclass),G6,,,2021-12-16,,8.0,0,29.34
375119,2022,woody perennial crop,(no subclass),G6,"('2022-05-05', 'G6', 'row', 2, [0.5221, 0.0, 0.4779, 1.0])",,,2022-03-27,0,0,29.34
375119,2023,woody perennial crop,(no subclass),,,,,,0,0,14.67
542872,2016,annual crop,Tomatoes,T19,"('2016-08-31', 'T19', 'woody', 2, [0.1416, 0.0, 0.0925, 0.0])",,2016-07-06,2016-09-23,0,0,0
542872,2017,annual crop,Tomatoes,T32,"('2017-09-25', 'T32', 'row', 2, [0.33, 0.0, 0.67, 1.0])",,2017-06-25,2017-09-02,0,0,32.81
542872,2018,annual crop,Tomatoes,T4,"('2018-08-24', 'T4', 'row', 2, [0.8, 0.0, 0.2, 1.0])","('2018-03-05', 'T4', 'row', 2)",2018-05-13,2018-08-02,22.7,1.0,16.405
542872,2019,annual crop,Tomatoes,T9,"('2019-10-11', 'T9', 'row', 2, [0.4233, 0.0, 0.5767, 1.0])","('2019-04-06', 'T9', 'row', 2)",2019-06-29,2019-09-13,11.7,1.0,49.215
542872,2020,annual crop,Tomatoes,T32,"('2020-09-23', 'T32', 'row', 2, [0.33, 0.0, 0.67, 1.0])","('2020-06-25', 'T32', 'row', 2)",2020-06-21,2020-09-06,16.4,0,114.83500000000001
542872,2021,annual crop,Tomatoes,T32,"('2021-10-27', 'T32', 'row', 2, [0.33, 0.0, 0.67, 1.0])","('2021-12-31', 'T32', 'row', 2)",2021-07-09,2021-10-05,24.6,0,98.43
542872,2022,annual crop,Tomatoes,T32,"('2022-10-10', 'T32', 'row', 2, [0.33, 0.0, 0.67, 1.0])",,2022-06-21,2022-09-22,35.3,0,98.43
542872,2023,annual crop,Tomatoes,T9,"('2023-10-16', 'T9', 'row', 2, [0.4233, 0.0, 0.5767, 1.0])",,2023-07-05,2023-09-18,16.8,0,65.62
250488,2016,woody perennial crop,Kiwis,C5,"('2016-07-11', 'C5', 'woody', 2, [0.068, 0.0, 0.093, 0.0])",,2016-03-23,2016-10-02,8.2,0,0
250488,2017,woody perennial crop,Kiwis,C8,"('2017-07-27', 'C8', 'woody', 2, [0.1075, 0.0, 0.1848, 0.0])",,2017-04-16,2017-10-23,0,0,0
250488,2018,woody perennial crop,Kiwis,C8,"('2018-03-14', 'C8', 'woody', 2, [0.1075, 0.0, 0.1848, 0.0])",,2018-01-24,2018-03-27,0,1.0,91.91000000000001
250488,2019,woody perennial crop,Kiwis,C8,"('2019-07-14', 'C8', 'woody', 2, [0.1075, 0.0, 0.1848, 0.0])",,2019-04-04,2019-10-08,0,0.4497,52.52
250488,2020,woody perennial crop,Kiwis,C8,"('2020-02-24', 'C8', 'woody', 2, [0.1075, 0.0, 0.1848, 0.0])",,2020-01-18,2020-03-08,0,0.6454,65.65
250488,2021,woody perennial crop,Kiwis,C8,"('2021-07-10', 'C8', 'woody', 2, [0.1075, 0.0, 0.1848, 0.0])",,2021-04-07,2021-09-30,0,0.8934,65.65
250488,2022,woody perennial crop,Kiwis,C8,"('2022-07-28', 'C8', 'woody', 2, [0.1075, 0.0, 0.1848, 0.0])",,2022-05-14,2022-10-14,0,0.6279,52.52
250488,2023,woody perennial crop,Kiwis,C8,"('2023-07-12', 'C8', 'woody', 2, [0.1075, 0.0, 0.1848, 0.0])",,2023-04-29,2023-10-03,0.0,0,52.52
417431,2016,annual crop,Mixed pasture,R1,"('2016-12-15', 'R1', 'rice', 2, [0.6415, 0.0, 0.3585, 1.0])","('2016-01-14', 'R1', 'rice', 2)",2016-07-16,2016-11-16,15.1,0,114.131
417431,2017,annual crop,Mixed pasture,P3,"('2017-10-19', 'P3', 'hay', 2, [0.9, 0.0, 0.1, 1.0])",,2017-07-22;2017-10-12,2017-12-03,0,0,152.418
417431,2018,annual crop,Mixed pasture,P3,"('2018-01-29', 'P3', 'hay', 2, [0.9, 0.0, 0.1, 1.0])",,,2018-03-18,0,0,109.779
417431,2019,annual crop,Mixed pasture,P3,"('2019-10-25', 'P3', 'hay', 2, [0.9, 0.0, 0.1, 1.0])","('2019-08-07', 'P3', 'hay', 2)",2019-06-29,2019-12-01,0.0,0.0,28.676
417431,2020,annual crop,Mixed pasture,P3,"('2020-11-16', 'P3', 'hay', 2, [0.9, 0.0, 0.1, 1.0])",,2020-06-20,2020-12-24,0.0,0.0,57.352
417431,2021,annual crop,Mixed pasture,P3,"('2021-10-28', 'P3', 'hay', 2, [0.9, 0.0, 0.1, 1.0])","('2021-05-24', 'P3', 'hay', 2)",2021-08-05,2021-12-07,0,0.0,86.02799999999999
417431,2022,annual crop,Mixed pasture,P3,"('2022-11-08', 'P3', 'hay', 2, [0.9, 0.0, 0.1, 1.0])","('2022-12-30', 'P3', 'hay', 2)",2022-07-24,,0,0.3614,86.02799999999999
417431,2023,annual crop,Mixed pasture,P3,"('2023-10-29', 'P3', 'hay', 2, [0.9, 0.0, 0.1, 1.0])",,2023-08-28,2023-02-01;2023-12-17,0,0.0,28.676
601779,2016,woody perennial crop,Apples,C5,"('2016-06-23', 'C5', 'woody', 2, [0.068, 0.0, 0.093, 0.0])",,2016-04-21,2016-08-06,11.0,0,0
601779,2017,woody perennial crop,Apples,C5,"('2017-07-07', 'C5', 'woody', 2, [0.068, 0.0, 0.093, 0.0])",,2017-04-02,2017-09-06,0,0,0
601779,2018,woody perennial crop,Apples,D1,"('2018-06-09', 'D1', 'woody', 2, [0.343, 0.0, 0.176, 0.0])",,2018-03-03,2018-07-22,0,1.0,67.9
601779,2019,woody perennial crop,Apples,D1,"('2019-07-14', 'D1', 'woody', 2, [0.343, 0.0, 0.176, 0.0])",,2019-03-31,2019-09-11,0.0,1.0,81.48
601779,2020,woody perennial crop,Apples,D1,"('2020-06-14', 'D1', 'woody', 2, [0.343, 0.0, 0.176, 0.0])",,2020-03-19,2020-07-29,0,1.0,81.48
601779,2021,woody perennial crop,Apples,D1,"('2021-04-30', 'D1', 'woody', 2, [0.343, 0.0, 0.176, 0.0])",,2021-02-12,2021-06-19,0,1.0,95.06
601779,2022,woody perennial crop,Apples,D1,"('2022-05-18', 'D1', 'woody', 2, [0.343, 0.0, 0.176, 0.0])",,2022-03-28;2022-12-16,2022-06-28,0,1.0,95.06
601779,2023,woody perennial crop,Apples,D1,"('2023-05-04', 'D1', 'woody', 2, [0.343, 0.0, 0.176, 0.0])",,,2023-07-22,0,0,67.9
237955,2016,annual crop,Miscellaneous grain and hay,D13,"('2016-05-05', 'D13', 'woody', 2, [0.051, 0.0, 0.035, 0.0])",,2016-01-01;2016-11-20,2016-05-29,0,0,43.122
237955,2017,annual crop,Miscellaneous grain and hay,D13,"('2017-05-10', 'D13', 'woody', 2, [0.051, 0.0, 0.035, 0.0])",,2017-11-23,2017-06-01,0,0,43.122
237955,2018,annual crop,Miscellaneous grain and hay,P3,"('2018-05-05', 'P3', 'hay', 2, [0.9, 0.0, 0.1, 1.0])","('2018-01-14', 'P3', 'hay', 2)",2018-12-07,2018-05-29,0,0.0885,28.748
237955,2019,annual crop,Miscellaneous grain and hay,P3,"('2019-05-10', 'P3', 'hay', 2, [0.9, 0.0, 0.1, 1.0])",,,2019-05-30,0,0,28.748
237955,2020,annual crop,Miscellaneous grain and hay,G6,,,2020-12-05,,10.4,0,0
237955,2021,annual crop,Miscellaneous grain and hay,G6,"('2021-06-12', 'G6', 'row', 2, [0.5221, 0.0, 0.4779, 1.0])","('2021-07-13', 'G6', 'row', 2)",2021-11-21,2021-05-19,6.2,0.3398,0
237955,2022,annual crop,Miscellaneous grain and hay,G6,"('2022-06-29', 'G6', 'row', 2, [0.5221, 0.0, 0.4779, 1.0])","('2022-01-26', 'G6', 'row', 2)",2022-12-06,2022-06-08,8.7,0.0,0
237955,2023,annual crop,Miscellaneous grain and hay,G6,"('2023-06-26', 'G6', 'row', 2, [0.5221, 0.0, 0.4779, 1.0])","('2023-01-01', 'G6', 'row', 2)",,2023-06-06,0,0,0
424527,2016,woody perennial crop,Avocados,D5,"('2016-11-17', 'D5', 'woody', 2, [0.122, 0.0, 0.044, 0.0])",,2016-08-15;2016-10-25,,10.9,0,145.21
424527,2017,woody perennial crop,Avocados,C5,"('2017-02-19', 'C5', 'woody', 2, [0.068, 0.0, 0.093, 0.0])",,,2017-01-18;2017-03-28,0,0,130.68900000000002
424527,2018,woody perennial crop,Avocados,C5,,,2018-09-04,,10.7,0,130.68900000000002
424527,2019,woody perennial crop,Avocados,C5,"('2019-01-09', 'C5', 'woody', 2, [0.068, 0.0, 0.093, 0.0])",,2019-08-29;2019-11-05,2019-02-02,18.799999999999997,0,130.68900000000002
424527,2020,woody perennial crop,Avocados,C5,"('2020-01-08', 'C5', 'woody', 2, [0.068, 0.0, 0.093, 0.0]);('2020-03-06', 'C5', 'woody', 2, [0.068, 0.0, 0.093, 0.0])",,,2020-02-01;2020-04-25,0,0,145.21
424527,2021,woody perennial crop,Avocados,C5,,,2021-11-16;2021-11-24,,9.1,0,145.21
424527,2022,woody perennial crop,Avocados,C5;T18;T30,"('2022-01-20', 'C5', 'woody', 2, [0.068, 0.0, 0.093, 0.0]);('2022-04-17', 'T18', 'row', 2, [0.5281, 0.1878, 0.4719, 0.8122])","('2022-03-20', 'T18', 'row', 2)",,2022-03-03;2022-03-15,27.1,1.0,159.731
424527,2023,woody perennial crop,Avocados,T30,"('2023-03-15', 'T30', 'row', 2, [0.8, 0.0, 0.2, 1.0])","('2023-06-05', 'T30', 'row', 2)",2023-01-05,2023-02-26,0,0,145.21
354196,2016,annual crop,Peppers,C5,"('2016-05-31', 'C5', 'woody', 2, [0.068, 0.0, 0.093, 0.0])",,2016-03-17,2016-06-18,8.9,0,0
354196,2017,annual crop,Peppers,C5,"('2017-05-23', 'C5', 'woody', 2, [0.068, 0.0, 0.093, 0.0])",,2017-03-23,2017-06-14,0,0,0
354196,2018,annual crop,Peppers,T21,"('2018-07-09', 'T21', 'row', 2, [0.6, 0.0, 0.4, 1.0])","('2018-01-24', 'T21', 'row', 2)",2018-03-31,2018-06-19,26.6,1.0,0
354196,2019,annual crop,Peppers,T21,"('2019-07-30', 'T21', 'row', 2, [0.6, 0.0, 0.4, 1.0])",,2019-04-12,2019-07-12,22.5,1.0,0
354196,2020,annual crop,Peppers,T21,"('2020-07-22', 'T21', 'row', 2, [0.6, 0.0, 0.4, 1.0])","('2020-10-30', 'T21', 'row', 2);('2020-12-13', 'T21', 'row', 2)",2020-04-10,2020-06-28,25.8,1.0,0
354196,2021,annual crop,Peppers,T21,"('2021-07-28', 'T21', 'row', 2, [0.6, 0.0, 0.4, 1.0])",,2021-04-11,2021-07-07,20.7,1.0,0
354196,2022,annual crop,Peppers,T21,"('2022-07-31', 'T21', 'row', 2, [0.6, 0.0, 0.4, 1.0])","('2022-06-08', 'T21', 'row', 2)",2022-03-30,2022-06-26,25.1,1.0,0
354196,2023,annual crop,Peppers,T21,"('2023-08-09', 'T21', 'row', 2, [0.6, 0.0, 0.4, 1.0])",,2023-04-16,2023-07-07,23.8,0,0
327540,2016,woody perennial crop,Plums/Prunes/Apricots (grouped for RS),T27,"('2016-06-29', 'T27', 'row', 2, [0.5281, 0.1878, 0.4719, 0.8122])",,2016-02-19,2016-05-30,0,0,0
327540,2017,woody perennial crop,Plums/Prunes/Apricots (grouped for RS),,,,2017-09-18,,0,0,0
327540,2018,woody perennial crop,Plums/Prunes/Apricots (grouped for RS),D16;T27,"('2018-01-25', 'T27', 'row', 2, [0.5281, 0.1878, 0.4719, 0.8122]);('2018-04-13', 'D16', 'woody', 2, [0.1416, 0.0, 0.0925, 0.0])",,2018-01-01,2018-01-09;2018-05-09,16.7,0.3563,0
327540,2019,woody perennial crop,Plums/Prunes/Apricots (grouped for RS),D16,"('2019-05-31', 'D16', 'woody', 2, [0.1416, 0.0, 0.0925, 0.0])",,2019-03-23,2019-06-24,6.5,0.6887,0
327540,2020,woody perennial crop,Plums/Prunes/Apricots (grouped for RS),D16,"('2020-07-29', 'D16', 'woody', 2, [0.1416, 0.0, 0.0925, 0.0])",,2020-06-02,2020-08-14,7.4,0.0,0
327540,2021,woody perennial crop,Plums/Prunes/Apricots (grouped for RS),D8,"('2021-07-13', 'D8', 'woody', 2, [0.236, 0.0, 0.028, 0.0])",,2021-04-07,2021-08-27,0,1.0,0
327540,2022,woody perennial crop,Plums/Prunes/Apricots (grouped for RS),D8,"('2022-06-14', 'D8', 'woody', 1, [0.236, 0.0, 0.028, 0.0])",,2022-04-03;2022-07-21,2022-08-13;2022-10-03,0.0,0,0
327540,2023,woody perennial crop,Plums/Prunes/Apricots (grouped for RS),,,,2023-04-20,2023-06-20,0,0,0
54800,2016,annual crop,Mixed pasture,G2,"('2016-07-09', 'G2', 'row', 2, [0.7135, 0.0, 0.2865, 1.0])",,2016-03-06,2016-06-08,24.5,0,0
54800,2017,annual crop,Mixed pasture,P3,"('2017-06-09', 'P3', 'hay', 2, [0.9, 0.0, 0.1, 1.0])",,2017-02-24,2017-08-08,0,0,0
54800,2018,annual crop,Mixed pasture,P3,"('2018-05-18', 'P3', 'hay', 2, [0.9, 0.0, 0.1, 1.0])","('2018-05-22', 'P3', 'hay', 2)",2018-03-17,2018-06-13,0,0.0,51.124
54800,2019,annual crop,Mixed pasture,P3,"('2019-05-17', 'P3', 'hay', 2, [0.9, 0.0, 0.1, 1.0])",,2019-01-28,2019-06-12,0,0.0,51.124
54800,2020,annual crop,Mixed pasture,P3,"('2020-05-26', 'P3', 'hay', 2, [0.9, 0.0, 0.1, 1.0])",,2020-02-06,2020-07-27,0,0.0,89.467
54800,2021,annual crop,Mixed pasture,P3,"('2021-06-06', 'P3', 'hay', 2, [0.9, 0.0, 0.1, 1.0])","('2021-09-14', 'P3', 'hay', 2)",2021-02-27;2021-12-20,2021-08-21,0,0.0,89.467
54800,2022,annual crop,Mixed pasture,P3,"('2022-05-21', 'P3', 'hay', 2, [0.9, 0.0, 0.1, 1.0])",,,2022-06-08,0.0,0.0359,89.467
54800,2023,annual crop,Mixed pasture,P3,"('2023-06-18', 'P3', 'hay', 2, [0.9, 0.0, 0.1, 1.0])","('2023-04-06', 'P3', 'hay', 2)",2023-04-02,2023-09-15,0,0,51.124
24366,2016,woody perennial crop,(no subclass),D14,"('2016-04-17', 'D14', 'woody', 2, [0.101, 0.0, 0.033, 0.0])",,2016-02-28,2016-05-12,24.3,0,215.079
24366,2017,woody perennial crop,(no subclass),D14,"('2017-03-24', 'D14', 'woody', 2, [0.101, 0.0, 0.033, 0.0])",,2017-01-26,2017-04-18,0,0,213.418
24366,2018,woody perennial crop,(no subclass),F1,"('2018-10-28', 'F1', 'row', 2, [0.45, 0.0, 0.55, 1.0])",,2018-06-18,2018-10-05,13.1,0,139.046
24366,2019,woody perennial crop,(no subclass),,,,,,0,0,81.341
24366,2020,woody perennial crop,(no subclass),,,,,,0,0,80.53
24366,2021,woody perennial crop,(no subclass),,,,,,0,0,95.689
24366,2022,woody perennial crop,(no subclass),,,,,,0,0,95.386
24366,2023,woody perennial crop,(no subclass),G6,"('2023-05-30', 'G6', 'row', 2, [0.5221, 0.0, 0.4779, 1.0])","('2023-07-13', 'G6', 'row', 2)",2023-03-09,2023-05-10,6.3,0,33.888999999999996
276098,2016,annual crop,Miscellaneous truck,V2,"('2016-09-11', 'V2', 'woody', 2, [0.1416, 0.0, 0.0925, 0.0])",,2016-06-02;2016-11-24,2016-11-06,5.1,0,192.641
276098,2017,annual crop,Miscellaneous truck,V2,"('2017-02-12', 'V2', 'woody', 2, [0.1416, 0.0, 0.0925, 0.0])",,,2017-03-09,0,0,197.469
276098,2018,annual crop,Miscellaneous truck,T18,,"('2018-03-25', 'T18', 'row', 2)",2018-07-19,2018-10-30,0,0,140.929
276098,2019,annual crop,Miscellaneous truck,T18,"('2019-02-12', 'T18', 'row', 2, [0.5281, 0.1878, 0.4719, 0.8122]);('2019-07-13', 'T18', 'row', 2, [0.5281, 0.1878, 0.4719, 0.8122])","('2019-07-10', 'T18', 'row', 2)",2019-02-15,2019-06-05,0,1.0,76.83500000000001
276098,2020,annual crop,Miscellaneous truck,T18,"('2020-12-03', 'T18', 'row', 2, [0.5281, 0.1878, 0.4719, 0.8122])",,2020-06-09,2020-10-06,0,1.0,92.202
276098,2021,annual crop,Miscellaneous truck,,,,2021-07-25,2021-12-07,0,0,107.569
276098,2022,annual crop,Miscellaneous truck,T18,"('2022-01-20', 'T18', 'row', 2, [0.5281, 0.1878, 0.4719, 0.8122]);('2022-12-13', 'T18', 'row', 2, [0.5281, 0.1878, 0.4719, 0.8122])",,2022-07-29,2022-10-22,0,1.8458,107.569
276098,2023,annual crop,Miscellaneous truck,T18,"('2023-12-18', 'T18', 'row', 2, [0.5281, 0.1878, 0.4719, 0.8122])","('2023-05-28', 'T18', 'row', 2)",2023-06-12,2023-11-14,0,0,76.83500000000001
420047,2016,annual crop,"Flowers, nursery, Christmas trees",T18,"('2016-04-17', 'T18', 'row', 2, [0.5281, 0.1878, 0.4719, 0.8122])","('2016-01-27', 'T18', 'row', 2)",2016-01-01;2016-12-28,2016-03-17,0,0,104.076
420047,2017,annual crop,"Flowers, nursery, Christmas trees",T16,"('2017-06-06', 'T16', 'row', 2, [0.5281, 0.1878, 0.4719, 0.8122])",,,2017-04-16,0,0,104.072
420047,2018,annual crop,"Flowers, nursery, Christmas trees",T16,"('2018-09-07', 'T16', 'row', 2, [0.5281, 0.1878, 0.4719, 0.8122])",,2018-06-08,2018-08-23,0,0,98.087
420047,2019,annual crop,"Flowers, nursery, Christmas trees",T16,"('2019-09-11', 'T16', 'row', 2, [0.5281, 0.1878, 0.4719, 0.8122])","('2019-06-18', 'T16', 'row', 2)",2019-01-23,2019-06-30,0,0,91.55499999999999
420047,2020,annual crop,"Flowers, nursery, Christmas trees",T16,"('2020-09-06', 'T16', 'row', 2, [0.5281, 0.1878, 0.4719, 0.8122])",,2020-06-07,2020-08-22,0,0,92.581
420047,2021,annual crop,"Flowers, nursery, Christmas trees",,,,,,0,0,103.848
420047,2022,annual crop,"Flowers, nursery, Christmas trees",T16,"('2022-10-15', 'T16', 'row', 2, [0.5281, 0.1878, 0.4719, 0.8122])",,2022-07-23,2022-09-25,0,0,105.369
420047,2023,annual crop,"Flowers, nursery, Christmas trees",T16,"('2023-09-07', 'T16', 'row', 2, [0.5281, 0.1878, 0.4719, 0.8122])","('2023-03-09', 'T16', 'row', 2)",2023-06-08,2023-08-23,0,0,84.925
257423,2016,woody perennial crop,Almonds,P1,"('2016-05-03', 'P1', 'hay', 2, [0.85, 0.0, 0.15, 1.0])",,2016-03-07,2016-07-20,0,0,16.211
257423,2017,woody perennial crop,Almonds,P1,"('2017-05-10', 'P1', 'hay', 2, [0.85, 0.0, 0.15, 1.0])","('2017-03-11', 'P1', 'hay', 2)",2017-02-12,2017-07-05,0,0,16.211
257423,2018,woody perennial crop,Almonds,D12,"('2018-04-11', 'D12', 'woody', 2, [0.131, 0.0, 0.032, 0.0])",,2018-02-21,2018-06-20,13.6,0.5726,113.47699999999999
257423,2019,woody perennial crop,Almonds,D12,"('2019-04-21', 'D12', 'woody', 2, [0.131, 0.0, 0.032, 0.0])",,2019-01-23;2019-12-12,2019-06-03,46.4,0.0,81.05499999999999
257423,2020,woody perennial crop,Almonds,,,,,2020-03-30,0,0,97.26599999999999
257423,2021,woody perennial crop,Almonds,,,,2021-02-23;2021-12-22,2021-04-23,0,0,129.688
257423,2022,woody perennial crop,Almonds,D12,,,2022-10-29,2022-05-16,8.0,0,97.26599999999999
257423,2023,woody perennial crop,Almonds,,,,,2023-02-24,0,0,81.05499999999999
338040,2016,annual crop,Strawberries,V2,,,2016-09-20,,5.6,0,93.99
338040,2017,annual crop,Strawberries,V2,"('2017-01-04', 'V2', 'woody', 2, [0.1416, 0.0, 0.0925, 0.0]);('2017-12-15', 'V2', 'woody', 2, [0.1416, 0.0, 0.0925, 0.0])",,2017-09-20,2017-02-02,0,0,109.655
338040,2018,annual crop,Strawberries,T20,,"('2018-05-16', 'T20', 'row', 2);('2018-12-18', 'T20', 'row', 2)",2018-09-19,2018-01-31,28.6,0,97.26899999999999
338040,2019,annual crop,Strawberries,T20,"('2019-03-31', 'T20', 'row', 2, [0.45, 0.0, 0.55, 1.0])",,2019-09-23,2019-02-12,17.3,1.0,51.653
338040,2020,annual crop,Strawberries,T20,"('2020-03-03', 'T20', 'row', 2, [0.45, 0.0, 0.55, 1.0])","('2020-02-17', 'T20', 'row', 2)",2020-09-16,2020-02-08,20.9,0.8506,51.716
338040,2021,annual crop,Strawberries,T20,"('2021-02-19', 'T20', 'row', 2, [0.45, 0.0, 0.55, 1.0])",,2021-09-18,2021-02-05,22.7,0.9573,53.903
338040,2022,annual crop,Strawberries,T20,"('2022-03-07', 'T20', 'row', 2, [0.45, 0.0, 0.55, 1.0]);('2022-04-14', 'T20', 'row', 2, [0.45, 0.0, 0.55, 1.0])",,2022-03-04,2022-01-22;2022-04-04,25.3,1.0,59.59
338040,2023,annual crop,Strawberries,T20,,"('2023-01-28', 'T20', 'row', 2)",2023-09-13,,28.3,1.0,51.856
378874,2016,woody perennial crop,(no subclass),T18,"('2016-12-27', 'T18', 'row', 2, [0.5281, 0.1878, 0.4719, 0.8122])",,2016-07-11,2016-11-28,0,0,123.501
378874,2017,woody perennial crop,(no subclass),T18,"('2017-07-31', 'T18', 'row', 2, [0.5281, 0.1878, 0.4719, 0.8122])","('2017-05-23', 'T18', 'row', 2)",2017-05-15,2017-07-14,0,0,120.407
378874,2018,woody perennial crop,(no subclass),,,,,,0,0,119.337
378874,2019,woody perennial crop,(no subclass),V2,"('2019-10-15', 'V2', 'woody', 2, [0.1416, 0.0, 0.0925, 0.0])",,2019-07-20,2019-11-27,6.4,0,110.979
378874,2020,woody perennial crop,(no subclass),,,,,,0,0,116.402
378874,2021,woody perennial crop,(no subclass),,,,,,0,0,124.359
378874,2022,woody perennial crop,(no subclass),V2,"('2022-09-27', 'V2', 'woody', 2, [0.1416, 0.0, 0.0925, 0.0])",,2022-07-09,2022-11-16,3.7,0,120.64
378874,2023,woody perennial crop,(no subclass),V2,"('2023-09-20', 'V2', 'woody', 2, [0.1416, 0.0, 0.0925, 0.0])",,2023-07-19,2023-11-11,6.4,0,107.369
520659,2016,annual crop,(no subclass),D12,"('2016-02-08', 'D12', 'woody', 2, [0.131, 0.0, 0.032, 0.0])",,2016-01-01,2016-03-05,0,0,112.629
520659,2017,annual crop,(no subclass),D12,"('2017-08-06', 'D12', 'woody', 2, [0.131, 0.0, 0.032, 0.0])",,2017-06-11,2017-10-09,0,0,92.505
520659,2018,annual crop,(no subclass),,,,,,0,0,92.505
520659,2019,annual crop,(no subclass),,,,,,0,0,92.505
520659,2020,annual crop,(no subclass),,,,,,0,0,92.505
520659,2021,annual crop,(no subclass),G6;G2,"('2021-06-12', 'G6', 'row', 2, [0.5221, 0.0, 0.4779, 1.0])",,2021-02-23,2021-05-06,31.6,1.0,13.215
520659,2022,annual crop,(no subclass),G2,"('2022-05-23', 'G2', 'row', 2, [0.7135, 0.0, 0.2865, 1.0])","('2022-02-09', 'G2', 'row', 2)",2022-01-23,2022-04-25,0,1.0,13.215
520659,2023,annual crop,(no subclass),R1,"('2023-10-18', 'R1', 'rice', 2, [0.6415, 0.0, 0.3585, 1.0])","('2023-05-21', 'R1', 'rice', 2)",2023-06-22,2023-09-29,15.1,0,104.877
41669,2016,woody perennial crop,Avocados,D12,"('2016-04-10', 'D12', 'woody', 2, [0.131, 0.0, 0.032, 0.0])",,2016-02-05,2016-05-02,17.2,0,119.792
41669,2017,woody perennial crop,Avocados,D12,"('2017-03-14', 'D12', 'woody', 2, [0.131, 0.0, 0.032, 0.0])",,2017-01-07,2017-04-09,0,0,102.479
41669,2018,woody perennial crop,Avocados,C5,"('2018-04-19', 'C5', 'woody', 2, [0.068, 0.0, 0.093, 0.0])",,2018-02-19,2018-05-13,9.0,0.0,64.461
41669,2019,woody perennial crop,Avocados,C5,"('2019-03-07', 'C5', 'woody', 2, [0.068, 0.0, 0.093, 0.0])",,2019-01-04;2019-12-22,2019-04-03,19.4,0.0,64.672
41669,2020,woody perennial crop,Avocados,C5,"('2020-03-01', 'C5', 'woody', 2, [0.068, 0.0, 0.093, 0.0])",,,2020-04-27,0,0,80.67099999999999
41669,2021,woody perennial crop,Avocados,,,,,,0,0,64.056
41669,2022,woody perennial crop,Avocados,,,,,,0,0,96.684
41669,2023,woody perennial crop,Avocados,,,,,,0,0,64.485
436143,2016,annual crop,Lettuce or leafy greens (grouped for RS only),V2,"('2016-04-10', 'V2', 'woody', 2, [0.1416, 0.0, 0.0925, 0.0])",,2016-02-09,2016-05-10,6.2,0,117.675
436143,2017,annual crop,Lettuce or leafy greens (grouped for RS only),V2,"('2017-07-30', 'V2', 'woody', 2, [0.1416, 0.0, 0.0925, 0.0])",,2017-05-26,2017-08-17,0,0,143.825
436143,2018,annual crop,Lettuce or leafy greens (grouped for RS only),T30,"('2018-04-24', 'T30', 'row', 2, [0.8, 0.0, 0.2, 1.0])",,2018-01-27,2018-03-29,24.9,1.0,130.75
436143,2019,annual crop,Lettuce or leafy greens (grouped for RS only),T30,"('2019-07-02', 'T30', 'row', 2, [0.8, 0.0, 0.2, 1.0])","('2019-03-13', 'T30', 'row', 2)",2019-04-07,2019-06-07,19.4,1.0,143.825
436143,2020,annual crop,Lettuce or leafy greens (grouped for RS only),T30,"('2020-05-19', 'T30', 'row', 2, [0.8, 0.0, 0.2, 1.0])","('2020-05-17', 'T30', 'row', 2);('2020-12-14', 'T30', 'row', 2)",2020-02-28,2020-04-22,28.5,0.9373,130.75
436143,2021,annual crop,Lettuce or leafy greens (grouped for RS only),T30,"('2021-03-29', 'T30', 'row', 2, [0.8, 0.0, 0.2, 1.0])",,2021-01-22;2021-12-21,2021-03-16,44.4,0.856,130.75
436143,2022,annual crop,Lettuce or leafy greens (grouped for RS only),T30,"('2022-03-09', 'T30', 'row', 2, [0.8, 0.0, 0.2, 1.0])",,,2022-02-18,0.0,1.0,143.825
436143,2023,annual crop,Lettuce or leafy greens (grouped for RS only),T30,"('2023-04-22', 'T30', 'row', 2, [0.8, 0.0, 0.2, 1.0])",,2023-02-06,2023-04-04,27.1,0,143.825
371139,2016,woody perennial crop,Avocados,C5,"('2016-05-06', 'C5', 'woody', 2, [0.068, 0.0, 0.093, 0.0])",,2016-03-02,2016-06-02,9.9,0,0
371139,2017,woody perennial crop,Avocados,C5,"('2017-06-14', 'C5', 'woody', 2, [0.068, 0.0, 0.093, 0.0])",,2017-04-29,2017-08-24,0,0,0
371139,2018,woody perennial crop,Avocados,C5,"('2018-06-06', 'C5', 'woody', 2, [0.068, 0.0, 0.093, 0.0])",,2018-04-17,2018-07-01,7.7,0,0
371139,2019,woody perennial crop,Avocados,C5,"('2019-03-18', 'C5', 'woody', 2, [0.068, 0.0, 0.093, 0.0])",,2019-01-16,2019-04-11,7.9,0,0
371139,2020,woody perennial crop,Avocados,C5,"('2020-02-10', 'C5', 'woody', 2, [0.068, 0.0, 0.093, 0.0])",,2020-01-17,2020-02-21,9.9,0,0
371139,2021,woody perennial crop,Avocados,C5,"('2021-03-23', 'C5', 'woody', 2, [0.068, 0.0, 0.093, 0.0])",,2021-01-09,2021-04-22,10.8,0,0
371139,2022,woody perennial crop,Avocados,C5,"('2022-03-20', 'C5', 'woody', 2, [0.068, 0.0, 0.093, 0.0])",,2022-01-07,2022-04-25,9.2,0,0
371139,2023,woody perennial crop,Avocados,C5,"('2023-04-03', 'C5', 'woody', 2, [0.068, 0.0, 0.093, 0.0])",,2023-01-03,2023-05-12,7.9,0,0
510456,2016,annual crop,(no subclass),C5,"('2016-03-27', 'C5', 'woody', 2, [0.068, 0.0, 0.093, 0.0])",,2016-01-27,2016-04-29,9.5,0,59.30500000000001
510456,2017,annual crop,(no subclass),R1,"('2017-11-10', 'R1', 'rice', 2, [0.6415, 0.0, 0.3585, 1.0])",,2017-07-16,2017-10-08,0,0,71.166
510456,2018,annual crop,(no subclass),R1,"('2018-11-02', 'R1', 'rice', 2, [0.6415, 0.0, 0.3585, 1.0])",,2018-06-30,2018-09-30,14.3,0,106.459
510456,2019,annual crop,(no subclass),,,,,,0,0,153.22
510456,2020,annual crop,(no subclass),,,,,,0,0,172.474
510456,2021,annual crop,(no subclass),R1,"('2021-10-23', 'R1', 'rice', 2, [0.6415, 0.0, 0.3585, 1.0])","('2021-05-25', 'R1', 'rice', 2)",2021-06-30,2021-10-02,13.4,0,169.002
510456,2022,annual crop,(no subclass),G6,,,,,13.3,0,181.773
510456,2023,annual crop,(no subclass),G6,"('2023-09-11', 'G6', 'row', 2, [0.5221, 0.0, 0.4779, 1.0])",,2023-02-10,2023-05-17,0,0,11.861
24007,2016,woody perennial crop,Wine grapes,C5,"('2016-08-20', 'C5', 'woody', 2, [0.068, 0.0, 0.093, 0.0])",,2016-05-26,2016-10-05,9.2,0,96.96
24007,2017,woody perennial crop,Wine grapes,V2,"('2017-08-28', 'V2', 'woody', 2, [0.1416, 0.0, 0.0925, 0.0])",,2017-05-19,2017-10-10,0,0,96.96
24007,2018,woody perennial crop,Wine grapes,V2,"('2018-07-28', 'V2', 'woody', 2, [0.1416, 0.0, 0.0925, 0.0])",,2018-05-29,2018-10-19,6.7,0,96.96
24007,2019,woody perennial crop,Wine grapes,V2,"('2019-08-17', 'V2', 'woody', 2, [0.1416, 0.0, 0.0925, 0.0])",,2019-06-01,2019-10-19,3.2,0,96.96
24007,2020,woody perennial crop,Wine grapes,V2,"('2020-08-21', 'V2', 'woody', 2, [0.1416, 0.0, 0.0925, 0.0])",,2020-05-31,2020-10-13,5.2,0,109.08
24007,2021,woody perennial crop,Wine grapes,V2,"('2021-07-30', 'V2', 'woody', 2, [0.1416, 0.0, 0.0925, 0.0])",,2021-05-29,2021-10-15,4.0,0,109.08
24007,2022,woody perennial crop,Wine grapes,V2,"('2022-09-15', 'V2', 'woody', 2, [0.1416, 0.0, 0.0925, 0.0])",,2022-05-29,2022-11-04,5.5,0,109.08
24007,2023,woody perennial crop,Wine grapes,V2,"('2023-09-20', 'V2', 'woody', 2, [0.1416, 0.0, 0.0925, 0.0])",,2023-05-29,2023-10-28,5.1,0,109.08
462857,2016,annual crop,Alfalfa and alfalfa mixtures,T18,"('2016-04-30', 'T18', 'row', 2, [0.5281, 0.1878, 0.4719, 0.8122])",,2016-01-21;2016-12-25,2016-04-11,0,0,0
462857,2017,annual crop,Alfalfa and alfalfa mixtures,T18,"('2017-06-17', 'T18', 'row', 2, [0.5281, 0.1878, 0.4719, 0.8122])",,2017-12-06,2017-05-30,0,0,0
462857,2018,annual crop,Alfalfa and alfalfa mixtures,F11;T6,"('2018-07-04', 'F11', 'row', 2, [0.2841, 0.0, 0.7159, 1.0])",,2018-11-17,2018-06-11,21.2,1.0,0
462857,2019,annual crop,Alfalfa and alfalfa mixtures,T6,"('2019-05-02', 'T6', 'row', 2, [0.2, 0.2, 0.8, 0.8])",,2019-12-23,2019-04-03,0,1.0,0
462857,2020,annual crop,Alfalfa and alfalfa mixtures,P1,"('2020-04-01', 'P1', 'hay', 2, [0.85, 0.0, 0.15, 1.0])","('2020-03-27', 'P1', 'hay', 2)",,2020-06-13,0,0.5967,0
462857,2021,annual crop,Alfalfa and alfalfa mixtures,P1,"('2021-03-29', 'P1', 'hay', 2, [0.85, 0.0, 0.15, 1.0])","('2021-05-23', 'P1', 'hay', 2)",2021-01-20;2021-10-24,2021-06-25,0.0,0,0
462857,2022,annual crop,Alfalfa and alfalfa mixtures,P1;F5,"('2022-04-27', 'P1', 'hay', 2, [0.85, 0.0, 0.15, 1.0])","('2022-02-10', 'P1', 'hay', 2)",2022-12-26,2022-06-07,0.0,0.0425,0
462857,2023,annual crop,Alfalfa and alfalfa mixtures,F5,"('2023-07-26', 'F5', 'row', 2, [0.7143, 0.7143, 0.2857, 0.2857])",,,2023-07-07,0,0,0
