site_id,treatment,treatment_events,reference,reference_events,status,exposure_file,assumptions_file,runtime_requirements
328163,cover_annual,events/328163/cover_annual/events.in,cover_none,events/328163/cover_none/events.in,prepared_with_assumptions,exposure.csv,assumptions.csv,preserve the site parameters in both arms; native events do not encode species traits; verify cover physiology and full termination before interpreting responses
328163,mineral_N_zero,events/328163/mineral_N_zero/events.in,fertilizer_reference,events/328163/fertilizer_reference/events.in,prepared,exposure.csv,assumptions.csv,existing source configuration and parameter mapping; model execution not validated
328163,mineral_N_half,events/328163/mineral_N_half/events.in,fertilizer_reference,events/328163/fertilizer_reference/events.in,prepared,exposure.csv,assumptions.csv,existing source configuration and parameter mapping; model execution not validated
328163,mineral_N_one_half,events/328163/mineral_N_one_half/events.in,fertilizer_reference,events/328163/fertilizer_reference/events.in,prepared,exposure.csv,assumptions.csv,existing source configuration and parameter mapping; model execution not validated
328163,organic_substitution,events/328163/organic_substitution/events.in,fertilizer_reference,events/328163/fertilizer_reference/events.in,prepared_with_assumptions,exposure.csv,assumptions.csv,existing source configuration and parameter mapping; model execution not validated
328163,tillage_reduced,events/328163/tillage_reduced/events.in,tillage_reference,events/328163/tillage_reference/events.in,prepared,exposure.csv,assumptions.csv,existing source configuration and parameter mapping; model execution not validated
328163,tillage_zero,events/328163/tillage_zero/events.in,tillage_reference,events/328163/tillage_reference/events.in,prepared,exposure.csv,assumptions.csv,existing source configuration and parameter mapping; model execution not validated
26336,mineral_N_zero,events/26336/mineral_N_zero/events.in,fertilizer_reference,events/26336/fertilizer_reference/events.in,prepared,exposure.csv,assumptions.csv,existing source configuration and parameter mapping; model execution not validated
26336,mineral_N_half,events/26336/mineral_N_half/events.in,fertilizer_reference,events/26336/fertilizer_reference/events.in,prepared,exposure.csv,assumptions.csv,existing source configuration and parameter mapping; model execution not validated
26336,mineral_N_one_half,events/26336/mineral_N_one_half/events.in,fertilizer_reference,events/26336/fertilizer_reference/events.in,prepared,exposure.csv,assumptions.csv,existing source configuration and parameter mapping; model execution not validated
26336,organic_substitution,events/26336/organic_substitution/events.in,fertilizer_reference,events/26336/fertilizer_reference/events.in,prepared_with_assumptions,exposure.csv,assumptions.csv,existing source configuration and parameter mapping; model execution not validated
26336,tillage_reduced,events/26336/tillage_reduced/events.in,tillage_reference,events/26336/tillage_reference/events.in,prepared,exposure.csv,assumptions.csv,existing source configuration and parameter mapping; model execution not validated
26336,tillage_zero,events/26336/tillage_zero/events.in,tillage_reference,events/26336/tillage_reference/events.in,prepared,exposure.csv,assumptions.csv,existing source configuration and parameter mapping; model execution not validated
565118,cover_annual,events/565118/cover_annual/events.in,cover_none,events/565118/cover_none/events.in,prepared_with_assumptions,exposure.csv,assumptions.csv,preserve the site parameters in both arms; native events do not encode species traits; verify cover physiology and full termination before interpreting responses
565118,mineral_N_zero,events/565118/mineral_N_zero/events.in,fertilizer_reference,events/565118/fertilizer_reference/events.in,prepared,exposure.csv,assumptions.csv,existing source configuration and parameter mapping; model execution not validated
565118,mineral_N_half,events/565118/mineral_N_half/events.in,fertilizer_reference,events/565118/fertilizer_reference/events.in,prepared,exposure.csv,assumptions.csv,existing source configuration and parameter mapping; model execution not validated
565118,mineral_N_one_half,events/565118/mineral_N_one_half/events.in,fertilizer_reference,events/565118/fertilizer_reference/events.in,prepared,exposure.csv,assumptions.csv,existing source configuration and parameter mapping; model execution not validated
565118,organic_substitution,events/565118/organic_substitution/events.in,fertilizer_reference,events/565118/fertilizer_reference/events.in,prepared_with_assumptions,exposure.csv,assumptions.csv,existing source configuration and parameter mapping; model execution not validated
565118,tillage_reduced,events/565118/tillage_reduced/events.in,tillage_reference,events/565118/tillage_reference/events.in,prepared,exposure.csv,assumptions.csv,existing source configuration and parameter mapping; model execution not validated
565118,tillage_zero,events/565118/tillage_zero/events.in,tillage_reference,events/565118/tillage_reference/events.in,prepared,exposure.csv,assumptions.csv,existing source configuration and parameter mapping; model execution not validated
159849,mineral_N_zero,events/159849/mineral_N_zero/events.in,fertilizer_reference,events/159849/fertilizer_reference/events.in,prepared,exposure.csv,assumptions.csv,existing source configuration and parameter mapping; model execution not validated
159849,mineral_N_half,events/159849/mineral_N_half/events.in,fertilizer_reference,events/159849/fertilizer_reference/events.in,prepared,exposure.csv,assumptions.csv,existing source configuration and parameter mapping; model execution not validated
159849,mineral_N_one_half,events/159849/mineral_N_one_half/events.in,fertilizer_reference,events/159849/fertilizer_reference/events.in,prepared,exposure.csv,assumptions.csv,existing source configuration and parameter mapping; model execution not validated
159849,organic_substitution,events/159849/organic_substitution/events.in,fertilizer_reference,events/159849/fertilizer_reference/events.in,prepared_with_assumptions,exposure.csv,assumptions.csv,existing source configuration and parameter mapping; model execution not validated
159849,tillage_reduced,events/159849/tillage_reduced/events.in,tillage_reference,events/159849/tillage_reference/events.in,prepared,exposure.csv,assumptions.csv,existing source configuration and parameter mapping; model execution not validated
159849,tillage_zero,events/159849/tillage_zero/events.in,tillage_reference,events/159849/tillage_reference/events.in,prepared,exposure.csv,assumptions.csv,existing source configuration and parameter mapping; model execution not validated
522375,cover_annual,events/522375/cover_annual/events.in,cover_none,events/522375/cover_none/events.in,prepared_with_assumptions,exposure.csv,assumptions.csv,preserve the site parameters in both arms; native events do not encode species traits; verify cover physiology and full termination before interpreting responses
522375,mineral_N_zero,events/522375/mineral_N_zero/events.in,fertilizer_reference,events/522375/fertilizer_reference/events.in,prepared,exposure.csv,assumptions.csv,existing source configuration and parameter mapping; model execution not validated
522375,mineral_N_half,events/522375/mineral_N_half/events.in,fertilizer_reference,events/522375/fertilizer_reference/events.in,prepared,exposure.csv,assumptions.csv,existing source configuration and parameter mapping; model execution not validated
522375,mineral_N_one_half,events/522375/mineral_N_one_half/events.in,fertilizer_reference,events/522375/fertilizer_reference/events.in,prepared,exposure.csv,assumptions.csv,existing source configuration and parameter mapping; model execution not validated
522375,organic_substitution,events/522375/organic_substitution/events.in,fertilizer_reference,events/522375/fertilizer_reference/events.in,prepared_with_assumptions,exposure.csv,assumptions.csv,existing source configuration and parameter mapping; model execution not validated
522375,tillage_reduced,events/522375/tillage_reduced/events.in,tillage_reference,events/522375/tillage_reference/events.in,prepared,exposure.csv,assumptions.csv,existing source configuration and parameter mapping; model execution not validated
522375,tillage_zero,events/522375/tillage_zero/events.in,tillage_reference,events/522375/tillage_reference/events.in,prepared,exposure.csv,assumptions.csv,existing source configuration and parameter mapping; model execution not validated
534243,mineral_N_zero,events/534243/mineral_N_zero/events.in,fertilizer_reference,events/534243/fertilizer_reference/events.in,prepared,exposure.csv,assumptions.csv,existing source configuration and parameter mapping; model execution not validated
534243,mineral_N_half,events/534243/mineral_N_half/events.in,fertilizer_reference,events/534243/fertilizer_reference/events.in,prepared,exposure.csv,assumptions.csv,existing source configuration and parameter mapping; model execution not validated
534243,mineral_N_one_half,events/534243/mineral_N_one_half/events.in,fertilizer_reference,events/534243/fertilizer_reference/events.in,prepared,exposure.csv,assumptions.csv,existing source configuration and parameter mapping; model execution not validated
534243,organic_substitution,events/534243/organic_substitution/events.in,fertilizer_reference,events/534243/fertilizer_reference/events.in,prepared_with_assumptions,exposure.csv,assumptions.csv,existing source configuration and parameter mapping; model execution not validated
534243,tillage_reduced,events/534243/tillage_reduced/events.in,tillage_reference,events/534243/tillage_reference/events.in,prepared,exposure.csv,assumptions.csv,existing source configuration and parameter mapping; model execution not validated
534243,tillage_zero,events/534243/tillage_zero/events.in,tillage_reference,events/534243/tillage_reference/events.in,prepared,exposure.csv,assumptions.csv,existing source configuration and parameter mapping; model execution not validated
205678,cover_annual,events/205678/cover_annual/events.in,cover_none,events/205678/cover_none/events.in,prepared_with_assumptions,exposure.csv,assumptions.csv,preserve the site parameters in both arms; native events do not encode species traits; verify cover physiology and full termination before interpreting responses
205678,mineral_N_zero,events/205678/mineral_N_zero/events.in,fertilizer_reference,events/205678/fertilizer_reference/events.in,prepared,exposure.csv,assumptions.csv,existing source configuration and parameter mapping; model execution not validated
205678,mineral_N_half,events/205678/mineral_N_half/events.in,fertilizer_reference,events/205678/fertilizer_reference/events.in,prepared,exposure.csv,assumptions.csv,existing source configuration and parameter mapping; model execution not validated
205678,mineral_N_one_half,events/205678/mineral_N_one_half/events.in,fertilizer_reference,events/205678/fertilizer_reference/events.in,prepared,exposure.csv,assumptions.csv,existing source configuration and parameter mapping; model execution not validated
205678,organic_substitution,events/205678/organic_substitution/events.in,fertilizer_reference,events/205678/fertilizer_reference/events.in,prepared_with_assumptions,exposure.csv,assumptions.csv,existing source configuration and parameter mapping; model execution not validated
205678,tillage_reduced,events/205678/tillage_reduced/events.in,tillage_reference,events/205678/tillage_reference/events.in,prepared,exposure.csv,assumptions.csv,existing source configuration and parameter mapping; model execution not validated
205678,tillage_zero,events/205678/tillage_zero/events.in,tillage_reference,events/205678/tillage_reference/events.in,prepared,exposure.csv,assumptions.csv,existing source configuration and parameter mapping; model execution not validated
205678,rice_one_dry,events/205678/rice_one_dry/events.in,rice_irrigated_reference,events/205678/rice_irrigated_reference/events.in,prepared_with_assumptions,exposure.csv,assumptions.csv,"preserve the same site parameters in both arms; flooding-capable configuration required; verify ponding, drying and rewetting in model outputs"
205678,rice_two_dry,events/205678/rice_two_dry/events.in,rice_irrigated_reference,events/205678/rice_irrigated_reference/events.in,prepared_with_assumptions,exposure.csv,assumptions.csv,"preserve the same site parameters in both arms; flooding-capable configuration required; verify ponding, drying and rewetting in model outputs"
169473,mineral_N_zero,events/169473/mineral_N_zero/events.in,fertilizer_reference,events/169473/fertilizer_reference/events.in,prepared,exposure.csv,assumptions.csv,existing source configuration and parameter mapping; model execution not validated
169473,mineral_N_half,events/169473/mineral_N_half/events.in,fertilizer_reference,events/169473/fertilizer_reference/events.in,prepared,exposure.csv,assumptions.csv,existing source configuration and parameter mapping; model execution not validated
169473,mineral_N_one_half,events/169473/mineral_N_one_half/events.in,fertilizer_reference,events/169473/fertilizer_reference/events.in,prepared,exposure.csv,assumptions.csv,existing source configuration and parameter mapping; model execution not validated
169473,organic_substitution,events/169473/organic_substitution/events.in,fertilizer_reference,events/169473/fertilizer_reference/events.in,prepared_with_assumptions,exposure.csv,assumptions.csv,existing source configuration and parameter mapping; model execution not validated
169473,tillage_reduced,events/169473/tillage_reduced/events.in,tillage_reference,events/169473/tillage_reference/events.in,prepared,exposure.csv,assumptions.csv,existing source configuration and parameter mapping; model execution not validated
169473,tillage_zero,events/169473/tillage_zero/events.in,tillage_reference,events/169473/tillage_reference/events.in,prepared,exposure.csv,assumptions.csv,existing source configuration and parameter mapping; model execution not validated
592578,cover_annual,events/592578/cover_annual/events.in,cover_none,events/592578/cover_none/events.in,prepared_with_assumptions,exposure.csv,assumptions.csv,preserve the site parameters in both arms; native events do not encode species traits; verify cover physiology and full termination before interpreting responses
592578,mineral_N_zero,events/592578/mineral_N_zero/events.in,fertilizer_reference,events/592578/fertilizer_reference/events.in,prepared,exposure.csv,assumptions.csv,existing source configuration and parameter mapping; model execution not validated
592578,mineral_N_half,events/592578/mineral_N_half/events.in,fertilizer_reference,events/592578/fertilizer_reference/events.in,prepared,exposure.csv,assumptions.csv,existing source configuration and parameter mapping; model execution not validated
592578,mineral_N_one_half,events/592578/mineral_N_one_half/events.in,fertilizer_reference,events/592578/fertilizer_reference/events.in,prepared,exposure.csv,assumptions.csv,existing source configuration and parameter mapping; model execution not validated
592578,organic_substitution,events/592578/organic_substitution/events.in,fertilizer_reference,events/592578/fertilizer_reference/events.in,prepared_with_assumptions,exposure.csv,assumptions.csv,existing source configuration and parameter mapping; model execution not validated
592578,tillage_reduced,events/592578/tillage_reduced/events.in,tillage_reference,events/592578/tillage_reference/events.in,prepared,exposure.csv,assumptions.csv,existing source configuration and parameter mapping; model execution not validated
592578,tillage_zero,events/592578/tillage_zero/events.in,tillage_reference,events/592578/tillage_reference/events.in,prepared,exposure.csv,assumptions.csv,existing source configuration and parameter mapping; model execution not validated
557284,cover_annual,events/557284/cover_annual/events.in,cover_none,events/557284/cover_none/events.in,prepared_with_assumptions,exposure.csv,assumptions.csv,preserve the site parameters in both arms; native events do not encode species traits; verify cover physiology and full termination before interpreting responses
557284,mineral_N_zero,events/557284/mineral_N_zero/events.in,fertilizer_reference,events/557284/fertilizer_reference/events.in,prepared,exposure.csv,assumptions.csv,existing source configuration and parameter mapping; model execution not validated
557284,mineral_N_half,events/557284/mineral_N_half/events.in,fertilizer_reference,events/557284/fertilizer_reference/events.in,prepared,exposure.csv,assumptions.csv,existing source configuration and parameter mapping; model execution not validated
557284,mineral_N_one_half,events/557284/mineral_N_one_half/events.in,fertilizer_reference,events/557284/fertilizer_reference/events.in,prepared,exposure.csv,assumptions.csv,existing source configuration and parameter mapping; model execution not validated
557284,organic_substitution,events/557284/organic_substitution/events.in,fertilizer_reference,events/557284/fertilizer_reference/events.in,prepared_with_assumptions,exposure.csv,assumptions.csv,existing source configuration and parameter mapping; model execution not validated
557284,tillage_reduced,events/557284/tillage_reduced/events.in,tillage_reference,events/557284/tillage_reference/events.in,prepared,exposure.csv,assumptions.csv,existing source configuration and parameter mapping; model execution not validated
557284,tillage_zero,events/557284/tillage_zero/events.in,tillage_reference,events/557284/tillage_reference/events.in,prepared,exposure.csv,assumptions.csv,existing source configuration and parameter mapping; model execution not validated
413887,cover_annual,events/413887/cover_annual/events.in,cover_none,events/413887/cover_none/events.in,prepared_with_assumptions,exposure.csv,assumptions.csv,preserve the site parameters in both arms; native events do not encode species traits; verify cover physiology and full termination before interpreting responses
413887,mineral_N_zero,events/413887/mineral_N_zero/events.in,fertilizer_reference,events/413887/fertilizer_reference/events.in,prepared,exposure.csv,assumptions.csv,existing source configuration and parameter mapping; model execution not validated
413887,mineral_N_half,events/413887/mineral_N_half/events.in,fertilizer_reference,events/413887/fertilizer_reference/events.in,prepared,exposure.csv,assumptions.csv,existing source configuration and parameter mapping; model execution not validated
413887,mineral_N_one_half,events/413887/mineral_N_one_half/events.in,fertilizer_reference,events/413887/fertilizer_reference/events.in,prepared,exposure.csv,assumptions.csv,existing source configuration and parameter mapping; model execution not validated
413887,organic_substitution,events/413887/organic_substitution/events.in,fertilizer_reference,events/413887/fertilizer_reference/events.in,prepared_with_assumptions,exposure.csv,assumptions.csv,existing source configuration and parameter mapping; model execution not validated
413887,tillage_reduced,events/413887/tillage_reduced/events.in,tillage_reference,events/413887/tillage_reference/events.in,prepared,exposure.csv,assumptions.csv,existing source configuration and parameter mapping; model execution not validated
413887,tillage_zero,events/413887/tillage_zero/events.in,tillage_reference,events/413887/tillage_reference/events.in,prepared,exposure.csv,assumptions.csv,existing source configuration and parameter mapping; model execution not validated
413887,rice_one_dry,events/413887/rice_one_dry/events.in,rice_irrigated_reference,events/413887/rice_irrigated_reference/events.in,prepared_with_assumptions,exposure.csv,assumptions.csv,"preserve the same site parameters in both arms; flooding-capable configuration required; verify ponding, drying and rewetting in model outputs"
413887,rice_two_dry,events/413887/rice_two_dry/events.in,rice_irrigated_reference,events/413887/rice_irrigated_reference/events.in,prepared_with_assumptions,exposure.csv,assumptions.csv,"preserve the same site parameters in both arms; flooding-capable configuration required; verify ponding, drying and rewetting in model outputs"
590334,mineral_N_zero,events/590334/mineral_N_zero/events.in,fertilizer_reference,events/590334/fertilizer_reference/events.in,prepared,exposure.csv,assumptions.csv,existing source configuration and parameter mapping; model execution not validated
590334,mineral_N_half,events/590334/mineral_N_half/events.in,fertilizer_reference,events/590334/fertilizer_reference/events.in,prepared,exposure.csv,assumptions.csv,existing source configuration and parameter mapping; model execution not validated
590334,mineral_N_one_half,events/590334/mineral_N_one_half/events.in,fertilizer_reference,events/590334/fertilizer_reference/events.in,prepared,exposure.csv,assumptions.csv,existing source configuration and parameter mapping; model execution not validated
590334,organic_substitution,events/590334/organic_substitution/events.in,fertilizer_reference,events/590334/fertilizer_reference/events.in,prepared_with_assumptions,exposure.csv,assumptions.csv,existing source configuration and parameter mapping; model execution not validated
590334,tillage_reduced,events/590334/tillage_reduced/events.in,tillage_reference,events/590334/tillage_reference/events.in,prepared,exposure.csv,assumptions.csv,existing source configuration and parameter mapping; model execution not validated
590334,tillage_zero,events/590334/tillage_zero/events.in,tillage_reference,events/590334/tillage_reference/events.in,prepared,exposure.csv,assumptions.csv,existing source configuration and parameter mapping; model execution not validated
440393,cover_annual,events/440393/cover_annual/events.in,cover_none,events/440393/cover_none/events.in,prepared_with_assumptions,exposure.csv,assumptions.csv,preserve the site parameters in both arms; native events do not encode species traits; verify cover physiology and full termination before interpreting responses
440393,mineral_N_zero,events/440393/mineral_N_zero/events.in,fertilizer_reference,events/440393/fertilizer_reference/events.in,prepared,exposure.csv,assumptions.csv,existing source configuration and parameter mapping; model execution not validated
440393,mineral_N_half,events/440393/mineral_N_half/events.in,fertilizer_reference,events/440393/fertilizer_reference/events.in,prepared,exposure.csv,assumptions.csv,existing source configuration and parameter mapping; model execution not validated
440393,mineral_N_one_half,events/440393/mineral_N_one_half/events.in,fertilizer_reference,events/440393/fertilizer_reference/events.in,prepared,exposure.csv,assumptions.csv,existing source configuration and parameter mapping; model execution not validated
440393,organic_substitution,events/440393/organic_substitution/events.in,fertilizer_reference,events/440393/fertilizer_reference/events.in,prepared_with_assumptions,exposure.csv,assumptions.csv,existing source configuration and parameter mapping; model execution not validated
440393,tillage_reduced,events/440393/tillage_reduced/events.in,tillage_reference,events/440393/tillage_reference/events.in,prepared,exposure.csv,assumptions.csv,existing source configuration and parameter mapping; model execution not validated
440393,tillage_zero,events/440393/tillage_zero/events.in,tillage_reference,events/440393/tillage_reference/events.in,prepared,exposure.csv,assumptions.csv,existing source configuration and parameter mapping; model execution not validated
440393,rice_one_dry,events/440393/rice_one_dry/events.in,rice_irrigated_reference,events/440393/rice_irrigated_reference/events.in,prepared_with_assumptions,exposure.csv,assumptions.csv,"preserve the same site parameters in both arms; flooding-capable configuration required; verify ponding, drying and rewetting in model outputs"
440393,rice_two_dry,events/440393/rice_two_dry/events.in,rice_irrigated_reference,events/440393/rice_irrigated_reference/events.in,prepared_with_assumptions,exposure.csv,assumptions.csv,"preserve the same site parameters in both arms; flooding-capable configuration required; verify ponding, drying and rewetting in model outputs"
16073,cover_annual,events/16073/cover_annual/events.in,cover_none,events/16073/cover_none/events.in,prepared_with_assumptions,exposure.csv,assumptions.csv,preserve the site parameters in both arms; native events do not encode species traits; verify cover physiology and full termination before interpreting responses
16073,mineral_N_zero,events/16073/mineral_N_zero/events.in,fertilizer_reference,events/16073/fertilizer_reference/events.in,prepared,exposure.csv,assumptions.csv,existing source configuration and parameter mapping; model execution not validated
16073,mineral_N_half,events/16073/mineral_N_half/events.in,fertilizer_reference,events/16073/fertilizer_reference/events.in,prepared,exposure.csv,assumptions.csv,existing source configuration and parameter mapping; model execution not validated
16073,mineral_N_one_half,events/16073/mineral_N_one_half/events.in,fertilizer_reference,events/16073/fertilizer_reference/events.in,prepared,exposure.csv,assumptions.csv,existing source configuration and parameter mapping; model execution not validated
16073,organic_substitution,events/16073/organic_substitution/events.in,fertilizer_reference,events/16073/fertilizer_reference/events.in,prepared_with_assumptions,exposure.csv,assumptions.csv,existing source configuration and parameter mapping; model execution not validated
16073,tillage_reduced,events/16073/tillage_reduced/events.in,tillage_reference,events/16073/tillage_reference/events.in,prepared,exposure.csv,assumptions.csv,existing source configuration and parameter mapping; model execution not validated
16073,tillage_zero,events/16073/tillage_zero/events.in,tillage_reference,events/16073/tillage_reference/events.in,prepared,exposure.csv,assumptions.csv,existing source configuration and parameter mapping; model execution not validated
420343,cover_annual,events/420343/cover_annual/events.in,cover_none,events/420343/cover_none/events.in,prepared_with_assumptions,exposure.csv,assumptions.csv,preserve the site parameters in both arms; native events do not encode species traits; verify cover physiology and full termination before interpreting responses
420343,mineral_N_zero,events/420343/mineral_N_zero/events.in,fertilizer_reference,events/420343/fertilizer_reference/events.in,prepared,exposure.csv,assumptions.csv,existing source configuration and parameter mapping; model execution not validated
420343,mineral_N_half,events/420343/mineral_N_half/events.in,fertilizer_reference,events/420343/fertilizer_reference/events.in,prepared,exposure.csv,assumptions.csv,existing source configuration and parameter mapping; model execution not validated
420343,mineral_N_one_half,events/420343/mineral_N_one_half/events.in,fertilizer_reference,events/420343/fertilizer_reference/events.in,prepared,exposure.csv,assumptions.csv,existing source configuration and parameter mapping; model execution not validated
420343,organic_substitution,events/420343/organic_substitution/events.in,fertilizer_reference,events/420343/fertilizer_reference/events.in,prepared_with_assumptions,exposure.csv,assumptions.csv,existing source configuration and parameter mapping; model execution not validated
420343,tillage_reduced,events/420343/tillage_reduced/events.in,tillage_reference,events/420343/tillage_reference/events.in,prepared,exposure.csv,assumptions.csv,existing source configuration and parameter mapping; model execution not validated
420343,tillage_zero,events/420343/tillage_zero/events.in,tillage_reference,events/420343/tillage_reference/events.in,prepared,exposure.csv,assumptions.csv,existing source configuration and parameter mapping; model execution not validated
415399,mineral_N_zero,events/415399/mineral_N_zero/events.in,fertilizer_reference,events/415399/fertilizer_reference/events.in,prepared,exposure.csv,assumptions.csv,existing source configuration and parameter mapping; model execution not validated
415399,mineral_N_half,events/415399/mineral_N_half/events.in,fertilizer_reference,events/415399/fertilizer_reference/events.in,prepared,exposure.csv,assumptions.csv,existing source configuration and parameter mapping; model execution not validated
415399,mineral_N_one_half,events/415399/mineral_N_one_half/events.in,fertilizer_reference,events/415399/fertilizer_reference/events.in,prepared,exposure.csv,assumptions.csv,existing source configuration and parameter mapping; model execution not validated
415399,organic_substitution,events/415399/organic_substitution/events.in,fertilizer_reference,events/415399/fertilizer_reference/events.in,prepared_with_assumptions,exposure.csv,assumptions.csv,existing source configuration and parameter mapping; model execution not validated
415399,tillage_reduced,events/415399/tillage_reduced/events.in,tillage_reference,events/415399/tillage_reference/events.in,prepared,exposure.csv,assumptions.csv,existing source configuration and parameter mapping; model execution not validated
415399,tillage_zero,events/415399/tillage_zero/events.in,tillage_reference,events/415399/tillage_reference/events.in,prepared,exposure.csv,assumptions.csv,existing source configuration and parameter mapping; model execution not validated
132390,cover_annual,events/132390/cover_annual/events.in,cover_none,events/132390/cover_none/events.in,prepared_with_assumptions,exposure.csv,assumptions.csv,preserve the site parameters in both arms; native events do not encode species traits; verify cover physiology and full termination before interpreting responses
132390,mineral_N_zero,events/132390/mineral_N_zero/events.in,fertilizer_reference,events/132390/fertilizer_reference/events.in,prepared,exposure.csv,assumptions.csv,existing source configuration and parameter mapping; model execution not validated
132390,mineral_N_half,events/132390/mineral_N_half/events.in,fertilizer_reference,events/132390/fertilizer_reference/events.in,prepared,exposure.csv,assumptions.csv,existing source configuration and parameter mapping; model execution not validated
132390,mineral_N_one_half,events/132390/mineral_N_one_half/events.in,fertilizer_reference,events/132390/fertilizer_reference/events.in,prepared,exposure.csv,assumptions.csv,existing source configuration and parameter mapping; model execution not validated
132390,organic_substitution,events/132390/organic_substitution/events.in,fertilizer_reference,events/132390/fertilizer_reference/events.in,prepared_with_assumptions,exposure.csv,assumptions.csv,existing source configuration and parameter mapping; model execution not validated
132390,tillage_reduced,events/132390/tillage_reduced/events.in,tillage_reference,events/132390/tillage_reference/events.in,prepared,exposure.csv,assumptions.csv,existing source configuration and parameter mapping; model execution not validated
132390,tillage_zero,events/132390/tillage_zero/events.in,tillage_reference,events/132390/tillage_reference/events.in,prepared,exposure.csv,assumptions.csv,existing source configuration and parameter mapping; model execution not validated
132390,rice_one_dry,events/132390/rice_one_dry/events.in,rice_irrigated_reference,events/132390/rice_irrigated_reference/events.in,prepared_with_assumptions,exposure.csv,assumptions.csv,"preserve the same site parameters in both arms; flooding-capable configuration required; verify ponding, drying and rewetting in model outputs"
132390,rice_two_dry,events/132390/rice_two_dry/events.in,rice_irrigated_reference,events/132390/rice_irrigated_reference/events.in,prepared_with_assumptions,exposure.csv,assumptions.csv,"preserve the same site parameters in both arms; flooding-capable configuration required; verify ponding, drying and rewetting in model outputs"
514070,mineral_N_zero,events/514070/mineral_N_zero/events.in,fertilizer_reference,events/514070/fertilizer_reference/events.in,prepared,exposure.csv,assumptions.csv,existing source configuration and parameter mapping; model execution not validated
514070,mineral_N_half,events/514070/mineral_N_half/events.in,fertilizer_reference,events/514070/fertilizer_reference/events.in,prepared,exposure.csv,assumptions.csv,existing source configuration and parameter mapping; model execution not validated
514070,mineral_N_one_half,events/514070/mineral_N_one_half/events.in,fertilizer_reference,events/514070/fertilizer_reference/events.in,prepared,exposure.csv,assumptions.csv,existing source configuration and parameter mapping; model execution not validated
514070,organic_substitution,events/514070/organic_substitution/events.in,fertilizer_reference,events/514070/fertilizer_reference/events.in,prepared_with_assumptions,exposure.csv,assumptions.csv,existing source configuration and parameter mapping; model execution not validated
514070,tillage_reduced,events/514070/tillage_reduced/events.in,tillage_reference,events/514070/tillage_reference/events.in,prepared,exposure.csv,assumptions.csv,existing source configuration and parameter mapping; model execution not validated
514070,tillage_zero,events/514070/tillage_zero/events.in,tillage_reference,events/514070/tillage_reference/events.in,prepared,exposure.csv,assumptions.csv,existing source configuration and parameter mapping; model execution not validated
52519,cover_annual,events/52519/cover_annual/events.in,cover_none,events/52519/cover_none/events.in,prepared_with_assumptions,exposure.csv,assumptions.csv,preserve the site parameters in both arms; native events do not encode species traits; verify cover physiology and full termination before interpreting responses
52519,mineral_N_zero,events/52519/mineral_N_zero/events.in,fertilizer_reference,events/52519/fertilizer_reference/events.in,prepared,exposure.csv,assumptions.csv,existing source configuration and parameter mapping; model execution not validated
52519,mineral_N_half,events/52519/mineral_N_half/events.in,fertilizer_reference,events/52519/fertilizer_reference/events.in,prepared,exposure.csv,assumptions.csv,existing source configuration and parameter mapping; model execution not validated
52519,mineral_N_one_half,events/52519/mineral_N_one_half/events.in,fertilizer_reference,events/52519/fertilizer_reference/events.in,prepared,exposure.csv,assumptions.csv,existing source configuration and parameter mapping; model execution not validated
52519,organic_substitution,events/52519/organic_substitution/events.in,fertilizer_reference,events/52519/fertilizer_reference/events.in,prepared_with_assumptions,exposure.csv,assumptions.csv,existing source configuration and parameter mapping; model execution not validated
52519,tillage_reduced,events/52519/tillage_reduced/events.in,tillage_reference,events/52519/tillage_reference/events.in,prepared,exposure.csv,assumptions.csv,existing source configuration and parameter mapping; model execution not validated
52519,tillage_zero,events/52519/tillage_zero/events.in,tillage_reference,events/52519/tillage_reference/events.in,prepared,exposure.csv,assumptions.csv,existing source configuration and parameter mapping; model execution not validated
90,mineral_N_zero,events/90/mineral_N_zero/events.in,fertilizer_reference,events/90/fertilizer_reference/events.in,prepared,exposure.csv,assumptions.csv,existing source configuration and parameter mapping; model execution not validated
90,mineral_N_half,events/90/mineral_N_half/events.in,fertilizer_reference,events/90/fertilizer_reference/events.in,prepared,exposure.csv,assumptions.csv,existing source configuration and parameter mapping; model execution not validated
90,mineral_N_one_half,events/90/mineral_N_one_half/events.in,fertilizer_reference,events/90/fertilizer_reference/events.in,prepared,exposure.csv,assumptions.csv,existing source configuration and parameter mapping; model execution not validated
90,organic_substitution,events/90/organic_substitution/events.in,fertilizer_reference,events/90/fertilizer_reference/events.in,prepared_with_assumptions,exposure.csv,assumptions.csv,existing source configuration and parameter mapping; model execution not validated
90,tillage_reduced,events/90/tillage_reduced/events.in,tillage_reference,events/90/tillage_reference/events.in,prepared,exposure.csv,assumptions.csv,existing source configuration and parameter mapping; model execution not validated
90,tillage_zero,events/90/tillage_zero/events.in,tillage_reference,events/90/tillage_reference/events.in,prepared,exposure.csv,assumptions.csv,existing source configuration and parameter mapping; model execution not validated
248496,mineral_N_zero,events/248496/mineral_N_zero/events.in,fertilizer_reference,events/248496/fertilizer_reference/events.in,prepared,exposure.csv,assumptions.csv,existing source configuration and parameter mapping; model execution not validated
248496,mineral_N_half,events/248496/mineral_N_half/events.in,fertilizer_reference,events/248496/fertilizer_reference/events.in,prepared,exposure.csv,assumptions.csv,existing source configuration and parameter mapping; model execution not validated
248496,mineral_N_one_half,events/248496/mineral_N_one_half/events.in,fertilizer_reference,events/248496/fertilizer_reference/events.in,prepared,exposure.csv,assumptions.csv,existing source configuration and parameter mapping; model execution not validated
248496,organic_substitution,events/248496/organic_substitution/events.in,fertilizer_reference,events/248496/fertilizer_reference/events.in,prepared_with_assumptions,exposure.csv,assumptions.csv,existing source configuration and parameter mapping; model execution not validated
248496,tillage_reduced,events/248496/tillage_reduced/events.in,tillage_reference,events/248496/tillage_reference/events.in,prepared,exposure.csv,assumptions.csv,existing source configuration and parameter mapping; model execution not validated
248496,tillage_zero,events/248496/tillage_zero/events.in,tillage_reference,events/248496/tillage_reference/events.in,prepared,exposure.csv,assumptions.csv,existing source configuration and parameter mapping; model execution not validated
332581,cover_annual,events/332581/cover_annual/events.in,cover_none,events/332581/cover_none/events.in,prepared_with_assumptions,exposure.csv,assumptions.csv,preserve the site parameters in both arms; native events do not encode species traits; verify cover physiology and full termination before interpreting responses
332581,mineral_N_zero,events/332581/mineral_N_zero/events.in,fertilizer_reference,events/332581/fertilizer_reference/events.in,prepared,exposure.csv,assumptions.csv,existing source configuration and parameter mapping; model execution not validated
332581,mineral_N_half,events/332581/mineral_N_half/events.in,fertilizer_reference,events/332581/fertilizer_reference/events.in,prepared,exposure.csv,assumptions.csv,existing source configuration and parameter mapping; model execution not validated
332581,mineral_N_one_half,events/332581/mineral_N_one_half/events.in,fertilizer_reference,events/332581/fertilizer_reference/events.in,prepared,exposure.csv,assumptions.csv,existing source configuration and parameter mapping; model execution not validated
332581,organic_substitution,events/332581/organic_substitution/events.in,fertilizer_reference,events/332581/fertilizer_reference/events.in,prepared_with_assumptions,exposure.csv,assumptions.csv,existing source configuration and parameter mapping; model execution not validated
332581,tillage_reduced,events/332581/tillage_reduced/events.in,tillage_reference,events/332581/tillage_reference/events.in,prepared,exposure.csv,assumptions.csv,existing source configuration and parameter mapping; model execution not validated
332581,tillage_zero,events/332581/tillage_zero/events.in,tillage_reference,events/332581/tillage_reference/events.in,prepared,exposure.csv,assumptions.csv,existing source configuration and parameter mapping; model execution not validated
296871,cover_annual,events/296871/cover_annual/events.in,cover_none,events/296871/cover_none/events.in,prepared_with_assumptions,exposure.csv,assumptions.csv,preserve the site parameters in both arms; native events do not encode species traits; verify cover physiology and full termination before interpreting responses
296871,mineral_N_zero,events/296871/mineral_N_zero/events.in,fertilizer_reference,events/296871/fertilizer_reference/events.in,prepared,exposure.csv,assumptions.csv,existing source configuration and parameter mapping; model execution not validated
296871,mineral_N_half,events/296871/mineral_N_half/events.in,fertilizer_reference,events/296871/fertilizer_reference/events.in,prepared,exposure.csv,assumptions.csv,existing source configuration and parameter mapping; model execution not validated
296871,mineral_N_one_half,events/296871/mineral_N_one_half/events.in,fertilizer_reference,events/296871/fertilizer_reference/events.in,prepared,exposure.csv,assumptions.csv,existing source configuration and parameter mapping; model execution not validated
296871,organic_substitution,events/296871/organic_substitution/events.in,fertilizer_reference,events/296871/fertilizer_reference/events.in,prepared_with_assumptions,exposure.csv,assumptions.csv,existing source configuration and parameter mapping; model execution not validated
296871,tillage_reduced,events/296871/tillage_reduced/events.in,tillage_reference,events/296871/tillage_reference/events.in,prepared,exposure.csv,assumptions.csv,existing source configuration and parameter mapping; model execution not validated
296871,tillage_zero,events/296871/tillage_zero/events.in,tillage_reference,events/296871/tillage_reference/events.in,prepared,exposure.csv,assumptions.csv,existing source configuration and parameter mapping; model execution not validated
488132,cover_annual,events/488132/cover_annual/events.in,cover_none,events/488132/cover_none/events.in,prepared_with_assumptions,exposure.csv,assumptions.csv,preserve the site parameters in both arms; native events do not encode species traits; verify cover physiology and full termination before interpreting responses
488132,mineral_N_zero,events/488132/mineral_N_zero/events.in,fertilizer_reference,events/488132/fertilizer_reference/events.in,prepared,exposure.csv,assumptions.csv,existing source configuration and parameter mapping; model execution not validated
488132,mineral_N_half,events/488132/mineral_N_half/events.in,fertilizer_reference,events/488132/fertilizer_reference/events.in,prepared,exposure.csv,assumptions.csv,existing source configuration and parameter mapping; model execution not validated
488132,mineral_N_one_half,events/488132/mineral_N_one_half/events.in,fertilizer_reference,events/488132/fertilizer_reference/events.in,prepared,exposure.csv,assumptions.csv,existing source configuration and parameter mapping; model execution not validated
488132,organic_substitution,events/488132/organic_substitution/events.in,fertilizer_reference,events/488132/fertilizer_reference/events.in,prepared_with_assumptions,exposure.csv,assumptions.csv,existing source configuration and parameter mapping; model execution not validated
488132,tillage_reduced,events/488132/tillage_reduced/events.in,tillage_reference,events/488132/tillage_reference/events.in,prepared,exposure.csv,assumptions.csv,existing source configuration and parameter mapping; model execution not validated
488132,tillage_zero,events/488132/tillage_zero/events.in,tillage_reference,events/488132/tillage_reference/events.in,prepared,exposure.csv,assumptions.csv,existing source configuration and parameter mapping; model execution not validated
589918,cover_annual,events/589918/cover_annual/events.in,cover_none,events/589918/cover_none/events.in,prepared_with_assumptions,exposure.csv,assumptions.csv,preserve the site parameters in both arms; native events do not encode species traits; verify cover physiology and full termination before interpreting responses
589918,mineral_N_zero,events/589918/mineral_N_zero/events.in,fertilizer_reference,events/589918/fertilizer_reference/events.in,prepared,exposure.csv,assumptions.csv,existing source configuration and parameter mapping; model execution not validated
589918,mineral_N_half,events/589918/mineral_N_half/events.in,fertilizer_reference,events/589918/fertilizer_reference/events.in,prepared,exposure.csv,assumptions.csv,existing source configuration and parameter mapping; model execution not validated
589918,mineral_N_one_half,events/589918/mineral_N_one_half/events.in,fertilizer_reference,events/589918/fertilizer_reference/events.in,prepared,exposure.csv,assumptions.csv,existing source configuration and parameter mapping; model execution not validated
589918,organic_substitution,events/589918/organic_substitution/events.in,fertilizer_reference,events/589918/fertilizer_reference/events.in,prepared_with_assumptions,exposure.csv,assumptions.csv,existing source configuration and parameter mapping; model execution not validated
589918,tillage_reduced,events/589918/tillage_reduced/events.in,tillage_reference,events/589918/tillage_reference/events.in,prepared,exposure.csv,assumptions.csv,existing source configuration and parameter mapping; model execution not validated
589918,tillage_zero,events/589918/tillage_zero/events.in,tillage_reference,events/589918/tillage_reference/events.in,prepared,exposure.csv,assumptions.csv,existing source configuration and parameter mapping; model execution not validated
142350,mineral_N_zero,events/142350/mineral_N_zero/events.in,fertilizer_reference,events/142350/fertilizer_reference/events.in,prepared,exposure.csv,assumptions.csv,existing source configuration and parameter mapping; model execution not validated
142350,mineral_N_half,events/142350/mineral_N_half/events.in,fertilizer_reference,events/142350/fertilizer_reference/events.in,prepared,exposure.csv,assumptions.csv,existing source configuration and parameter mapping; model execution not validated
142350,mineral_N_one_half,events/142350/mineral_N_one_half/events.in,fertilizer_reference,events/142350/fertilizer_reference/events.in,prepared,exposure.csv,assumptions.csv,existing source configuration and parameter mapping; model execution not validated
142350,organic_substitution,events/142350/organic_substitution/events.in,fertilizer_reference,events/142350/fertilizer_reference/events.in,prepared_with_assumptions,exposure.csv,assumptions.csv,existing source configuration and parameter mapping; model execution not validated
142350,tillage_reduced,events/142350/tillage_reduced/events.in,tillage_reference,events/142350/tillage_reference/events.in,prepared,exposure.csv,assumptions.csv,existing source configuration and parameter mapping; model execution not validated
142350,tillage_zero,events/142350/tillage_zero/events.in,tillage_reference,events/142350/tillage_reference/events.in,prepared,exposure.csv,assumptions.csv,existing source configuration and parameter mapping; model execution not validated
535358,cover_annual,events/535358/cover_annual/events.in,cover_none,events/535358/cover_none/events.in,prepared_with_assumptions,exposure.csv,assumptions.csv,preserve the site parameters in both arms; native events do not encode species traits; verify cover physiology and full termination before interpreting responses
535358,mineral_N_zero,events/535358/mineral_N_zero/events.in,fertilizer_reference,events/535358/fertilizer_reference/events.in,prepared,exposure.csv,assumptions.csv,existing source configuration and parameter mapping; model execution not validated
535358,mineral_N_half,events/535358/mineral_N_half/events.in,fertilizer_reference,events/535358/fertilizer_reference/events.in,prepared,exposure.csv,assumptions.csv,existing source configuration and parameter mapping; model execution not validated
535358,mineral_N_one_half,events/535358/mineral_N_one_half/events.in,fertilizer_reference,events/535358/fertilizer_reference/events.in,prepared,exposure.csv,assumptions.csv,existing source configuration and parameter mapping; model execution not validated
535358,organic_substitution,events/535358/organic_substitution/events.in,fertilizer_reference,events/535358/fertilizer_reference/events.in,prepared_with_assumptions,exposure.csv,assumptions.csv,existing source configuration and parameter mapping; model execution not validated
535358,tillage_reduced,events/535358/tillage_reduced/events.in,tillage_reference,events/535358/tillage_reference/events.in,prepared,exposure.csv,assumptions.csv,existing source configuration and parameter mapping; model execution not validated
535358,tillage_zero,events/535358/tillage_zero/events.in,tillage_reference,events/535358/tillage_reference/events.in,prepared,exposure.csv,assumptions.csv,existing source configuration and parameter mapping; model execution not validated
535358,rice_one_dry,events/535358/rice_one_dry/events.in,rice_irrigated_reference,events/535358/rice_irrigated_reference/events.in,prepared_with_assumptions,exposure.csv,assumptions.csv,"preserve the same site parameters in both arms; flooding-capable configuration required; verify ponding, drying and rewetting in model outputs"
535358,rice_two_dry,events/535358/rice_two_dry/events.in,rice_irrigated_reference,events/535358/rice_irrigated_reference/events.in,prepared_with_assumptions,exposure.csv,assumptions.csv,"preserve the same site parameters in both arms; flooding-capable configuration required; verify ponding, drying and rewetting in model outputs"
321992,cover_annual,events/321992/cover_annual/events.in,cover_none,events/321992/cover_none/events.in,prepared_with_assumptions,exposure.csv,assumptions.csv,preserve the site parameters in both arms; native events do not encode species traits; verify cover physiology and full termination before interpreting responses
321992,mineral_N_zero,events/321992/mineral_N_zero/events.in,fertilizer_reference,events/321992/fertilizer_reference/events.in,prepared,exposure.csv,assumptions.csv,existing source configuration and parameter mapping; model execution not validated
321992,mineral_N_half,events/321992/mineral_N_half/events.in,fertilizer_reference,events/321992/fertilizer_reference/events.in,prepared,exposure.csv,assumptions.csv,existing source configuration and parameter mapping; model execution not validated
321992,mineral_N_one_half,events/321992/mineral_N_one_half/events.in,fertilizer_reference,events/321992/fertilizer_reference/events.in,prepared,exposure.csv,assumptions.csv,existing source configuration and parameter mapping; model execution not validated
321992,organic_substitution,events/321992/organic_substitution/events.in,fertilizer_reference,events/321992/fertilizer_reference/events.in,prepared_with_assumptions,exposure.csv,assumptions.csv,existing source configuration and parameter mapping; model execution not validated
321992,tillage_reduced,events/321992/tillage_reduced/events.in,tillage_reference,events/321992/tillage_reference/events.in,prepared,exposure.csv,assumptions.csv,existing source configuration and parameter mapping; model execution not validated
321992,tillage_zero,events/321992/tillage_zero/events.in,tillage_reference,events/321992/tillage_reference/events.in,prepared,exposure.csv,assumptions.csv,existing source configuration and parameter mapping; model execution not validated
589581,cover_annual,events/589581/cover_annual/events.in,cover_none,events/589581/cover_none/events.in,prepared_with_assumptions,exposure.csv,assumptions.csv,preserve the site parameters in both arms; native events do not encode species traits; verify cover physiology and full termination before interpreting responses
589581,mineral_N_zero,events/589581/mineral_N_zero/events.in,fertilizer_reference,events/589581/fertilizer_reference/events.in,prepared,exposure.csv,assumptions.csv,existing source configuration and parameter mapping; model execution not validated
589581,mineral_N_half,events/589581/mineral_N_half/events.in,fertilizer_reference,events/589581/fertilizer_reference/events.in,prepared,exposure.csv,assumptions.csv,existing source configuration and parameter mapping; model execution not validated
589581,mineral_N_one_half,events/589581/mineral_N_one_half/events.in,fertilizer_reference,events/589581/fertilizer_reference/events.in,prepared,exposure.csv,assumptions.csv,existing source configuration and parameter mapping; model execution not validated
589581,organic_substitution,events/589581/organic_substitution/events.in,fertilizer_reference,events/589581/fertilizer_reference/events.in,prepared_with_assumptions,exposure.csv,assumptions.csv,existing source configuration and parameter mapping; model execution not validated
589581,tillage_reduced,events/589581/tillage_reduced/events.in,tillage_reference,events/589581/tillage_reference/events.in,prepared,exposure.csv,assumptions.csv,existing source configuration and parameter mapping; model execution not validated
589581,tillage_zero,events/589581/tillage_zero/events.in,tillage_reference,events/589581/tillage_reference/events.in,prepared,exposure.csv,assumptions.csv,existing source configuration and parameter mapping; model execution not validated
590073,cover_annual,events/590073/cover_annual/events.in,cover_none,events/590073/cover_none/events.in,prepared_with_assumptions,exposure.csv,assumptions.csv,preserve the site parameters in both arms; native events do not encode species traits; verify cover physiology and full termination before interpreting responses
590073,mineral_N_zero,events/590073/mineral_N_zero/events.in,fertilizer_reference,events/590073/fertilizer_reference/events.in,prepared,exposure.csv,assumptions.csv,existing source configuration and parameter mapping; model execution not validated
590073,mineral_N_half,events/590073/mineral_N_half/events.in,fertilizer_reference,events/590073/fertilizer_reference/events.in,prepared,exposure.csv,assumptions.csv,existing source configuration and parameter mapping; model execution not validated
590073,mineral_N_one_half,events/590073/mineral_N_one_half/events.in,fertilizer_reference,events/590073/fertilizer_reference/events.in,prepared,exposure.csv,assumptions.csv,existing source configuration and parameter mapping; model execution not validated
590073,organic_substitution,events/590073/organic_substitution/events.in,fertilizer_reference,events/590073/fertilizer_reference/events.in,prepared_with_assumptions,exposure.csv,assumptions.csv,existing source configuration and parameter mapping; model execution not validated
590073,tillage_reduced,events/590073/tillage_reduced/events.in,tillage_reference,events/590073/tillage_reference/events.in,prepared,exposure.csv,assumptions.csv,existing source configuration and parameter mapping; model execution not validated
590073,tillage_zero,events/590073/tillage_zero/events.in,tillage_reference,events/590073/tillage_reference/events.in,prepared,exposure.csv,assumptions.csv,existing source configuration and parameter mapping; model execution not validated
590073,rice_one_dry,events/590073/rice_one_dry/events.in,rice_irrigated_reference,events/590073/rice_irrigated_reference/events.in,prepared_with_assumptions,exposure.csv,assumptions.csv,"preserve the same site parameters in both arms; flooding-capable configuration required; verify ponding, drying and rewetting in model outputs"
590073,rice_two_dry,events/590073/rice_two_dry/events.in,rice_irrigated_reference,events/590073/rice_irrigated_reference/events.in,prepared_with_assumptions,exposure.csv,assumptions.csv,"preserve the same site parameters in both arms; flooding-capable configuration required; verify ponding, drying and rewetting in model outputs"
437146,mineral_N_zero,events/437146/mineral_N_zero/events.in,fertilizer_reference,events/437146/fertilizer_reference/events.in,prepared,exposure.csv,assumptions.csv,existing source configuration and parameter mapping; model execution not validated
437146,mineral_N_half,events/437146/mineral_N_half/events.in,fertilizer_reference,events/437146/fertilizer_reference/events.in,prepared,exposure.csv,assumptions.csv,existing source configuration and parameter mapping; model execution not validated
437146,mineral_N_one_half,events/437146/mineral_N_one_half/events.in,fertilizer_reference,events/437146/fertilizer_reference/events.in,prepared,exposure.csv,assumptions.csv,existing source configuration and parameter mapping; model execution not validated
437146,organic_substitution,events/437146/organic_substitution/events.in,fertilizer_reference,events/437146/fertilizer_reference/events.in,prepared_with_assumptions,exposure.csv,assumptions.csv,existing source configuration and parameter mapping; model execution not validated
437146,tillage_reduced,events/437146/tillage_reduced/events.in,tillage_reference,events/437146/tillage_reference/events.in,prepared,exposure.csv,assumptions.csv,existing source configuration and parameter mapping; model execution not validated
437146,tillage_zero,events/437146/tillage_zero/events.in,tillage_reference,events/437146/tillage_reference/events.in,prepared,exposure.csv,assumptions.csv,existing source configuration and parameter mapping; model execution not validated
14,cover_annual,events/14/cover_annual/events.in,cover_none,events/14/cover_none/events.in,prepared_with_assumptions,exposure.csv,assumptions.csv,preserve the site parameters in both arms; native events do not encode species traits; verify cover physiology and full termination before interpreting responses
14,mineral_N_zero,events/14/mineral_N_zero/events.in,fertilizer_reference,events/14/fertilizer_reference/events.in,prepared,exposure.csv,assumptions.csv,existing source configuration and parameter mapping; model execution not validated
14,mineral_N_half,events/14/mineral_N_half/events.in,fertilizer_reference,events/14/fertilizer_reference/events.in,prepared,exposure.csv,assumptions.csv,existing source configuration and parameter mapping; model execution not validated
14,mineral_N_one_half,events/14/mineral_N_one_half/events.in,fertilizer_reference,events/14/fertilizer_reference/events.in,prepared,exposure.csv,assumptions.csv,existing source configuration and parameter mapping; model execution not validated
14,organic_substitution,events/14/organic_substitution/events.in,fertilizer_reference,events/14/fertilizer_reference/events.in,prepared_with_assumptions,exposure.csv,assumptions.csv,existing source configuration and parameter mapping; model execution not validated
14,tillage_reduced,events/14/tillage_reduced/events.in,tillage_reference,events/14/tillage_reference/events.in,prepared,exposure.csv,assumptions.csv,existing source configuration and parameter mapping; model execution not validated
14,tillage_zero,events/14/tillage_zero/events.in,tillage_reference,events/14/tillage_reference/events.in,prepared,exposure.csv,assumptions.csv,existing source configuration and parameter mapping; model execution not validated
96038,cover_annual,events/96038/cover_annual/events.in,cover_none,events/96038/cover_none/events.in,prepared_with_assumptions,exposure.csv,assumptions.csv,preserve the site parameters in both arms; native events do not encode species traits; verify cover physiology and full termination before interpreting responses
96038,mineral_N_zero,events/96038/mineral_N_zero/events.in,fertilizer_reference,events/96038/fertilizer_reference/events.in,prepared,exposure.csv,assumptions.csv,existing source configuration and parameter mapping; model execution not validated
96038,mineral_N_half,events/96038/mineral_N_half/events.in,fertilizer_reference,events/96038/fertilizer_reference/events.in,prepared,exposure.csv,assumptions.csv,existing source configuration and parameter mapping; model execution not validated
96038,mineral_N_one_half,events/96038/mineral_N_one_half/events.in,fertilizer_reference,events/96038/fertilizer_reference/events.in,prepared,exposure.csv,assumptions.csv,existing source configuration and parameter mapping; model execution not validated
96038,organic_substitution,events/96038/organic_substitution/events.in,fertilizer_reference,events/96038/fertilizer_reference/events.in,prepared_with_assumptions,exposure.csv,assumptions.csv,existing source configuration and parameter mapping; model execution not validated
96038,tillage_reduced,events/96038/tillage_reduced/events.in,tillage_reference,events/96038/tillage_reference/events.in,prepared,exposure.csv,assumptions.csv,existing source configuration and parameter mapping; model execution not validated
96038,tillage_zero,events/96038/tillage_zero/events.in,tillage_reference,events/96038/tillage_reference/events.in,prepared,exposure.csv,assumptions.csv,existing source configuration and parameter mapping; model execution not validated
155097,cover_annual,events/155097/cover_annual/events.in,cover_none,events/155097/cover_none/events.in,prepared_with_assumptions,exposure.csv,assumptions.csv,preserve the site parameters in both arms; native events do not encode species traits; verify cover physiology and full termination before interpreting responses
155097,mineral_N_zero,events/155097/mineral_N_zero/events.in,fertilizer_reference,events/155097/fertilizer_reference/events.in,prepared,exposure.csv,assumptions.csv,existing source configuration and parameter mapping; model execution not validated
155097,mineral_N_half,events/155097/mineral_N_half/events.in,fertilizer_reference,events/155097/fertilizer_reference/events.in,prepared,exposure.csv,assumptions.csv,existing source configuration and parameter mapping; model execution not validated
155097,mineral_N_one_half,events/155097/mineral_N_one_half/events.in,fertilizer_reference,events/155097/fertilizer_reference/events.in,prepared,exposure.csv,assumptions.csv,existing source configuration and parameter mapping; model execution not validated
155097,organic_substitution,events/155097/organic_substitution/events.in,fertilizer_reference,events/155097/fertilizer_reference/events.in,prepared_with_assumptions,exposure.csv,assumptions.csv,existing source configuration and parameter mapping; model execution not validated
155097,tillage_reduced,events/155097/tillage_reduced/events.in,tillage_reference,events/155097/tillage_reference/events.in,prepared,exposure.csv,assumptions.csv,existing source configuration and parameter mapping; model execution not validated
155097,tillage_zero,events/155097/tillage_zero/events.in,tillage_reference,events/155097/tillage_reference/events.in,prepared,exposure.csv,assumptions.csv,existing source configuration and parameter mapping; model execution not validated
155097,rice_one_dry,events/155097/rice_one_dry/events.in,rice_irrigated_reference,events/155097/rice_irrigated_reference/events.in,prepared_with_assumptions,exposure.csv,assumptions.csv,"preserve the same site parameters in both arms; flooding-capable configuration required; verify ponding, drying and rewetting in model outputs"
155097,rice_two_dry,events/155097/rice_two_dry/events.in,rice_irrigated_reference,events/155097/rice_irrigated_reference/events.in,prepared_with_assumptions,exposure.csv,assumptions.csv,"preserve the same site parameters in both arms; flooding-capable configuration required; verify ponding, drying and rewetting in model outputs"
30934,mineral_N_zero,events/30934/mineral_N_zero/events.in,fertilizer_reference,events/30934/fertilizer_reference/events.in,prepared,exposure.csv,assumptions.csv,existing source configuration and parameter mapping; model execution not validated
30934,mineral_N_half,events/30934/mineral_N_half/events.in,fertilizer_reference,events/30934/fertilizer_reference/events.in,prepared,exposure.csv,assumptions.csv,existing source configuration and parameter mapping; model execution not validated
30934,mineral_N_one_half,events/30934/mineral_N_one_half/events.in,fertilizer_reference,events/30934/fertilizer_reference/events.in,prepared,exposure.csv,assumptions.csv,existing source configuration and parameter mapping; model execution not validated
30934,organic_substitution,events/30934/organic_substitution/events.in,fertilizer_reference,events/30934/fertilizer_reference/events.in,prepared_with_assumptions,exposure.csv,assumptions.csv,existing source configuration and parameter mapping; model execution not validated
30934,tillage_reduced,events/30934/tillage_reduced/events.in,tillage_reference,events/30934/tillage_reference/events.in,prepared,exposure.csv,assumptions.csv,existing source configuration and parameter mapping; model execution not validated
30934,tillage_zero,events/30934/tillage_zero/events.in,tillage_reference,events/30934/tillage_reference/events.in,prepared,exposure.csv,assumptions.csv,existing source configuration and parameter mapping; model execution not validated
32528,cover_annual,events/32528/cover_annual/events.in,cover_none,events/32528/cover_none/events.in,prepared_with_assumptions,exposure.csv,assumptions.csv,preserve the site parameters in both arms; native events do not encode species traits; verify cover physiology and full termination before interpreting responses
32528,mineral_N_zero,events/32528/mineral_N_zero/events.in,fertilizer_reference,events/32528/fertilizer_reference/events.in,prepared,exposure.csv,assumptions.csv,existing source configuration and parameter mapping; model execution not validated
32528,mineral_N_half,events/32528/mineral_N_half/events.in,fertilizer_reference,events/32528/fertilizer_reference/events.in,prepared,exposure.csv,assumptions.csv,existing source configuration and parameter mapping; model execution not validated
32528,mineral_N_one_half,events/32528/mineral_N_one_half/events.in,fertilizer_reference,events/32528/fertilizer_reference/events.in,prepared,exposure.csv,assumptions.csv,existing source configuration and parameter mapping; model execution not validated
32528,organic_substitution,events/32528/organic_substitution/events.in,fertilizer_reference,events/32528/fertilizer_reference/events.in,prepared_with_assumptions,exposure.csv,assumptions.csv,existing source configuration and parameter mapping; model execution not validated
32528,tillage_reduced,events/32528/tillage_reduced/events.in,tillage_reference,events/32528/tillage_reference/events.in,prepared,exposure.csv,assumptions.csv,existing source configuration and parameter mapping; model execution not validated
32528,tillage_zero,events/32528/tillage_zero/events.in,tillage_reference,events/32528/tillage_reference/events.in,prepared,exposure.csv,assumptions.csv,existing source configuration and parameter mapping; model execution not validated
469135,cover_annual,events/469135/cover_annual/events.in,cover_none,events/469135/cover_none/events.in,prepared_with_assumptions,exposure.csv,assumptions.csv,preserve the site parameters in both arms; native events do not encode species traits; verify cover physiology and full termination before interpreting responses
469135,mineral_N_zero,events/469135/mineral_N_zero/events.in,fertilizer_reference,events/469135/fertilizer_reference/events.in,prepared,exposure.csv,assumptions.csv,existing source configuration and parameter mapping; model execution not validated
469135,mineral_N_half,events/469135/mineral_N_half/events.in,fertilizer_reference,events/469135/fertilizer_reference/events.in,prepared,exposure.csv,assumptions.csv,existing source configuration and parameter mapping; model execution not validated
469135,mineral_N_one_half,events/469135/mineral_N_one_half/events.in,fertilizer_reference,events/469135/fertilizer_reference/events.in,prepared,exposure.csv,assumptions.csv,existing source configuration and parameter mapping; model execution not validated
469135,organic_substitution,events/469135/organic_substitution/events.in,fertilizer_reference,events/469135/fertilizer_reference/events.in,prepared_with_assumptions,exposure.csv,assumptions.csv,existing source configuration and parameter mapping; model execution not validated
469135,tillage_reduced,events/469135/tillage_reduced/events.in,tillage_reference,events/469135/tillage_reference/events.in,prepared,exposure.csv,assumptions.csv,existing source configuration and parameter mapping; model execution not validated
469135,tillage_zero,events/469135/tillage_zero/events.in,tillage_reference,events/469135/tillage_reference/events.in,prepared,exposure.csv,assumptions.csv,existing source configuration and parameter mapping; model execution not validated
357428,mineral_N_zero,events/357428/mineral_N_zero/events.in,fertilizer_reference,events/357428/fertilizer_reference/events.in,prepared,exposure.csv,assumptions.csv,existing source configuration and parameter mapping; model execution not validated
357428,mineral_N_half,events/357428/mineral_N_half/events.in,fertilizer_reference,events/357428/fertilizer_reference/events.in,prepared,exposure.csv,assumptions.csv,existing source configuration and parameter mapping; model execution not validated
357428,mineral_N_one_half,events/357428/mineral_N_one_half/events.in,fertilizer_reference,events/357428/fertilizer_reference/events.in,prepared,exposure.csv,assumptions.csv,existing source configuration and parameter mapping; model execution not validated
357428,organic_substitution,events/357428/organic_substitution/events.in,fertilizer_reference,events/357428/fertilizer_reference/events.in,prepared_with_assumptions,exposure.csv,assumptions.csv,existing source configuration and parameter mapping; model execution not validated
357428,tillage_reduced,events/357428/tillage_reduced/events.in,tillage_reference,events/357428/tillage_reference/events.in,prepared,exposure.csv,assumptions.csv,existing source configuration and parameter mapping; model execution not validated
357428,tillage_zero,events/357428/tillage_zero/events.in,tillage_reference,events/357428/tillage_reference/events.in,prepared,exposure.csv,assumptions.csv,existing source configuration and parameter mapping; model execution not validated
472163,cover_annual,events/472163/cover_annual/events.in,cover_none,events/472163/cover_none/events.in,prepared_with_assumptions,exposure.csv,assumptions.csv,preserve the site parameters in both arms; native events do not encode species traits; verify cover physiology and full termination before interpreting responses
472163,mineral_N_zero,events/472163/mineral_N_zero/events.in,fertilizer_reference,events/472163/fertilizer_reference/events.in,prepared,exposure.csv,assumptions.csv,existing source configuration and parameter mapping; model execution not validated
472163,mineral_N_half,events/472163/mineral_N_half/events.in,fertilizer_reference,events/472163/fertilizer_reference/events.in,prepared,exposure.csv,assumptions.csv,existing source configuration and parameter mapping; model execution not validated
472163,mineral_N_one_half,events/472163/mineral_N_one_half/events.in,fertilizer_reference,events/472163/fertilizer_reference/events.in,prepared,exposure.csv,assumptions.csv,existing source configuration and parameter mapping; model execution not validated
472163,organic_substitution,events/472163/organic_substitution/events.in,fertilizer_reference,events/472163/fertilizer_reference/events.in,prepared_with_assumptions,exposure.csv,assumptions.csv,existing source configuration and parameter mapping; model execution not validated
472163,tillage_reduced,events/472163/tillage_reduced/events.in,tillage_reference,events/472163/tillage_reference/events.in,prepared,exposure.csv,assumptions.csv,existing source configuration and parameter mapping; model execution not validated
472163,tillage_zero,events/472163/tillage_zero/events.in,tillage_reference,events/472163/tillage_reference/events.in,prepared,exposure.csv,assumptions.csv,existing source configuration and parameter mapping; model execution not validated
329357,cover_annual,events/329357/cover_annual/events.in,cover_none,events/329357/cover_none/events.in,prepared_with_assumptions,exposure.csv,assumptions.csv,preserve the site parameters in both arms; native events do not encode species traits; verify cover physiology and full termination before interpreting responses
329357,mineral_N_zero,events/329357/mineral_N_zero/events.in,fertilizer_reference,events/329357/fertilizer_reference/events.in,prepared,exposure.csv,assumptions.csv,existing source configuration and parameter mapping; model execution not validated
329357,mineral_N_half,events/329357/mineral_N_half/events.in,fertilizer_reference,events/329357/fertilizer_reference/events.in,prepared,exposure.csv,assumptions.csv,existing source configuration and parameter mapping; model execution not validated
329357,mineral_N_one_half,events/329357/mineral_N_one_half/events.in,fertilizer_reference,events/329357/fertilizer_reference/events.in,prepared,exposure.csv,assumptions.csv,existing source configuration and parameter mapping; model execution not validated
329357,organic_substitution,events/329357/organic_substitution/events.in,fertilizer_reference,events/329357/fertilizer_reference/events.in,prepared_with_assumptions,exposure.csv,assumptions.csv,existing source configuration and parameter mapping; model execution not validated
329357,tillage_reduced,events/329357/tillage_reduced/events.in,tillage_reference,events/329357/tillage_reference/events.in,prepared,exposure.csv,assumptions.csv,existing source configuration and parameter mapping; model execution not validated
329357,tillage_zero,events/329357/tillage_zero/events.in,tillage_reference,events/329357/tillage_reference/events.in,prepared,exposure.csv,assumptions.csv,existing source configuration and parameter mapping; model execution not validated
152256,mineral_N_zero,events/152256/mineral_N_zero/events.in,fertilizer_reference,events/152256/fertilizer_reference/events.in,prepared,exposure.csv,assumptions.csv,existing source configuration and parameter mapping; model execution not validated
152256,mineral_N_half,events/152256/mineral_N_half/events.in,fertilizer_reference,events/152256/fertilizer_reference/events.in,prepared,exposure.csv,assumptions.csv,existing source configuration and parameter mapping; model execution not validated
152256,mineral_N_one_half,events/152256/mineral_N_one_half/events.in,fertilizer_reference,events/152256/fertilizer_reference/events.in,prepared,exposure.csv,assumptions.csv,existing source configuration and parameter mapping; model execution not validated
152256,organic_substitution,events/152256/organic_substitution/events.in,fertilizer_reference,events/152256/fertilizer_reference/events.in,prepared_with_assumptions,exposure.csv,assumptions.csv,existing source configuration and parameter mapping; model execution not validated
152256,tillage_reduced,events/152256/tillage_reduced/events.in,tillage_reference,events/152256/tillage_reference/events.in,prepared,exposure.csv,assumptions.csv,existing source configuration and parameter mapping; model execution not validated
152256,tillage_zero,events/152256/tillage_zero/events.in,tillage_reference,events/152256/tillage_reference/events.in,prepared,exposure.csv,assumptions.csv,existing source configuration and parameter mapping; model execution not validated
89752,mineral_N_zero,events/89752/mineral_N_zero/events.in,fertilizer_reference,events/89752/fertilizer_reference/events.in,prepared,exposure.csv,assumptions.csv,existing source configuration and parameter mapping; model execution not validated
89752,mineral_N_half,events/89752/mineral_N_half/events.in,fertilizer_reference,events/89752/fertilizer_reference/events.in,prepared,exposure.csv,assumptions.csv,existing source configuration and parameter mapping; model execution not validated
89752,mineral_N_one_half,events/89752/mineral_N_one_half/events.in,fertilizer_reference,events/89752/fertilizer_reference/events.in,prepared,exposure.csv,assumptions.csv,existing source configuration and parameter mapping; model execution not validated
89752,organic_substitution,events/89752/organic_substitution/events.in,fertilizer_reference,events/89752/fertilizer_reference/events.in,prepared_with_assumptions,exposure.csv,assumptions.csv,existing source configuration and parameter mapping; model execution not validated
89752,tillage_reduced,events/89752/tillage_reduced/events.in,tillage_reference,events/89752/tillage_reference/events.in,prepared,exposure.csv,assumptions.csv,existing source configuration and parameter mapping; model execution not validated
89752,tillage_zero,events/89752/tillage_zero/events.in,tillage_reference,events/89752/tillage_reference/events.in,prepared,exposure.csv,assumptions.csv,existing source configuration and parameter mapping; model execution not validated
362135,cover_annual,events/362135/cover_annual/events.in,cover_none,events/362135/cover_none/events.in,prepared_with_assumptions,exposure.csv,assumptions.csv,preserve the site parameters in both arms; native events do not encode species traits; verify cover physiology and full termination before interpreting responses
362135,mineral_N_zero,events/362135/mineral_N_zero/events.in,fertilizer_reference,events/362135/fertilizer_reference/events.in,prepared,exposure.csv,assumptions.csv,existing source configuration and parameter mapping; model execution not validated
362135,mineral_N_half,events/362135/mineral_N_half/events.in,fertilizer_reference,events/362135/fertilizer_reference/events.in,prepared,exposure.csv,assumptions.csv,existing source configuration and parameter mapping; model execution not validated
362135,mineral_N_one_half,events/362135/mineral_N_one_half/events.in,fertilizer_reference,events/362135/fertilizer_reference/events.in,prepared,exposure.csv,assumptions.csv,existing source configuration and parameter mapping; model execution not validated
362135,organic_substitution,events/362135/organic_substitution/events.in,fertilizer_reference,events/362135/fertilizer_reference/events.in,prepared_with_assumptions,exposure.csv,assumptions.csv,existing source configuration and parameter mapping; model execution not validated
362135,tillage_reduced,events/362135/tillage_reduced/events.in,tillage_reference,events/362135/tillage_reference/events.in,prepared,exposure.csv,assumptions.csv,existing source configuration and parameter mapping; model execution not validated
362135,tillage_zero,events/362135/tillage_zero/events.in,tillage_reference,events/362135/tillage_reference/events.in,prepared,exposure.csv,assumptions.csv,existing source configuration and parameter mapping; model execution not validated
362135,rice_one_dry,events/362135/rice_one_dry/events.in,rice_irrigated_reference,events/362135/rice_irrigated_reference/events.in,prepared_with_assumptions,exposure.csv,assumptions.csv,"preserve the same site parameters in both arms; flooding-capable configuration required; verify ponding, drying and rewetting in model outputs"
362135,rice_two_dry,events/362135/rice_two_dry/events.in,rice_irrigated_reference,events/362135/rice_irrigated_reference/events.in,prepared_with_assumptions,exposure.csv,assumptions.csv,"preserve the same site parameters in both arms; flooding-capable configuration required; verify ponding, drying and rewetting in model outputs"
594379,cover_annual,events/594379/cover_annual/events.in,cover_none,events/594379/cover_none/events.in,prepared_with_assumptions,exposure.csv,assumptions.csv,preserve the site parameters in both arms; native events do not encode species traits; verify cover physiology and full termination before interpreting responses
594379,mineral_N_zero,events/594379/mineral_N_zero/events.in,fertilizer_reference,events/594379/fertilizer_reference/events.in,prepared,exposure.csv,assumptions.csv,existing source configuration and parameter mapping; model execution not validated
594379,mineral_N_half,events/594379/mineral_N_half/events.in,fertilizer_reference,events/594379/fertilizer_reference/events.in,prepared,exposure.csv,assumptions.csv,existing source configuration and parameter mapping; model execution not validated
594379,mineral_N_one_half,events/594379/mineral_N_one_half/events.in,fertilizer_reference,events/594379/fertilizer_reference/events.in,prepared,exposure.csv,assumptions.csv,existing source configuration and parameter mapping; model execution not validated
594379,organic_substitution,events/594379/organic_substitution/events.in,fertilizer_reference,events/594379/fertilizer_reference/events.in,prepared_with_assumptions,exposure.csv,assumptions.csv,existing source configuration and parameter mapping; model execution not validated
594379,tillage_reduced,events/594379/tillage_reduced/events.in,tillage_reference,events/594379/tillage_reference/events.in,prepared,exposure.csv,assumptions.csv,existing source configuration and parameter mapping; model execution not validated
594379,tillage_zero,events/594379/tillage_zero/events.in,tillage_reference,events/594379/tillage_reference/events.in,prepared,exposure.csv,assumptions.csv,existing source configuration and parameter mapping; model execution not validated
429989,cover_annual,events/429989/cover_annual/events.in,cover_none,events/429989/cover_none/events.in,prepared_with_assumptions,exposure.csv,assumptions.csv,preserve the site parameters in both arms; native events do not encode species traits; verify cover physiology and full termination before interpreting responses
429989,mineral_N_zero,events/429989/mineral_N_zero/events.in,fertilizer_reference,events/429989/fertilizer_reference/events.in,prepared,exposure.csv,assumptions.csv,existing source configuration and parameter mapping; model execution not validated
429989,mineral_N_half,events/429989/mineral_N_half/events.in,fertilizer_reference,events/429989/fertilizer_reference/events.in,prepared,exposure.csv,assumptions.csv,existing source configuration and parameter mapping; model execution not validated
429989,mineral_N_one_half,events/429989/mineral_N_one_half/events.in,fertilizer_reference,events/429989/fertilizer_reference/events.in,prepared,exposure.csv,assumptions.csv,existing source configuration and parameter mapping; model execution not validated
429989,organic_substitution,events/429989/organic_substitution/events.in,fertilizer_reference,events/429989/fertilizer_reference/events.in,prepared_with_assumptions,exposure.csv,assumptions.csv,existing source configuration and parameter mapping; model execution not validated
429989,tillage_reduced,events/429989/tillage_reduced/events.in,tillage_reference,events/429989/tillage_reference/events.in,prepared,exposure.csv,assumptions.csv,existing source configuration and parameter mapping; model execution not validated
429989,tillage_zero,events/429989/tillage_zero/events.in,tillage_reference,events/429989/tillage_reference/events.in,prepared,exposure.csv,assumptions.csv,existing source configuration and parameter mapping; model execution not validated
102480,cover_annual,events/102480/cover_annual/events.in,cover_none,events/102480/cover_none/events.in,prepared_with_assumptions,exposure.csv,assumptions.csv,preserve the site parameters in both arms; native events do not encode species traits; verify cover physiology and full termination before interpreting responses
102480,mineral_N_zero,events/102480/mineral_N_zero/events.in,fertilizer_reference,events/102480/fertilizer_reference/events.in,prepared,exposure.csv,assumptions.csv,existing source configuration and parameter mapping; model execution not validated
102480,mineral_N_half,events/102480/mineral_N_half/events.in,fertilizer_reference,events/102480/fertilizer_reference/events.in,prepared,exposure.csv,assumptions.csv,existing source configuration and parameter mapping; model execution not validated
102480,mineral_N_one_half,events/102480/mineral_N_one_half/events.in,fertilizer_reference,events/102480/fertilizer_reference/events.in,prepared,exposure.csv,assumptions.csv,existing source configuration and parameter mapping; model execution not validated
102480,organic_substitution,events/102480/organic_substitution/events.in,fertilizer_reference,events/102480/fertilizer_reference/events.in,prepared_with_assumptions,exposure.csv,assumptions.csv,existing source configuration and parameter mapping; model execution not validated
102480,tillage_reduced,events/102480/tillage_reduced/events.in,tillage_reference,events/102480/tillage_reference/events.in,prepared,exposure.csv,assumptions.csv,existing source configuration and parameter mapping; model execution not validated
102480,tillage_zero,events/102480/tillage_zero/events.in,tillage_reference,events/102480/tillage_reference/events.in,prepared,exposure.csv,assumptions.csv,existing source configuration and parameter mapping; model execution not validated
28809,cover_annual,events/28809/cover_annual/events.in,cover_none,events/28809/cover_none/events.in,prepared_with_assumptions,exposure.csv,assumptions.csv,preserve the site parameters in both arms; native events do not encode species traits; verify cover physiology and full termination before interpreting responses
28809,mineral_N_zero,events/28809/mineral_N_zero/events.in,fertilizer_reference,events/28809/fertilizer_reference/events.in,prepared,exposure.csv,assumptions.csv,existing source configuration and parameter mapping; model execution not validated
28809,mineral_N_half,events/28809/mineral_N_half/events.in,fertilizer_reference,events/28809/fertilizer_reference/events.in,prepared,exposure.csv,assumptions.csv,existing source configuration and parameter mapping; model execution not validated
28809,mineral_N_one_half,events/28809/mineral_N_one_half/events.in,fertilizer_reference,events/28809/fertilizer_reference/events.in,prepared,exposure.csv,assumptions.csv,existing source configuration and parameter mapping; model execution not validated
28809,organic_substitution,events/28809/organic_substitution/events.in,fertilizer_reference,events/28809/fertilizer_reference/events.in,prepared_with_assumptions,exposure.csv,assumptions.csv,existing source configuration and parameter mapping; model execution not validated
28809,tillage_reduced,events/28809/tillage_reduced/events.in,tillage_reference,events/28809/tillage_reference/events.in,prepared,exposure.csv,assumptions.csv,existing source configuration and parameter mapping; model execution not validated
28809,tillage_zero,events/28809/tillage_zero/events.in,tillage_reference,events/28809/tillage_reference/events.in,prepared,exposure.csv,assumptions.csv,existing source configuration and parameter mapping; model execution not validated
405184,mineral_N_zero,events/405184/mineral_N_zero/events.in,fertilizer_reference,events/405184/fertilizer_reference/events.in,prepared,exposure.csv,assumptions.csv,existing source configuration and parameter mapping; model execution not validated
405184,mineral_N_half,events/405184/mineral_N_half/events.in,fertilizer_reference,events/405184/fertilizer_reference/events.in,prepared,exposure.csv,assumptions.csv,existing source configuration and parameter mapping; model execution not validated
405184,mineral_N_one_half,events/405184/mineral_N_one_half/events.in,fertilizer_reference,events/405184/fertilizer_reference/events.in,prepared,exposure.csv,assumptions.csv,existing source configuration and parameter mapping; model execution not validated
405184,organic_substitution,events/405184/organic_substitution/events.in,fertilizer_reference,events/405184/fertilizer_reference/events.in,prepared_with_assumptions,exposure.csv,assumptions.csv,existing source configuration and parameter mapping; model execution not validated
405184,tillage_reduced,events/405184/tillage_reduced/events.in,tillage_reference,events/405184/tillage_reference/events.in,prepared,exposure.csv,assumptions.csv,existing source configuration and parameter mapping; model execution not validated
405184,tillage_zero,events/405184/tillage_zero/events.in,tillage_reference,events/405184/tillage_reference/events.in,prepared,exposure.csv,assumptions.csv,existing source configuration and parameter mapping; model execution not validated
330822,cover_annual,events/330822/cover_annual/events.in,cover_none,events/330822/cover_none/events.in,prepared_with_assumptions,exposure.csv,assumptions.csv,preserve the site parameters in both arms; native events do not encode species traits; verify cover physiology and full termination before interpreting responses
330822,mineral_N_zero,events/330822/mineral_N_zero/events.in,fertilizer_reference,events/330822/fertilizer_reference/events.in,prepared,exposure.csv,assumptions.csv,existing source configuration and parameter mapping; model execution not validated
330822,mineral_N_half,events/330822/mineral_N_half/events.in,fertilizer_reference,events/330822/fertilizer_reference/events.in,prepared,exposure.csv,assumptions.csv,existing source configuration and parameter mapping; model execution not validated
330822,mineral_N_one_half,events/330822/mineral_N_one_half/events.in,fertilizer_reference,events/330822/fertilizer_reference/events.in,prepared,exposure.csv,assumptions.csv,existing source configuration and parameter mapping; model execution not validated
330822,organic_substitution,events/330822/organic_substitution/events.in,fertilizer_reference,events/330822/fertilizer_reference/events.in,prepared_with_assumptions,exposure.csv,assumptions.csv,existing source configuration and parameter mapping; model execution not validated
330822,tillage_reduced,events/330822/tillage_reduced/events.in,tillage_reference,events/330822/tillage_reference/events.in,prepared,exposure.csv,assumptions.csv,existing source configuration and parameter mapping; model execution not validated
330822,tillage_zero,events/330822/tillage_zero/events.in,tillage_reference,events/330822/tillage_reference/events.in,prepared,exposure.csv,assumptions.csv,existing source configuration and parameter mapping; model execution not validated
15499,mineral_N_zero,events/15499/mineral_N_zero/events.in,fertilizer_reference,events/15499/fertilizer_reference/events.in,prepared,exposure.csv,assumptions.csv,existing source configuration and parameter mapping; model execution not validated
15499,mineral_N_half,events/15499/mineral_N_half/events.in,fertilizer_reference,events/15499/fertilizer_reference/events.in,prepared,exposure.csv,assumptions.csv,existing source configuration and parameter mapping; model execution not validated
15499,mineral_N_one_half,events/15499/mineral_N_one_half/events.in,fertilizer_reference,events/15499/fertilizer_reference/events.in,prepared,exposure.csv,assumptions.csv,existing source configuration and parameter mapping; model execution not validated
15499,organic_substitution,events/15499/organic_substitution/events.in,fertilizer_reference,events/15499/fertilizer_reference/events.in,prepared_with_assumptions,exposure.csv,assumptions.csv,existing source configuration and parameter mapping; model execution not validated
15499,tillage_reduced,events/15499/tillage_reduced/events.in,tillage_reference,events/15499/tillage_reference/events.in,prepared,exposure.csv,assumptions.csv,existing source configuration and parameter mapping; model execution not validated
15499,tillage_zero,events/15499/tillage_zero/events.in,tillage_reference,events/15499/tillage_reference/events.in,prepared,exposure.csv,assumptions.csv,existing source configuration and parameter mapping; model execution not validated
284301,cover_annual,events/284301/cover_annual/events.in,cover_none,events/284301/cover_none/events.in,prepared_with_assumptions,exposure.csv,assumptions.csv,preserve the site parameters in both arms; native events do not encode species traits; verify cover physiology and full termination before interpreting responses
284301,mineral_N_zero,events/284301/mineral_N_zero/events.in,fertilizer_reference,events/284301/fertilizer_reference/events.in,prepared,exposure.csv,assumptions.csv,existing source configuration and parameter mapping; model execution not validated
284301,mineral_N_half,events/284301/mineral_N_half/events.in,fertilizer_reference,events/284301/fertilizer_reference/events.in,prepared,exposure.csv,assumptions.csv,existing source configuration and parameter mapping; model execution not validated
284301,mineral_N_one_half,events/284301/mineral_N_one_half/events.in,fertilizer_reference,events/284301/fertilizer_reference/events.in,prepared,exposure.csv,assumptions.csv,existing source configuration and parameter mapping; model execution not validated
284301,organic_substitution,events/284301/organic_substitution/events.in,fertilizer_reference,events/284301/fertilizer_reference/events.in,prepared_with_assumptions,exposure.csv,assumptions.csv,existing source configuration and parameter mapping; model execution not validated
284301,tillage_reduced,events/284301/tillage_reduced/events.in,tillage_reference,events/284301/tillage_reference/events.in,prepared,exposure.csv,assumptions.csv,existing source configuration and parameter mapping; model execution not validated
284301,tillage_zero,events/284301/tillage_zero/events.in,tillage_reference,events/284301/tillage_reference/events.in,prepared,exposure.csv,assumptions.csv,existing source configuration and parameter mapping; model execution not validated
285241,mineral_N_zero,events/285241/mineral_N_zero/events.in,fertilizer_reference,events/285241/fertilizer_reference/events.in,prepared,exposure.csv,assumptions.csv,existing source configuration and parameter mapping; model execution not validated
285241,mineral_N_half,events/285241/mineral_N_half/events.in,fertilizer_reference,events/285241/fertilizer_reference/events.in,prepared,exposure.csv,assumptions.csv,existing source configuration and parameter mapping; model execution not validated
285241,mineral_N_one_half,events/285241/mineral_N_one_half/events.in,fertilizer_reference,events/285241/fertilizer_reference/events.in,prepared,exposure.csv,assumptions.csv,existing source configuration and parameter mapping; model execution not validated
285241,organic_substitution,events/285241/organic_substitution/events.in,fertilizer_reference,events/285241/fertilizer_reference/events.in,prepared_with_assumptions,exposure.csv,assumptions.csv,existing source configuration and parameter mapping; model execution not validated
285241,tillage_reduced,events/285241/tillage_reduced/events.in,tillage_reference,events/285241/tillage_reference/events.in,prepared,exposure.csv,assumptions.csv,existing source configuration and parameter mapping; model execution not validated
285241,tillage_zero,events/285241/tillage_zero/events.in,tillage_reference,events/285241/tillage_reference/events.in,prepared,exposure.csv,assumptions.csv,existing source configuration and parameter mapping; model execution not validated
244878,cover_annual,events/244878/cover_annual/events.in,cover_none,events/244878/cover_none/events.in,prepared_with_assumptions,exposure.csv,assumptions.csv,preserve the site parameters in both arms; native events do not encode species traits; verify cover physiology and full termination before interpreting responses
244878,mineral_N_zero,events/244878/mineral_N_zero/events.in,fertilizer_reference,events/244878/fertilizer_reference/events.in,prepared,exposure.csv,assumptions.csv,existing source configuration and parameter mapping; model execution not validated
244878,mineral_N_half,events/244878/mineral_N_half/events.in,fertilizer_reference,events/244878/fertilizer_reference/events.in,prepared,exposure.csv,assumptions.csv,existing source configuration and parameter mapping; model execution not validated
244878,mineral_N_one_half,events/244878/mineral_N_one_half/events.in,fertilizer_reference,events/244878/fertilizer_reference/events.in,prepared,exposure.csv,assumptions.csv,existing source configuration and parameter mapping; model execution not validated
244878,organic_substitution,events/244878/organic_substitution/events.in,fertilizer_reference,events/244878/fertilizer_reference/events.in,prepared_with_assumptions,exposure.csv,assumptions.csv,existing source configuration and parameter mapping; model execution not validated
244878,tillage_reduced,events/244878/tillage_reduced/events.in,tillage_reference,events/244878/tillage_reference/events.in,prepared,exposure.csv,assumptions.csv,existing source configuration and parameter mapping; model execution not validated
244878,tillage_zero,events/244878/tillage_zero/events.in,tillage_reference,events/244878/tillage_reference/events.in,prepared,exposure.csv,assumptions.csv,existing source configuration and parameter mapping; model execution not validated
244878,rice_one_dry,events/244878/rice_one_dry/events.in,rice_irrigated_reference,events/244878/rice_irrigated_reference/events.in,prepared_with_assumptions,exposure.csv,assumptions.csv,"preserve the same site parameters in both arms; flooding-capable configuration required; verify ponding, drying and rewetting in model outputs"
244878,rice_two_dry,events/244878/rice_two_dry/events.in,rice_irrigated_reference,events/244878/rice_irrigated_reference/events.in,prepared_with_assumptions,exposure.csv,assumptions.csv,"preserve the same site parameters in both arms; flooding-capable configuration required; verify ponding, drying and rewetting in model outputs"
405606,cover_annual,events/405606/cover_annual/events.in,cover_none,events/405606/cover_none/events.in,prepared_with_assumptions,exposure.csv,assumptions.csv,preserve the site parameters in both arms; native events do not encode species traits; verify cover physiology and full termination before interpreting responses
405606,mineral_N_zero,events/405606/mineral_N_zero/events.in,fertilizer_reference,events/405606/fertilizer_reference/events.in,prepared,exposure.csv,assumptions.csv,existing source configuration and parameter mapping; model execution not validated
405606,mineral_N_half,events/405606/mineral_N_half/events.in,fertilizer_reference,events/405606/fertilizer_reference/events.in,prepared,exposure.csv,assumptions.csv,existing source configuration and parameter mapping; model execution not validated
405606,mineral_N_one_half,events/405606/mineral_N_one_half/events.in,fertilizer_reference,events/405606/fertilizer_reference/events.in,prepared,exposure.csv,assumptions.csv,existing source configuration and parameter mapping; model execution not validated
405606,organic_substitution,events/405606/organic_substitution/events.in,fertilizer_reference,events/405606/fertilizer_reference/events.in,prepared_with_assumptions,exposure.csv,assumptions.csv,existing source configuration and parameter mapping; model execution not validated
405606,tillage_reduced,events/405606/tillage_reduced/events.in,tillage_reference,events/405606/tillage_reference/events.in,prepared,exposure.csv,assumptions.csv,existing source configuration and parameter mapping; model execution not validated
405606,tillage_zero,events/405606/tillage_zero/events.in,tillage_reference,events/405606/tillage_reference/events.in,prepared,exposure.csv,assumptions.csv,existing source configuration and parameter mapping; model execution not validated
327124,mineral_N_zero,events/327124/mineral_N_zero/events.in,fertilizer_reference,events/327124/fertilizer_reference/events.in,prepared,exposure.csv,assumptions.csv,existing source configuration and parameter mapping; model execution not validated
327124,mineral_N_half,events/327124/mineral_N_half/events.in,fertilizer_reference,events/327124/fertilizer_reference/events.in,prepared,exposure.csv,assumptions.csv,existing source configuration and parameter mapping; model execution not validated
327124,mineral_N_one_half,events/327124/mineral_N_one_half/events.in,fertilizer_reference,events/327124/fertilizer_reference/events.in,prepared,exposure.csv,assumptions.csv,existing source configuration and parameter mapping; model execution not validated
327124,organic_substitution,events/327124/organic_substitution/events.in,fertilizer_reference,events/327124/fertilizer_reference/events.in,prepared_with_assumptions,exposure.csv,assumptions.csv,existing source configuration and parameter mapping; model execution not validated
327124,tillage_reduced,events/327124/tillage_reduced/events.in,tillage_reference,events/327124/tillage_reference/events.in,prepared,exposure.csv,assumptions.csv,existing source configuration and parameter mapping; model execution not validated
327124,tillage_zero,events/327124/tillage_zero/events.in,tillage_reference,events/327124/tillage_reference/events.in,prepared,exposure.csv,assumptions.csv,existing source configuration and parameter mapping; model execution not validated
118038,cover_annual,events/118038/cover_annual/events.in,cover_none,events/118038/cover_none/events.in,prepared_with_assumptions,exposure.csv,assumptions.csv,preserve the site parameters in both arms; native events do not encode species traits; verify cover physiology and full termination before interpreting responses
118038,mineral_N_zero,events/118038/mineral_N_zero/events.in,fertilizer_reference,events/118038/fertilizer_reference/events.in,prepared,exposure.csv,assumptions.csv,existing source configuration and parameter mapping; model execution not validated
118038,mineral_N_half,events/118038/mineral_N_half/events.in,fertilizer_reference,events/118038/fertilizer_reference/events.in,prepared,exposure.csv,assumptions.csv,existing source configuration and parameter mapping; model execution not validated
118038,mineral_N_one_half,events/118038/mineral_N_one_half/events.in,fertilizer_reference,events/118038/fertilizer_reference/events.in,prepared,exposure.csv,assumptions.csv,existing source configuration and parameter mapping; model execution not validated
118038,organic_substitution,events/118038/organic_substitution/events.in,fertilizer_reference,events/118038/fertilizer_reference/events.in,prepared_with_assumptions,exposure.csv,assumptions.csv,existing source configuration and parameter mapping; model execution not validated
118038,tillage_reduced,events/118038/tillage_reduced/events.in,tillage_reference,events/118038/tillage_reference/events.in,prepared,exposure.csv,assumptions.csv,existing source configuration and parameter mapping; model execution not validated
118038,tillage_zero,events/118038/tillage_zero/events.in,tillage_reference,events/118038/tillage_reference/events.in,prepared,exposure.csv,assumptions.csv,existing source configuration and parameter mapping; model execution not validated
597240,cover_annual,events/597240/cover_annual/events.in,cover_none,events/597240/cover_none/events.in,prepared_with_assumptions,exposure.csv,assumptions.csv,preserve the site parameters in both arms; native events do not encode species traits; verify cover physiology and full termination before interpreting responses
597240,mineral_N_zero,events/597240/mineral_N_zero/events.in,fertilizer_reference,events/597240/fertilizer_reference/events.in,prepared,exposure.csv,assumptions.csv,existing source configuration and parameter mapping; model execution not validated
597240,mineral_N_half,events/597240/mineral_N_half/events.in,fertilizer_reference,events/597240/fertilizer_reference/events.in,prepared,exposure.csv,assumptions.csv,existing source configuration and parameter mapping; model execution not validated
597240,mineral_N_one_half,events/597240/mineral_N_one_half/events.in,fertilizer_reference,events/597240/fertilizer_reference/events.in,prepared,exposure.csv,assumptions.csv,existing source configuration and parameter mapping; model execution not validated
597240,organic_substitution,events/597240/organic_substitution/events.in,fertilizer_reference,events/597240/fertilizer_reference/events.in,prepared_with_assumptions,exposure.csv,assumptions.csv,existing source configuration and parameter mapping; model execution not validated
597240,tillage_reduced,events/597240/tillage_reduced/events.in,tillage_reference,events/597240/tillage_reference/events.in,prepared,exposure.csv,assumptions.csv,existing source configuration and parameter mapping; model execution not validated
597240,tillage_zero,events/597240/tillage_zero/events.in,tillage_reference,events/597240/tillage_reference/events.in,prepared,exposure.csv,assumptions.csv,existing source configuration and parameter mapping; model execution not validated
299613,mineral_N_zero,events/299613/mineral_N_zero/events.in,fertilizer_reference,events/299613/fertilizer_reference/events.in,prepared,exposure.csv,assumptions.csv,existing source configuration and parameter mapping; model execution not validated
299613,mineral_N_half,events/299613/mineral_N_half/events.in,fertilizer_reference,events/299613/fertilizer_reference/events.in,prepared,exposure.csv,assumptions.csv,existing source configuration and parameter mapping; model execution not validated
299613,mineral_N_one_half,events/299613/mineral_N_one_half/events.in,fertilizer_reference,events/299613/fertilizer_reference/events.in,prepared,exposure.csv,assumptions.csv,existing source configuration and parameter mapping; model execution not validated
299613,organic_substitution,events/299613/organic_substitution/events.in,fertilizer_reference,events/299613/fertilizer_reference/events.in,prepared_with_assumptions,exposure.csv,assumptions.csv,existing source configuration and parameter mapping; model execution not validated
299613,tillage_reduced,events/299613/tillage_reduced/events.in,tillage_reference,events/299613/tillage_reference/events.in,prepared,exposure.csv,assumptions.csv,existing source configuration and parameter mapping; model execution not validated
299613,tillage_zero,events/299613/tillage_zero/events.in,tillage_reference,events/299613/tillage_reference/events.in,prepared,exposure.csv,assumptions.csv,existing source configuration and parameter mapping; model execution not validated
293793,cover_annual,events/293793/cover_annual/events.in,cover_none,events/293793/cover_none/events.in,prepared_with_assumptions,exposure.csv,assumptions.csv,preserve the site parameters in both arms; native events do not encode species traits; verify cover physiology and full termination before interpreting responses
293793,mineral_N_zero,events/293793/mineral_N_zero/events.in,fertilizer_reference,events/293793/fertilizer_reference/events.in,prepared,exposure.csv,assumptions.csv,existing source configuration and parameter mapping; model execution not validated
293793,mineral_N_half,events/293793/mineral_N_half/events.in,fertilizer_reference,events/293793/fertilizer_reference/events.in,prepared,exposure.csv,assumptions.csv,existing source configuration and parameter mapping; model execution not validated
293793,mineral_N_one_half,events/293793/mineral_N_one_half/events.in,fertilizer_reference,events/293793/fertilizer_reference/events.in,prepared,exposure.csv,assumptions.csv,existing source configuration and parameter mapping; model execution not validated
293793,organic_substitution,events/293793/organic_substitution/events.in,fertilizer_reference,events/293793/fertilizer_reference/events.in,prepared_with_assumptions,exposure.csv,assumptions.csv,existing source configuration and parameter mapping; model execution not validated
293793,tillage_reduced,events/293793/tillage_reduced/events.in,tillage_reference,events/293793/tillage_reference/events.in,prepared,exposure.csv,assumptions.csv,existing source configuration and parameter mapping; model execution not validated
293793,tillage_zero,events/293793/tillage_zero/events.in,tillage_reference,events/293793/tillage_reference/events.in,prepared,exposure.csv,assumptions.csv,existing source configuration and parameter mapping; model execution not validated
144461,mineral_N_zero,events/144461/mineral_N_zero/events.in,fertilizer_reference,events/144461/fertilizer_reference/events.in,prepared,exposure.csv,assumptions.csv,existing source configuration and parameter mapping; model execution not validated
144461,mineral_N_half,events/144461/mineral_N_half/events.in,fertilizer_reference,events/144461/fertilizer_reference/events.in,prepared,exposure.csv,assumptions.csv,existing source configuration and parameter mapping; model execution not validated
144461,mineral_N_one_half,events/144461/mineral_N_one_half/events.in,fertilizer_reference,events/144461/fertilizer_reference/events.in,prepared,exposure.csv,assumptions.csv,existing source configuration and parameter mapping; model execution not validated
144461,organic_substitution,events/144461/organic_substitution/events.in,fertilizer_reference,events/144461/fertilizer_reference/events.in,prepared_with_assumptions,exposure.csv,assumptions.csv,existing source configuration and parameter mapping; model execution not validated
144461,tillage_reduced,events/144461/tillage_reduced/events.in,tillage_reference,events/144461/tillage_reference/events.in,prepared,exposure.csv,assumptions.csv,existing source configuration and parameter mapping; model execution not validated
144461,tillage_zero,events/144461/tillage_zero/events.in,tillage_reference,events/144461/tillage_reference/events.in,prepared,exposure.csv,assumptions.csv,existing source configuration and parameter mapping; model execution not validated
153154,cover_annual,events/153154/cover_annual/events.in,cover_none,events/153154/cover_none/events.in,prepared_with_assumptions,exposure.csv,assumptions.csv,preserve the site parameters in both arms; native events do not encode species traits; verify cover physiology and full termination before interpreting responses
153154,mineral_N_zero,events/153154/mineral_N_zero/events.in,fertilizer_reference,events/153154/fertilizer_reference/events.in,prepared,exposure.csv,assumptions.csv,existing source configuration and parameter mapping; model execution not validated
153154,mineral_N_half,events/153154/mineral_N_half/events.in,fertilizer_reference,events/153154/fertilizer_reference/events.in,prepared,exposure.csv,assumptions.csv,existing source configuration and parameter mapping; model execution not validated
153154,mineral_N_one_half,events/153154/mineral_N_one_half/events.in,fertilizer_reference,events/153154/fertilizer_reference/events.in,prepared,exposure.csv,assumptions.csv,existing source configuration and parameter mapping; model execution not validated
153154,organic_substitution,events/153154/organic_substitution/events.in,fertilizer_reference,events/153154/fertilizer_reference/events.in,prepared_with_assumptions,exposure.csv,assumptions.csv,existing source configuration and parameter mapping; model execution not validated
153154,tillage_reduced,events/153154/tillage_reduced/events.in,tillage_reference,events/153154/tillage_reference/events.in,prepared,exposure.csv,assumptions.csv,existing source configuration and parameter mapping; model execution not validated
153154,tillage_zero,events/153154/tillage_zero/events.in,tillage_reference,events/153154/tillage_reference/events.in,prepared,exposure.csv,assumptions.csv,existing source configuration and parameter mapping; model execution not validated
506467,mineral_N_zero,events/506467/mineral_N_zero/events.in,fertilizer_reference,events/506467/fertilizer_reference/events.in,prepared,exposure.csv,assumptions.csv,existing source configuration and parameter mapping; model execution not validated
506467,mineral_N_half,events/506467/mineral_N_half/events.in,fertilizer_reference,events/506467/fertilizer_reference/events.in,prepared,exposure.csv,assumptions.csv,existing source configuration and parameter mapping; model execution not validated
506467,mineral_N_one_half,events/506467/mineral_N_one_half/events.in,fertilizer_reference,events/506467/fertilizer_reference/events.in,prepared,exposure.csv,assumptions.csv,existing source configuration and parameter mapping; model execution not validated
506467,organic_substitution,events/506467/organic_substitution/events.in,fertilizer_reference,events/506467/fertilizer_reference/events.in,prepared_with_assumptions,exposure.csv,assumptions.csv,existing source configuration and parameter mapping; model execution not validated
506467,tillage_reduced,events/506467/tillage_reduced/events.in,tillage_reference,events/506467/tillage_reference/events.in,prepared,exposure.csv,assumptions.csv,existing source configuration and parameter mapping; model execution not validated
506467,tillage_zero,events/506467/tillage_zero/events.in,tillage_reference,events/506467/tillage_reference/events.in,prepared,exposure.csv,assumptions.csv,existing source configuration and parameter mapping; model execution not validated
302976,cover_annual,events/302976/cover_annual/events.in,cover_none,events/302976/cover_none/events.in,prepared_with_assumptions,exposure.csv,assumptions.csv,preserve the site parameters in both arms; native events do not encode species traits; verify cover physiology and full termination before interpreting responses
302976,mineral_N_zero,events/302976/mineral_N_zero/events.in,fertilizer_reference,events/302976/fertilizer_reference/events.in,prepared,exposure.csv,assumptions.csv,existing source configuration and parameter mapping; model execution not validated
302976,mineral_N_half,events/302976/mineral_N_half/events.in,fertilizer_reference,events/302976/fertilizer_reference/events.in,prepared,exposure.csv,assumptions.csv,existing source configuration and parameter mapping; model execution not validated
302976,mineral_N_one_half,events/302976/mineral_N_one_half/events.in,fertilizer_reference,events/302976/fertilizer_reference/events.in,prepared,exposure.csv,assumptions.csv,existing source configuration and parameter mapping; model execution not validated
302976,organic_substitution,events/302976/organic_substitution/events.in,fertilizer_reference,events/302976/fertilizer_reference/events.in,prepared_with_assumptions,exposure.csv,assumptions.csv,existing source configuration and parameter mapping; model execution not validated
302976,tillage_reduced,events/302976/tillage_reduced/events.in,tillage_reference,events/302976/tillage_reference/events.in,prepared,exposure.csv,assumptions.csv,existing source configuration and parameter mapping; model execution not validated
302976,tillage_zero,events/302976/tillage_zero/events.in,tillage_reference,events/302976/tillage_reference/events.in,prepared,exposure.csv,assumptions.csv,existing source configuration and parameter mapping; model execution not validated
453786,mineral_N_zero,events/453786/mineral_N_zero/events.in,fertilizer_reference,events/453786/fertilizer_reference/events.in,prepared,exposure.csv,assumptions.csv,existing source configuration and parameter mapping; model execution not validated
453786,mineral_N_half,events/453786/mineral_N_half/events.in,fertilizer_reference,events/453786/fertilizer_reference/events.in,prepared,exposure.csv,assumptions.csv,existing source configuration and parameter mapping; model execution not validated
453786,mineral_N_one_half,events/453786/mineral_N_one_half/events.in,fertilizer_reference,events/453786/fertilizer_reference/events.in,prepared,exposure.csv,assumptions.csv,existing source configuration and parameter mapping; model execution not validated
453786,organic_substitution,events/453786/organic_substitution/events.in,fertilizer_reference,events/453786/fertilizer_reference/events.in,prepared_with_assumptions,exposure.csv,assumptions.csv,existing source configuration and parameter mapping; model execution not validated
453786,tillage_reduced,events/453786/tillage_reduced/events.in,tillage_reference,events/453786/tillage_reference/events.in,prepared,exposure.csv,assumptions.csv,existing source configuration and parameter mapping; model execution not validated
453786,tillage_zero,events/453786/tillage_zero/events.in,tillage_reference,events/453786/tillage_reference/events.in,prepared,exposure.csv,assumptions.csv,existing source configuration and parameter mapping; model execution not validated
336904,cover_annual,events/336904/cover_annual/events.in,cover_none,events/336904/cover_none/events.in,prepared_with_assumptions,exposure.csv,assumptions.csv,preserve the site parameters in both arms; native events do not encode species traits; verify cover physiology and full termination before interpreting responses
336904,mineral_N_zero,events/336904/mineral_N_zero/events.in,fertilizer_reference,events/336904/fertilizer_reference/events.in,prepared,exposure.csv,assumptions.csv,existing source configuration and parameter mapping; model execution not validated
336904,mineral_N_half,events/336904/mineral_N_half/events.in,fertilizer_reference,events/336904/fertilizer_reference/events.in,prepared,exposure.csv,assumptions.csv,existing source configuration and parameter mapping; model execution not validated
336904,mineral_N_one_half,events/336904/mineral_N_one_half/events.in,fertilizer_reference,events/336904/fertilizer_reference/events.in,prepared,exposure.csv,assumptions.csv,existing source configuration and parameter mapping; model execution not validated
336904,organic_substitution,events/336904/organic_substitution/events.in,fertilizer_reference,events/336904/fertilizer_reference/events.in,prepared_with_assumptions,exposure.csv,assumptions.csv,existing source configuration and parameter mapping; model execution not validated
336904,tillage_reduced,events/336904/tillage_reduced/events.in,tillage_reference,events/336904/tillage_reference/events.in,prepared,exposure.csv,assumptions.csv,existing source configuration and parameter mapping; model execution not validated
336904,tillage_zero,events/336904/tillage_zero/events.in,tillage_reference,events/336904/tillage_reference/events.in,prepared,exposure.csv,assumptions.csv,existing source configuration and parameter mapping; model execution not validated
535040,cover_annual,events/535040/cover_annual/events.in,cover_none,events/535040/cover_none/events.in,prepared_with_assumptions,exposure.csv,assumptions.csv,preserve the site parameters in both arms; native events do not encode species traits; verify cover physiology and full termination before interpreting responses
535040,mineral_N_zero,events/535040/mineral_N_zero/events.in,fertilizer_reference,events/535040/fertilizer_reference/events.in,prepared,exposure.csv,assumptions.csv,existing source configuration and parameter mapping; model execution not validated
535040,mineral_N_half,events/535040/mineral_N_half/events.in,fertilizer_reference,events/535040/fertilizer_reference/events.in,prepared,exposure.csv,assumptions.csv,existing source configuration and parameter mapping; model execution not validated
535040,mineral_N_one_half,events/535040/mineral_N_one_half/events.in,fertilizer_reference,events/535040/fertilizer_reference/events.in,prepared,exposure.csv,assumptions.csv,existing source configuration and parameter mapping; model execution not validated
535040,organic_substitution,events/535040/organic_substitution/events.in,fertilizer_reference,events/535040/fertilizer_reference/events.in,prepared_with_assumptions,exposure.csv,assumptions.csv,existing source configuration and parameter mapping; model execution not validated
535040,tillage_reduced,events/535040/tillage_reduced/events.in,tillage_reference,events/535040/tillage_reference/events.in,prepared,exposure.csv,assumptions.csv,existing source configuration and parameter mapping; model execution not validated
535040,tillage_zero,events/535040/tillage_zero/events.in,tillage_reference,events/535040/tillage_reference/events.in,prepared,exposure.csv,assumptions.csv,existing source configuration and parameter mapping; model execution not validated
212287,cover_annual,events/212287/cover_annual/events.in,cover_none,events/212287/cover_none/events.in,prepared_with_assumptions,exposure.csv,assumptions.csv,preserve the site parameters in both arms; native events do not encode species traits; verify cover physiology and full termination before interpreting responses
212287,mineral_N_zero,events/212287/mineral_N_zero/events.in,fertilizer_reference,events/212287/fertilizer_reference/events.in,prepared,exposure.csv,assumptions.csv,existing source configuration and parameter mapping; model execution not validated
212287,mineral_N_half,events/212287/mineral_N_half/events.in,fertilizer_reference,events/212287/fertilizer_reference/events.in,prepared,exposure.csv,assumptions.csv,existing source configuration and parameter mapping; model execution not validated
212287,mineral_N_one_half,events/212287/mineral_N_one_half/events.in,fertilizer_reference,events/212287/fertilizer_reference/events.in,prepared,exposure.csv,assumptions.csv,existing source configuration and parameter mapping; model execution not validated
212287,organic_substitution,events/212287/organic_substitution/events.in,fertilizer_reference,events/212287/fertilizer_reference/events.in,prepared_with_assumptions,exposure.csv,assumptions.csv,existing source configuration and parameter mapping; model execution not validated
212287,tillage_reduced,events/212287/tillage_reduced/events.in,tillage_reference,events/212287/tillage_reference/events.in,prepared,exposure.csv,assumptions.csv,existing source configuration and parameter mapping; model execution not validated
212287,tillage_zero,events/212287/tillage_zero/events.in,tillage_reference,events/212287/tillage_reference/events.in,prepared,exposure.csv,assumptions.csv,existing source configuration and parameter mapping; model execution not validated
549173,mineral_N_zero,events/549173/mineral_N_zero/events.in,fertilizer_reference,events/549173/fertilizer_reference/events.in,prepared,exposure.csv,assumptions.csv,existing source configuration and parameter mapping; model execution not validated
549173,mineral_N_half,events/549173/mineral_N_half/events.in,fertilizer_reference,events/549173/fertilizer_reference/events.in,prepared,exposure.csv,assumptions.csv,existing source configuration and parameter mapping; model execution not validated
549173,mineral_N_one_half,events/549173/mineral_N_one_half/events.in,fertilizer_reference,events/549173/fertilizer_reference/events.in,prepared,exposure.csv,assumptions.csv,existing source configuration and parameter mapping; model execution not validated
549173,organic_substitution,events/549173/organic_substitution/events.in,fertilizer_reference,events/549173/fertilizer_reference/events.in,prepared_with_assumptions,exposure.csv,assumptions.csv,existing source configuration and parameter mapping; model execution not validated
549173,tillage_reduced,events/549173/tillage_reduced/events.in,tillage_reference,events/549173/tillage_reference/events.in,prepared,exposure.csv,assumptions.csv,existing source configuration and parameter mapping; model execution not validated
549173,tillage_zero,events/549173/tillage_zero/events.in,tillage_reference,events/549173/tillage_reference/events.in,prepared,exposure.csv,assumptions.csv,existing source configuration and parameter mapping; model execution not validated
107465,mineral_N_zero,events/107465/mineral_N_zero/events.in,fertilizer_reference,events/107465/fertilizer_reference/events.in,prepared,exposure.csv,assumptions.csv,existing source configuration and parameter mapping; model execution not validated
107465,mineral_N_half,events/107465/mineral_N_half/events.in,fertilizer_reference,events/107465/fertilizer_reference/events.in,prepared,exposure.csv,assumptions.csv,existing source configuration and parameter mapping; model execution not validated
107465,mineral_N_one_half,events/107465/mineral_N_one_half/events.in,fertilizer_reference,events/107465/fertilizer_reference/events.in,prepared,exposure.csv,assumptions.csv,existing source configuration and parameter mapping; model execution not validated
107465,organic_substitution,events/107465/organic_substitution/events.in,fertilizer_reference,events/107465/fertilizer_reference/events.in,prepared_with_assumptions,exposure.csv,assumptions.csv,existing source configuration and parameter mapping; model execution not validated
107465,tillage_reduced,events/107465/tillage_reduced/events.in,tillage_reference,events/107465/tillage_reference/events.in,prepared,exposure.csv,assumptions.csv,existing source configuration and parameter mapping; model execution not validated
107465,tillage_zero,events/107465/tillage_zero/events.in,tillage_reference,events/107465/tillage_reference/events.in,prepared,exposure.csv,assumptions.csv,existing source configuration and parameter mapping; model execution not validated
555182,mineral_N_zero,events/555182/mineral_N_zero/events.in,fertilizer_reference,events/555182/fertilizer_reference/events.in,prepared,exposure.csv,assumptions.csv,existing source configuration and parameter mapping; model execution not validated
555182,mineral_N_half,events/555182/mineral_N_half/events.in,fertilizer_reference,events/555182/fertilizer_reference/events.in,prepared,exposure.csv,assumptions.csv,existing source configuration and parameter mapping; model execution not validated
555182,mineral_N_one_half,events/555182/mineral_N_one_half/events.in,fertilizer_reference,events/555182/fertilizer_reference/events.in,prepared,exposure.csv,assumptions.csv,existing source configuration and parameter mapping; model execution not validated
555182,organic_substitution,events/555182/organic_substitution/events.in,fertilizer_reference,events/555182/fertilizer_reference/events.in,prepared_with_assumptions,exposure.csv,assumptions.csv,existing source configuration and parameter mapping; model execution not validated
555182,tillage_reduced,events/555182/tillage_reduced/events.in,tillage_reference,events/555182/tillage_reference/events.in,prepared,exposure.csv,assumptions.csv,existing source configuration and parameter mapping; model execution not validated
555182,tillage_zero,events/555182/tillage_zero/events.in,tillage_reference,events/555182/tillage_reference/events.in,prepared,exposure.csv,assumptions.csv,existing source configuration and parameter mapping; model execution not validated
372700,cover_annual,events/372700/cover_annual/events.in,cover_none,events/372700/cover_none/events.in,prepared_with_assumptions,exposure.csv,assumptions.csv,preserve the site parameters in both arms; native events do not encode species traits; verify cover physiology and full termination before interpreting responses
372700,mineral_N_zero,events/372700/mineral_N_zero/events.in,fertilizer_reference,events/372700/fertilizer_reference/events.in,prepared,exposure.csv,assumptions.csv,existing source configuration and parameter mapping; model execution not validated
372700,mineral_N_half,events/372700/mineral_N_half/events.in,fertilizer_reference,events/372700/fertilizer_reference/events.in,prepared,exposure.csv,assumptions.csv,existing source configuration and parameter mapping; model execution not validated
372700,mineral_N_one_half,events/372700/mineral_N_one_half/events.in,fertilizer_reference,events/372700/fertilizer_reference/events.in,prepared,exposure.csv,assumptions.csv,existing source configuration and parameter mapping; model execution not validated
372700,organic_substitution,events/372700/organic_substitution/events.in,fertilizer_reference,events/372700/fertilizer_reference/events.in,prepared_with_assumptions,exposure.csv,assumptions.csv,existing source configuration and parameter mapping; model execution not validated
372700,tillage_reduced,events/372700/tillage_reduced/events.in,tillage_reference,events/372700/tillage_reference/events.in,prepared,exposure.csv,assumptions.csv,existing source configuration and parameter mapping; model execution not validated
372700,tillage_zero,events/372700/tillage_zero/events.in,tillage_reference,events/372700/tillage_reference/events.in,prepared,exposure.csv,assumptions.csv,existing source configuration and parameter mapping; model execution not validated
313780,mineral_N_zero,events/313780/mineral_N_zero/events.in,fertilizer_reference,events/313780/fertilizer_reference/events.in,prepared,exposure.csv,assumptions.csv,existing source configuration and parameter mapping; model execution not validated
313780,mineral_N_half,events/313780/mineral_N_half/events.in,fertilizer_reference,events/313780/fertilizer_reference/events.in,prepared,exposure.csv,assumptions.csv,existing source configuration and parameter mapping; model execution not validated
313780,mineral_N_one_half,events/313780/mineral_N_one_half/events.in,fertilizer_reference,events/313780/fertilizer_reference/events.in,prepared,exposure.csv,assumptions.csv,existing source configuration and parameter mapping; model execution not validated
313780,organic_substitution,events/313780/organic_substitution/events.in,fertilizer_reference,events/313780/fertilizer_reference/events.in,prepared_with_assumptions,exposure.csv,assumptions.csv,existing source configuration and parameter mapping; model execution not validated
313780,tillage_reduced,events/313780/tillage_reduced/events.in,tillage_reference,events/313780/tillage_reference/events.in,prepared,exposure.csv,assumptions.csv,existing source configuration and parameter mapping; model execution not validated
313780,tillage_zero,events/313780/tillage_zero/events.in,tillage_reference,events/313780/tillage_reference/events.in,prepared,exposure.csv,assumptions.csv,existing source configuration and parameter mapping; model execution not validated
309355,cover_annual,events/309355/cover_annual/events.in,cover_none,events/309355/cover_none/events.in,prepared_with_assumptions,exposure.csv,assumptions.csv,preserve the site parameters in both arms; native events do not encode species traits; verify cover physiology and full termination before interpreting responses
309355,mineral_N_zero,events/309355/mineral_N_zero/events.in,fertilizer_reference,events/309355/fertilizer_reference/events.in,prepared,exposure.csv,assumptions.csv,existing source configuration and parameter mapping; model execution not validated
309355,mineral_N_half,events/309355/mineral_N_half/events.in,fertilizer_reference,events/309355/fertilizer_reference/events.in,prepared,exposure.csv,assumptions.csv,existing source configuration and parameter mapping; model execution not validated
309355,mineral_N_one_half,events/309355/mineral_N_one_half/events.in,fertilizer_reference,events/309355/fertilizer_reference/events.in,prepared,exposure.csv,assumptions.csv,existing source configuration and parameter mapping; model execution not validated
309355,organic_substitution,events/309355/organic_substitution/events.in,fertilizer_reference,events/309355/fertilizer_reference/events.in,prepared_with_assumptions,exposure.csv,assumptions.csv,existing source configuration and parameter mapping; model execution not validated
309355,tillage_reduced,events/309355/tillage_reduced/events.in,tillage_reference,events/309355/tillage_reference/events.in,prepared,exposure.csv,assumptions.csv,existing source configuration and parameter mapping; model execution not validated
309355,tillage_zero,events/309355/tillage_zero/events.in,tillage_reference,events/309355/tillage_reference/events.in,prepared,exposure.csv,assumptions.csv,existing source configuration and parameter mapping; model execution not validated
403505,cover_annual,events/403505/cover_annual/events.in,cover_none,events/403505/cover_none/events.in,prepared_with_assumptions,exposure.csv,assumptions.csv,preserve the site parameters in both arms; native events do not encode species traits; verify cover physiology and full termination before interpreting responses
403505,mineral_N_zero,events/403505/mineral_N_zero/events.in,fertilizer_reference,events/403505/fertilizer_reference/events.in,prepared,exposure.csv,assumptions.csv,existing source configuration and parameter mapping; model execution not validated
403505,mineral_N_half,events/403505/mineral_N_half/events.in,fertilizer_reference,events/403505/fertilizer_reference/events.in,prepared,exposure.csv,assumptions.csv,existing source configuration and parameter mapping; model execution not validated
403505,mineral_N_one_half,events/403505/mineral_N_one_half/events.in,fertilizer_reference,events/403505/fertilizer_reference/events.in,prepared,exposure.csv,assumptions.csv,existing source configuration and parameter mapping; model execution not validated
403505,organic_substitution,events/403505/organic_substitution/events.in,fertilizer_reference,events/403505/fertilizer_reference/events.in,prepared_with_assumptions,exposure.csv,assumptions.csv,existing source configuration and parameter mapping; model execution not validated
403505,tillage_reduced,events/403505/tillage_reduced/events.in,tillage_reference,events/403505/tillage_reference/events.in,prepared,exposure.csv,assumptions.csv,existing source configuration and parameter mapping; model execution not validated
403505,tillage_zero,events/403505/tillage_zero/events.in,tillage_reference,events/403505/tillage_reference/events.in,prepared,exposure.csv,assumptions.csv,existing source configuration and parameter mapping; model execution not validated
236386,mineral_N_zero,events/236386/mineral_N_zero/events.in,fertilizer_reference,events/236386/fertilizer_reference/events.in,prepared,exposure.csv,assumptions.csv,existing source configuration and parameter mapping; model execution not validated
236386,mineral_N_half,events/236386/mineral_N_half/events.in,fertilizer_reference,events/236386/fertilizer_reference/events.in,prepared,exposure.csv,assumptions.csv,existing source configuration and parameter mapping; model execution not validated
236386,mineral_N_one_half,events/236386/mineral_N_one_half/events.in,fertilizer_reference,events/236386/fertilizer_reference/events.in,prepared,exposure.csv,assumptions.csv,existing source configuration and parameter mapping; model execution not validated
236386,organic_substitution,events/236386/organic_substitution/events.in,fertilizer_reference,events/236386/fertilizer_reference/events.in,prepared_with_assumptions,exposure.csv,assumptions.csv,existing source configuration and parameter mapping; model execution not validated
236386,tillage_reduced,events/236386/tillage_reduced/events.in,tillage_reference,events/236386/tillage_reference/events.in,prepared,exposure.csv,assumptions.csv,existing source configuration and parameter mapping; model execution not validated
236386,tillage_zero,events/236386/tillage_zero/events.in,tillage_reference,events/236386/tillage_reference/events.in,prepared,exposure.csv,assumptions.csv,existing source configuration and parameter mapping; model execution not validated
14956,cover_annual,events/14956/cover_annual/events.in,cover_none,events/14956/cover_none/events.in,prepared_with_assumptions,exposure.csv,assumptions.csv,preserve the site parameters in both arms; native events do not encode species traits; verify cover physiology and full termination before interpreting responses
14956,mineral_N_zero,events/14956/mineral_N_zero/events.in,fertilizer_reference,events/14956/fertilizer_reference/events.in,prepared,exposure.csv,assumptions.csv,existing source configuration and parameter mapping; model execution not validated
14956,mineral_N_half,events/14956/mineral_N_half/events.in,fertilizer_reference,events/14956/fertilizer_reference/events.in,prepared,exposure.csv,assumptions.csv,existing source configuration and parameter mapping; model execution not validated
14956,mineral_N_one_half,events/14956/mineral_N_one_half/events.in,fertilizer_reference,events/14956/fertilizer_reference/events.in,prepared,exposure.csv,assumptions.csv,existing source configuration and parameter mapping; model execution not validated
14956,organic_substitution,events/14956/organic_substitution/events.in,fertilizer_reference,events/14956/fertilizer_reference/events.in,prepared_with_assumptions,exposure.csv,assumptions.csv,existing source configuration and parameter mapping; model execution not validated
14956,tillage_reduced,events/14956/tillage_reduced/events.in,tillage_reference,events/14956/tillage_reference/events.in,prepared,exposure.csv,assumptions.csv,existing source configuration and parameter mapping; model execution not validated
14956,tillage_zero,events/14956/tillage_zero/events.in,tillage_reference,events/14956/tillage_reference/events.in,prepared,exposure.csv,assumptions.csv,existing source configuration and parameter mapping; model execution not validated
219229,cover_annual,events/219229/cover_annual/events.in,cover_none,events/219229/cover_none/events.in,prepared_with_assumptions,exposure.csv,assumptions.csv,preserve the site parameters in both arms; native events do not encode species traits; verify cover physiology and full termination before interpreting responses
219229,mineral_N_zero,events/219229/mineral_N_zero/events.in,fertilizer_reference,events/219229/fertilizer_reference/events.in,prepared,exposure.csv,assumptions.csv,existing source configuration and parameter mapping; model execution not validated
219229,mineral_N_half,events/219229/mineral_N_half/events.in,fertilizer_reference,events/219229/fertilizer_reference/events.in,prepared,exposure.csv,assumptions.csv,existing source configuration and parameter mapping; model execution not validated
219229,mineral_N_one_half,events/219229/mineral_N_one_half/events.in,fertilizer_reference,events/219229/fertilizer_reference/events.in,prepared,exposure.csv,assumptions.csv,existing source configuration and parameter mapping; model execution not validated
219229,organic_substitution,events/219229/organic_substitution/events.in,fertilizer_reference,events/219229/fertilizer_reference/events.in,prepared_with_assumptions,exposure.csv,assumptions.csv,existing source configuration and parameter mapping; model execution not validated
219229,tillage_reduced,events/219229/tillage_reduced/events.in,tillage_reference,events/219229/tillage_reference/events.in,prepared,exposure.csv,assumptions.csv,existing source configuration and parameter mapping; model execution not validated
219229,tillage_zero,events/219229/tillage_zero/events.in,tillage_reference,events/219229/tillage_reference/events.in,prepared,exposure.csv,assumptions.csv,existing source configuration and parameter mapping; model execution not validated
375119,cover_annual,events/375119/cover_annual/events.in,cover_none,events/375119/cover_none/events.in,prepared_with_assumptions,exposure.csv,assumptions.csv,preserve the site parameters in both arms; native events do not encode species traits; verify cover physiology and full termination before interpreting responses
375119,mineral_N_zero,events/375119/mineral_N_zero/events.in,fertilizer_reference,events/375119/fertilizer_reference/events.in,prepared,exposure.csv,assumptions.csv,existing source configuration and parameter mapping; model execution not validated
375119,mineral_N_half,events/375119/mineral_N_half/events.in,fertilizer_reference,events/375119/fertilizer_reference/events.in,prepared,exposure.csv,assumptions.csv,existing source configuration and parameter mapping; model execution not validated
375119,mineral_N_one_half,events/375119/mineral_N_one_half/events.in,fertilizer_reference,events/375119/fertilizer_reference/events.in,prepared,exposure.csv,assumptions.csv,existing source configuration and parameter mapping; model execution not validated
375119,organic_substitution,events/375119/organic_substitution/events.in,fertilizer_reference,events/375119/fertilizer_reference/events.in,prepared_with_assumptions,exposure.csv,assumptions.csv,existing source configuration and parameter mapping; model execution not validated
375119,tillage_reduced,events/375119/tillage_reduced/events.in,tillage_reference,events/375119/tillage_reference/events.in,prepared,exposure.csv,assumptions.csv,existing source configuration and parameter mapping; model execution not validated
375119,tillage_zero,events/375119/tillage_zero/events.in,tillage_reference,events/375119/tillage_reference/events.in,prepared,exposure.csv,assumptions.csv,existing source configuration and parameter mapping; model execution not validated
542872,cover_annual,events/542872/cover_annual/events.in,cover_none,events/542872/cover_none/events.in,prepared_with_assumptions,exposure.csv,assumptions.csv,preserve the site parameters in both arms; native events do not encode species traits; verify cover physiology and full termination before interpreting responses
542872,mineral_N_zero,events/542872/mineral_N_zero/events.in,fertilizer_reference,events/542872/fertilizer_reference/events.in,prepared,exposure.csv,assumptions.csv,existing source configuration and parameter mapping; model execution not validated
542872,mineral_N_half,events/542872/mineral_N_half/events.in,fertilizer_reference,events/542872/fertilizer_reference/events.in,prepared,exposure.csv,assumptions.csv,existing source configuration and parameter mapping; model execution not validated
542872,mineral_N_one_half,events/542872/mineral_N_one_half/events.in,fertilizer_reference,events/542872/fertilizer_reference/events.in,prepared,exposure.csv,assumptions.csv,existing source configuration and parameter mapping; model execution not validated
542872,organic_substitution,events/542872/organic_substitution/events.in,fertilizer_reference,events/542872/fertilizer_reference/events.in,prepared_with_assumptions,exposure.csv,assumptions.csv,existing source configuration and parameter mapping; model execution not validated
542872,tillage_reduced,events/542872/tillage_reduced/events.in,tillage_reference,events/542872/tillage_reference/events.in,prepared,exposure.csv,assumptions.csv,existing source configuration and parameter mapping; model execution not validated
542872,tillage_zero,events/542872/tillage_zero/events.in,tillage_reference,events/542872/tillage_reference/events.in,prepared,exposure.csv,assumptions.csv,existing source configuration and parameter mapping; model execution not validated
250488,mineral_N_zero,events/250488/mineral_N_zero/events.in,fertilizer_reference,events/250488/fertilizer_reference/events.in,prepared,exposure.csv,assumptions.csv,existing source configuration and parameter mapping; model execution not validated
250488,mineral_N_half,events/250488/mineral_N_half/events.in,fertilizer_reference,events/250488/fertilizer_reference/events.in,prepared,exposure.csv,assumptions.csv,existing source configuration and parameter mapping; model execution not validated
250488,mineral_N_one_half,events/250488/mineral_N_one_half/events.in,fertilizer_reference,events/250488/fertilizer_reference/events.in,prepared,exposure.csv,assumptions.csv,existing source configuration and parameter mapping; model execution not validated
250488,organic_substitution,events/250488/organic_substitution/events.in,fertilizer_reference,events/250488/fertilizer_reference/events.in,prepared_with_assumptions,exposure.csv,assumptions.csv,existing source configuration and parameter mapping; model execution not validated
250488,tillage_reduced,events/250488/tillage_reduced/events.in,tillage_reference,events/250488/tillage_reference/events.in,prepared,exposure.csv,assumptions.csv,existing source configuration and parameter mapping; model execution not validated
250488,tillage_zero,events/250488/tillage_zero/events.in,tillage_reference,events/250488/tillage_reference/events.in,prepared,exposure.csv,assumptions.csv,existing source configuration and parameter mapping; model execution not validated
417431,cover_annual,events/417431/cover_annual/events.in,cover_none,events/417431/cover_none/events.in,prepared_with_assumptions,exposure.csv,assumptions.csv,preserve the site parameters in both arms; native events do not encode species traits; verify cover physiology and full termination before interpreting responses
417431,mineral_N_zero,events/417431/mineral_N_zero/events.in,fertilizer_reference,events/417431/fertilizer_reference/events.in,prepared,exposure.csv,assumptions.csv,existing source configuration and parameter mapping; model execution not validated
417431,mineral_N_half,events/417431/mineral_N_half/events.in,fertilizer_reference,events/417431/fertilizer_reference/events.in,prepared,exposure.csv,assumptions.csv,existing source configuration and parameter mapping; model execution not validated
417431,mineral_N_one_half,events/417431/mineral_N_one_half/events.in,fertilizer_reference,events/417431/fertilizer_reference/events.in,prepared,exposure.csv,assumptions.csv,existing source configuration and parameter mapping; model execution not validated
417431,organic_substitution,events/417431/organic_substitution/events.in,fertilizer_reference,events/417431/fertilizer_reference/events.in,prepared_with_assumptions,exposure.csv,assumptions.csv,existing source configuration and parameter mapping; model execution not validated
417431,tillage_reduced,events/417431/tillage_reduced/events.in,tillage_reference,events/417431/tillage_reference/events.in,prepared,exposure.csv,assumptions.csv,existing source configuration and parameter mapping; model execution not validated
417431,tillage_zero,events/417431/tillage_zero/events.in,tillage_reference,events/417431/tillage_reference/events.in,prepared,exposure.csv,assumptions.csv,existing source configuration and parameter mapping; model execution not validated
417431,rice_one_dry,events/417431/rice_one_dry/events.in,rice_irrigated_reference,events/417431/rice_irrigated_reference/events.in,prepared_with_assumptions,exposure.csv,assumptions.csv,"preserve the same site parameters in both arms; flooding-capable configuration required; verify ponding, drying and rewetting in model outputs"
417431,rice_two_dry,events/417431/rice_two_dry/events.in,rice_irrigated_reference,events/417431/rice_irrigated_reference/events.in,prepared_with_assumptions,exposure.csv,assumptions.csv,"preserve the same site parameters in both arms; flooding-capable configuration required; verify ponding, drying and rewetting in model outputs"
601779,mineral_N_zero,events/601779/mineral_N_zero/events.in,fertilizer_reference,events/601779/fertilizer_reference/events.in,prepared,exposure.csv,assumptions.csv,existing source configuration and parameter mapping; model execution not validated
601779,mineral_N_half,events/601779/mineral_N_half/events.in,fertilizer_reference,events/601779/fertilizer_reference/events.in,prepared,exposure.csv,assumptions.csv,existing source configuration and parameter mapping; model execution not validated
601779,mineral_N_one_half,events/601779/mineral_N_one_half/events.in,fertilizer_reference,events/601779/fertilizer_reference/events.in,prepared,exposure.csv,assumptions.csv,existing source configuration and parameter mapping; model execution not validated
601779,organic_substitution,events/601779/organic_substitution/events.in,fertilizer_reference,events/601779/fertilizer_reference/events.in,prepared_with_assumptions,exposure.csv,assumptions.csv,existing source configuration and parameter mapping; model execution not validated
601779,tillage_reduced,events/601779/tillage_reduced/events.in,tillage_reference,events/601779/tillage_reference/events.in,prepared,exposure.csv,assumptions.csv,existing source configuration and parameter mapping; model execution not validated
601779,tillage_zero,events/601779/tillage_zero/events.in,tillage_reference,events/601779/tillage_reference/events.in,prepared,exposure.csv,assumptions.csv,existing source configuration and parameter mapping; model execution not validated
237955,cover_annual,events/237955/cover_annual/events.in,cover_none,events/237955/cover_none/events.in,prepared_with_assumptions,exposure.csv,assumptions.csv,preserve the site parameters in both arms; native events do not encode species traits; verify cover physiology and full termination before interpreting responses
237955,mineral_N_zero,events/237955/mineral_N_zero/events.in,fertilizer_reference,events/237955/fertilizer_reference/events.in,prepared,exposure.csv,assumptions.csv,existing source configuration and parameter mapping; model execution not validated
237955,mineral_N_half,events/237955/mineral_N_half/events.in,fertilizer_reference,events/237955/fertilizer_reference/events.in,prepared,exposure.csv,assumptions.csv,existing source configuration and parameter mapping; model execution not validated
237955,mineral_N_one_half,events/237955/mineral_N_one_half/events.in,fertilizer_reference,events/237955/fertilizer_reference/events.in,prepared,exposure.csv,assumptions.csv,existing source configuration and parameter mapping; model execution not validated
237955,organic_substitution,events/237955/organic_substitution/events.in,fertilizer_reference,events/237955/fertilizer_reference/events.in,prepared_with_assumptions,exposure.csv,assumptions.csv,existing source configuration and parameter mapping; model execution not validated
237955,tillage_reduced,events/237955/tillage_reduced/events.in,tillage_reference,events/237955/tillage_reference/events.in,prepared,exposure.csv,assumptions.csv,existing source configuration and parameter mapping; model execution not validated
237955,tillage_zero,events/237955/tillage_zero/events.in,tillage_reference,events/237955/tillage_reference/events.in,prepared,exposure.csv,assumptions.csv,existing source configuration and parameter mapping; model execution not validated
424527,cover_annual,events/424527/cover_annual/events.in,cover_none,events/424527/cover_none/events.in,prepared_with_assumptions,exposure.csv,assumptions.csv,preserve the site parameters in both arms; native events do not encode species traits; verify cover physiology and full termination before interpreting responses
424527,mineral_N_zero,events/424527/mineral_N_zero/events.in,fertilizer_reference,events/424527/fertilizer_reference/events.in,prepared,exposure.csv,assumptions.csv,existing source configuration and parameter mapping; model execution not validated
424527,mineral_N_half,events/424527/mineral_N_half/events.in,fertilizer_reference,events/424527/fertilizer_reference/events.in,prepared,exposure.csv,assumptions.csv,existing source configuration and parameter mapping; model execution not validated
424527,mineral_N_one_half,events/424527/mineral_N_one_half/events.in,fertilizer_reference,events/424527/fertilizer_reference/events.in,prepared,exposure.csv,assumptions.csv,existing source configuration and parameter mapping; model execution not validated
424527,organic_substitution,events/424527/organic_substitution/events.in,fertilizer_reference,events/424527/fertilizer_reference/events.in,prepared_with_assumptions,exposure.csv,assumptions.csv,existing source configuration and parameter mapping; model execution not validated
424527,tillage_reduced,events/424527/tillage_reduced/events.in,tillage_reference,events/424527/tillage_reference/events.in,prepared,exposure.csv,assumptions.csv,existing source configuration and parameter mapping; model execution not validated
424527,tillage_zero,events/424527/tillage_zero/events.in,tillage_reference,events/424527/tillage_reference/events.in,prepared,exposure.csv,assumptions.csv,existing source configuration and parameter mapping; model execution not validated
354196,cover_annual,events/354196/cover_annual/events.in,cover_none,events/354196/cover_none/events.in,prepared_with_assumptions,exposure.csv,assumptions.csv,preserve the site parameters in both arms; native events do not encode species traits; verify cover physiology and full termination before interpreting responses
354196,mineral_N_zero,events/354196/mineral_N_zero/events.in,fertilizer_reference,events/354196/fertilizer_reference/events.in,prepared,exposure.csv,assumptions.csv,existing source configuration and parameter mapping; model execution not validated
354196,mineral_N_half,events/354196/mineral_N_half/events.in,fertilizer_reference,events/354196/fertilizer_reference/events.in,prepared,exposure.csv,assumptions.csv,existing source configuration and parameter mapping; model execution not validated
354196,mineral_N_one_half,events/354196/mineral_N_one_half/events.in,fertilizer_reference,events/354196/fertilizer_reference/events.in,prepared,exposure.csv,assumptions.csv,existing source configuration and parameter mapping; model execution not validated
354196,organic_substitution,events/354196/organic_substitution/events.in,fertilizer_reference,events/354196/fertilizer_reference/events.in,prepared_with_assumptions,exposure.csv,assumptions.csv,existing source configuration and parameter mapping; model execution not validated
354196,tillage_reduced,events/354196/tillage_reduced/events.in,tillage_reference,events/354196/tillage_reference/events.in,prepared,exposure.csv,assumptions.csv,existing source configuration and parameter mapping; model execution not validated
354196,tillage_zero,events/354196/tillage_zero/events.in,tillage_reference,events/354196/tillage_reference/events.in,prepared,exposure.csv,assumptions.csv,existing source configuration and parameter mapping; model execution not validated
327540,cover_annual,events/327540/cover_annual/events.in,cover_none,events/327540/cover_none/events.in,prepared_with_assumptions,exposure.csv,assumptions.csv,preserve the site parameters in both arms; native events do not encode species traits; verify cover physiology and full termination before interpreting responses
327540,mineral_N_zero,events/327540/mineral_N_zero/events.in,fertilizer_reference,events/327540/fertilizer_reference/events.in,prepared,exposure.csv,assumptions.csv,existing source configuration and parameter mapping; model execution not validated
327540,mineral_N_half,events/327540/mineral_N_half/events.in,fertilizer_reference,events/327540/fertilizer_reference/events.in,prepared,exposure.csv,assumptions.csv,existing source configuration and parameter mapping; model execution not validated
327540,mineral_N_one_half,events/327540/mineral_N_one_half/events.in,fertilizer_reference,events/327540/fertilizer_reference/events.in,prepared,exposure.csv,assumptions.csv,existing source configuration and parameter mapping; model execution not validated
327540,organic_substitution,events/327540/organic_substitution/events.in,fertilizer_reference,events/327540/fertilizer_reference/events.in,prepared_with_assumptions,exposure.csv,assumptions.csv,existing source configuration and parameter mapping; model execution not validated
327540,tillage_reduced,events/327540/tillage_reduced/events.in,tillage_reference,events/327540/tillage_reference/events.in,prepared,exposure.csv,assumptions.csv,existing source configuration and parameter mapping; model execution not validated
327540,tillage_zero,events/327540/tillage_zero/events.in,tillage_reference,events/327540/tillage_reference/events.in,prepared,exposure.csv,assumptions.csv,existing source configuration and parameter mapping; model execution not validated
54800,cover_annual,events/54800/cover_annual/events.in,cover_none,events/54800/cover_none/events.in,prepared_with_assumptions,exposure.csv,assumptions.csv,preserve the site parameters in both arms; native events do not encode species traits; verify cover physiology and full termination before interpreting responses
54800,mineral_N_zero,events/54800/mineral_N_zero/events.in,fertilizer_reference,events/54800/fertilizer_reference/events.in,prepared,exposure.csv,assumptions.csv,existing source configuration and parameter mapping; model execution not validated
54800,mineral_N_half,events/54800/mineral_N_half/events.in,fertilizer_reference,events/54800/fertilizer_reference/events.in,prepared,exposure.csv,assumptions.csv,existing source configuration and parameter mapping; model execution not validated
54800,mineral_N_one_half,events/54800/mineral_N_one_half/events.in,fertilizer_reference,events/54800/fertilizer_reference/events.in,prepared,exposure.csv,assumptions.csv,existing source configuration and parameter mapping; model execution not validated
54800,organic_substitution,events/54800/organic_substitution/events.in,fertilizer_reference,events/54800/fertilizer_reference/events.in,prepared_with_assumptions,exposure.csv,assumptions.csv,existing source configuration and parameter mapping; model execution not validated
54800,tillage_reduced,events/54800/tillage_reduced/events.in,tillage_reference,events/54800/tillage_reference/events.in,prepared,exposure.csv,assumptions.csv,existing source configuration and parameter mapping; model execution not validated
54800,tillage_zero,events/54800/tillage_zero/events.in,tillage_reference,events/54800/tillage_reference/events.in,prepared,exposure.csv,assumptions.csv,existing source configuration and parameter mapping; model execution not validated
24366,cover_annual,events/24366/cover_annual/events.in,cover_none,events/24366/cover_none/events.in,prepared_with_assumptions,exposure.csv,assumptions.csv,preserve the site parameters in both arms; native events do not encode species traits; verify cover physiology and full termination before interpreting responses
24366,mineral_N_zero,events/24366/mineral_N_zero/events.in,fertilizer_reference,events/24366/fertilizer_reference/events.in,prepared,exposure.csv,assumptions.csv,existing source configuration and parameter mapping; model execution not validated
24366,mineral_N_half,events/24366/mineral_N_half/events.in,fertilizer_reference,events/24366/fertilizer_reference/events.in,prepared,exposure.csv,assumptions.csv,existing source configuration and parameter mapping; model execution not validated
24366,mineral_N_one_half,events/24366/mineral_N_one_half/events.in,fertilizer_reference,events/24366/fertilizer_reference/events.in,prepared,exposure.csv,assumptions.csv,existing source configuration and parameter mapping; model execution not validated
24366,organic_substitution,events/24366/organic_substitution/events.in,fertilizer_reference,events/24366/fertilizer_reference/events.in,prepared_with_assumptions,exposure.csv,assumptions.csv,existing source configuration and parameter mapping; model execution not validated
24366,tillage_reduced,events/24366/tillage_reduced/events.in,tillage_reference,events/24366/tillage_reference/events.in,prepared,exposure.csv,assumptions.csv,existing source configuration and parameter mapping; model execution not validated
24366,tillage_zero,events/24366/tillage_zero/events.in,tillage_reference,events/24366/tillage_reference/events.in,prepared,exposure.csv,assumptions.csv,existing source configuration and parameter mapping; model execution not validated
276098,cover_annual,events/276098/cover_annual/events.in,cover_none,events/276098/cover_none/events.in,prepared_with_assumptions,exposure.csv,assumptions.csv,preserve the site parameters in both arms; native events do not encode species traits; verify cover physiology and full termination before interpreting responses
276098,mineral_N_zero,events/276098/mineral_N_zero/events.in,fertilizer_reference,events/276098/fertilizer_reference/events.in,prepared,exposure.csv,assumptions.csv,existing source configuration and parameter mapping; model execution not validated
276098,mineral_N_half,events/276098/mineral_N_half/events.in,fertilizer_reference,events/276098/fertilizer_reference/events.in,prepared,exposure.csv,assumptions.csv,existing source configuration and parameter mapping; model execution not validated
276098,mineral_N_one_half,events/276098/mineral_N_one_half/events.in,fertilizer_reference,events/276098/fertilizer_reference/events.in,prepared,exposure.csv,assumptions.csv,existing source configuration and parameter mapping; model execution not validated
276098,organic_substitution,events/276098/organic_substitution/events.in,fertilizer_reference,events/276098/fertilizer_reference/events.in,prepared_with_assumptions,exposure.csv,assumptions.csv,existing source configuration and parameter mapping; model execution not validated
276098,tillage_reduced,events/276098/tillage_reduced/events.in,tillage_reference,events/276098/tillage_reference/events.in,prepared,exposure.csv,assumptions.csv,existing source configuration and parameter mapping; model execution not validated
276098,tillage_zero,events/276098/tillage_zero/events.in,tillage_reference,events/276098/tillage_reference/events.in,prepared,exposure.csv,assumptions.csv,existing source configuration and parameter mapping; model execution not validated
420047,cover_annual,events/420047/cover_annual/events.in,cover_none,events/420047/cover_none/events.in,prepared_with_assumptions,exposure.csv,assumptions.csv,preserve the site parameters in both arms; native events do not encode species traits; verify cover physiology and full termination before interpreting responses
420047,mineral_N_zero,events/420047/mineral_N_zero/events.in,fertilizer_reference,events/420047/fertilizer_reference/events.in,prepared,exposure.csv,assumptions.csv,existing source configuration and parameter mapping; model execution not validated
420047,mineral_N_half,events/420047/mineral_N_half/events.in,fertilizer_reference,events/420047/fertilizer_reference/events.in,prepared,exposure.csv,assumptions.csv,existing source configuration and parameter mapping; model execution not validated
420047,mineral_N_one_half,events/420047/mineral_N_one_half/events.in,fertilizer_reference,events/420047/fertilizer_reference/events.in,prepared,exposure.csv,assumptions.csv,existing source configuration and parameter mapping; model execution not validated
420047,organic_substitution,events/420047/organic_substitution/events.in,fertilizer_reference,events/420047/fertilizer_reference/events.in,prepared_with_assumptions,exposure.csv,assumptions.csv,existing source configuration and parameter mapping; model execution not validated
420047,tillage_reduced,events/420047/tillage_reduced/events.in,tillage_reference,events/420047/tillage_reference/events.in,prepared,exposure.csv,assumptions.csv,existing source configuration and parameter mapping; model execution not validated
420047,tillage_zero,events/420047/tillage_zero/events.in,tillage_reference,events/420047/tillage_reference/events.in,prepared,exposure.csv,assumptions.csv,existing source configuration and parameter mapping; model execution not validated
257423,mineral_N_zero,events/257423/mineral_N_zero/events.in,fertilizer_reference,events/257423/fertilizer_reference/events.in,prepared,exposure.csv,assumptions.csv,existing source configuration and parameter mapping; model execution not validated
257423,mineral_N_half,events/257423/mineral_N_half/events.in,fertilizer_reference,events/257423/fertilizer_reference/events.in,prepared,exposure.csv,assumptions.csv,existing source configuration and parameter mapping; model execution not validated
257423,mineral_N_one_half,events/257423/mineral_N_one_half/events.in,fertilizer_reference,events/257423/fertilizer_reference/events.in,prepared,exposure.csv,assumptions.csv,existing source configuration and parameter mapping; model execution not validated
257423,organic_substitution,events/257423/organic_substitution/events.in,fertilizer_reference,events/257423/fertilizer_reference/events.in,prepared_with_assumptions,exposure.csv,assumptions.csv,existing source configuration and parameter mapping; model execution not validated
257423,tillage_reduced,events/257423/tillage_reduced/events.in,tillage_reference,events/257423/tillage_reference/events.in,prepared,exposure.csv,assumptions.csv,existing source configuration and parameter mapping; model execution not validated
257423,tillage_zero,events/257423/tillage_zero/events.in,tillage_reference,events/257423/tillage_reference/events.in,prepared,exposure.csv,assumptions.csv,existing source configuration and parameter mapping; model execution not validated
338040,cover_annual,events/338040/cover_annual/events.in,cover_none,events/338040/cover_none/events.in,prepared_with_assumptions,exposure.csv,assumptions.csv,preserve the site parameters in both arms; native events do not encode species traits; verify cover physiology and full termination before interpreting responses
338040,mineral_N_zero,events/338040/mineral_N_zero/events.in,fertilizer_reference,events/338040/fertilizer_reference/events.in,prepared,exposure.csv,assumptions.csv,existing source configuration and parameter mapping; model execution not validated
338040,mineral_N_half,events/338040/mineral_N_half/events.in,fertilizer_reference,events/338040/fertilizer_reference/events.in,prepared,exposure.csv,assumptions.csv,existing source configuration and parameter mapping; model execution not validated
338040,mineral_N_one_half,events/338040/mineral_N_one_half/events.in,fertilizer_reference,events/338040/fertilizer_reference/events.in,prepared,exposure.csv,assumptions.csv,existing source configuration and parameter mapping; model execution not validated
338040,organic_substitution,events/338040/organic_substitution/events.in,fertilizer_reference,events/338040/fertilizer_reference/events.in,prepared_with_assumptions,exposure.csv,assumptions.csv,existing source configuration and parameter mapping; model execution not validated
338040,tillage_reduced,events/338040/tillage_reduced/events.in,tillage_reference,events/338040/tillage_reference/events.in,prepared,exposure.csv,assumptions.csv,existing source configuration and parameter mapping; model execution not validated
338040,tillage_zero,events/338040/tillage_zero/events.in,tillage_reference,events/338040/tillage_reference/events.in,prepared,exposure.csv,assumptions.csv,existing source configuration and parameter mapping; model execution not validated
378874,cover_annual,events/378874/cover_annual/events.in,cover_none,events/378874/cover_none/events.in,prepared_with_assumptions,exposure.csv,assumptions.csv,preserve the site parameters in both arms; native events do not encode species traits; verify cover physiology and full termination before interpreting responses
378874,mineral_N_zero,events/378874/mineral_N_zero/events.in,fertilizer_reference,events/378874/fertilizer_reference/events.in,prepared,exposure.csv,assumptions.csv,existing source configuration and parameter mapping; model execution not validated
378874,mineral_N_half,events/378874/mineral_N_half/events.in,fertilizer_reference,events/378874/fertilizer_reference/events.in,prepared,exposure.csv,assumptions.csv,existing source configuration and parameter mapping; model execution not validated
378874,mineral_N_one_half,events/378874/mineral_N_one_half/events.in,fertilizer_reference,events/378874/fertilizer_reference/events.in,prepared,exposure.csv,assumptions.csv,existing source configuration and parameter mapping; model execution not validated
378874,organic_substitution,events/378874/organic_substitution/events.in,fertilizer_reference,events/378874/fertilizer_reference/events.in,prepared_with_assumptions,exposure.csv,assumptions.csv,existing source configuration and parameter mapping; model execution not validated
378874,tillage_reduced,events/378874/tillage_reduced/events.in,tillage_reference,events/378874/tillage_reference/events.in,prepared,exposure.csv,assumptions.csv,existing source configuration and parameter mapping; model execution not validated
378874,tillage_zero,events/378874/tillage_zero/events.in,tillage_reference,events/378874/tillage_reference/events.in,prepared,exposure.csv,assumptions.csv,existing source configuration and parameter mapping; model execution not validated
520659,cover_annual,events/520659/cover_annual/events.in,cover_none,events/520659/cover_none/events.in,prepared_with_assumptions,exposure.csv,assumptions.csv,preserve the site parameters in both arms; native events do not encode species traits; verify cover physiology and full termination before interpreting responses
520659,mineral_N_zero,events/520659/mineral_N_zero/events.in,fertilizer_reference,events/520659/fertilizer_reference/events.in,prepared,exposure.csv,assumptions.csv,existing source configuration and parameter mapping; model execution not validated
520659,mineral_N_half,events/520659/mineral_N_half/events.in,fertilizer_reference,events/520659/fertilizer_reference/events.in,prepared,exposure.csv,assumptions.csv,existing source configuration and parameter mapping; model execution not validated
520659,mineral_N_one_half,events/520659/mineral_N_one_half/events.in,fertilizer_reference,events/520659/fertilizer_reference/events.in,prepared,exposure.csv,assumptions.csv,existing source configuration and parameter mapping; model execution not validated
520659,organic_substitution,events/520659/organic_substitution/events.in,fertilizer_reference,events/520659/fertilizer_reference/events.in,prepared_with_assumptions,exposure.csv,assumptions.csv,existing source configuration and parameter mapping; model execution not validated
520659,tillage_reduced,events/520659/tillage_reduced/events.in,tillage_reference,events/520659/tillage_reference/events.in,prepared,exposure.csv,assumptions.csv,existing source configuration and parameter mapping; model execution not validated
520659,tillage_zero,events/520659/tillage_zero/events.in,tillage_reference,events/520659/tillage_reference/events.in,prepared,exposure.csv,assumptions.csv,existing source configuration and parameter mapping; model execution not validated
520659,rice_one_dry,events/520659/rice_one_dry/events.in,rice_irrigated_reference,events/520659/rice_irrigated_reference/events.in,prepared_with_assumptions,exposure.csv,assumptions.csv,"preserve the same site parameters in both arms; flooding-capable configuration required; verify ponding, drying and rewetting in model outputs"
520659,rice_two_dry,events/520659/rice_two_dry/events.in,rice_irrigated_reference,events/520659/rice_irrigated_reference/events.in,prepared_with_assumptions,exposure.csv,assumptions.csv,"preserve the same site parameters in both arms; flooding-capable configuration required; verify ponding, drying and rewetting in model outputs"
41669,mineral_N_zero,events/41669/mineral_N_zero/events.in,fertilizer_reference,events/41669/fertilizer_reference/events.in,prepared,exposure.csv,assumptions.csv,existing source configuration and parameter mapping; model execution not validated
41669,mineral_N_half,events/41669/mineral_N_half/events.in,fertilizer_reference,events/41669/fertilizer_reference/events.in,prepared,exposure.csv,assumptions.csv,existing source configuration and parameter mapping; model execution not validated
41669,mineral_N_one_half,events/41669/mineral_N_one_half/events.in,fertilizer_reference,events/41669/fertilizer_reference/events.in,prepared,exposure.csv,assumptions.csv,existing source configuration and parameter mapping; model execution not validated
41669,organic_substitution,events/41669/organic_substitution/events.in,fertilizer_reference,events/41669/fertilizer_reference/events.in,prepared_with_assumptions,exposure.csv,assumptions.csv,existing source configuration and parameter mapping; model execution not validated
41669,tillage_reduced,events/41669/tillage_reduced/events.in,tillage_reference,events/41669/tillage_reference/events.in,prepared,exposure.csv,assumptions.csv,existing source configuration and parameter mapping; model execution not validated
41669,tillage_zero,events/41669/tillage_zero/events.in,tillage_reference,events/41669/tillage_reference/events.in,prepared,exposure.csv,assumptions.csv,existing source configuration and parameter mapping; model execution not validated
436143,cover_annual,events/436143/cover_annual/events.in,cover_none,events/436143/cover_none/events.in,prepared_with_assumptions,exposure.csv,assumptions.csv,preserve the site parameters in both arms; native events do not encode species traits; verify cover physiology and full termination before interpreting responses
436143,mineral_N_zero,events/436143/mineral_N_zero/events.in,fertilizer_reference,events/436143/fertilizer_reference/events.in,prepared,exposure.csv,assumptions.csv,existing source configuration and parameter mapping; model execution not validated
436143,mineral_N_half,events/436143/mineral_N_half/events.in,fertilizer_reference,events/436143/fertilizer_reference/events.in,prepared,exposure.csv,assumptions.csv,existing source configuration and parameter mapping; model execution not validated
436143,mineral_N_one_half,events/436143/mineral_N_one_half/events.in,fertilizer_reference,events/436143/fertilizer_reference/events.in,prepared,exposure.csv,assumptions.csv,existing source configuration and parameter mapping; model execution not validated
436143,organic_substitution,events/436143/organic_substitution/events.in,fertilizer_reference,events/436143/fertilizer_reference/events.in,prepared_with_assumptions,exposure.csv,assumptions.csv,existing source configuration and parameter mapping; model execution not validated
436143,tillage_reduced,events/436143/tillage_reduced/events.in,tillage_reference,events/436143/tillage_reference/events.in,prepared,exposure.csv,assumptions.csv,existing source configuration and parameter mapping; model execution not validated
436143,tillage_zero,events/436143/tillage_zero/events.in,tillage_reference,events/436143/tillage_reference/events.in,prepared,exposure.csv,assumptions.csv,existing source configuration and parameter mapping; model execution not validated
371139,mineral_N_zero,events/371139/mineral_N_zero/events.in,fertilizer_reference,events/371139/fertilizer_reference/events.in,prepared,exposure.csv,assumptions.csv,existing source configuration and parameter mapping; model execution not validated
371139,mineral_N_half,events/371139/mineral_N_half/events.in,fertilizer_reference,events/371139/fertilizer_reference/events.in,prepared,exposure.csv,assumptions.csv,existing source configuration and parameter mapping; model execution not validated
371139,mineral_N_one_half,events/371139/mineral_N_one_half/events.in,fertilizer_reference,events/371139/fertilizer_reference/events.in,prepared,exposure.csv,assumptions.csv,existing source configuration and parameter mapping; model execution not validated
371139,organic_substitution,events/371139/organic_substitution/events.in,fertilizer_reference,events/371139/fertilizer_reference/events.in,prepared_with_assumptions,exposure.csv,assumptions.csv,existing source configuration and parameter mapping; model execution not validated
371139,tillage_reduced,events/371139/tillage_reduced/events.in,tillage_reference,events/371139/tillage_reference/events.in,prepared,exposure.csv,assumptions.csv,existing source configuration and parameter mapping; model execution not validated
371139,tillage_zero,events/371139/tillage_zero/events.in,tillage_reference,events/371139/tillage_reference/events.in,prepared,exposure.csv,assumptions.csv,existing source configuration and parameter mapping; model execution not validated
510456,cover_annual,events/510456/cover_annual/events.in,cover_none,events/510456/cover_none/events.in,prepared_with_assumptions,exposure.csv,assumptions.csv,preserve the site parameters in both arms; native events do not encode species traits; verify cover physiology and full termination before interpreting responses
510456,mineral_N_zero,events/510456/mineral_N_zero/events.in,fertilizer_reference,events/510456/fertilizer_reference/events.in,prepared,exposure.csv,assumptions.csv,existing source configuration and parameter mapping; model execution not validated
510456,mineral_N_half,events/510456/mineral_N_half/events.in,fertilizer_reference,events/510456/fertilizer_reference/events.in,prepared,exposure.csv,assumptions.csv,existing source configuration and parameter mapping; model execution not validated
510456,mineral_N_one_half,events/510456/mineral_N_one_half/events.in,fertilizer_reference,events/510456/fertilizer_reference/events.in,prepared,exposure.csv,assumptions.csv,existing source configuration and parameter mapping; model execution not validated
510456,organic_substitution,events/510456/organic_substitution/events.in,fertilizer_reference,events/510456/fertilizer_reference/events.in,prepared_with_assumptions,exposure.csv,assumptions.csv,existing source configuration and parameter mapping; model execution not validated
510456,tillage_reduced,events/510456/tillage_reduced/events.in,tillage_reference,events/510456/tillage_reference/events.in,prepared,exposure.csv,assumptions.csv,existing source configuration and parameter mapping; model execution not validated
510456,tillage_zero,events/510456/tillage_zero/events.in,tillage_reference,events/510456/tillage_reference/events.in,prepared,exposure.csv,assumptions.csv,existing source configuration and parameter mapping; model execution not validated
510456,rice_one_dry,events/510456/rice_one_dry/events.in,rice_irrigated_reference,events/510456/rice_irrigated_reference/events.in,prepared_with_assumptions,exposure.csv,assumptions.csv,"preserve the same site parameters in both arms; flooding-capable configuration required; verify ponding, drying and rewetting in model outputs"
510456,rice_two_dry,events/510456/rice_two_dry/events.in,rice_irrigated_reference,events/510456/rice_irrigated_reference/events.in,prepared_with_assumptions,exposure.csv,assumptions.csv,"preserve the same site parameters in both arms; flooding-capable configuration required; verify ponding, drying and rewetting in model outputs"
24007,mineral_N_zero,events/24007/mineral_N_zero/events.in,fertilizer_reference,events/24007/fertilizer_reference/events.in,prepared,exposure.csv,assumptions.csv,existing source configuration and parameter mapping; model execution not validated
24007,mineral_N_half,events/24007/mineral_N_half/events.in,fertilizer_reference,events/24007/fertilizer_reference/events.in,prepared,exposure.csv,assumptions.csv,existing source configuration and parameter mapping; model execution not validated
24007,mineral_N_one_half,events/24007/mineral_N_one_half/events.in,fertilizer_reference,events/24007/fertilizer_reference/events.in,prepared,exposure.csv,assumptions.csv,existing source configuration and parameter mapping; model execution not validated
24007,organic_substitution,events/24007/organic_substitution/events.in,fertilizer_reference,events/24007/fertilizer_reference/events.in,prepared_with_assumptions,exposure.csv,assumptions.csv,existing source configuration and parameter mapping; model execution not validated
24007,tillage_reduced,events/24007/tillage_reduced/events.in,tillage_reference,events/24007/tillage_reference/events.in,prepared,exposure.csv,assumptions.csv,existing source configuration and parameter mapping; model execution not validated
24007,tillage_zero,events/24007/tillage_zero/events.in,tillage_reference,events/24007/tillage_reference/events.in,prepared,exposure.csv,assumptions.csv,existing source configuration and parameter mapping; model execution not validated
462857,cover_annual,events/462857/cover_annual/events.in,cover_none,events/462857/cover_none/events.in,prepared_with_assumptions,exposure.csv,assumptions.csv,preserve the site parameters in both arms; native events do not encode species traits; verify cover physiology and full termination before interpreting responses
462857,mineral_N_zero,events/462857/mineral_N_zero/events.in,fertilizer_reference,events/462857/fertilizer_reference/events.in,prepared,exposure.csv,assumptions.csv,existing source configuration and parameter mapping; model execution not validated
462857,mineral_N_half,events/462857/mineral_N_half/events.in,fertilizer_reference,events/462857/fertilizer_reference/events.in,prepared,exposure.csv,assumptions.csv,existing source configuration and parameter mapping; model execution not validated
462857,mineral_N_one_half,events/462857/mineral_N_one_half/events.in,fertilizer_reference,events/462857/fertilizer_reference/events.in,prepared,exposure.csv,assumptions.csv,existing source configuration and parameter mapping; model execution not validated
462857,organic_substitution,events/462857/organic_substitution/events.in,fertilizer_reference,events/462857/fertilizer_reference/events.in,prepared_with_assumptions,exposure.csv,assumptions.csv,existing source configuration and parameter mapping; model execution not validated
462857,tillage_reduced,events/462857/tillage_reduced/events.in,tillage_reference,events/462857/tillage_reference/events.in,prepared,exposure.csv,assumptions.csv,existing source configuration and parameter mapping; model execution not validated
462857,tillage_zero,events/462857/tillage_zero/events.in,tillage_reference,events/462857/tillage_reference/events.in,prepared,exposure.csv,assumptions.csv,existing source configuration and parameter mapping; model execution not validated
