"site_id","arm","status","run_dir","binary","events_source"
"328163","cover_annual","staged","/projectnb/dietzelab/ccmmf/usr/akash/statewide_matrix/setup_v1/runs/328163/cover_annual","/projectnb/dietzelab/ccmmf/usr/akash/calval_sa_v3_20260821/tools/sipnet_v2.2.0-3ccc41c","/projectnb/dietzelab/ccmmf/usr/akash/statewide_cover/statewide_events_first100_20260914"
"328163","cover_none","staged","/projectnb/dietzelab/ccmmf/usr/akash/statewide_matrix/setup_v1/runs/328163/cover_none","/projectnb/dietzelab/ccmmf/usr/akash/calval_sa_v3_20260821/tools/sipnet_v2.2.0-3ccc41c","/projectnb/dietzelab/ccmmf/usr/akash/statewide_cover/statewide_events_first100_20260914"
"328163","fertilizer_reference","staged","/projectnb/dietzelab/ccmmf/usr/akash/statewide_matrix/setup_v1/runs/328163/fertilizer_reference","/projectnb/dietzelab/ccmmf/usr/akash/calval_sa_v3_20260821/tools/sipnet_v2.2.0-3ccc41c","/projectnb/dietzelab/ccmmf/usr/akash/statewide_cover/statewide_events_first100_20260914"
"328163","mineral_N_half","staged","/projectnb/dietzelab/ccmmf/usr/akash/statewide_matrix/setup_v1/runs/328163/mineral_N_half","/projectnb/dietzelab/ccmmf/usr/akash/calval_sa_v3_20260821/tools/sipnet_v2.2.0-3ccc41c","/projectnb/dietzelab/ccmmf/usr/akash/statewide_cover/statewide_events_first100_20260914"
"328163","mineral_N_one_half","staged","/projectnb/dietzelab/ccmmf/usr/akash/statewide_matrix/setup_v1/runs/328163/mineral_N_one_half","/projectnb/dietzelab/ccmmf/usr/akash/calval_sa_v3_20260821/tools/sipnet_v2.2.0-3ccc41c","/projectnb/dietzelab/ccmmf/usr/akash/statewide_cover/statewide_events_first100_20260914"
"328163","mineral_N_zero","staged","/projectnb/dietzelab/ccmmf/usr/akash/statewide_matrix/setup_v1/runs/328163/mineral_N_zero","/projectnb/dietzelab/ccmmf/usr/akash/calval_sa_v3_20260821/tools/sipnet_v2.2.0-3ccc41c","/projectnb/dietzelab/ccmmf/usr/akash/statewide_cover/statewide_events_first100_20260914"
"328163","organic_substitution","staged","/projectnb/dietzelab/ccmmf/usr/akash/statewide_matrix/setup_v1/runs/328163/organic_substitution","/projectnb/dietzelab/ccmmf/usr/akash/calval_sa_v3_20260821/tools/sipnet_v2.2.0-3ccc41c","/projectnb/dietzelab/ccmmf/usr/akash/statewide_cover/statewide_events_first100_20260914"
"328163","tillage_reduced","staged","/projectnb/dietzelab/ccmmf/usr/akash/statewide_matrix/setup_v1/runs/328163/tillage_reduced","/projectnb/dietzelab/ccmmf/usr/akash/calval_sa_v3_20260821/tools/sipnet_v2.2.0-3ccc41c","/projectnb/dietzelab/ccmmf/usr/akash/statewide_cover/statewide_events_first100_20260914"
"328163","tillage_reference","staged","/projectnb/dietzelab/ccmmf/usr/akash/statewide_matrix/setup_v1/runs/328163/tillage_reference","/projectnb/dietzelab/ccmmf/usr/akash/calval_sa_v3_20260821/tools/sipnet_v2.2.0-3ccc41c","/projectnb/dietzelab/ccmmf/usr/akash/statewide_cover/statewide_events_first100_20260914"
"328163","tillage_zero","staged","/projectnb/dietzelab/ccmmf/usr/akash/statewide_matrix/setup_v1/runs/328163/tillage_zero","/projectnb/dietzelab/ccmmf/usr/akash/calval_sa_v3_20260821/tools/sipnet_v2.2.0-3ccc41c","/projectnb/dietzelab/ccmmf/usr/akash/statewide_cover/statewide_events_first100_20260914"
"26336","fertilizer_reference","staged","/projectnb/dietzelab/ccmmf/usr/akash/statewide_matrix/setup_v1/runs/26336/fertilizer_reference","/projectnb/dietzelab/ccmmf/usr/akash/calval_sa_v3_20260821/tools/sipnet_v2.2.0-3ccc41c","/projectnb/dietzelab/ccmmf/usr/akash/statewide_cover/statewide_events_first100_20260914"
"26336","mineral_N_half","staged","/projectnb/dietzelab/ccmmf/usr/akash/statewide_matrix/setup_v1/runs/26336/mineral_N_half","/projectnb/dietzelab/ccmmf/usr/akash/calval_sa_v3_20260821/tools/sipnet_v2.2.0-3ccc41c","/projectnb/dietzelab/ccmmf/usr/akash/statewide_cover/statewide_events_first100_20260914"
"26336","mineral_N_one_half","staged","/projectnb/dietzelab/ccmmf/usr/akash/statewide_matrix/setup_v1/runs/26336/mineral_N_one_half","/projectnb/dietzelab/ccmmf/usr/akash/calval_sa_v3_20260821/tools/sipnet_v2.2.0-3ccc41c","/projectnb/dietzelab/ccmmf/usr/akash/statewide_cover/statewide_events_first100_20260914"
"26336","mineral_N_zero","staged","/projectnb/dietzelab/ccmmf/usr/akash/statewide_matrix/setup_v1/runs/26336/mineral_N_zero","/projectnb/dietzelab/ccmmf/usr/akash/calval_sa_v3_20260821/tools/sipnet_v2.2.0-3ccc41c","/projectnb/dietzelab/ccmmf/usr/akash/statewide_cover/statewide_events_first100_20260914"
"26336","organic_substitution","staged","/projectnb/dietzelab/ccmmf/usr/akash/statewide_matrix/setup_v1/runs/26336/organic_substitution","/projectnb/dietzelab/ccmmf/usr/akash/calval_sa_v3_20260821/tools/sipnet_v2.2.0-3ccc41c","/projectnb/dietzelab/ccmmf/usr/akash/statewide_cover/statewide_events_first100_20260914"
"26336","tillage_reduced","staged","/projectnb/dietzelab/ccmmf/usr/akash/statewide_matrix/setup_v1/runs/26336/tillage_reduced","/projectnb/dietzelab/ccmmf/usr/akash/calval_sa_v3_20260821/tools/sipnet_v2.2.0-3ccc41c","/projectnb/dietzelab/ccmmf/usr/akash/statewide_cover/statewide_events_first100_20260914"
"26336","tillage_reference","staged","/projectnb/dietzelab/ccmmf/usr/akash/statewide_matrix/setup_v1/runs/26336/tillage_reference","/projectnb/dietzelab/ccmmf/usr/akash/calval_sa_v3_20260821/tools/sipnet_v2.2.0-3ccc41c","/projectnb/dietzelab/ccmmf/usr/akash/statewide_cover/statewide_events_first100_20260914"
"26336","tillage_zero","staged","/projectnb/dietzelab/ccmmf/usr/akash/statewide_matrix/setup_v1/runs/26336/tillage_zero","/projectnb/dietzelab/ccmmf/usr/akash/calval_sa_v3_20260821/tools/sipnet_v2.2.0-3ccc41c","/projectnb/dietzelab/ccmmf/usr/akash/statewide_cover/statewide_events_first100_20260914"
"565118","cover_annual","staged","/projectnb/dietzelab/ccmmf/usr/akash/statewide_matrix/setup_v1/runs/565118/cover_annual","/projectnb/dietzelab/ccmmf/usr/akash/calval_sa_v3_20260821/tools/sipnet_v2.2.0-3ccc41c","/projectnb/dietzelab/ccmmf/usr/akash/statewide_cover/statewide_events_first100_20260914"
"565118","cover_none","staged","/projectnb/dietzelab/ccmmf/usr/akash/statewide_matrix/setup_v1/runs/565118/cover_none","/projectnb/dietzelab/ccmmf/usr/akash/calval_sa_v3_20260821/tools/sipnet_v2.2.0-3ccc41c","/projectnb/dietzelab/ccmmf/usr/akash/statewide_cover/statewide_events_first100_20260914"
"565118","fertilizer_reference","staged","/projectnb/dietzelab/ccmmf/usr/akash/statewide_matrix/setup_v1/runs/565118/fertilizer_reference","/projectnb/dietzelab/ccmmf/usr/akash/calval_sa_v3_20260821/tools/sipnet_v2.2.0-3ccc41c","/projectnb/dietzelab/ccmmf/usr/akash/statewide_cover/statewide_events_first100_20260914"
"565118","mineral_N_half","staged","/projectnb/dietzelab/ccmmf/usr/akash/statewide_matrix/setup_v1/runs/565118/mineral_N_half","/projectnb/dietzelab/ccmmf/usr/akash/calval_sa_v3_20260821/tools/sipnet_v2.2.0-3ccc41c","/projectnb/dietzelab/ccmmf/usr/akash/statewide_cover/statewide_events_first100_20260914"
"565118","mineral_N_one_half","staged","/projectnb/dietzelab/ccmmf/usr/akash/statewide_matrix/setup_v1/runs/565118/mineral_N_one_half","/projectnb/dietzelab/ccmmf/usr/akash/calval_sa_v3_20260821/tools/sipnet_v2.2.0-3ccc41c","/projectnb/dietzelab/ccmmf/usr/akash/statewide_cover/statewide_events_first100_20260914"
"565118","mineral_N_zero","staged","/projectnb/dietzelab/ccmmf/usr/akash/statewide_matrix/setup_v1/runs/565118/mineral_N_zero","/projectnb/dietzelab/ccmmf/usr/akash/calval_sa_v3_20260821/tools/sipnet_v2.2.0-3ccc41c","/projectnb/dietzelab/ccmmf/usr/akash/statewide_cover/statewide_events_first100_20260914"
"565118","organic_substitution","staged","/projectnb/dietzelab/ccmmf/usr/akash/statewide_matrix/setup_v1/runs/565118/organic_substitution","/projectnb/dietzelab/ccmmf/usr/akash/calval_sa_v3_20260821/tools/sipnet_v2.2.0-3ccc41c","/projectnb/dietzelab/ccmmf/usr/akash/statewide_cover/statewide_events_first100_20260914"
"565118","tillage_reduced","staged","/projectnb/dietzelab/ccmmf/usr/akash/statewide_matrix/setup_v1/runs/565118/tillage_reduced","/projectnb/dietzelab/ccmmf/usr/akash/calval_sa_v3_20260821/tools/sipnet_v2.2.0-3ccc41c","/projectnb/dietzelab/ccmmf/usr/akash/statewide_cover/statewide_events_first100_20260914"
"565118","tillage_reference","staged","/projectnb/dietzelab/ccmmf/usr/akash/statewide_matrix/setup_v1/runs/565118/tillage_reference","/projectnb/dietzelab/ccmmf/usr/akash/calval_sa_v3_20260821/tools/sipnet_v2.2.0-3ccc41c","/projectnb/dietzelab/ccmmf/usr/akash/statewide_cover/statewide_events_first100_20260914"
"565118","tillage_zero","staged","/projectnb/dietzelab/ccmmf/usr/akash/statewide_matrix/setup_v1/runs/565118/tillage_zero","/projectnb/dietzelab/ccmmf/usr/akash/calval_sa_v3_20260821/tools/sipnet_v2.2.0-3ccc41c","/projectnb/dietzelab/ccmmf/usr/akash/statewide_cover/statewide_events_first100_20260914"
"159849","fertilizer_reference","staged","/projectnb/dietzelab/ccmmf/usr/akash/statewide_matrix/setup_v1/runs/159849/fertilizer_reference","/projectnb/dietzelab/ccmmf/usr/akash/calval_sa_v3_20260821/tools/sipnet_v2.2.0-3ccc41c","/projectnb/dietzelab/ccmmf/usr/akash/statewide_cover/statewide_events_first100_20260914"
"159849","mineral_N_half","staged","/projectnb/dietzelab/ccmmf/usr/akash/statewide_matrix/setup_v1/runs/159849/mineral_N_half","/projectnb/dietzelab/ccmmf/usr/akash/calval_sa_v3_20260821/tools/sipnet_v2.2.0-3ccc41c","/projectnb/dietzelab/ccmmf/usr/akash/statewide_cover/statewide_events_first100_20260914"
"159849","mineral_N_one_half","staged","/projectnb/dietzelab/ccmmf/usr/akash/statewide_matrix/setup_v1/runs/159849/mineral_N_one_half","/projectnb/dietzelab/ccmmf/usr/akash/calval_sa_v3_20260821/tools/sipnet_v2.2.0-3ccc41c","/projectnb/dietzelab/ccmmf/usr/akash/statewide_cover/statewide_events_first100_20260914"
"159849","mineral_N_zero","staged","/projectnb/dietzelab/ccmmf/usr/akash/statewide_matrix/setup_v1/runs/159849/mineral_N_zero","/projectnb/dietzelab/ccmmf/usr/akash/calval_sa_v3_20260821/tools/sipnet_v2.2.0-3ccc41c","/projectnb/dietzelab/ccmmf/usr/akash/statewide_cover/statewide_events_first100_20260914"
"159849","organic_substitution","staged","/projectnb/dietzelab/ccmmf/usr/akash/statewide_matrix/setup_v1/runs/159849/organic_substitution","/projectnb/dietzelab/ccmmf/usr/akash/calval_sa_v3_20260821/tools/sipnet_v2.2.0-3ccc41c","/projectnb/dietzelab/ccmmf/usr/akash/statewide_cover/statewide_events_first100_20260914"
"159849","tillage_reduced","staged","/projectnb/dietzelab/ccmmf/usr/akash/statewide_matrix/setup_v1/runs/159849/tillage_reduced","/projectnb/dietzelab/ccmmf/usr/akash/calval_sa_v3_20260821/tools/sipnet_v2.2.0-3ccc41c","/projectnb/dietzelab/ccmmf/usr/akash/statewide_cover/statewide_events_first100_20260914"
"159849","tillage_reference","staged","/projectnb/dietzelab/ccmmf/usr/akash/statewide_matrix/setup_v1/runs/159849/tillage_reference","/projectnb/dietzelab/ccmmf/usr/akash/calval_sa_v3_20260821/tools/sipnet_v2.2.0-3ccc41c","/projectnb/dietzelab/ccmmf/usr/akash/statewide_cover/statewide_events_first100_20260914"
"159849","tillage_zero","staged","/projectnb/dietzelab/ccmmf/usr/akash/statewide_matrix/setup_v1/runs/159849/tillage_zero","/projectnb/dietzelab/ccmmf/usr/akash/calval_sa_v3_20260821/tools/sipnet_v2.2.0-3ccc41c","/projectnb/dietzelab/ccmmf/usr/akash/statewide_cover/statewide_events_first100_20260914"
"522375","cover_annual","staged","/projectnb/dietzelab/ccmmf/usr/akash/statewide_matrix/setup_v1/runs/522375/cover_annual","/projectnb/dietzelab/ccmmf/usr/akash/calval_sa_v3_20260821/tools/sipnet_v2.2.0-3ccc41c","/projectnb/dietzelab/ccmmf/usr/akash/statewide_cover/statewide_events_first100_20260914"
"522375","cover_none","staged","/projectnb/dietzelab/ccmmf/usr/akash/statewide_matrix/setup_v1/runs/522375/cover_none","/projectnb/dietzelab/ccmmf/usr/akash/calval_sa_v3_20260821/tools/sipnet_v2.2.0-3ccc41c","/projectnb/dietzelab/ccmmf/usr/akash/statewide_cover/statewide_events_first100_20260914"
"522375","fertilizer_reference","staged","/projectnb/dietzelab/ccmmf/usr/akash/statewide_matrix/setup_v1/runs/522375/fertilizer_reference","/projectnb/dietzelab/ccmmf/usr/akash/calval_sa_v3_20260821/tools/sipnet_v2.2.0-3ccc41c","/projectnb/dietzelab/ccmmf/usr/akash/statewide_cover/statewide_events_first100_20260914"
"522375","mineral_N_half","staged","/projectnb/dietzelab/ccmmf/usr/akash/statewide_matrix/setup_v1/runs/522375/mineral_N_half","/projectnb/dietzelab/ccmmf/usr/akash/calval_sa_v3_20260821/tools/sipnet_v2.2.0-3ccc41c","/projectnb/dietzelab/ccmmf/usr/akash/statewide_cover/statewide_events_first100_20260914"
"522375","mineral_N_one_half","staged","/projectnb/dietzelab/ccmmf/usr/akash/statewide_matrix/setup_v1/runs/522375/mineral_N_one_half","/projectnb/dietzelab/ccmmf/usr/akash/calval_sa_v3_20260821/tools/sipnet_v2.2.0-3ccc41c","/projectnb/dietzelab/ccmmf/usr/akash/statewide_cover/statewide_events_first100_20260914"
"522375","mineral_N_zero","staged","/projectnb/dietzelab/ccmmf/usr/akash/statewide_matrix/setup_v1/runs/522375/mineral_N_zero","/projectnb/dietzelab/ccmmf/usr/akash/calval_sa_v3_20260821/tools/sipnet_v2.2.0-3ccc41c","/projectnb/dietzelab/ccmmf/usr/akash/statewide_cover/statewide_events_first100_20260914"
"522375","organic_substitution","staged","/projectnb/dietzelab/ccmmf/usr/akash/statewide_matrix/setup_v1/runs/522375/organic_substitution","/projectnb/dietzelab/ccmmf/usr/akash/calval_sa_v3_20260821/tools/sipnet_v2.2.0-3ccc41c","/projectnb/dietzelab/ccmmf/usr/akash/statewide_cover/statewide_events_first100_20260914"
"522375","tillage_reduced","staged","/projectnb/dietzelab/ccmmf/usr/akash/statewide_matrix/setup_v1/runs/522375/tillage_reduced","/projectnb/dietzelab/ccmmf/usr/akash/calval_sa_v3_20260821/tools/sipnet_v2.2.0-3ccc41c","/projectnb/dietzelab/ccmmf/usr/akash/statewide_cover/statewide_events_first100_20260914"
"522375","tillage_reference","staged","/projectnb/dietzelab/ccmmf/usr/akash/statewide_matrix/setup_v1/runs/522375/tillage_reference","/projectnb/dietzelab/ccmmf/usr/akash/calval_sa_v3_20260821/tools/sipnet_v2.2.0-3ccc41c","/projectnb/dietzelab/ccmmf/usr/akash/statewide_cover/statewide_events_first100_20260914"
"522375","tillage_zero","staged","/projectnb/dietzelab/ccmmf/usr/akash/statewide_matrix/setup_v1/runs/522375/tillage_zero","/projectnb/dietzelab/ccmmf/usr/akash/calval_sa_v3_20260821/tools/sipnet_v2.2.0-3ccc41c","/projectnb/dietzelab/ccmmf/usr/akash/statewide_cover/statewide_events_first100_20260914"
"534243","fertilizer_reference","staged","/projectnb/dietzelab/ccmmf/usr/akash/statewide_matrix/setup_v1/runs/534243/fertilizer_reference","/projectnb/dietzelab/ccmmf/usr/akash/calval_sa_v3_20260821/tools/sipnet_v2.2.0-3ccc41c","/projectnb/dietzelab/ccmmf/usr/akash/statewide_cover/statewide_events_first100_20260914"
"534243","mineral_N_half","staged","/projectnb/dietzelab/ccmmf/usr/akash/statewide_matrix/setup_v1/runs/534243/mineral_N_half","/projectnb/dietzelab/ccmmf/usr/akash/calval_sa_v3_20260821/tools/sipnet_v2.2.0-3ccc41c","/projectnb/dietzelab/ccmmf/usr/akash/statewide_cover/statewide_events_first100_20260914"
"534243","mineral_N_one_half","staged","/projectnb/dietzelab/ccmmf/usr/akash/statewide_matrix/setup_v1/runs/534243/mineral_N_one_half","/projectnb/dietzelab/ccmmf/usr/akash/calval_sa_v3_20260821/tools/sipnet_v2.2.0-3ccc41c","/projectnb/dietzelab/ccmmf/usr/akash/statewide_cover/statewide_events_first100_20260914"
"534243","mineral_N_zero","staged","/projectnb/dietzelab/ccmmf/usr/akash/statewide_matrix/setup_v1/runs/534243/mineral_N_zero","/projectnb/dietzelab/ccmmf/usr/akash/calval_sa_v3_20260821/tools/sipnet_v2.2.0-3ccc41c","/projectnb/dietzelab/ccmmf/usr/akash/statewide_cover/statewide_events_first100_20260914"
"534243","organic_substitution","staged","/projectnb/dietzelab/ccmmf/usr/akash/statewide_matrix/setup_v1/runs/534243/organic_substitution","/projectnb/dietzelab/ccmmf/usr/akash/calval_sa_v3_20260821/tools/sipnet_v2.2.0-3ccc41c","/projectnb/dietzelab/ccmmf/usr/akash/statewide_cover/statewide_events_first100_20260914"
"534243","tillage_reduced","staged","/projectnb/dietzelab/ccmmf/usr/akash/statewide_matrix/setup_v1/runs/534243/tillage_reduced","/projectnb/dietzelab/ccmmf/usr/akash/calval_sa_v3_20260821/tools/sipnet_v2.2.0-3ccc41c","/projectnb/dietzelab/ccmmf/usr/akash/statewide_cover/statewide_events_first100_20260914"
"534243","tillage_reference","staged","/projectnb/dietzelab/ccmmf/usr/akash/statewide_matrix/setup_v1/runs/534243/tillage_reference","/projectnb/dietzelab/ccmmf/usr/akash/calval_sa_v3_20260821/tools/sipnet_v2.2.0-3ccc41c","/projectnb/dietzelab/ccmmf/usr/akash/statewide_cover/statewide_events_first100_20260914"
"534243","tillage_zero","staged","/projectnb/dietzelab/ccmmf/usr/akash/statewide_matrix/setup_v1/runs/534243/tillage_zero","/projectnb/dietzelab/ccmmf/usr/akash/calval_sa_v3_20260821/tools/sipnet_v2.2.0-3ccc41c","/projectnb/dietzelab/ccmmf/usr/akash/statewide_cover/statewide_events_first100_20260914"
"205678","cover_annual","staged","/projectnb/dietzelab/ccmmf/usr/akash/statewide_matrix/setup_v1/runs/205678/cover_annual","/projectnb/dietzelab/ccmmf/usr/akash/calval_sa_v3_20260821/tools/sipnet_v2.2.0-3ccc41c","/projectnb/dietzelab/ccmmf/usr/akash/statewide_cover/statewide_events_first100_20260914"
"205678","cover_none","staged","/projectnb/dietzelab/ccmmf/usr/akash/statewide_matrix/setup_v1/runs/205678/cover_none","/projectnb/dietzelab/ccmmf/usr/akash/calval_sa_v3_20260821/tools/sipnet_v2.2.0-3ccc41c","/projectnb/dietzelab/ccmmf/usr/akash/statewide_cover/statewide_events_first100_20260914"
"205678","fertilizer_reference","staged","/projectnb/dietzelab/ccmmf/usr/akash/statewide_matrix/setup_v1/runs/205678/fertilizer_reference","/projectnb/dietzelab/ccmmf/usr/akash/calval_sa_v3_20260821/tools/sipnet_v2.2.0-3ccc41c","/projectnb/dietzelab/ccmmf/usr/akash/statewide_cover/statewide_events_first100_20260914"
"205678","mineral_N_half","staged","/projectnb/dietzelab/ccmmf/usr/akash/statewide_matrix/setup_v1/runs/205678/mineral_N_half","/projectnb/dietzelab/ccmmf/usr/akash/calval_sa_v3_20260821/tools/sipnet_v2.2.0-3ccc41c","/projectnb/dietzelab/ccmmf/usr/akash/statewide_cover/statewide_events_first100_20260914"
"205678","mineral_N_one_half","staged","/projectnb/dietzelab/ccmmf/usr/akash/statewide_matrix/setup_v1/runs/205678/mineral_N_one_half","/projectnb/dietzelab/ccmmf/usr/akash/calval_sa_v3_20260821/tools/sipnet_v2.2.0-3ccc41c","/projectnb/dietzelab/ccmmf/usr/akash/statewide_cover/statewide_events_first100_20260914"
"205678","mineral_N_zero","staged","/projectnb/dietzelab/ccmmf/usr/akash/statewide_matrix/setup_v1/runs/205678/mineral_N_zero","/projectnb/dietzelab/ccmmf/usr/akash/calval_sa_v3_20260821/tools/sipnet_v2.2.0-3ccc41c","/projectnb/dietzelab/ccmmf/usr/akash/statewide_cover/statewide_events_first100_20260914"
"205678","organic_substitution","staged","/projectnb/dietzelab/ccmmf/usr/akash/statewide_matrix/setup_v1/runs/205678/organic_substitution","/projectnb/dietzelab/ccmmf/usr/akash/calval_sa_v3_20260821/tools/sipnet_v2.2.0-3ccc41c","/projectnb/dietzelab/ccmmf/usr/akash/statewide_cover/statewide_events_first100_20260914"
"205678","rice_irrigated_reference","staged","/projectnb/dietzelab/ccmmf/usr/akash/statewide_matrix/setup_v1/runs/205678/rice_irrigated_reference","/projectnb/dietzelab/ccmmf/usr/akash/calval_sa_v3_20260821/tools/sipnet_v2.2.0-3ccc41c","/projectnb/dietzelab/ccmmf/usr/akash/statewide_cover/statewide_events_first100_20260914"
"205678","rice_one_dry","staged","/projectnb/dietzelab/ccmmf/usr/akash/statewide_matrix/setup_v1/runs/205678/rice_one_dry","/projectnb/dietzelab/ccmmf/usr/akash/calval_sa_v3_20260821/tools/sipnet_v2.2.0-3ccc41c","/projectnb/dietzelab/ccmmf/usr/akash/statewide_cover/statewide_events_first100_20260914"
"205678","rice_two_dry","staged","/projectnb/dietzelab/ccmmf/usr/akash/statewide_matrix/setup_v1/runs/205678/rice_two_dry","/projectnb/dietzelab/ccmmf/usr/akash/calval_sa_v3_20260821/tools/sipnet_v2.2.0-3ccc41c","/projectnb/dietzelab/ccmmf/usr/akash/statewide_cover/statewide_events_first100_20260914"
"205678","tillage_reduced","staged","/projectnb/dietzelab/ccmmf/usr/akash/statewide_matrix/setup_v1/runs/205678/tillage_reduced","/projectnb/dietzelab/ccmmf/usr/akash/calval_sa_v3_20260821/tools/sipnet_v2.2.0-3ccc41c","/projectnb/dietzelab/ccmmf/usr/akash/statewide_cover/statewide_events_first100_20260914"
"205678","tillage_reference","staged","/projectnb/dietzelab/ccmmf/usr/akash/statewide_matrix/setup_v1/runs/205678/tillage_reference","/projectnb/dietzelab/ccmmf/usr/akash/calval_sa_v3_20260821/tools/sipnet_v2.2.0-3ccc41c","/projectnb/dietzelab/ccmmf/usr/akash/statewide_cover/statewide_events_first100_20260914"
"205678","tillage_zero","staged","/projectnb/dietzelab/ccmmf/usr/akash/statewide_matrix/setup_v1/runs/205678/tillage_zero","/projectnb/dietzelab/ccmmf/usr/akash/calval_sa_v3_20260821/tools/sipnet_v2.2.0-3ccc41c","/projectnb/dietzelab/ccmmf/usr/akash/statewide_cover/statewide_events_first100_20260914"
"169473","fertilizer_reference","staged","/projectnb/dietzelab/ccmmf/usr/akash/statewide_matrix/setup_v1/runs/169473/fertilizer_reference","/projectnb/dietzelab/ccmmf/usr/akash/calval_sa_v3_20260821/tools/sipnet_v2.2.0-3ccc41c","/projectnb/dietzelab/ccmmf/usr/akash/statewide_cover/statewide_events_first100_20260914"
"169473","mineral_N_half","staged","/projectnb/dietzelab/ccmmf/usr/akash/statewide_matrix/setup_v1/runs/169473/mineral_N_half","/projectnb/dietzelab/ccmmf/usr/akash/calval_sa_v3_20260821/tools/sipnet_v2.2.0-3ccc41c","/projectnb/dietzelab/ccmmf/usr/akash/statewide_cover/statewide_events_first100_20260914"
"169473","mineral_N_one_half","staged","/projectnb/dietzelab/ccmmf/usr/akash/statewide_matrix/setup_v1/runs/169473/mineral_N_one_half","/projectnb/dietzelab/ccmmf/usr/akash/calval_sa_v3_20260821/tools/sipnet_v2.2.0-3ccc41c","/projectnb/dietzelab/ccmmf/usr/akash/statewide_cover/statewide_events_first100_20260914"
"169473","mineral_N_zero","staged","/projectnb/dietzelab/ccmmf/usr/akash/statewide_matrix/setup_v1/runs/169473/mineral_N_zero","/projectnb/dietzelab/ccmmf/usr/akash/calval_sa_v3_20260821/tools/sipnet_v2.2.0-3ccc41c","/projectnb/dietzelab/ccmmf/usr/akash/statewide_cover/statewide_events_first100_20260914"
"169473","organic_substitution","staged","/projectnb/dietzelab/ccmmf/usr/akash/statewide_matrix/setup_v1/runs/169473/organic_substitution","/projectnb/dietzelab/ccmmf/usr/akash/calval_sa_v3_20260821/tools/sipnet_v2.2.0-3ccc41c","/projectnb/dietzelab/ccmmf/usr/akash/statewide_cover/statewide_events_first100_20260914"
"169473","tillage_reduced","staged","/projectnb/dietzelab/ccmmf/usr/akash/statewide_matrix/setup_v1/runs/169473/tillage_reduced","/projectnb/dietzelab/ccmmf/usr/akash/calval_sa_v3_20260821/tools/sipnet_v2.2.0-3ccc41c","/projectnb/dietzelab/ccmmf/usr/akash/statewide_cover/statewide_events_first100_20260914"
"169473","tillage_reference","staged","/projectnb/dietzelab/ccmmf/usr/akash/statewide_matrix/setup_v1/runs/169473/tillage_reference","/projectnb/dietzelab/ccmmf/usr/akash/calval_sa_v3_20260821/tools/sipnet_v2.2.0-3ccc41c","/projectnb/dietzelab/ccmmf/usr/akash/statewide_cover/statewide_events_first100_20260914"
"169473","tillage_zero","staged","/projectnb/dietzelab/ccmmf/usr/akash/statewide_matrix/setup_v1/runs/169473/tillage_zero","/projectnb/dietzelab/ccmmf/usr/akash/calval_sa_v3_20260821/tools/sipnet_v2.2.0-3ccc41c","/projectnb/dietzelab/ccmmf/usr/akash/statewide_cover/statewide_events_first100_20260914"
"592578","cover_annual","staged","/projectnb/dietzelab/ccmmf/usr/akash/statewide_matrix/setup_v1/runs/592578/cover_annual","/projectnb/dietzelab/ccmmf/usr/akash/calval_sa_v3_20260821/tools/sipnet_v2.2.0-3ccc41c","/projectnb/dietzelab/ccmmf/usr/akash/statewide_cover/statewide_events_first100_20260914"
"592578","cover_none","staged","/projectnb/dietzelab/ccmmf/usr/akash/statewide_matrix/setup_v1/runs/592578/cover_none","/projectnb/dietzelab/ccmmf/usr/akash/calval_sa_v3_20260821/tools/sipnet_v2.2.0-3ccc41c","/projectnb/dietzelab/ccmmf/usr/akash/statewide_cover/statewide_events_first100_20260914"
"592578","fertilizer_reference","staged","/projectnb/dietzelab/ccmmf/usr/akash/statewide_matrix/setup_v1/runs/592578/fertilizer_reference","/projectnb/dietzelab/ccmmf/usr/akash/calval_sa_v3_20260821/tools/sipnet_v2.2.0-3ccc41c","/projectnb/dietzelab/ccmmf/usr/akash/statewide_cover/statewide_events_first100_20260914"
"592578","mineral_N_half","staged","/projectnb/dietzelab/ccmmf/usr/akash/statewide_matrix/setup_v1/runs/592578/mineral_N_half","/projectnb/dietzelab/ccmmf/usr/akash/calval_sa_v3_20260821/tools/sipnet_v2.2.0-3ccc41c","/projectnb/dietzelab/ccmmf/usr/akash/statewide_cover/statewide_events_first100_20260914"
"592578","mineral_N_one_half","staged","/projectnb/dietzelab/ccmmf/usr/akash/statewide_matrix/setup_v1/runs/592578/mineral_N_one_half","/projectnb/dietzelab/ccmmf/usr/akash/calval_sa_v3_20260821/tools/sipnet_v2.2.0-3ccc41c","/projectnb/dietzelab/ccmmf/usr/akash/statewide_cover/statewide_events_first100_20260914"
"592578","mineral_N_zero","staged","/projectnb/dietzelab/ccmmf/usr/akash/statewide_matrix/setup_v1/runs/592578/mineral_N_zero","/projectnb/dietzelab/ccmmf/usr/akash/calval_sa_v3_20260821/tools/sipnet_v2.2.0-3ccc41c","/projectnb/dietzelab/ccmmf/usr/akash/statewide_cover/statewide_events_first100_20260914"
"592578","organic_substitution","staged","/projectnb/dietzelab/ccmmf/usr/akash/statewide_matrix/setup_v1/runs/592578/organic_substitution","/projectnb/dietzelab/ccmmf/usr/akash/calval_sa_v3_20260821/tools/sipnet_v2.2.0-3ccc41c","/projectnb/dietzelab/ccmmf/usr/akash/statewide_cover/statewide_events_first100_20260914"
"592578","tillage_reduced","staged","/projectnb/dietzelab/ccmmf/usr/akash/statewide_matrix/setup_v1/runs/592578/tillage_reduced","/projectnb/dietzelab/ccmmf/usr/akash/calval_sa_v3_20260821/tools/sipnet_v2.2.0-3ccc41c","/projectnb/dietzelab/ccmmf/usr/akash/statewide_cover/statewide_events_first100_20260914"
"592578","tillage_reference","staged","/projectnb/dietzelab/ccmmf/usr/akash/statewide_matrix/setup_v1/runs/592578/tillage_reference","/projectnb/dietzelab/ccmmf/usr/akash/calval_sa_v3_20260821/tools/sipnet_v2.2.0-3ccc41c","/projectnb/dietzelab/ccmmf/usr/akash/statewide_cover/statewide_events_first100_20260914"
"592578","tillage_zero","staged","/projectnb/dietzelab/ccmmf/usr/akash/statewide_matrix/setup_v1/runs/592578/tillage_zero","/projectnb/dietzelab/ccmmf/usr/akash/calval_sa_v3_20260821/tools/sipnet_v2.2.0-3ccc41c","/projectnb/dietzelab/ccmmf/usr/akash/statewide_cover/statewide_events_first100_20260914"
"557284","cover_annual","staged","/projectnb/dietzelab/ccmmf/usr/akash/statewide_matrix/setup_v1/runs/557284/cover_annual","/projectnb/dietzelab/ccmmf/usr/akash/calval_sa_v3_20260821/tools/sipnet_v2.2.0-3ccc41c","/projectnb/dietzelab/ccmmf/usr/akash/statewide_cover/statewide_events_first100_20260914"
"557284","cover_none","staged","/projectnb/dietzelab/ccmmf/usr/akash/statewide_matrix/setup_v1/runs/557284/cover_none","/projectnb/dietzelab/ccmmf/usr/akash/calval_sa_v3_20260821/tools/sipnet_v2.2.0-3ccc41c","/projectnb/dietzelab/ccmmf/usr/akash/statewide_cover/statewide_events_first100_20260914"
"557284","fertilizer_reference","staged","/projectnb/dietzelab/ccmmf/usr/akash/statewide_matrix/setup_v1/runs/557284/fertilizer_reference","/projectnb/dietzelab/ccmmf/usr/akash/calval_sa_v3_20260821/tools/sipnet_v2.2.0-3ccc41c","/projectnb/dietzelab/ccmmf/usr/akash/statewide_cover/statewide_events_first100_20260914"
"557284","mineral_N_half","staged","/projectnb/dietzelab/ccmmf/usr/akash/statewide_matrix/setup_v1/runs/557284/mineral_N_half","/projectnb/dietzelab/ccmmf/usr/akash/calval_sa_v3_20260821/tools/sipnet_v2.2.0-3ccc41c","/projectnb/dietzelab/ccmmf/usr/akash/statewide_cover/statewide_events_first100_20260914"
"557284","mineral_N_one_half","staged","/projectnb/dietzelab/ccmmf/usr/akash/statewide_matrix/setup_v1/runs/557284/mineral_N_one_half","/projectnb/dietzelab/ccmmf/usr/akash/calval_sa_v3_20260821/tools/sipnet_v2.2.0-3ccc41c","/projectnb/dietzelab/ccmmf/usr/akash/statewide_cover/statewide_events_first100_20260914"
"557284","mineral_N_zero","staged","/projectnb/dietzelab/ccmmf/usr/akash/statewide_matrix/setup_v1/runs/557284/mineral_N_zero","/projectnb/dietzelab/ccmmf/usr/akash/calval_sa_v3_20260821/tools/sipnet_v2.2.0-3ccc41c","/projectnb/dietzelab/ccmmf/usr/akash/statewide_cover/statewide_events_first100_20260914"
"557284","organic_substitution","staged","/projectnb/dietzelab/ccmmf/usr/akash/statewide_matrix/setup_v1/runs/557284/organic_substitution","/projectnb/dietzelab/ccmmf/usr/akash/calval_sa_v3_20260821/tools/sipnet_v2.2.0-3ccc41c","/projectnb/dietzelab/ccmmf/usr/akash/statewide_cover/statewide_events_first100_20260914"
"557284","tillage_reduced","staged","/projectnb/dietzelab/ccmmf/usr/akash/statewide_matrix/setup_v1/runs/557284/tillage_reduced","/projectnb/dietzelab/ccmmf/usr/akash/calval_sa_v3_20260821/tools/sipnet_v2.2.0-3ccc41c","/projectnb/dietzelab/ccmmf/usr/akash/statewide_cover/statewide_events_first100_20260914"
"557284","tillage_reference","staged","/projectnb/dietzelab/ccmmf/usr/akash/statewide_matrix/setup_v1/runs/557284/tillage_reference","/projectnb/dietzelab/ccmmf/usr/akash/calval_sa_v3_20260821/tools/sipnet_v2.2.0-3ccc41c","/projectnb/dietzelab/ccmmf/usr/akash/statewide_cover/statewide_events_first100_20260914"
"557284","tillage_zero","staged","/projectnb/dietzelab/ccmmf/usr/akash/statewide_matrix/setup_v1/runs/557284/tillage_zero","/projectnb/dietzelab/ccmmf/usr/akash/calval_sa_v3_20260821/tools/sipnet_v2.2.0-3ccc41c","/projectnb/dietzelab/ccmmf/usr/akash/statewide_cover/statewide_events_first100_20260914"
"413887","cover_annual","staged","/projectnb/dietzelab/ccmmf/usr/akash/statewide_matrix/setup_v1/runs/413887/cover_annual","/projectnb/dietzelab/ccmmf/usr/akash/calval_sa_v3_20260821/tools/sipnet_v2.2.0-3ccc41c","/projectnb/dietzelab/ccmmf/usr/akash/statewide_cover/statewide_events_first100_20260914"
"413887","cover_none","staged","/projectnb/dietzelab/ccmmf/usr/akash/statewide_matrix/setup_v1/runs/413887/cover_none","/projectnb/dietzelab/ccmmf/usr/akash/calval_sa_v3_20260821/tools/sipnet_v2.2.0-3ccc41c","/projectnb/dietzelab/ccmmf/usr/akash/statewide_cover/statewide_events_first100_20260914"
"413887","fertilizer_reference","staged","/projectnb/dietzelab/ccmmf/usr/akash/statewide_matrix/setup_v1/runs/413887/fertilizer_reference","/projectnb/dietzelab/ccmmf/usr/akash/calval_sa_v3_20260821/tools/sipnet_v2.2.0-3ccc41c","/projectnb/dietzelab/ccmmf/usr/akash/statewide_cover/statewide_events_first100_20260914"
"413887","mineral_N_half","staged","/projectnb/dietzelab/ccmmf/usr/akash/statewide_matrix/setup_v1/runs/413887/mineral_N_half","/projectnb/dietzelab/ccmmf/usr/akash/calval_sa_v3_20260821/tools/sipnet_v2.2.0-3ccc41c","/projectnb/dietzelab/ccmmf/usr/akash/statewide_cover/statewide_events_first100_20260914"
"413887","mineral_N_one_half","staged","/projectnb/dietzelab/ccmmf/usr/akash/statewide_matrix/setup_v1/runs/413887/mineral_N_one_half","/projectnb/dietzelab/ccmmf/usr/akash/calval_sa_v3_20260821/tools/sipnet_v2.2.0-3ccc41c","/projectnb/dietzelab/ccmmf/usr/akash/statewide_cover/statewide_events_first100_20260914"
"413887","mineral_N_zero","staged","/projectnb/dietzelab/ccmmf/usr/akash/statewide_matrix/setup_v1/runs/413887/mineral_N_zero","/projectnb/dietzelab/ccmmf/usr/akash/calval_sa_v3_20260821/tools/sipnet_v2.2.0-3ccc41c","/projectnb/dietzelab/ccmmf/usr/akash/statewide_cover/statewide_events_first100_20260914"
"413887","organic_substitution","staged","/projectnb/dietzelab/ccmmf/usr/akash/statewide_matrix/setup_v1/runs/413887/organic_substitution","/projectnb/dietzelab/ccmmf/usr/akash/calval_sa_v3_20260821/tools/sipnet_v2.2.0-3ccc41c","/projectnb/dietzelab/ccmmf/usr/akash/statewide_cover/statewide_events_first100_20260914"
"413887","rice_irrigated_reference","staged","/projectnb/dietzelab/ccmmf/usr/akash/statewide_matrix/setup_v1/runs/413887/rice_irrigated_reference","/projectnb/dietzelab/ccmmf/usr/akash/calval_sa_v3_20260821/tools/sipnet_v2.2.0-3ccc41c","/projectnb/dietzelab/ccmmf/usr/akash/statewide_cover/statewide_events_first100_20260914"
"413887","rice_one_dry","staged","/projectnb/dietzelab/ccmmf/usr/akash/statewide_matrix/setup_v1/runs/413887/rice_one_dry","/projectnb/dietzelab/ccmmf/usr/akash/calval_sa_v3_20260821/tools/sipnet_v2.2.0-3ccc41c","/projectnb/dietzelab/ccmmf/usr/akash/statewide_cover/statewide_events_first100_20260914"
"413887","rice_two_dry","staged","/projectnb/dietzelab/ccmmf/usr/akash/statewide_matrix/setup_v1/runs/413887/rice_two_dry","/projectnb/dietzelab/ccmmf/usr/akash/calval_sa_v3_20260821/tools/sipnet_v2.2.0-3ccc41c","/projectnb/dietzelab/ccmmf/usr/akash/statewide_cover/statewide_events_first100_20260914"
"413887","tillage_reduced","staged","/projectnb/dietzelab/ccmmf/usr/akash/statewide_matrix/setup_v1/runs/413887/tillage_reduced","/projectnb/dietzelab/ccmmf/usr/akash/calval_sa_v3_20260821/tools/sipnet_v2.2.0-3ccc41c","/projectnb/dietzelab/ccmmf/usr/akash/statewide_cover/statewide_events_first100_20260914"
"413887","tillage_reference","staged","/projectnb/dietzelab/ccmmf/usr/akash/statewide_matrix/setup_v1/runs/413887/tillage_reference","/projectnb/dietzelab/ccmmf/usr/akash/calval_sa_v3_20260821/tools/sipnet_v2.2.0-3ccc41c","/projectnb/dietzelab/ccmmf/usr/akash/statewide_cover/statewide_events_first100_20260914"
"413887","tillage_zero","staged","/projectnb/dietzelab/ccmmf/usr/akash/statewide_matrix/setup_v1/runs/413887/tillage_zero","/projectnb/dietzelab/ccmmf/usr/akash/calval_sa_v3_20260821/tools/sipnet_v2.2.0-3ccc41c","/projectnb/dietzelab/ccmmf/usr/akash/statewide_cover/statewide_events_first100_20260914"
"590334","fertilizer_reference","staged","/projectnb/dietzelab/ccmmf/usr/akash/statewide_matrix/setup_v1/runs/590334/fertilizer_reference","/projectnb/dietzelab/ccmmf/usr/akash/calval_sa_v3_20260821/tools/sipnet_v2.2.0-3ccc41c","/projectnb/dietzelab/ccmmf/usr/akash/statewide_cover/statewide_events_first100_20260914"
"590334","mineral_N_half","staged","/projectnb/dietzelab/ccmmf/usr/akash/statewide_matrix/setup_v1/runs/590334/mineral_N_half","/projectnb/dietzelab/ccmmf/usr/akash/calval_sa_v3_20260821/tools/sipnet_v2.2.0-3ccc41c","/projectnb/dietzelab/ccmmf/usr/akash/statewide_cover/statewide_events_first100_20260914"
"590334","mineral_N_one_half","staged","/projectnb/dietzelab/ccmmf/usr/akash/statewide_matrix/setup_v1/runs/590334/mineral_N_one_half","/projectnb/dietzelab/ccmmf/usr/akash/calval_sa_v3_20260821/tools/sipnet_v2.2.0-3ccc41c","/projectnb/dietzelab/ccmmf/usr/akash/statewide_cover/statewide_events_first100_20260914"
"590334","mineral_N_zero","staged","/projectnb/dietzelab/ccmmf/usr/akash/statewide_matrix/setup_v1/runs/590334/mineral_N_zero","/projectnb/dietzelab/ccmmf/usr/akash/calval_sa_v3_20260821/tools/sipnet_v2.2.0-3ccc41c","/projectnb/dietzelab/ccmmf/usr/akash/statewide_cover/statewide_events_first100_20260914"
"590334","organic_substitution","staged","/projectnb/dietzelab/ccmmf/usr/akash/statewide_matrix/setup_v1/runs/590334/organic_substitution","/projectnb/dietzelab/ccmmf/usr/akash/calval_sa_v3_20260821/tools/sipnet_v2.2.0-3ccc41c","/projectnb/dietzelab/ccmmf/usr/akash/statewide_cover/statewide_events_first100_20260914"
"590334","tillage_reduced","staged","/projectnb/dietzelab/ccmmf/usr/akash/statewide_matrix/setup_v1/runs/590334/tillage_reduced","/projectnb/dietzelab/ccmmf/usr/akash/calval_sa_v3_20260821/tools/sipnet_v2.2.0-3ccc41c","/projectnb/dietzelab/ccmmf/usr/akash/statewide_cover/statewide_events_first100_20260914"
"590334","tillage_reference","staged","/projectnb/dietzelab/ccmmf/usr/akash/statewide_matrix/setup_v1/runs/590334/tillage_reference","/projectnb/dietzelab/ccmmf/usr/akash/calval_sa_v3_20260821/tools/sipnet_v2.2.0-3ccc41c","/projectnb/dietzelab/ccmmf/usr/akash/statewide_cover/statewide_events_first100_20260914"
"590334","tillage_zero","staged","/projectnb/dietzelab/ccmmf/usr/akash/statewide_matrix/setup_v1/runs/590334/tillage_zero","/projectnb/dietzelab/ccmmf/usr/akash/calval_sa_v3_20260821/tools/sipnet_v2.2.0-3ccc41c","/projectnb/dietzelab/ccmmf/usr/akash/statewide_cover/statewide_events_first100_20260914"
"440393","cover_annual","staged","/projectnb/dietzelab/ccmmf/usr/akash/statewide_matrix/setup_v1/runs/440393/cover_annual","/projectnb/dietzelab/ccmmf/usr/akash/calval_sa_v3_20260821/tools/sipnet_v2.2.0-3ccc41c","/projectnb/dietzelab/ccmmf/usr/akash/statewide_cover/statewide_events_first100_20260914"
"440393","cover_none","staged","/projectnb/dietzelab/ccmmf/usr/akash/statewide_matrix/setup_v1/runs/440393/cover_none","/projectnb/dietzelab/ccmmf/usr/akash/calval_sa_v3_20260821/tools/sipnet_v2.2.0-3ccc41c","/projectnb/dietzelab/ccmmf/usr/akash/statewide_cover/statewide_events_first100_20260914"
"440393","fertilizer_reference","staged","/projectnb/dietzelab/ccmmf/usr/akash/statewide_matrix/setup_v1/runs/440393/fertilizer_reference","/projectnb/dietzelab/ccmmf/usr/akash/calval_sa_v3_20260821/tools/sipnet_v2.2.0-3ccc41c","/projectnb/dietzelab/ccmmf/usr/akash/statewide_cover/statewide_events_first100_20260914"
"440393","mineral_N_half","staged","/projectnb/dietzelab/ccmmf/usr/akash/statewide_matrix/setup_v1/runs/440393/mineral_N_half","/projectnb/dietzelab/ccmmf/usr/akash/calval_sa_v3_20260821/tools/sipnet_v2.2.0-3ccc41c","/projectnb/dietzelab/ccmmf/usr/akash/statewide_cover/statewide_events_first100_20260914"
"440393","mineral_N_one_half","staged","/projectnb/dietzelab/ccmmf/usr/akash/statewide_matrix/setup_v1/runs/440393/mineral_N_one_half","/projectnb/dietzelab/ccmmf/usr/akash/calval_sa_v3_20260821/tools/sipnet_v2.2.0-3ccc41c","/projectnb/dietzelab/ccmmf/usr/akash/statewide_cover/statewide_events_first100_20260914"
"440393","mineral_N_zero","staged","/projectnb/dietzelab/ccmmf/usr/akash/statewide_matrix/setup_v1/runs/440393/mineral_N_zero","/projectnb/dietzelab/ccmmf/usr/akash/calval_sa_v3_20260821/tools/sipnet_v2.2.0-3ccc41c","/projectnb/dietzelab/ccmmf/usr/akash/statewide_cover/statewide_events_first100_20260914"
"440393","organic_substitution","staged","/projectnb/dietzelab/ccmmf/usr/akash/statewide_matrix/setup_v1/runs/440393/organic_substitution","/projectnb/dietzelab/ccmmf/usr/akash/calval_sa_v3_20260821/tools/sipnet_v2.2.0-3ccc41c","/projectnb/dietzelab/ccmmf/usr/akash/statewide_cover/statewide_events_first100_20260914"
"440393","rice_irrigated_reference","staged","/projectnb/dietzelab/ccmmf/usr/akash/statewide_matrix/setup_v1/runs/440393/rice_irrigated_reference","/projectnb/dietzelab/ccmmf/usr/akash/calval_sa_v3_20260821/tools/sipnet_v2.2.0-3ccc41c","/projectnb/dietzelab/ccmmf/usr/akash/statewide_cover/statewide_events_first100_20260914"
"440393","rice_one_dry","staged","/projectnb/dietzelab/ccmmf/usr/akash/statewide_matrix/setup_v1/runs/440393/rice_one_dry","/projectnb/dietzelab/ccmmf/usr/akash/calval_sa_v3_20260821/tools/sipnet_v2.2.0-3ccc41c","/projectnb/dietzelab/ccmmf/usr/akash/statewide_cover/statewide_events_first100_20260914"
"440393","rice_two_dry","staged","/projectnb/dietzelab/ccmmf/usr/akash/statewide_matrix/setup_v1/runs/440393/rice_two_dry","/projectnb/dietzelab/ccmmf/usr/akash/calval_sa_v3_20260821/tools/sipnet_v2.2.0-3ccc41c","/projectnb/dietzelab/ccmmf/usr/akash/statewide_cover/statewide_events_first100_20260914"
"440393","tillage_reduced","staged","/projectnb/dietzelab/ccmmf/usr/akash/statewide_matrix/setup_v1/runs/440393/tillage_reduced","/projectnb/dietzelab/ccmmf/usr/akash/calval_sa_v3_20260821/tools/sipnet_v2.2.0-3ccc41c","/projectnb/dietzelab/ccmmf/usr/akash/statewide_cover/statewide_events_first100_20260914"
"440393","tillage_reference","staged","/projectnb/dietzelab/ccmmf/usr/akash/statewide_matrix/setup_v1/runs/440393/tillage_reference","/projectnb/dietzelab/ccmmf/usr/akash/calval_sa_v3_20260821/tools/sipnet_v2.2.0-3ccc41c","/projectnb/dietzelab/ccmmf/usr/akash/statewide_cover/statewide_events_first100_20260914"
"440393","tillage_zero","staged","/projectnb/dietzelab/ccmmf/usr/akash/statewide_matrix/setup_v1/runs/440393/tillage_zero","/projectnb/dietzelab/ccmmf/usr/akash/calval_sa_v3_20260821/tools/sipnet_v2.2.0-3ccc41c","/projectnb/dietzelab/ccmmf/usr/akash/statewide_cover/statewide_events_first100_20260914"
"16073","cover_annual","blocked_ic_wood_invalid",NA,"/projectnb/dietzelab/ccmmf/usr/akash/calval_sa_v3_20260821/tools/sipnet_v2.2.0-3ccc41c","/projectnb/dietzelab/ccmmf/usr/akash/statewide_cover/statewide_events_first100_20260914"
"16073","cover_none","blocked_ic_wood_invalid",NA,"/projectnb/dietzelab/ccmmf/usr/akash/calval_sa_v3_20260821/tools/sipnet_v2.2.0-3ccc41c","/projectnb/dietzelab/ccmmf/usr/akash/statewide_cover/statewide_events_first100_20260914"
"16073","fertilizer_reference","blocked_ic_wood_invalid",NA,"/projectnb/dietzelab/ccmmf/usr/akash/calval_sa_v3_20260821/tools/sipnet_v2.2.0-3ccc41c","/projectnb/dietzelab/ccmmf/usr/akash/statewide_cover/statewide_events_first100_20260914"
"16073","mineral_N_half","blocked_ic_wood_invalid",NA,"/projectnb/dietzelab/ccmmf/usr/akash/calval_sa_v3_20260821/tools/sipnet_v2.2.0-3ccc41c","/projectnb/dietzelab/ccmmf/usr/akash/statewide_cover/statewide_events_first100_20260914"
"16073","mineral_N_one_half","blocked_ic_wood_invalid",NA,"/projectnb/dietzelab/ccmmf/usr/akash/calval_sa_v3_20260821/tools/sipnet_v2.2.0-3ccc41c","/projectnb/dietzelab/ccmmf/usr/akash/statewide_cover/statewide_events_first100_20260914"
"16073","mineral_N_zero","blocked_ic_wood_invalid",NA,"/projectnb/dietzelab/ccmmf/usr/akash/calval_sa_v3_20260821/tools/sipnet_v2.2.0-3ccc41c","/projectnb/dietzelab/ccmmf/usr/akash/statewide_cover/statewide_events_first100_20260914"
"16073","organic_substitution","blocked_ic_wood_invalid",NA,"/projectnb/dietzelab/ccmmf/usr/akash/calval_sa_v3_20260821/tools/sipnet_v2.2.0-3ccc41c","/projectnb/dietzelab/ccmmf/usr/akash/statewide_cover/statewide_events_first100_20260914"
"16073","tillage_reduced","blocked_ic_wood_invalid",NA,"/projectnb/dietzelab/ccmmf/usr/akash/calval_sa_v3_20260821/tools/sipnet_v2.2.0-3ccc41c","/projectnb/dietzelab/ccmmf/usr/akash/statewide_cover/statewide_events_first100_20260914"
"16073","tillage_reference","blocked_ic_wood_invalid",NA,"/projectnb/dietzelab/ccmmf/usr/akash/calval_sa_v3_20260821/tools/sipnet_v2.2.0-3ccc41c","/projectnb/dietzelab/ccmmf/usr/akash/statewide_cover/statewide_events_first100_20260914"
"16073","tillage_zero","blocked_ic_wood_invalid",NA,"/projectnb/dietzelab/ccmmf/usr/akash/calval_sa_v3_20260821/tools/sipnet_v2.2.0-3ccc41c","/projectnb/dietzelab/ccmmf/usr/akash/statewide_cover/statewide_events_first100_20260914"
"420343","cover_annual","staged","/projectnb/dietzelab/ccmmf/usr/akash/statewide_matrix/setup_v1/runs/420343/cover_annual","/projectnb/dietzelab/ccmmf/usr/akash/calval_sa_v3_20260821/tools/sipnet_v2.2.0-3ccc41c","/projectnb/dietzelab/ccmmf/usr/akash/statewide_cover/statewide_events_first100_20260914"
"420343","cover_none","staged","/projectnb/dietzelab/ccmmf/usr/akash/statewide_matrix/setup_v1/runs/420343/cover_none","/projectnb/dietzelab/ccmmf/usr/akash/calval_sa_v3_20260821/tools/sipnet_v2.2.0-3ccc41c","/projectnb/dietzelab/ccmmf/usr/akash/statewide_cover/statewide_events_first100_20260914"
"420343","fertilizer_reference","staged","/projectnb/dietzelab/ccmmf/usr/akash/statewide_matrix/setup_v1/runs/420343/fertilizer_reference","/projectnb/dietzelab/ccmmf/usr/akash/calval_sa_v3_20260821/tools/sipnet_v2.2.0-3ccc41c","/projectnb/dietzelab/ccmmf/usr/akash/statewide_cover/statewide_events_first100_20260914"
"420343","mineral_N_half","staged","/projectnb/dietzelab/ccmmf/usr/akash/statewide_matrix/setup_v1/runs/420343/mineral_N_half","/projectnb/dietzelab/ccmmf/usr/akash/calval_sa_v3_20260821/tools/sipnet_v2.2.0-3ccc41c","/projectnb/dietzelab/ccmmf/usr/akash/statewide_cover/statewide_events_first100_20260914"
"420343","mineral_N_one_half","staged","/projectnb/dietzelab/ccmmf/usr/akash/statewide_matrix/setup_v1/runs/420343/mineral_N_one_half","/projectnb/dietzelab/ccmmf/usr/akash/calval_sa_v3_20260821/tools/sipnet_v2.2.0-3ccc41c","/projectnb/dietzelab/ccmmf/usr/akash/statewide_cover/statewide_events_first100_20260914"
"420343","mineral_N_zero","staged","/projectnb/dietzelab/ccmmf/usr/akash/statewide_matrix/setup_v1/runs/420343/mineral_N_zero","/projectnb/dietzelab/ccmmf/usr/akash/calval_sa_v3_20260821/tools/sipnet_v2.2.0-3ccc41c","/projectnb/dietzelab/ccmmf/usr/akash/statewide_cover/statewide_events_first100_20260914"
"420343","organic_substitution","staged","/projectnb/dietzelab/ccmmf/usr/akash/statewide_matrix/setup_v1/runs/420343/organic_substitution","/projectnb/dietzelab/ccmmf/usr/akash/calval_sa_v3_20260821/tools/sipnet_v2.2.0-3ccc41c","/projectnb/dietzelab/ccmmf/usr/akash/statewide_cover/statewide_events_first100_20260914"
"420343","tillage_reduced","staged","/projectnb/dietzelab/ccmmf/usr/akash/statewide_matrix/setup_v1/runs/420343/tillage_reduced","/projectnb/dietzelab/ccmmf/usr/akash/calval_sa_v3_20260821/tools/sipnet_v2.2.0-3ccc41c","/projectnb/dietzelab/ccmmf/usr/akash/statewide_cover/statewide_events_first100_20260914"
"420343","tillage_reference","staged","/projectnb/dietzelab/ccmmf/usr/akash/statewide_matrix/setup_v1/runs/420343/tillage_reference","/projectnb/dietzelab/ccmmf/usr/akash/calval_sa_v3_20260821/tools/sipnet_v2.2.0-3ccc41c","/projectnb/dietzelab/ccmmf/usr/akash/statewide_cover/statewide_events_first100_20260914"
"420343","tillage_zero","staged","/projectnb/dietzelab/ccmmf/usr/akash/statewide_matrix/setup_v1/runs/420343/tillage_zero","/projectnb/dietzelab/ccmmf/usr/akash/calval_sa_v3_20260821/tools/sipnet_v2.2.0-3ccc41c","/projectnb/dietzelab/ccmmf/usr/akash/statewide_cover/statewide_events_first100_20260914"
"415399","fertilizer_reference","staged","/projectnb/dietzelab/ccmmf/usr/akash/statewide_matrix/setup_v1/runs/415399/fertilizer_reference","/projectnb/dietzelab/ccmmf/usr/akash/calval_sa_v3_20260821/tools/sipnet_v2.2.0-3ccc41c","/projectnb/dietzelab/ccmmf/usr/akash/statewide_cover/statewide_events_first100_20260914"
"415399","mineral_N_half","staged","/projectnb/dietzelab/ccmmf/usr/akash/statewide_matrix/setup_v1/runs/415399/mineral_N_half","/projectnb/dietzelab/ccmmf/usr/akash/calval_sa_v3_20260821/tools/sipnet_v2.2.0-3ccc41c","/projectnb/dietzelab/ccmmf/usr/akash/statewide_cover/statewide_events_first100_20260914"
"415399","mineral_N_one_half","staged","/projectnb/dietzelab/ccmmf/usr/akash/statewide_matrix/setup_v1/runs/415399/mineral_N_one_half","/projectnb/dietzelab/ccmmf/usr/akash/calval_sa_v3_20260821/tools/sipnet_v2.2.0-3ccc41c","/projectnb/dietzelab/ccmmf/usr/akash/statewide_cover/statewide_events_first100_20260914"
"415399","mineral_N_zero","staged","/projectnb/dietzelab/ccmmf/usr/akash/statewide_matrix/setup_v1/runs/415399/mineral_N_zero","/projectnb/dietzelab/ccmmf/usr/akash/calval_sa_v3_20260821/tools/sipnet_v2.2.0-3ccc41c","/projectnb/dietzelab/ccmmf/usr/akash/statewide_cover/statewide_events_first100_20260914"
"415399","organic_substitution","staged","/projectnb/dietzelab/ccmmf/usr/akash/statewide_matrix/setup_v1/runs/415399/organic_substitution","/projectnb/dietzelab/ccmmf/usr/akash/calval_sa_v3_20260821/tools/sipnet_v2.2.0-3ccc41c","/projectnb/dietzelab/ccmmf/usr/akash/statewide_cover/statewide_events_first100_20260914"
"415399","tillage_reduced","staged","/projectnb/dietzelab/ccmmf/usr/akash/statewide_matrix/setup_v1/runs/415399/tillage_reduced","/projectnb/dietzelab/ccmmf/usr/akash/calval_sa_v3_20260821/tools/sipnet_v2.2.0-3ccc41c","/projectnb/dietzelab/ccmmf/usr/akash/statewide_cover/statewide_events_first100_20260914"
"415399","tillage_reference","staged","/projectnb/dietzelab/ccmmf/usr/akash/statewide_matrix/setup_v1/runs/415399/tillage_reference","/projectnb/dietzelab/ccmmf/usr/akash/calval_sa_v3_20260821/tools/sipnet_v2.2.0-3ccc41c","/projectnb/dietzelab/ccmmf/usr/akash/statewide_cover/statewide_events_first100_20260914"
"415399","tillage_zero","staged","/projectnb/dietzelab/ccmmf/usr/akash/statewide_matrix/setup_v1/runs/415399/tillage_zero","/projectnb/dietzelab/ccmmf/usr/akash/calval_sa_v3_20260821/tools/sipnet_v2.2.0-3ccc41c","/projectnb/dietzelab/ccmmf/usr/akash/statewide_cover/statewide_events_first100_20260914"
"132390","cover_annual","staged","/projectnb/dietzelab/ccmmf/usr/akash/statewide_matrix/setup_v1/runs/132390/cover_annual","/projectnb/dietzelab/ccmmf/usr/akash/calval_sa_v3_20260821/tools/sipnet_v2.2.0-3ccc41c","/projectnb/dietzelab/ccmmf/usr/akash/statewide_cover/statewide_events_first100_20260914"
"132390","cover_none","staged","/projectnb/dietzelab/ccmmf/usr/akash/statewide_matrix/setup_v1/runs/132390/cover_none","/projectnb/dietzelab/ccmmf/usr/akash/calval_sa_v3_20260821/tools/sipnet_v2.2.0-3ccc41c","/projectnb/dietzelab/ccmmf/usr/akash/statewide_cover/statewide_events_first100_20260914"
"132390","fertilizer_reference","staged","/projectnb/dietzelab/ccmmf/usr/akash/statewide_matrix/setup_v1/runs/132390/fertilizer_reference","/projectnb/dietzelab/ccmmf/usr/akash/calval_sa_v3_20260821/tools/sipnet_v2.2.0-3ccc41c","/projectnb/dietzelab/ccmmf/usr/akash/statewide_cover/statewide_events_first100_20260914"
"132390","mineral_N_half","staged","/projectnb/dietzelab/ccmmf/usr/akash/statewide_matrix/setup_v1/runs/132390/mineral_N_half","/projectnb/dietzelab/ccmmf/usr/akash/calval_sa_v3_20260821/tools/sipnet_v2.2.0-3ccc41c","/projectnb/dietzelab/ccmmf/usr/akash/statewide_cover/statewide_events_first100_20260914"
"132390","mineral_N_one_half","staged","/projectnb/dietzelab/ccmmf/usr/akash/statewide_matrix/setup_v1/runs/132390/mineral_N_one_half","/projectnb/dietzelab/ccmmf/usr/akash/calval_sa_v3_20260821/tools/sipnet_v2.2.0-3ccc41c","/projectnb/dietzelab/ccmmf/usr/akash/statewide_cover/statewide_events_first100_20260914"
"132390","mineral_N_zero","staged","/projectnb/dietzelab/ccmmf/usr/akash/statewide_matrix/setup_v1/runs/132390/mineral_N_zero","/projectnb/dietzelab/ccmmf/usr/akash/calval_sa_v3_20260821/tools/sipnet_v2.2.0-3ccc41c","/projectnb/dietzelab/ccmmf/usr/akash/statewide_cover/statewide_events_first100_20260914"
"132390","organic_substitution","staged","/projectnb/dietzelab/ccmmf/usr/akash/statewide_matrix/setup_v1/runs/132390/organic_substitution","/projectnb/dietzelab/ccmmf/usr/akash/calval_sa_v3_20260821/tools/sipnet_v2.2.0-3ccc41c","/projectnb/dietzelab/ccmmf/usr/akash/statewide_cover/statewide_events_first100_20260914"
"132390","rice_irrigated_reference","staged","/projectnb/dietzelab/ccmmf/usr/akash/statewide_matrix/setup_v1/runs/132390/rice_irrigated_reference","/projectnb/dietzelab/ccmmf/usr/akash/calval_sa_v3_20260821/tools/sipnet_v2.2.0-3ccc41c","/projectnb/dietzelab/ccmmf/usr/akash/statewide_cover/statewide_events_first100_20260914"
"132390","rice_one_dry","staged","/projectnb/dietzelab/ccmmf/usr/akash/statewide_matrix/setup_v1/runs/132390/rice_one_dry","/projectnb/dietzelab/ccmmf/usr/akash/calval_sa_v3_20260821/tools/sipnet_v2.2.0-3ccc41c","/projectnb/dietzelab/ccmmf/usr/akash/statewide_cover/statewide_events_first100_20260914"
"132390","rice_two_dry","staged","/projectnb/dietzelab/ccmmf/usr/akash/statewide_matrix/setup_v1/runs/132390/rice_two_dry","/projectnb/dietzelab/ccmmf/usr/akash/calval_sa_v3_20260821/tools/sipnet_v2.2.0-3ccc41c","/projectnb/dietzelab/ccmmf/usr/akash/statewide_cover/statewide_events_first100_20260914"
"132390","tillage_reduced","staged","/projectnb/dietzelab/ccmmf/usr/akash/statewide_matrix/setup_v1/runs/132390/tillage_reduced","/projectnb/dietzelab/ccmmf/usr/akash/calval_sa_v3_20260821/tools/sipnet_v2.2.0-3ccc41c","/projectnb/dietzelab/ccmmf/usr/akash/statewide_cover/statewide_events_first100_20260914"
"132390","tillage_reference","staged","/projectnb/dietzelab/ccmmf/usr/akash/statewide_matrix/setup_v1/runs/132390/tillage_reference","/projectnb/dietzelab/ccmmf/usr/akash/calval_sa_v3_20260821/tools/sipnet_v2.2.0-3ccc41c","/projectnb/dietzelab/ccmmf/usr/akash/statewide_cover/statewide_events_first100_20260914"
"132390","tillage_zero","staged","/projectnb/dietzelab/ccmmf/usr/akash/statewide_matrix/setup_v1/runs/132390/tillage_zero","/projectnb/dietzelab/ccmmf/usr/akash/calval_sa_v3_20260821/tools/sipnet_v2.2.0-3ccc41c","/projectnb/dietzelab/ccmmf/usr/akash/statewide_cover/statewide_events_first100_20260914"
"514070","fertilizer_reference","staged","/projectnb/dietzelab/ccmmf/usr/akash/statewide_matrix/setup_v1/runs/514070/fertilizer_reference","/projectnb/dietzelab/ccmmf/usr/akash/calval_sa_v3_20260821/tools/sipnet_v2.2.0-3ccc41c","/projectnb/dietzelab/ccmmf/usr/akash/statewide_cover/statewide_events_first100_20260914"
"514070","mineral_N_half","staged","/projectnb/dietzelab/ccmmf/usr/akash/statewide_matrix/setup_v1/runs/514070/mineral_N_half","/projectnb/dietzelab/ccmmf/usr/akash/calval_sa_v3_20260821/tools/sipnet_v2.2.0-3ccc41c","/projectnb/dietzelab/ccmmf/usr/akash/statewide_cover/statewide_events_first100_20260914"
"514070","mineral_N_one_half","staged","/projectnb/dietzelab/ccmmf/usr/akash/statewide_matrix/setup_v1/runs/514070/mineral_N_one_half","/projectnb/dietzelab/ccmmf/usr/akash/calval_sa_v3_20260821/tools/sipnet_v2.2.0-3ccc41c","/projectnb/dietzelab/ccmmf/usr/akash/statewide_cover/statewide_events_first100_20260914"
"514070","mineral_N_zero","staged","/projectnb/dietzelab/ccmmf/usr/akash/statewide_matrix/setup_v1/runs/514070/mineral_N_zero","/projectnb/dietzelab/ccmmf/usr/akash/calval_sa_v3_20260821/tools/sipnet_v2.2.0-3ccc41c","/projectnb/dietzelab/ccmmf/usr/akash/statewide_cover/statewide_events_first100_20260914"
"514070","organic_substitution","staged","/projectnb/dietzelab/ccmmf/usr/akash/statewide_matrix/setup_v1/runs/514070/organic_substitution","/projectnb/dietzelab/ccmmf/usr/akash/calval_sa_v3_20260821/tools/sipnet_v2.2.0-3ccc41c","/projectnb/dietzelab/ccmmf/usr/akash/statewide_cover/statewide_events_first100_20260914"
"514070","tillage_reduced","staged","/projectnb/dietzelab/ccmmf/usr/akash/statewide_matrix/setup_v1/runs/514070/tillage_reduced","/projectnb/dietzelab/ccmmf/usr/akash/calval_sa_v3_20260821/tools/sipnet_v2.2.0-3ccc41c","/projectnb/dietzelab/ccmmf/usr/akash/statewide_cover/statewide_events_first100_20260914"
"514070","tillage_reference","staged","/projectnb/dietzelab/ccmmf/usr/akash/statewide_matrix/setup_v1/runs/514070/tillage_reference","/projectnb/dietzelab/ccmmf/usr/akash/calval_sa_v3_20260821/tools/sipnet_v2.2.0-3ccc41c","/projectnb/dietzelab/ccmmf/usr/akash/statewide_cover/statewide_events_first100_20260914"
"514070","tillage_zero","staged","/projectnb/dietzelab/ccmmf/usr/akash/statewide_matrix/setup_v1/runs/514070/tillage_zero","/projectnb/dietzelab/ccmmf/usr/akash/calval_sa_v3_20260821/tools/sipnet_v2.2.0-3ccc41c","/projectnb/dietzelab/ccmmf/usr/akash/statewide_cover/statewide_events_first100_20260914"
"52519","cover_annual","staged","/projectnb/dietzelab/ccmmf/usr/akash/statewide_matrix/setup_v1/runs/52519/cover_annual","/projectnb/dietzelab/ccmmf/usr/akash/calval_sa_v3_20260821/tools/sipnet_v2.2.0-3ccc41c","/projectnb/dietzelab/ccmmf/usr/akash/statewide_cover/statewide_events_first100_20260914"
"52519","cover_none","staged","/projectnb/dietzelab/ccmmf/usr/akash/statewide_matrix/setup_v1/runs/52519/cover_none","/projectnb/dietzelab/ccmmf/usr/akash/calval_sa_v3_20260821/tools/sipnet_v2.2.0-3ccc41c","/projectnb/dietzelab/ccmmf/usr/akash/statewide_cover/statewide_events_first100_20260914"
"52519","fertilizer_reference","staged","/projectnb/dietzelab/ccmmf/usr/akash/statewide_matrix/setup_v1/runs/52519/fertilizer_reference","/projectnb/dietzelab/ccmmf/usr/akash/calval_sa_v3_20260821/tools/sipnet_v2.2.0-3ccc41c","/projectnb/dietzelab/ccmmf/usr/akash/statewide_cover/statewide_events_first100_20260914"
"52519","mineral_N_half","staged","/projectnb/dietzelab/ccmmf/usr/akash/statewide_matrix/setup_v1/runs/52519/mineral_N_half","/projectnb/dietzelab/ccmmf/usr/akash/calval_sa_v3_20260821/tools/sipnet_v2.2.0-3ccc41c","/projectnb/dietzelab/ccmmf/usr/akash/statewide_cover/statewide_events_first100_20260914"
"52519","mineral_N_one_half","staged","/projectnb/dietzelab/ccmmf/usr/akash/statewide_matrix/setup_v1/runs/52519/mineral_N_one_half","/projectnb/dietzelab/ccmmf/usr/akash/calval_sa_v3_20260821/tools/sipnet_v2.2.0-3ccc41c","/projectnb/dietzelab/ccmmf/usr/akash/statewide_cover/statewide_events_first100_20260914"
"52519","mineral_N_zero","staged","/projectnb/dietzelab/ccmmf/usr/akash/statewide_matrix/setup_v1/runs/52519/mineral_N_zero","/projectnb/dietzelab/ccmmf/usr/akash/calval_sa_v3_20260821/tools/sipnet_v2.2.0-3ccc41c","/projectnb/dietzelab/ccmmf/usr/akash/statewide_cover/statewide_events_first100_20260914"
"52519","organic_substitution","staged","/projectnb/dietzelab/ccmmf/usr/akash/statewide_matrix/setup_v1/runs/52519/organic_substitution","/projectnb/dietzelab/ccmmf/usr/akash/calval_sa_v3_20260821/tools/sipnet_v2.2.0-3ccc41c","/projectnb/dietzelab/ccmmf/usr/akash/statewide_cover/statewide_events_first100_20260914"
"52519","tillage_reduced","staged","/projectnb/dietzelab/ccmmf/usr/akash/statewide_matrix/setup_v1/runs/52519/tillage_reduced","/projectnb/dietzelab/ccmmf/usr/akash/calval_sa_v3_20260821/tools/sipnet_v2.2.0-3ccc41c","/projectnb/dietzelab/ccmmf/usr/akash/statewide_cover/statewide_events_first100_20260914"
"52519","tillage_reference","staged","/projectnb/dietzelab/ccmmf/usr/akash/statewide_matrix/setup_v1/runs/52519/tillage_reference","/projectnb/dietzelab/ccmmf/usr/akash/calval_sa_v3_20260821/tools/sipnet_v2.2.0-3ccc41c","/projectnb/dietzelab/ccmmf/usr/akash/statewide_cover/statewide_events_first100_20260914"
"52519","tillage_zero","staged","/projectnb/dietzelab/ccmmf/usr/akash/statewide_matrix/setup_v1/runs/52519/tillage_zero","/projectnb/dietzelab/ccmmf/usr/akash/calval_sa_v3_20260821/tools/sipnet_v2.2.0-3ccc41c","/projectnb/dietzelab/ccmmf/usr/akash/statewide_cover/statewide_events_first100_20260914"
"90","fertilizer_reference","staged","/projectnb/dietzelab/ccmmf/usr/akash/statewide_matrix/setup_v1/runs/90/fertilizer_reference","/projectnb/dietzelab/ccmmf/usr/akash/calval_sa_v3_20260821/tools/sipnet_v2.2.0-3ccc41c","/projectnb/dietzelab/ccmmf/usr/akash/statewide_cover/statewide_events_first100_20260914"
"90","mineral_N_half","staged","/projectnb/dietzelab/ccmmf/usr/akash/statewide_matrix/setup_v1/runs/90/mineral_N_half","/projectnb/dietzelab/ccmmf/usr/akash/calval_sa_v3_20260821/tools/sipnet_v2.2.0-3ccc41c","/projectnb/dietzelab/ccmmf/usr/akash/statewide_cover/statewide_events_first100_20260914"
"90","mineral_N_one_half","staged","/projectnb/dietzelab/ccmmf/usr/akash/statewide_matrix/setup_v1/runs/90/mineral_N_one_half","/projectnb/dietzelab/ccmmf/usr/akash/calval_sa_v3_20260821/tools/sipnet_v2.2.0-3ccc41c","/projectnb/dietzelab/ccmmf/usr/akash/statewide_cover/statewide_events_first100_20260914"
"90","mineral_N_zero","staged","/projectnb/dietzelab/ccmmf/usr/akash/statewide_matrix/setup_v1/runs/90/mineral_N_zero","/projectnb/dietzelab/ccmmf/usr/akash/calval_sa_v3_20260821/tools/sipnet_v2.2.0-3ccc41c","/projectnb/dietzelab/ccmmf/usr/akash/statewide_cover/statewide_events_first100_20260914"
"90","organic_substitution","staged","/projectnb/dietzelab/ccmmf/usr/akash/statewide_matrix/setup_v1/runs/90/organic_substitution","/projectnb/dietzelab/ccmmf/usr/akash/calval_sa_v3_20260821/tools/sipnet_v2.2.0-3ccc41c","/projectnb/dietzelab/ccmmf/usr/akash/statewide_cover/statewide_events_first100_20260914"
"90","tillage_reduced","staged","/projectnb/dietzelab/ccmmf/usr/akash/statewide_matrix/setup_v1/runs/90/tillage_reduced","/projectnb/dietzelab/ccmmf/usr/akash/calval_sa_v3_20260821/tools/sipnet_v2.2.0-3ccc41c","/projectnb/dietzelab/ccmmf/usr/akash/statewide_cover/statewide_events_first100_20260914"
"90","tillage_reference","staged","/projectnb/dietzelab/ccmmf/usr/akash/statewide_matrix/setup_v1/runs/90/tillage_reference","/projectnb/dietzelab/ccmmf/usr/akash/calval_sa_v3_20260821/tools/sipnet_v2.2.0-3ccc41c","/projectnb/dietzelab/ccmmf/usr/akash/statewide_cover/statewide_events_first100_20260914"
"90","tillage_zero","staged","/projectnb/dietzelab/ccmmf/usr/akash/statewide_matrix/setup_v1/runs/90/tillage_zero","/projectnb/dietzelab/ccmmf/usr/akash/calval_sa_v3_20260821/tools/sipnet_v2.2.0-3ccc41c","/projectnb/dietzelab/ccmmf/usr/akash/statewide_cover/statewide_events_first100_20260914"
"248496","fertilizer_reference","staged","/projectnb/dietzelab/ccmmf/usr/akash/statewide_matrix/setup_v1/runs/248496/fertilizer_reference","/projectnb/dietzelab/ccmmf/usr/akash/calval_sa_v3_20260821/tools/sipnet_v2.2.0-3ccc41c","/projectnb/dietzelab/ccmmf/usr/akash/statewide_cover/statewide_events_first100_20260914"
"248496","mineral_N_half","staged","/projectnb/dietzelab/ccmmf/usr/akash/statewide_matrix/setup_v1/runs/248496/mineral_N_half","/projectnb/dietzelab/ccmmf/usr/akash/calval_sa_v3_20260821/tools/sipnet_v2.2.0-3ccc41c","/projectnb/dietzelab/ccmmf/usr/akash/statewide_cover/statewide_events_first100_20260914"
"248496","mineral_N_one_half","staged","/projectnb/dietzelab/ccmmf/usr/akash/statewide_matrix/setup_v1/runs/248496/mineral_N_one_half","/projectnb/dietzelab/ccmmf/usr/akash/calval_sa_v3_20260821/tools/sipnet_v2.2.0-3ccc41c","/projectnb/dietzelab/ccmmf/usr/akash/statewide_cover/statewide_events_first100_20260914"
"248496","mineral_N_zero","staged","/projectnb/dietzelab/ccmmf/usr/akash/statewide_matrix/setup_v1/runs/248496/mineral_N_zero","/projectnb/dietzelab/ccmmf/usr/akash/calval_sa_v3_20260821/tools/sipnet_v2.2.0-3ccc41c","/projectnb/dietzelab/ccmmf/usr/akash/statewide_cover/statewide_events_first100_20260914"
"248496","organic_substitution","staged","/projectnb/dietzelab/ccmmf/usr/akash/statewide_matrix/setup_v1/runs/248496/organic_substitution","/projectnb/dietzelab/ccmmf/usr/akash/calval_sa_v3_20260821/tools/sipnet_v2.2.0-3ccc41c","/projectnb/dietzelab/ccmmf/usr/akash/statewide_cover/statewide_events_first100_20260914"
"248496","tillage_reduced","staged","/projectnb/dietzelab/ccmmf/usr/akash/statewide_matrix/setup_v1/runs/248496/tillage_reduced","/projectnb/dietzelab/ccmmf/usr/akash/calval_sa_v3_20260821/tools/sipnet_v2.2.0-3ccc41c","/projectnb/dietzelab/ccmmf/usr/akash/statewide_cover/statewide_events_first100_20260914"
"248496","tillage_reference","staged","/projectnb/dietzelab/ccmmf/usr/akash/statewide_matrix/setup_v1/runs/248496/tillage_reference","/projectnb/dietzelab/ccmmf/usr/akash/calval_sa_v3_20260821/tools/sipnet_v2.2.0-3ccc41c","/projectnb/dietzelab/ccmmf/usr/akash/statewide_cover/statewide_events_first100_20260914"
"248496","tillage_zero","staged","/projectnb/dietzelab/ccmmf/usr/akash/statewide_matrix/setup_v1/runs/248496/tillage_zero","/projectnb/dietzelab/ccmmf/usr/akash/calval_sa_v3_20260821/tools/sipnet_v2.2.0-3ccc41c","/projectnb/dietzelab/ccmmf/usr/akash/statewide_cover/statewide_events_first100_20260914"
"332581","cover_annual","staged","/projectnb/dietzelab/ccmmf/usr/akash/statewide_matrix/setup_v1/runs/332581/cover_annual","/projectnb/dietzelab/ccmmf/usr/akash/calval_sa_v3_20260821/tools/sipnet_v2.2.0-3ccc41c","/projectnb/dietzelab/ccmmf/usr/akash/statewide_cover/statewide_events_first100_20260914"
"332581","cover_none","staged","/projectnb/dietzelab/ccmmf/usr/akash/statewide_matrix/setup_v1/runs/332581/cover_none","/projectnb/dietzelab/ccmmf/usr/akash/calval_sa_v3_20260821/tools/sipnet_v2.2.0-3ccc41c","/projectnb/dietzelab/ccmmf/usr/akash/statewide_cover/statewide_events_first100_20260914"
"332581","fertilizer_reference","staged","/projectnb/dietzelab/ccmmf/usr/akash/statewide_matrix/setup_v1/runs/332581/fertilizer_reference","/projectnb/dietzelab/ccmmf/usr/akash/calval_sa_v3_20260821/tools/sipnet_v2.2.0-3ccc41c","/projectnb/dietzelab/ccmmf/usr/akash/statewide_cover/statewide_events_first100_20260914"
"332581","mineral_N_half","staged","/projectnb/dietzelab/ccmmf/usr/akash/statewide_matrix/setup_v1/runs/332581/mineral_N_half","/projectnb/dietzelab/ccmmf/usr/akash/calval_sa_v3_20260821/tools/sipnet_v2.2.0-3ccc41c","/projectnb/dietzelab/ccmmf/usr/akash/statewide_cover/statewide_events_first100_20260914"
"332581","mineral_N_one_half","staged","/projectnb/dietzelab/ccmmf/usr/akash/statewide_matrix/setup_v1/runs/332581/mineral_N_one_half","/projectnb/dietzelab/ccmmf/usr/akash/calval_sa_v3_20260821/tools/sipnet_v2.2.0-3ccc41c","/projectnb/dietzelab/ccmmf/usr/akash/statewide_cover/statewide_events_first100_20260914"
"332581","mineral_N_zero","staged","/projectnb/dietzelab/ccmmf/usr/akash/statewide_matrix/setup_v1/runs/332581/mineral_N_zero","/projectnb/dietzelab/ccmmf/usr/akash/calval_sa_v3_20260821/tools/sipnet_v2.2.0-3ccc41c","/projectnb/dietzelab/ccmmf/usr/akash/statewide_cover/statewide_events_first100_20260914"
"332581","organic_substitution","staged","/projectnb/dietzelab/ccmmf/usr/akash/statewide_matrix/setup_v1/runs/332581/organic_substitution","/projectnb/dietzelab/ccmmf/usr/akash/calval_sa_v3_20260821/tools/sipnet_v2.2.0-3ccc41c","/projectnb/dietzelab/ccmmf/usr/akash/statewide_cover/statewide_events_first100_20260914"
"332581","tillage_reduced","staged","/projectnb/dietzelab/ccmmf/usr/akash/statewide_matrix/setup_v1/runs/332581/tillage_reduced","/projectnb/dietzelab/ccmmf/usr/akash/calval_sa_v3_20260821/tools/sipnet_v2.2.0-3ccc41c","/projectnb/dietzelab/ccmmf/usr/akash/statewide_cover/statewide_events_first100_20260914"
"332581","tillage_reference","staged","/projectnb/dietzelab/ccmmf/usr/akash/statewide_matrix/setup_v1/runs/332581/tillage_reference","/projectnb/dietzelab/ccmmf/usr/akash/calval_sa_v3_20260821/tools/sipnet_v2.2.0-3ccc41c","/projectnb/dietzelab/ccmmf/usr/akash/statewide_cover/statewide_events_first100_20260914"
"332581","tillage_zero","staged","/projectnb/dietzelab/ccmmf/usr/akash/statewide_matrix/setup_v1/runs/332581/tillage_zero","/projectnb/dietzelab/ccmmf/usr/akash/calval_sa_v3_20260821/tools/sipnet_v2.2.0-3ccc41c","/projectnb/dietzelab/ccmmf/usr/akash/statewide_cover/statewide_events_first100_20260914"
"296871","cover_annual","staged","/projectnb/dietzelab/ccmmf/usr/akash/statewide_matrix/setup_v1/runs/296871/cover_annual","/projectnb/dietzelab/ccmmf/usr/akash/calval_sa_v3_20260821/tools/sipnet_v2.2.0-3ccc41c","/projectnb/dietzelab/ccmmf/usr/akash/statewide_cover/statewide_events_first100_20260914"
"296871","cover_none","staged","/projectnb/dietzelab/ccmmf/usr/akash/statewide_matrix/setup_v1/runs/296871/cover_none","/projectnb/dietzelab/ccmmf/usr/akash/calval_sa_v3_20260821/tools/sipnet_v2.2.0-3ccc41c","/projectnb/dietzelab/ccmmf/usr/akash/statewide_cover/statewide_events_first100_20260914"
"296871","fertilizer_reference","staged","/projectnb/dietzelab/ccmmf/usr/akash/statewide_matrix/setup_v1/runs/296871/fertilizer_reference","/projectnb/dietzelab/ccmmf/usr/akash/calval_sa_v3_20260821/tools/sipnet_v2.2.0-3ccc41c","/projectnb/dietzelab/ccmmf/usr/akash/statewide_cover/statewide_events_first100_20260914"
"296871","mineral_N_half","staged","/projectnb/dietzelab/ccmmf/usr/akash/statewide_matrix/setup_v1/runs/296871/mineral_N_half","/projectnb/dietzelab/ccmmf/usr/akash/calval_sa_v3_20260821/tools/sipnet_v2.2.0-3ccc41c","/projectnb/dietzelab/ccmmf/usr/akash/statewide_cover/statewide_events_first100_20260914"
"296871","mineral_N_one_half","staged","/projectnb/dietzelab/ccmmf/usr/akash/statewide_matrix/setup_v1/runs/296871/mineral_N_one_half","/projectnb/dietzelab/ccmmf/usr/akash/calval_sa_v3_20260821/tools/sipnet_v2.2.0-3ccc41c","/projectnb/dietzelab/ccmmf/usr/akash/statewide_cover/statewide_events_first100_20260914"
"296871","mineral_N_zero","staged","/projectnb/dietzelab/ccmmf/usr/akash/statewide_matrix/setup_v1/runs/296871/mineral_N_zero","/projectnb/dietzelab/ccmmf/usr/akash/calval_sa_v3_20260821/tools/sipnet_v2.2.0-3ccc41c","/projectnb/dietzelab/ccmmf/usr/akash/statewide_cover/statewide_events_first100_20260914"
"296871","organic_substitution","staged","/projectnb/dietzelab/ccmmf/usr/akash/statewide_matrix/setup_v1/runs/296871/organic_substitution","/projectnb/dietzelab/ccmmf/usr/akash/calval_sa_v3_20260821/tools/sipnet_v2.2.0-3ccc41c","/projectnb/dietzelab/ccmmf/usr/akash/statewide_cover/statewide_events_first100_20260914"
"296871","tillage_reduced","staged","/projectnb/dietzelab/ccmmf/usr/akash/statewide_matrix/setup_v1/runs/296871/tillage_reduced","/projectnb/dietzelab/ccmmf/usr/akash/calval_sa_v3_20260821/tools/sipnet_v2.2.0-3ccc41c","/projectnb/dietzelab/ccmmf/usr/akash/statewide_cover/statewide_events_first100_20260914"
"296871","tillage_reference","staged","/projectnb/dietzelab/ccmmf/usr/akash/statewide_matrix/setup_v1/runs/296871/tillage_reference","/projectnb/dietzelab/ccmmf/usr/akash/calval_sa_v3_20260821/tools/sipnet_v2.2.0-3ccc41c","/projectnb/dietzelab/ccmmf/usr/akash/statewide_cover/statewide_events_first100_20260914"
"296871","tillage_zero","staged","/projectnb/dietzelab/ccmmf/usr/akash/statewide_matrix/setup_v1/runs/296871/tillage_zero","/projectnb/dietzelab/ccmmf/usr/akash/calval_sa_v3_20260821/tools/sipnet_v2.2.0-3ccc41c","/projectnb/dietzelab/ccmmf/usr/akash/statewide_cover/statewide_events_first100_20260914"
"488132","cover_annual","staged","/projectnb/dietzelab/ccmmf/usr/akash/statewide_matrix/setup_v1/runs/488132/cover_annual","/projectnb/dietzelab/ccmmf/usr/akash/calval_sa_v3_20260821/tools/sipnet_v2.2.0-3ccc41c","/projectnb/dietzelab/ccmmf/usr/akash/statewide_cover/statewide_events_first100_20260914"
"488132","cover_none","staged","/projectnb/dietzelab/ccmmf/usr/akash/statewide_matrix/setup_v1/runs/488132/cover_none","/projectnb/dietzelab/ccmmf/usr/akash/calval_sa_v3_20260821/tools/sipnet_v2.2.0-3ccc41c","/projectnb/dietzelab/ccmmf/usr/akash/statewide_cover/statewide_events_first100_20260914"
"488132","fertilizer_reference","staged","/projectnb/dietzelab/ccmmf/usr/akash/statewide_matrix/setup_v1/runs/488132/fertilizer_reference","/projectnb/dietzelab/ccmmf/usr/akash/calval_sa_v3_20260821/tools/sipnet_v2.2.0-3ccc41c","/projectnb/dietzelab/ccmmf/usr/akash/statewide_cover/statewide_events_first100_20260914"
"488132","mineral_N_half","staged","/projectnb/dietzelab/ccmmf/usr/akash/statewide_matrix/setup_v1/runs/488132/mineral_N_half","/projectnb/dietzelab/ccmmf/usr/akash/calval_sa_v3_20260821/tools/sipnet_v2.2.0-3ccc41c","/projectnb/dietzelab/ccmmf/usr/akash/statewide_cover/statewide_events_first100_20260914"
"488132","mineral_N_one_half","staged","/projectnb/dietzelab/ccmmf/usr/akash/statewide_matrix/setup_v1/runs/488132/mineral_N_one_half","/projectnb/dietzelab/ccmmf/usr/akash/calval_sa_v3_20260821/tools/sipnet_v2.2.0-3ccc41c","/projectnb/dietzelab/ccmmf/usr/akash/statewide_cover/statewide_events_first100_20260914"
"488132","mineral_N_zero","staged","/projectnb/dietzelab/ccmmf/usr/akash/statewide_matrix/setup_v1/runs/488132/mineral_N_zero","/projectnb/dietzelab/ccmmf/usr/akash/calval_sa_v3_20260821/tools/sipnet_v2.2.0-3ccc41c","/projectnb/dietzelab/ccmmf/usr/akash/statewide_cover/statewide_events_first100_20260914"
"488132","organic_substitution","staged","/projectnb/dietzelab/ccmmf/usr/akash/statewide_matrix/setup_v1/runs/488132/organic_substitution","/projectnb/dietzelab/ccmmf/usr/akash/calval_sa_v3_20260821/tools/sipnet_v2.2.0-3ccc41c","/projectnb/dietzelab/ccmmf/usr/akash/statewide_cover/statewide_events_first100_20260914"
"488132","tillage_reduced","staged","/projectnb/dietzelab/ccmmf/usr/akash/statewide_matrix/setup_v1/runs/488132/tillage_reduced","/projectnb/dietzelab/ccmmf/usr/akash/calval_sa_v3_20260821/tools/sipnet_v2.2.0-3ccc41c","/projectnb/dietzelab/ccmmf/usr/akash/statewide_cover/statewide_events_first100_20260914"
"488132","tillage_reference","staged","/projectnb/dietzelab/ccmmf/usr/akash/statewide_matrix/setup_v1/runs/488132/tillage_reference","/projectnb/dietzelab/ccmmf/usr/akash/calval_sa_v3_20260821/tools/sipnet_v2.2.0-3ccc41c","/projectnb/dietzelab/ccmmf/usr/akash/statewide_cover/statewide_events_first100_20260914"
"488132","tillage_zero","staged","/projectnb/dietzelab/ccmmf/usr/akash/statewide_matrix/setup_v1/runs/488132/tillage_zero","/projectnb/dietzelab/ccmmf/usr/akash/calval_sa_v3_20260821/tools/sipnet_v2.2.0-3ccc41c","/projectnb/dietzelab/ccmmf/usr/akash/statewide_cover/statewide_events_first100_20260914"
"589918","cover_annual","staged","/projectnb/dietzelab/ccmmf/usr/akash/statewide_matrix/setup_v1/runs/589918/cover_annual","/projectnb/dietzelab/ccmmf/usr/akash/calval_sa_v3_20260821/tools/sipnet_v2.2.0-3ccc41c","/projectnb/dietzelab/ccmmf/usr/akash/statewide_cover/statewide_events_first100_20260914"
"589918","cover_none","staged","/projectnb/dietzelab/ccmmf/usr/akash/statewide_matrix/setup_v1/runs/589918/cover_none","/projectnb/dietzelab/ccmmf/usr/akash/calval_sa_v3_20260821/tools/sipnet_v2.2.0-3ccc41c","/projectnb/dietzelab/ccmmf/usr/akash/statewide_cover/statewide_events_first100_20260914"
"589918","fertilizer_reference","staged","/projectnb/dietzelab/ccmmf/usr/akash/statewide_matrix/setup_v1/runs/589918/fertilizer_reference","/projectnb/dietzelab/ccmmf/usr/akash/calval_sa_v3_20260821/tools/sipnet_v2.2.0-3ccc41c","/projectnb/dietzelab/ccmmf/usr/akash/statewide_cover/statewide_events_first100_20260914"
"589918","mineral_N_half","staged","/projectnb/dietzelab/ccmmf/usr/akash/statewide_matrix/setup_v1/runs/589918/mineral_N_half","/projectnb/dietzelab/ccmmf/usr/akash/calval_sa_v3_20260821/tools/sipnet_v2.2.0-3ccc41c","/projectnb/dietzelab/ccmmf/usr/akash/statewide_cover/statewide_events_first100_20260914"
"589918","mineral_N_one_half","staged","/projectnb/dietzelab/ccmmf/usr/akash/statewide_matrix/setup_v1/runs/589918/mineral_N_one_half","/projectnb/dietzelab/ccmmf/usr/akash/calval_sa_v3_20260821/tools/sipnet_v2.2.0-3ccc41c","/projectnb/dietzelab/ccmmf/usr/akash/statewide_cover/statewide_events_first100_20260914"
"589918","mineral_N_zero","staged","/projectnb/dietzelab/ccmmf/usr/akash/statewide_matrix/setup_v1/runs/589918/mineral_N_zero","/projectnb/dietzelab/ccmmf/usr/akash/calval_sa_v3_20260821/tools/sipnet_v2.2.0-3ccc41c","/projectnb/dietzelab/ccmmf/usr/akash/statewide_cover/statewide_events_first100_20260914"
"589918","organic_substitution","staged","/projectnb/dietzelab/ccmmf/usr/akash/statewide_matrix/setup_v1/runs/589918/organic_substitution","/projectnb/dietzelab/ccmmf/usr/akash/calval_sa_v3_20260821/tools/sipnet_v2.2.0-3ccc41c","/projectnb/dietzelab/ccmmf/usr/akash/statewide_cover/statewide_events_first100_20260914"
"589918","tillage_reduced","staged","/projectnb/dietzelab/ccmmf/usr/akash/statewide_matrix/setup_v1/runs/589918/tillage_reduced","/projectnb/dietzelab/ccmmf/usr/akash/calval_sa_v3_20260821/tools/sipnet_v2.2.0-3ccc41c","/projectnb/dietzelab/ccmmf/usr/akash/statewide_cover/statewide_events_first100_20260914"
"589918","tillage_reference","staged","/projectnb/dietzelab/ccmmf/usr/akash/statewide_matrix/setup_v1/runs/589918/tillage_reference","/projectnb/dietzelab/ccmmf/usr/akash/calval_sa_v3_20260821/tools/sipnet_v2.2.0-3ccc41c","/projectnb/dietzelab/ccmmf/usr/akash/statewide_cover/statewide_events_first100_20260914"
"589918","tillage_zero","staged","/projectnb/dietzelab/ccmmf/usr/akash/statewide_matrix/setup_v1/runs/589918/tillage_zero","/projectnb/dietzelab/ccmmf/usr/akash/calval_sa_v3_20260821/tools/sipnet_v2.2.0-3ccc41c","/projectnb/dietzelab/ccmmf/usr/akash/statewide_cover/statewide_events_first100_20260914"
"142350","fertilizer_reference","staged","/projectnb/dietzelab/ccmmf/usr/akash/statewide_matrix/setup_v1/runs/142350/fertilizer_reference","/projectnb/dietzelab/ccmmf/usr/akash/calval_sa_v3_20260821/tools/sipnet_v2.2.0-3ccc41c","/projectnb/dietzelab/ccmmf/usr/akash/statewide_cover/statewide_events_first100_20260914"
"142350","mineral_N_half","staged","/projectnb/dietzelab/ccmmf/usr/akash/statewide_matrix/setup_v1/runs/142350/mineral_N_half","/projectnb/dietzelab/ccmmf/usr/akash/calval_sa_v3_20260821/tools/sipnet_v2.2.0-3ccc41c","/projectnb/dietzelab/ccmmf/usr/akash/statewide_cover/statewide_events_first100_20260914"
"142350","mineral_N_one_half","staged","/projectnb/dietzelab/ccmmf/usr/akash/statewide_matrix/setup_v1/runs/142350/mineral_N_one_half","/projectnb/dietzelab/ccmmf/usr/akash/calval_sa_v3_20260821/tools/sipnet_v2.2.0-3ccc41c","/projectnb/dietzelab/ccmmf/usr/akash/statewide_cover/statewide_events_first100_20260914"
"142350","mineral_N_zero","staged","/projectnb/dietzelab/ccmmf/usr/akash/statewide_matrix/setup_v1/runs/142350/mineral_N_zero","/projectnb/dietzelab/ccmmf/usr/akash/calval_sa_v3_20260821/tools/sipnet_v2.2.0-3ccc41c","/projectnb/dietzelab/ccmmf/usr/akash/statewide_cover/statewide_events_first100_20260914"
"142350","organic_substitution","staged","/projectnb/dietzelab/ccmmf/usr/akash/statewide_matrix/setup_v1/runs/142350/organic_substitution","/projectnb/dietzelab/ccmmf/usr/akash/calval_sa_v3_20260821/tools/sipnet_v2.2.0-3ccc41c","/projectnb/dietzelab/ccmmf/usr/akash/statewide_cover/statewide_events_first100_20260914"
"142350","tillage_reduced","staged","/projectnb/dietzelab/ccmmf/usr/akash/statewide_matrix/setup_v1/runs/142350/tillage_reduced","/projectnb/dietzelab/ccmmf/usr/akash/calval_sa_v3_20260821/tools/sipnet_v2.2.0-3ccc41c","/projectnb/dietzelab/ccmmf/usr/akash/statewide_cover/statewide_events_first100_20260914"
"142350","tillage_reference","staged","/projectnb/dietzelab/ccmmf/usr/akash/statewide_matrix/setup_v1/runs/142350/tillage_reference","/projectnb/dietzelab/ccmmf/usr/akash/calval_sa_v3_20260821/tools/sipnet_v2.2.0-3ccc41c","/projectnb/dietzelab/ccmmf/usr/akash/statewide_cover/statewide_events_first100_20260914"
"142350","tillage_zero","staged","/projectnb/dietzelab/ccmmf/usr/akash/statewide_matrix/setup_v1/runs/142350/tillage_zero","/projectnb/dietzelab/ccmmf/usr/akash/calval_sa_v3_20260821/tools/sipnet_v2.2.0-3ccc41c","/projectnb/dietzelab/ccmmf/usr/akash/statewide_cover/statewide_events_first100_20260914"
"535358","cover_annual","staged","/projectnb/dietzelab/ccmmf/usr/akash/statewide_matrix/setup_v1/runs/535358/cover_annual","/projectnb/dietzelab/ccmmf/usr/akash/calval_sa_v3_20260821/tools/sipnet_v2.2.0-3ccc41c","/projectnb/dietzelab/ccmmf/usr/akash/statewide_cover/statewide_events_first100_20260914"
"535358","cover_none","staged","/projectnb/dietzelab/ccmmf/usr/akash/statewide_matrix/setup_v1/runs/535358/cover_none","/projectnb/dietzelab/ccmmf/usr/akash/calval_sa_v3_20260821/tools/sipnet_v2.2.0-3ccc41c","/projectnb/dietzelab/ccmmf/usr/akash/statewide_cover/statewide_events_first100_20260914"
"535358","fertilizer_reference","staged","/projectnb/dietzelab/ccmmf/usr/akash/statewide_matrix/setup_v1/runs/535358/fertilizer_reference","/projectnb/dietzelab/ccmmf/usr/akash/calval_sa_v3_20260821/tools/sipnet_v2.2.0-3ccc41c","/projectnb/dietzelab/ccmmf/usr/akash/statewide_cover/statewide_events_first100_20260914"
"535358","mineral_N_half","staged","/projectnb/dietzelab/ccmmf/usr/akash/statewide_matrix/setup_v1/runs/535358/mineral_N_half","/projectnb/dietzelab/ccmmf/usr/akash/calval_sa_v3_20260821/tools/sipnet_v2.2.0-3ccc41c","/projectnb/dietzelab/ccmmf/usr/akash/statewide_cover/statewide_events_first100_20260914"
"535358","mineral_N_one_half","staged","/projectnb/dietzelab/ccmmf/usr/akash/statewide_matrix/setup_v1/runs/535358/mineral_N_one_half","/projectnb/dietzelab/ccmmf/usr/akash/calval_sa_v3_20260821/tools/sipnet_v2.2.0-3ccc41c","/projectnb/dietzelab/ccmmf/usr/akash/statewide_cover/statewide_events_first100_20260914"
"535358","mineral_N_zero","staged","/projectnb/dietzelab/ccmmf/usr/akash/statewide_matrix/setup_v1/runs/535358/mineral_N_zero","/projectnb/dietzelab/ccmmf/usr/akash/calval_sa_v3_20260821/tools/sipnet_v2.2.0-3ccc41c","/projectnb/dietzelab/ccmmf/usr/akash/statewide_cover/statewide_events_first100_20260914"
"535358","organic_substitution","staged","/projectnb/dietzelab/ccmmf/usr/akash/statewide_matrix/setup_v1/runs/535358/organic_substitution","/projectnb/dietzelab/ccmmf/usr/akash/calval_sa_v3_20260821/tools/sipnet_v2.2.0-3ccc41c","/projectnb/dietzelab/ccmmf/usr/akash/statewide_cover/statewide_events_first100_20260914"
"535358","rice_irrigated_reference","staged","/projectnb/dietzelab/ccmmf/usr/akash/statewide_matrix/setup_v1/runs/535358/rice_irrigated_reference","/projectnb/dietzelab/ccmmf/usr/akash/calval_sa_v3_20260821/tools/sipnet_v2.2.0-3ccc41c","/projectnb/dietzelab/ccmmf/usr/akash/statewide_cover/statewide_events_first100_20260914"
"535358","rice_one_dry","staged","/projectnb/dietzelab/ccmmf/usr/akash/statewide_matrix/setup_v1/runs/535358/rice_one_dry","/projectnb/dietzelab/ccmmf/usr/akash/calval_sa_v3_20260821/tools/sipnet_v2.2.0-3ccc41c","/projectnb/dietzelab/ccmmf/usr/akash/statewide_cover/statewide_events_first100_20260914"
"535358","rice_two_dry","staged","/projectnb/dietzelab/ccmmf/usr/akash/statewide_matrix/setup_v1/runs/535358/rice_two_dry","/projectnb/dietzelab/ccmmf/usr/akash/calval_sa_v3_20260821/tools/sipnet_v2.2.0-3ccc41c","/projectnb/dietzelab/ccmmf/usr/akash/statewide_cover/statewide_events_first100_20260914"
"535358","tillage_reduced","staged","/projectnb/dietzelab/ccmmf/usr/akash/statewide_matrix/setup_v1/runs/535358/tillage_reduced","/projectnb/dietzelab/ccmmf/usr/akash/calval_sa_v3_20260821/tools/sipnet_v2.2.0-3ccc41c","/projectnb/dietzelab/ccmmf/usr/akash/statewide_cover/statewide_events_first100_20260914"
"535358","tillage_reference","staged","/projectnb/dietzelab/ccmmf/usr/akash/statewide_matrix/setup_v1/runs/535358/tillage_reference","/projectnb/dietzelab/ccmmf/usr/akash/calval_sa_v3_20260821/tools/sipnet_v2.2.0-3ccc41c","/projectnb/dietzelab/ccmmf/usr/akash/statewide_cover/statewide_events_first100_20260914"
"535358","tillage_zero","staged","/projectnb/dietzelab/ccmmf/usr/akash/statewide_matrix/setup_v1/runs/535358/tillage_zero","/projectnb/dietzelab/ccmmf/usr/akash/calval_sa_v3_20260821/tools/sipnet_v2.2.0-3ccc41c","/projectnb/dietzelab/ccmmf/usr/akash/statewide_cover/statewide_events_first100_20260914"
"321992","cover_annual","staged","/projectnb/dietzelab/ccmmf/usr/akash/statewide_matrix/setup_v1/runs/321992/cover_annual","/projectnb/dietzelab/ccmmf/usr/akash/calval_sa_v3_20260821/tools/sipnet_v2.2.0-3ccc41c","/projectnb/dietzelab/ccmmf/usr/akash/statewide_cover/statewide_events_first100_20260914"
"321992","cover_none","staged","/projectnb/dietzelab/ccmmf/usr/akash/statewide_matrix/setup_v1/runs/321992/cover_none","/projectnb/dietzelab/ccmmf/usr/akash/calval_sa_v3_20260821/tools/sipnet_v2.2.0-3ccc41c","/projectnb/dietzelab/ccmmf/usr/akash/statewide_cover/statewide_events_first100_20260914"
"321992","fertilizer_reference","staged","/projectnb/dietzelab/ccmmf/usr/akash/statewide_matrix/setup_v1/runs/321992/fertilizer_reference","/projectnb/dietzelab/ccmmf/usr/akash/calval_sa_v3_20260821/tools/sipnet_v2.2.0-3ccc41c","/projectnb/dietzelab/ccmmf/usr/akash/statewide_cover/statewide_events_first100_20260914"
"321992","mineral_N_half","staged","/projectnb/dietzelab/ccmmf/usr/akash/statewide_matrix/setup_v1/runs/321992/mineral_N_half","/projectnb/dietzelab/ccmmf/usr/akash/calval_sa_v3_20260821/tools/sipnet_v2.2.0-3ccc41c","/projectnb/dietzelab/ccmmf/usr/akash/statewide_cover/statewide_events_first100_20260914"
"321992","mineral_N_one_half","staged","/projectnb/dietzelab/ccmmf/usr/akash/statewide_matrix/setup_v1/runs/321992/mineral_N_one_half","/projectnb/dietzelab/ccmmf/usr/akash/calval_sa_v3_20260821/tools/sipnet_v2.2.0-3ccc41c","/projectnb/dietzelab/ccmmf/usr/akash/statewide_cover/statewide_events_first100_20260914"
"321992","mineral_N_zero","staged","/projectnb/dietzelab/ccmmf/usr/akash/statewide_matrix/setup_v1/runs/321992/mineral_N_zero","/projectnb/dietzelab/ccmmf/usr/akash/calval_sa_v3_20260821/tools/sipnet_v2.2.0-3ccc41c","/projectnb/dietzelab/ccmmf/usr/akash/statewide_cover/statewide_events_first100_20260914"
"321992","organic_substitution","staged","/projectnb/dietzelab/ccmmf/usr/akash/statewide_matrix/setup_v1/runs/321992/organic_substitution","/projectnb/dietzelab/ccmmf/usr/akash/calval_sa_v3_20260821/tools/sipnet_v2.2.0-3ccc41c","/projectnb/dietzelab/ccmmf/usr/akash/statewide_cover/statewide_events_first100_20260914"
"321992","tillage_reduced","staged","/projectnb/dietzelab/ccmmf/usr/akash/statewide_matrix/setup_v1/runs/321992/tillage_reduced","/projectnb/dietzelab/ccmmf/usr/akash/calval_sa_v3_20260821/tools/sipnet_v2.2.0-3ccc41c","/projectnb/dietzelab/ccmmf/usr/akash/statewide_cover/statewide_events_first100_20260914"
"321992","tillage_reference","staged","/projectnb/dietzelab/ccmmf/usr/akash/statewide_matrix/setup_v1/runs/321992/tillage_reference","/projectnb/dietzelab/ccmmf/usr/akash/calval_sa_v3_20260821/tools/sipnet_v2.2.0-3ccc41c","/projectnb/dietzelab/ccmmf/usr/akash/statewide_cover/statewide_events_first100_20260914"
"321992","tillage_zero","staged","/projectnb/dietzelab/ccmmf/usr/akash/statewide_matrix/setup_v1/runs/321992/tillage_zero","/projectnb/dietzelab/ccmmf/usr/akash/calval_sa_v3_20260821/tools/sipnet_v2.2.0-3ccc41c","/projectnb/dietzelab/ccmmf/usr/akash/statewide_cover/statewide_events_first100_20260914"
"589581","cover_annual","staged","/projectnb/dietzelab/ccmmf/usr/akash/statewide_matrix/setup_v1/runs/589581/cover_annual","/projectnb/dietzelab/ccmmf/usr/akash/calval_sa_v3_20260821/tools/sipnet_v2.2.0-3ccc41c","/projectnb/dietzelab/ccmmf/usr/akash/statewide_cover/statewide_events_first100_20260914"
"589581","cover_none","staged","/projectnb/dietzelab/ccmmf/usr/akash/statewide_matrix/setup_v1/runs/589581/cover_none","/projectnb/dietzelab/ccmmf/usr/akash/calval_sa_v3_20260821/tools/sipnet_v2.2.0-3ccc41c","/projectnb/dietzelab/ccmmf/usr/akash/statewide_cover/statewide_events_first100_20260914"
"589581","fertilizer_reference","staged","/projectnb/dietzelab/ccmmf/usr/akash/statewide_matrix/setup_v1/runs/589581/fertilizer_reference","/projectnb/dietzelab/ccmmf/usr/akash/calval_sa_v3_20260821/tools/sipnet_v2.2.0-3ccc41c","/projectnb/dietzelab/ccmmf/usr/akash/statewide_cover/statewide_events_first100_20260914"
"589581","mineral_N_half","staged","/projectnb/dietzelab/ccmmf/usr/akash/statewide_matrix/setup_v1/runs/589581/mineral_N_half","/projectnb/dietzelab/ccmmf/usr/akash/calval_sa_v3_20260821/tools/sipnet_v2.2.0-3ccc41c","/projectnb/dietzelab/ccmmf/usr/akash/statewide_cover/statewide_events_first100_20260914"
"589581","mineral_N_one_half","staged","/projectnb/dietzelab/ccmmf/usr/akash/statewide_matrix/setup_v1/runs/589581/mineral_N_one_half","/projectnb/dietzelab/ccmmf/usr/akash/calval_sa_v3_20260821/tools/sipnet_v2.2.0-3ccc41c","/projectnb/dietzelab/ccmmf/usr/akash/statewide_cover/statewide_events_first100_20260914"
"589581","mineral_N_zero","staged","/projectnb/dietzelab/ccmmf/usr/akash/statewide_matrix/setup_v1/runs/589581/mineral_N_zero","/projectnb/dietzelab/ccmmf/usr/akash/calval_sa_v3_20260821/tools/sipnet_v2.2.0-3ccc41c","/projectnb/dietzelab/ccmmf/usr/akash/statewide_cover/statewide_events_first100_20260914"
"589581","organic_substitution","staged","/projectnb/dietzelab/ccmmf/usr/akash/statewide_matrix/setup_v1/runs/589581/organic_substitution","/projectnb/dietzelab/ccmmf/usr/akash/calval_sa_v3_20260821/tools/sipnet_v2.2.0-3ccc41c","/projectnb/dietzelab/ccmmf/usr/akash/statewide_cover/statewide_events_first100_20260914"
"589581","tillage_reduced","staged","/projectnb/dietzelab/ccmmf/usr/akash/statewide_matrix/setup_v1/runs/589581/tillage_reduced","/projectnb/dietzelab/ccmmf/usr/akash/calval_sa_v3_20260821/tools/sipnet_v2.2.0-3ccc41c","/projectnb/dietzelab/ccmmf/usr/akash/statewide_cover/statewide_events_first100_20260914"
"589581","tillage_reference","staged","/projectnb/dietzelab/ccmmf/usr/akash/statewide_matrix/setup_v1/runs/589581/tillage_reference","/projectnb/dietzelab/ccmmf/usr/akash/calval_sa_v3_20260821/tools/sipnet_v2.2.0-3ccc41c","/projectnb/dietzelab/ccmmf/usr/akash/statewide_cover/statewide_events_first100_20260914"
"589581","tillage_zero","staged","/projectnb/dietzelab/ccmmf/usr/akash/statewide_matrix/setup_v1/runs/589581/tillage_zero","/projectnb/dietzelab/ccmmf/usr/akash/calval_sa_v3_20260821/tools/sipnet_v2.2.0-3ccc41c","/projectnb/dietzelab/ccmmf/usr/akash/statewide_cover/statewide_events_first100_20260914"
"590073","cover_annual","staged","/projectnb/dietzelab/ccmmf/usr/akash/statewide_matrix/setup_v1/runs/590073/cover_annual","/projectnb/dietzelab/ccmmf/usr/akash/calval_sa_v3_20260821/tools/sipnet_v2.2.0-3ccc41c","/projectnb/dietzelab/ccmmf/usr/akash/statewide_cover/statewide_events_first100_20260914"
"590073","cover_none","staged","/projectnb/dietzelab/ccmmf/usr/akash/statewide_matrix/setup_v1/runs/590073/cover_none","/projectnb/dietzelab/ccmmf/usr/akash/calval_sa_v3_20260821/tools/sipnet_v2.2.0-3ccc41c","/projectnb/dietzelab/ccmmf/usr/akash/statewide_cover/statewide_events_first100_20260914"
"590073","fertilizer_reference","staged","/projectnb/dietzelab/ccmmf/usr/akash/statewide_matrix/setup_v1/runs/590073/fertilizer_reference","/projectnb/dietzelab/ccmmf/usr/akash/calval_sa_v3_20260821/tools/sipnet_v2.2.0-3ccc41c","/projectnb/dietzelab/ccmmf/usr/akash/statewide_cover/statewide_events_first100_20260914"
"590073","mineral_N_half","staged","/projectnb/dietzelab/ccmmf/usr/akash/statewide_matrix/setup_v1/runs/590073/mineral_N_half","/projectnb/dietzelab/ccmmf/usr/akash/calval_sa_v3_20260821/tools/sipnet_v2.2.0-3ccc41c","/projectnb/dietzelab/ccmmf/usr/akash/statewide_cover/statewide_events_first100_20260914"
"590073","mineral_N_one_half","staged","/projectnb/dietzelab/ccmmf/usr/akash/statewide_matrix/setup_v1/runs/590073/mineral_N_one_half","/projectnb/dietzelab/ccmmf/usr/akash/calval_sa_v3_20260821/tools/sipnet_v2.2.0-3ccc41c","/projectnb/dietzelab/ccmmf/usr/akash/statewide_cover/statewide_events_first100_20260914"
"590073","mineral_N_zero","staged","/projectnb/dietzelab/ccmmf/usr/akash/statewide_matrix/setup_v1/runs/590073/mineral_N_zero","/projectnb/dietzelab/ccmmf/usr/akash/calval_sa_v3_20260821/tools/sipnet_v2.2.0-3ccc41c","/projectnb/dietzelab/ccmmf/usr/akash/statewide_cover/statewide_events_first100_20260914"
"590073","organic_substitution","staged","/projectnb/dietzelab/ccmmf/usr/akash/statewide_matrix/setup_v1/runs/590073/organic_substitution","/projectnb/dietzelab/ccmmf/usr/akash/calval_sa_v3_20260821/tools/sipnet_v2.2.0-3ccc41c","/projectnb/dietzelab/ccmmf/usr/akash/statewide_cover/statewide_events_first100_20260914"
"590073","rice_irrigated_reference","staged","/projectnb/dietzelab/ccmmf/usr/akash/statewide_matrix/setup_v1/runs/590073/rice_irrigated_reference","/projectnb/dietzelab/ccmmf/usr/akash/calval_sa_v3_20260821/tools/sipnet_v2.2.0-3ccc41c","/projectnb/dietzelab/ccmmf/usr/akash/statewide_cover/statewide_events_first100_20260914"
"590073","rice_one_dry","staged","/projectnb/dietzelab/ccmmf/usr/akash/statewide_matrix/setup_v1/runs/590073/rice_one_dry","/projectnb/dietzelab/ccmmf/usr/akash/calval_sa_v3_20260821/tools/sipnet_v2.2.0-3ccc41c","/projectnb/dietzelab/ccmmf/usr/akash/statewide_cover/statewide_events_first100_20260914"
"590073","rice_two_dry","staged","/projectnb/dietzelab/ccmmf/usr/akash/statewide_matrix/setup_v1/runs/590073/rice_two_dry","/projectnb/dietzelab/ccmmf/usr/akash/calval_sa_v3_20260821/tools/sipnet_v2.2.0-3ccc41c","/projectnb/dietzelab/ccmmf/usr/akash/statewide_cover/statewide_events_first100_20260914"
"590073","tillage_reduced","staged","/projectnb/dietzelab/ccmmf/usr/akash/statewide_matrix/setup_v1/runs/590073/tillage_reduced","/projectnb/dietzelab/ccmmf/usr/akash/calval_sa_v3_20260821/tools/sipnet_v2.2.0-3ccc41c","/projectnb/dietzelab/ccmmf/usr/akash/statewide_cover/statewide_events_first100_20260914"
"590073","tillage_reference","staged","/projectnb/dietzelab/ccmmf/usr/akash/statewide_matrix/setup_v1/runs/590073/tillage_reference","/projectnb/dietzelab/ccmmf/usr/akash/calval_sa_v3_20260821/tools/sipnet_v2.2.0-3ccc41c","/projectnb/dietzelab/ccmmf/usr/akash/statewide_cover/statewide_events_first100_20260914"
"590073","tillage_zero","staged","/projectnb/dietzelab/ccmmf/usr/akash/statewide_matrix/setup_v1/runs/590073/tillage_zero","/projectnb/dietzelab/ccmmf/usr/akash/calval_sa_v3_20260821/tools/sipnet_v2.2.0-3ccc41c","/projectnb/dietzelab/ccmmf/usr/akash/statewide_cover/statewide_events_first100_20260914"
"437146","fertilizer_reference","staged","/projectnb/dietzelab/ccmmf/usr/akash/statewide_matrix/setup_v1/runs/437146/fertilizer_reference","/projectnb/dietzelab/ccmmf/usr/akash/calval_sa_v3_20260821/tools/sipnet_v2.2.0-3ccc41c","/projectnb/dietzelab/ccmmf/usr/akash/statewide_cover/statewide_events_first100_20260914"
"437146","mineral_N_half","staged","/projectnb/dietzelab/ccmmf/usr/akash/statewide_matrix/setup_v1/runs/437146/mineral_N_half","/projectnb/dietzelab/ccmmf/usr/akash/calval_sa_v3_20260821/tools/sipnet_v2.2.0-3ccc41c","/projectnb/dietzelab/ccmmf/usr/akash/statewide_cover/statewide_events_first100_20260914"
"437146","mineral_N_one_half","staged","/projectnb/dietzelab/ccmmf/usr/akash/statewide_matrix/setup_v1/runs/437146/mineral_N_one_half","/projectnb/dietzelab/ccmmf/usr/akash/calval_sa_v3_20260821/tools/sipnet_v2.2.0-3ccc41c","/projectnb/dietzelab/ccmmf/usr/akash/statewide_cover/statewide_events_first100_20260914"
"437146","mineral_N_zero","staged","/projectnb/dietzelab/ccmmf/usr/akash/statewide_matrix/setup_v1/runs/437146/mineral_N_zero","/projectnb/dietzelab/ccmmf/usr/akash/calval_sa_v3_20260821/tools/sipnet_v2.2.0-3ccc41c","/projectnb/dietzelab/ccmmf/usr/akash/statewide_cover/statewide_events_first100_20260914"
"437146","organic_substitution","staged","/projectnb/dietzelab/ccmmf/usr/akash/statewide_matrix/setup_v1/runs/437146/organic_substitution","/projectnb/dietzelab/ccmmf/usr/akash/calval_sa_v3_20260821/tools/sipnet_v2.2.0-3ccc41c","/projectnb/dietzelab/ccmmf/usr/akash/statewide_cover/statewide_events_first100_20260914"
"437146","tillage_reduced","staged","/projectnb/dietzelab/ccmmf/usr/akash/statewide_matrix/setup_v1/runs/437146/tillage_reduced","/projectnb/dietzelab/ccmmf/usr/akash/calval_sa_v3_20260821/tools/sipnet_v2.2.0-3ccc41c","/projectnb/dietzelab/ccmmf/usr/akash/statewide_cover/statewide_events_first100_20260914"
"437146","tillage_reference","staged","/projectnb/dietzelab/ccmmf/usr/akash/statewide_matrix/setup_v1/runs/437146/tillage_reference","/projectnb/dietzelab/ccmmf/usr/akash/calval_sa_v3_20260821/tools/sipnet_v2.2.0-3ccc41c","/projectnb/dietzelab/ccmmf/usr/akash/statewide_cover/statewide_events_first100_20260914"
"437146","tillage_zero","staged","/projectnb/dietzelab/ccmmf/usr/akash/statewide_matrix/setup_v1/runs/437146/tillage_zero","/projectnb/dietzelab/ccmmf/usr/akash/calval_sa_v3_20260821/tools/sipnet_v2.2.0-3ccc41c","/projectnb/dietzelab/ccmmf/usr/akash/statewide_cover/statewide_events_first100_20260914"
"14","cover_annual","staged","/projectnb/dietzelab/ccmmf/usr/akash/statewide_matrix/setup_v1/runs/14/cover_annual","/projectnb/dietzelab/ccmmf/usr/akash/calval_sa_v3_20260821/tools/sipnet_v2.2.0-3ccc41c","/projectnb/dietzelab/ccmmf/usr/akash/statewide_cover/statewide_events_first100_20260914"
"14","cover_none","staged","/projectnb/dietzelab/ccmmf/usr/akash/statewide_matrix/setup_v1/runs/14/cover_none","/projectnb/dietzelab/ccmmf/usr/akash/calval_sa_v3_20260821/tools/sipnet_v2.2.0-3ccc41c","/projectnb/dietzelab/ccmmf/usr/akash/statewide_cover/statewide_events_first100_20260914"
"14","fertilizer_reference","staged","/projectnb/dietzelab/ccmmf/usr/akash/statewide_matrix/setup_v1/runs/14/fertilizer_reference","/projectnb/dietzelab/ccmmf/usr/akash/calval_sa_v3_20260821/tools/sipnet_v2.2.0-3ccc41c","/projectnb/dietzelab/ccmmf/usr/akash/statewide_cover/statewide_events_first100_20260914"
"14","mineral_N_half","staged","/projectnb/dietzelab/ccmmf/usr/akash/statewide_matrix/setup_v1/runs/14/mineral_N_half","/projectnb/dietzelab/ccmmf/usr/akash/calval_sa_v3_20260821/tools/sipnet_v2.2.0-3ccc41c","/projectnb/dietzelab/ccmmf/usr/akash/statewide_cover/statewide_events_first100_20260914"
"14","mineral_N_one_half","staged","/projectnb/dietzelab/ccmmf/usr/akash/statewide_matrix/setup_v1/runs/14/mineral_N_one_half","/projectnb/dietzelab/ccmmf/usr/akash/calval_sa_v3_20260821/tools/sipnet_v2.2.0-3ccc41c","/projectnb/dietzelab/ccmmf/usr/akash/statewide_cover/statewide_events_first100_20260914"
"14","mineral_N_zero","staged","/projectnb/dietzelab/ccmmf/usr/akash/statewide_matrix/setup_v1/runs/14/mineral_N_zero","/projectnb/dietzelab/ccmmf/usr/akash/calval_sa_v3_20260821/tools/sipnet_v2.2.0-3ccc41c","/projectnb/dietzelab/ccmmf/usr/akash/statewide_cover/statewide_events_first100_20260914"
"14","organic_substitution","staged","/projectnb/dietzelab/ccmmf/usr/akash/statewide_matrix/setup_v1/runs/14/organic_substitution","/projectnb/dietzelab/ccmmf/usr/akash/calval_sa_v3_20260821/tools/sipnet_v2.2.0-3ccc41c","/projectnb/dietzelab/ccmmf/usr/akash/statewide_cover/statewide_events_first100_20260914"
"14","tillage_reduced","staged","/projectnb/dietzelab/ccmmf/usr/akash/statewide_matrix/setup_v1/runs/14/tillage_reduced","/projectnb/dietzelab/ccmmf/usr/akash/calval_sa_v3_20260821/tools/sipnet_v2.2.0-3ccc41c","/projectnb/dietzelab/ccmmf/usr/akash/statewide_cover/statewide_events_first100_20260914"
"14","tillage_reference","staged","/projectnb/dietzelab/ccmmf/usr/akash/statewide_matrix/setup_v1/runs/14/tillage_reference","/projectnb/dietzelab/ccmmf/usr/akash/calval_sa_v3_20260821/tools/sipnet_v2.2.0-3ccc41c","/projectnb/dietzelab/ccmmf/usr/akash/statewide_cover/statewide_events_first100_20260914"
"14","tillage_zero","staged","/projectnb/dietzelab/ccmmf/usr/akash/statewide_matrix/setup_v1/runs/14/tillage_zero","/projectnb/dietzelab/ccmmf/usr/akash/calval_sa_v3_20260821/tools/sipnet_v2.2.0-3ccc41c","/projectnb/dietzelab/ccmmf/usr/akash/statewide_cover/statewide_events_first100_20260914"
"96038","cover_annual","staged","/projectnb/dietzelab/ccmmf/usr/akash/statewide_matrix/setup_v1/runs/96038/cover_annual","/projectnb/dietzelab/ccmmf/usr/akash/calval_sa_v3_20260821/tools/sipnet_v2.2.0-3ccc41c","/projectnb/dietzelab/ccmmf/usr/akash/statewide_cover/statewide_events_first100_20260914"
"96038","cover_none","staged","/projectnb/dietzelab/ccmmf/usr/akash/statewide_matrix/setup_v1/runs/96038/cover_none","/projectnb/dietzelab/ccmmf/usr/akash/calval_sa_v3_20260821/tools/sipnet_v2.2.0-3ccc41c","/projectnb/dietzelab/ccmmf/usr/akash/statewide_cover/statewide_events_first100_20260914"
"96038","fertilizer_reference","staged","/projectnb/dietzelab/ccmmf/usr/akash/statewide_matrix/setup_v1/runs/96038/fertilizer_reference","/projectnb/dietzelab/ccmmf/usr/akash/calval_sa_v3_20260821/tools/sipnet_v2.2.0-3ccc41c","/projectnb/dietzelab/ccmmf/usr/akash/statewide_cover/statewide_events_first100_20260914"
"96038","mineral_N_half","staged","/projectnb/dietzelab/ccmmf/usr/akash/statewide_matrix/setup_v1/runs/96038/mineral_N_half","/projectnb/dietzelab/ccmmf/usr/akash/calval_sa_v3_20260821/tools/sipnet_v2.2.0-3ccc41c","/projectnb/dietzelab/ccmmf/usr/akash/statewide_cover/statewide_events_first100_20260914"
"96038","mineral_N_one_half","staged","/projectnb/dietzelab/ccmmf/usr/akash/statewide_matrix/setup_v1/runs/96038/mineral_N_one_half","/projectnb/dietzelab/ccmmf/usr/akash/calval_sa_v3_20260821/tools/sipnet_v2.2.0-3ccc41c","/projectnb/dietzelab/ccmmf/usr/akash/statewide_cover/statewide_events_first100_20260914"
"96038","mineral_N_zero","staged","/projectnb/dietzelab/ccmmf/usr/akash/statewide_matrix/setup_v1/runs/96038/mineral_N_zero","/projectnb/dietzelab/ccmmf/usr/akash/calval_sa_v3_20260821/tools/sipnet_v2.2.0-3ccc41c","/projectnb/dietzelab/ccmmf/usr/akash/statewide_cover/statewide_events_first100_20260914"
"96038","organic_substitution","staged","/projectnb/dietzelab/ccmmf/usr/akash/statewide_matrix/setup_v1/runs/96038/organic_substitution","/projectnb/dietzelab/ccmmf/usr/akash/calval_sa_v3_20260821/tools/sipnet_v2.2.0-3ccc41c","/projectnb/dietzelab/ccmmf/usr/akash/statewide_cover/statewide_events_first100_20260914"
"96038","tillage_reduced","staged","/projectnb/dietzelab/ccmmf/usr/akash/statewide_matrix/setup_v1/runs/96038/tillage_reduced","/projectnb/dietzelab/ccmmf/usr/akash/calval_sa_v3_20260821/tools/sipnet_v2.2.0-3ccc41c","/projectnb/dietzelab/ccmmf/usr/akash/statewide_cover/statewide_events_first100_20260914"
"96038","tillage_reference","staged","/projectnb/dietzelab/ccmmf/usr/akash/statewide_matrix/setup_v1/runs/96038/tillage_reference","/projectnb/dietzelab/ccmmf/usr/akash/calval_sa_v3_20260821/tools/sipnet_v2.2.0-3ccc41c","/projectnb/dietzelab/ccmmf/usr/akash/statewide_cover/statewide_events_first100_20260914"
"96038","tillage_zero","staged","/projectnb/dietzelab/ccmmf/usr/akash/statewide_matrix/setup_v1/runs/96038/tillage_zero","/projectnb/dietzelab/ccmmf/usr/akash/calval_sa_v3_20260821/tools/sipnet_v2.2.0-3ccc41c","/projectnb/dietzelab/ccmmf/usr/akash/statewide_cover/statewide_events_first100_20260914"
"155097","cover_annual","staged","/projectnb/dietzelab/ccmmf/usr/akash/statewide_matrix/setup_v1/runs/155097/cover_annual","/projectnb/dietzelab/ccmmf/usr/akash/calval_sa_v3_20260821/tools/sipnet_v2.2.0-3ccc41c","/projectnb/dietzelab/ccmmf/usr/akash/statewide_cover/statewide_events_first100_20260914"
"155097","cover_none","staged","/projectnb/dietzelab/ccmmf/usr/akash/statewide_matrix/setup_v1/runs/155097/cover_none","/projectnb/dietzelab/ccmmf/usr/akash/calval_sa_v3_20260821/tools/sipnet_v2.2.0-3ccc41c","/projectnb/dietzelab/ccmmf/usr/akash/statewide_cover/statewide_events_first100_20260914"
"155097","fertilizer_reference","staged","/projectnb/dietzelab/ccmmf/usr/akash/statewide_matrix/setup_v1/runs/155097/fertilizer_reference","/projectnb/dietzelab/ccmmf/usr/akash/calval_sa_v3_20260821/tools/sipnet_v2.2.0-3ccc41c","/projectnb/dietzelab/ccmmf/usr/akash/statewide_cover/statewide_events_first100_20260914"
"155097","mineral_N_half","staged","/projectnb/dietzelab/ccmmf/usr/akash/statewide_matrix/setup_v1/runs/155097/mineral_N_half","/projectnb/dietzelab/ccmmf/usr/akash/calval_sa_v3_20260821/tools/sipnet_v2.2.0-3ccc41c","/projectnb/dietzelab/ccmmf/usr/akash/statewide_cover/statewide_events_first100_20260914"
"155097","mineral_N_one_half","staged","/projectnb/dietzelab/ccmmf/usr/akash/statewide_matrix/setup_v1/runs/155097/mineral_N_one_half","/projectnb/dietzelab/ccmmf/usr/akash/calval_sa_v3_20260821/tools/sipnet_v2.2.0-3ccc41c","/projectnb/dietzelab/ccmmf/usr/akash/statewide_cover/statewide_events_first100_20260914"
"155097","mineral_N_zero","staged","/projectnb/dietzelab/ccmmf/usr/akash/statewide_matrix/setup_v1/runs/155097/mineral_N_zero","/projectnb/dietzelab/ccmmf/usr/akash/calval_sa_v3_20260821/tools/sipnet_v2.2.0-3ccc41c","/projectnb/dietzelab/ccmmf/usr/akash/statewide_cover/statewide_events_first100_20260914"
"155097","organic_substitution","staged","/projectnb/dietzelab/ccmmf/usr/akash/statewide_matrix/setup_v1/runs/155097/organic_substitution","/projectnb/dietzelab/ccmmf/usr/akash/calval_sa_v3_20260821/tools/sipnet_v2.2.0-3ccc41c","/projectnb/dietzelab/ccmmf/usr/akash/statewide_cover/statewide_events_first100_20260914"
"155097","rice_irrigated_reference","staged","/projectnb/dietzelab/ccmmf/usr/akash/statewide_matrix/setup_v1/runs/155097/rice_irrigated_reference","/projectnb/dietzelab/ccmmf/usr/akash/calval_sa_v3_20260821/tools/sipnet_v2.2.0-3ccc41c","/projectnb/dietzelab/ccmmf/usr/akash/statewide_cover/statewide_events_first100_20260914"
"155097","rice_one_dry","staged","/projectnb/dietzelab/ccmmf/usr/akash/statewide_matrix/setup_v1/runs/155097/rice_one_dry","/projectnb/dietzelab/ccmmf/usr/akash/calval_sa_v3_20260821/tools/sipnet_v2.2.0-3ccc41c","/projectnb/dietzelab/ccmmf/usr/akash/statewide_cover/statewide_events_first100_20260914"
"155097","rice_two_dry","staged","/projectnb/dietzelab/ccmmf/usr/akash/statewide_matrix/setup_v1/runs/155097/rice_two_dry","/projectnb/dietzelab/ccmmf/usr/akash/calval_sa_v3_20260821/tools/sipnet_v2.2.0-3ccc41c","/projectnb/dietzelab/ccmmf/usr/akash/statewide_cover/statewide_events_first100_20260914"
"155097","tillage_reduced","staged","/projectnb/dietzelab/ccmmf/usr/akash/statewide_matrix/setup_v1/runs/155097/tillage_reduced","/projectnb/dietzelab/ccmmf/usr/akash/calval_sa_v3_20260821/tools/sipnet_v2.2.0-3ccc41c","/projectnb/dietzelab/ccmmf/usr/akash/statewide_cover/statewide_events_first100_20260914"
"155097","tillage_reference","staged","/projectnb/dietzelab/ccmmf/usr/akash/statewide_matrix/setup_v1/runs/155097/tillage_reference","/projectnb/dietzelab/ccmmf/usr/akash/calval_sa_v3_20260821/tools/sipnet_v2.2.0-3ccc41c","/projectnb/dietzelab/ccmmf/usr/akash/statewide_cover/statewide_events_first100_20260914"
"155097","tillage_zero","staged","/projectnb/dietzelab/ccmmf/usr/akash/statewide_matrix/setup_v1/runs/155097/tillage_zero","/projectnb/dietzelab/ccmmf/usr/akash/calval_sa_v3_20260821/tools/sipnet_v2.2.0-3ccc41c","/projectnb/dietzelab/ccmmf/usr/akash/statewide_cover/statewide_events_first100_20260914"
"30934","fertilizer_reference","staged","/projectnb/dietzelab/ccmmf/usr/akash/statewide_matrix/setup_v1/runs/30934/fertilizer_reference","/projectnb/dietzelab/ccmmf/usr/akash/calval_sa_v3_20260821/tools/sipnet_v2.2.0-3ccc41c","/projectnb/dietzelab/ccmmf/usr/akash/statewide_cover/statewide_events_first100_20260914"
"30934","mineral_N_half","staged","/projectnb/dietzelab/ccmmf/usr/akash/statewide_matrix/setup_v1/runs/30934/mineral_N_half","/projectnb/dietzelab/ccmmf/usr/akash/calval_sa_v3_20260821/tools/sipnet_v2.2.0-3ccc41c","/projectnb/dietzelab/ccmmf/usr/akash/statewide_cover/statewide_events_first100_20260914"
"30934","mineral_N_one_half","staged","/projectnb/dietzelab/ccmmf/usr/akash/statewide_matrix/setup_v1/runs/30934/mineral_N_one_half","/projectnb/dietzelab/ccmmf/usr/akash/calval_sa_v3_20260821/tools/sipnet_v2.2.0-3ccc41c","/projectnb/dietzelab/ccmmf/usr/akash/statewide_cover/statewide_events_first100_20260914"
"30934","mineral_N_zero","staged","/projectnb/dietzelab/ccmmf/usr/akash/statewide_matrix/setup_v1/runs/30934/mineral_N_zero","/projectnb/dietzelab/ccmmf/usr/akash/calval_sa_v3_20260821/tools/sipnet_v2.2.0-3ccc41c","/projectnb/dietzelab/ccmmf/usr/akash/statewide_cover/statewide_events_first100_20260914"
"30934","organic_substitution","staged","/projectnb/dietzelab/ccmmf/usr/akash/statewide_matrix/setup_v1/runs/30934/organic_substitution","/projectnb/dietzelab/ccmmf/usr/akash/calval_sa_v3_20260821/tools/sipnet_v2.2.0-3ccc41c","/projectnb/dietzelab/ccmmf/usr/akash/statewide_cover/statewide_events_first100_20260914"
"30934","tillage_reduced","staged","/projectnb/dietzelab/ccmmf/usr/akash/statewide_matrix/setup_v1/runs/30934/tillage_reduced","/projectnb/dietzelab/ccmmf/usr/akash/calval_sa_v3_20260821/tools/sipnet_v2.2.0-3ccc41c","/projectnb/dietzelab/ccmmf/usr/akash/statewide_cover/statewide_events_first100_20260914"
"30934","tillage_reference","staged","/projectnb/dietzelab/ccmmf/usr/akash/statewide_matrix/setup_v1/runs/30934/tillage_reference","/projectnb/dietzelab/ccmmf/usr/akash/calval_sa_v3_20260821/tools/sipnet_v2.2.0-3ccc41c","/projectnb/dietzelab/ccmmf/usr/akash/statewide_cover/statewide_events_first100_20260914"
"30934","tillage_zero","staged","/projectnb/dietzelab/ccmmf/usr/akash/statewide_matrix/setup_v1/runs/30934/tillage_zero","/projectnb/dietzelab/ccmmf/usr/akash/calval_sa_v3_20260821/tools/sipnet_v2.2.0-3ccc41c","/projectnb/dietzelab/ccmmf/usr/akash/statewide_cover/statewide_events_first100_20260914"
"32528","cover_annual","staged","/projectnb/dietzelab/ccmmf/usr/akash/statewide_matrix/setup_v1/runs/32528/cover_annual","/projectnb/dietzelab/ccmmf/usr/akash/calval_sa_v3_20260821/tools/sipnet_v2.2.0-3ccc41c","/projectnb/dietzelab/ccmmf/usr/akash/statewide_cover/statewide_events_first100_20260914"
"32528","cover_none","staged","/projectnb/dietzelab/ccmmf/usr/akash/statewide_matrix/setup_v1/runs/32528/cover_none","/projectnb/dietzelab/ccmmf/usr/akash/calval_sa_v3_20260821/tools/sipnet_v2.2.0-3ccc41c","/projectnb/dietzelab/ccmmf/usr/akash/statewide_cover/statewide_events_first100_20260914"
"32528","fertilizer_reference","staged","/projectnb/dietzelab/ccmmf/usr/akash/statewide_matrix/setup_v1/runs/32528/fertilizer_reference","/projectnb/dietzelab/ccmmf/usr/akash/calval_sa_v3_20260821/tools/sipnet_v2.2.0-3ccc41c","/projectnb/dietzelab/ccmmf/usr/akash/statewide_cover/statewide_events_first100_20260914"
"32528","mineral_N_half","staged","/projectnb/dietzelab/ccmmf/usr/akash/statewide_matrix/setup_v1/runs/32528/mineral_N_half","/projectnb/dietzelab/ccmmf/usr/akash/calval_sa_v3_20260821/tools/sipnet_v2.2.0-3ccc41c","/projectnb/dietzelab/ccmmf/usr/akash/statewide_cover/statewide_events_first100_20260914"
"32528","mineral_N_one_half","staged","/projectnb/dietzelab/ccmmf/usr/akash/statewide_matrix/setup_v1/runs/32528/mineral_N_one_half","/projectnb/dietzelab/ccmmf/usr/akash/calval_sa_v3_20260821/tools/sipnet_v2.2.0-3ccc41c","/projectnb/dietzelab/ccmmf/usr/akash/statewide_cover/statewide_events_first100_20260914"
"32528","mineral_N_zero","staged","/projectnb/dietzelab/ccmmf/usr/akash/statewide_matrix/setup_v1/runs/32528/mineral_N_zero","/projectnb/dietzelab/ccmmf/usr/akash/calval_sa_v3_20260821/tools/sipnet_v2.2.0-3ccc41c","/projectnb/dietzelab/ccmmf/usr/akash/statewide_cover/statewide_events_first100_20260914"
"32528","organic_substitution","staged","/projectnb/dietzelab/ccmmf/usr/akash/statewide_matrix/setup_v1/runs/32528/organic_substitution","/projectnb/dietzelab/ccmmf/usr/akash/calval_sa_v3_20260821/tools/sipnet_v2.2.0-3ccc41c","/projectnb/dietzelab/ccmmf/usr/akash/statewide_cover/statewide_events_first100_20260914"
"32528","tillage_reduced","staged","/projectnb/dietzelab/ccmmf/usr/akash/statewide_matrix/setup_v1/runs/32528/tillage_reduced","/projectnb/dietzelab/ccmmf/usr/akash/calval_sa_v3_20260821/tools/sipnet_v2.2.0-3ccc41c","/projectnb/dietzelab/ccmmf/usr/akash/statewide_cover/statewide_events_first100_20260914"
"32528","tillage_reference","staged","/projectnb/dietzelab/ccmmf/usr/akash/statewide_matrix/setup_v1/runs/32528/tillage_reference","/projectnb/dietzelab/ccmmf/usr/akash/calval_sa_v3_20260821/tools/sipnet_v2.2.0-3ccc41c","/projectnb/dietzelab/ccmmf/usr/akash/statewide_cover/statewide_events_first100_20260914"
"32528","tillage_zero","staged","/projectnb/dietzelab/ccmmf/usr/akash/statewide_matrix/setup_v1/runs/32528/tillage_zero","/projectnb/dietzelab/ccmmf/usr/akash/calval_sa_v3_20260821/tools/sipnet_v2.2.0-3ccc41c","/projectnb/dietzelab/ccmmf/usr/akash/statewide_cover/statewide_events_first100_20260914"
"469135","cover_annual","staged","/projectnb/dietzelab/ccmmf/usr/akash/statewide_matrix/setup_v1/runs/469135/cover_annual","/projectnb/dietzelab/ccmmf/usr/akash/calval_sa_v3_20260821/tools/sipnet_v2.2.0-3ccc41c","/projectnb/dietzelab/ccmmf/usr/akash/statewide_cover/statewide_events_first100_20260914"
"469135","cover_none","staged","/projectnb/dietzelab/ccmmf/usr/akash/statewide_matrix/setup_v1/runs/469135/cover_none","/projectnb/dietzelab/ccmmf/usr/akash/calval_sa_v3_20260821/tools/sipnet_v2.2.0-3ccc41c","/projectnb/dietzelab/ccmmf/usr/akash/statewide_cover/statewide_events_first100_20260914"
"469135","fertilizer_reference","staged","/projectnb/dietzelab/ccmmf/usr/akash/statewide_matrix/setup_v1/runs/469135/fertilizer_reference","/projectnb/dietzelab/ccmmf/usr/akash/calval_sa_v3_20260821/tools/sipnet_v2.2.0-3ccc41c","/projectnb/dietzelab/ccmmf/usr/akash/statewide_cover/statewide_events_first100_20260914"
"469135","mineral_N_half","staged","/projectnb/dietzelab/ccmmf/usr/akash/statewide_matrix/setup_v1/runs/469135/mineral_N_half","/projectnb/dietzelab/ccmmf/usr/akash/calval_sa_v3_20260821/tools/sipnet_v2.2.0-3ccc41c","/projectnb/dietzelab/ccmmf/usr/akash/statewide_cover/statewide_events_first100_20260914"
"469135","mineral_N_one_half","staged","/projectnb/dietzelab/ccmmf/usr/akash/statewide_matrix/setup_v1/runs/469135/mineral_N_one_half","/projectnb/dietzelab/ccmmf/usr/akash/calval_sa_v3_20260821/tools/sipnet_v2.2.0-3ccc41c","/projectnb/dietzelab/ccmmf/usr/akash/statewide_cover/statewide_events_first100_20260914"
"469135","mineral_N_zero","staged","/projectnb/dietzelab/ccmmf/usr/akash/statewide_matrix/setup_v1/runs/469135/mineral_N_zero","/projectnb/dietzelab/ccmmf/usr/akash/calval_sa_v3_20260821/tools/sipnet_v2.2.0-3ccc41c","/projectnb/dietzelab/ccmmf/usr/akash/statewide_cover/statewide_events_first100_20260914"
"469135","organic_substitution","staged","/projectnb/dietzelab/ccmmf/usr/akash/statewide_matrix/setup_v1/runs/469135/organic_substitution","/projectnb/dietzelab/ccmmf/usr/akash/calval_sa_v3_20260821/tools/sipnet_v2.2.0-3ccc41c","/projectnb/dietzelab/ccmmf/usr/akash/statewide_cover/statewide_events_first100_20260914"
"469135","tillage_reduced","staged","/projectnb/dietzelab/ccmmf/usr/akash/statewide_matrix/setup_v1/runs/469135/tillage_reduced","/projectnb/dietzelab/ccmmf/usr/akash/calval_sa_v3_20260821/tools/sipnet_v2.2.0-3ccc41c","/projectnb/dietzelab/ccmmf/usr/akash/statewide_cover/statewide_events_first100_20260914"
"469135","tillage_reference","staged","/projectnb/dietzelab/ccmmf/usr/akash/statewide_matrix/setup_v1/runs/469135/tillage_reference","/projectnb/dietzelab/ccmmf/usr/akash/calval_sa_v3_20260821/tools/sipnet_v2.2.0-3ccc41c","/projectnb/dietzelab/ccmmf/usr/akash/statewide_cover/statewide_events_first100_20260914"
"469135","tillage_zero","staged","/projectnb/dietzelab/ccmmf/usr/akash/statewide_matrix/setup_v1/runs/469135/tillage_zero","/projectnb/dietzelab/ccmmf/usr/akash/calval_sa_v3_20260821/tools/sipnet_v2.2.0-3ccc41c","/projectnb/dietzelab/ccmmf/usr/akash/statewide_cover/statewide_events_first100_20260914"
"357428","fertilizer_reference","staged","/projectnb/dietzelab/ccmmf/usr/akash/statewide_matrix/setup_v1/runs/357428/fertilizer_reference","/projectnb/dietzelab/ccmmf/usr/akash/calval_sa_v3_20260821/tools/sipnet_v2.2.0-3ccc41c","/projectnb/dietzelab/ccmmf/usr/akash/statewide_cover/statewide_events_first100_20260914"
"357428","mineral_N_half","staged","/projectnb/dietzelab/ccmmf/usr/akash/statewide_matrix/setup_v1/runs/357428/mineral_N_half","/projectnb/dietzelab/ccmmf/usr/akash/calval_sa_v3_20260821/tools/sipnet_v2.2.0-3ccc41c","/projectnb/dietzelab/ccmmf/usr/akash/statewide_cover/statewide_events_first100_20260914"
"357428","mineral_N_one_half","staged","/projectnb/dietzelab/ccmmf/usr/akash/statewide_matrix/setup_v1/runs/357428/mineral_N_one_half","/projectnb/dietzelab/ccmmf/usr/akash/calval_sa_v3_20260821/tools/sipnet_v2.2.0-3ccc41c","/projectnb/dietzelab/ccmmf/usr/akash/statewide_cover/statewide_events_first100_20260914"
"357428","mineral_N_zero","staged","/projectnb/dietzelab/ccmmf/usr/akash/statewide_matrix/setup_v1/runs/357428/mineral_N_zero","/projectnb/dietzelab/ccmmf/usr/akash/calval_sa_v3_20260821/tools/sipnet_v2.2.0-3ccc41c","/projectnb/dietzelab/ccmmf/usr/akash/statewide_cover/statewide_events_first100_20260914"
"357428","organic_substitution","staged","/projectnb/dietzelab/ccmmf/usr/akash/statewide_matrix/setup_v1/runs/357428/organic_substitution","/projectnb/dietzelab/ccmmf/usr/akash/calval_sa_v3_20260821/tools/sipnet_v2.2.0-3ccc41c","/projectnb/dietzelab/ccmmf/usr/akash/statewide_cover/statewide_events_first100_20260914"
"357428","tillage_reduced","staged","/projectnb/dietzelab/ccmmf/usr/akash/statewide_matrix/setup_v1/runs/357428/tillage_reduced","/projectnb/dietzelab/ccmmf/usr/akash/calval_sa_v3_20260821/tools/sipnet_v2.2.0-3ccc41c","/projectnb/dietzelab/ccmmf/usr/akash/statewide_cover/statewide_events_first100_20260914"
"357428","tillage_reference","staged","/projectnb/dietzelab/ccmmf/usr/akash/statewide_matrix/setup_v1/runs/357428/tillage_reference","/projectnb/dietzelab/ccmmf/usr/akash/calval_sa_v3_20260821/tools/sipnet_v2.2.0-3ccc41c","/projectnb/dietzelab/ccmmf/usr/akash/statewide_cover/statewide_events_first100_20260914"
"357428","tillage_zero","staged","/projectnb/dietzelab/ccmmf/usr/akash/statewide_matrix/setup_v1/runs/357428/tillage_zero","/projectnb/dietzelab/ccmmf/usr/akash/calval_sa_v3_20260821/tools/sipnet_v2.2.0-3ccc41c","/projectnb/dietzelab/ccmmf/usr/akash/statewide_cover/statewide_events_first100_20260914"
"472163","cover_annual","staged","/projectnb/dietzelab/ccmmf/usr/akash/statewide_matrix/setup_v1/runs/472163/cover_annual","/projectnb/dietzelab/ccmmf/usr/akash/calval_sa_v3_20260821/tools/sipnet_v2.2.0-3ccc41c","/projectnb/dietzelab/ccmmf/usr/akash/statewide_cover/statewide_events_first100_20260914"
"472163","cover_none","staged","/projectnb/dietzelab/ccmmf/usr/akash/statewide_matrix/setup_v1/runs/472163/cover_none","/projectnb/dietzelab/ccmmf/usr/akash/calval_sa_v3_20260821/tools/sipnet_v2.2.0-3ccc41c","/projectnb/dietzelab/ccmmf/usr/akash/statewide_cover/statewide_events_first100_20260914"
"472163","fertilizer_reference","staged","/projectnb/dietzelab/ccmmf/usr/akash/statewide_matrix/setup_v1/runs/472163/fertilizer_reference","/projectnb/dietzelab/ccmmf/usr/akash/calval_sa_v3_20260821/tools/sipnet_v2.2.0-3ccc41c","/projectnb/dietzelab/ccmmf/usr/akash/statewide_cover/statewide_events_first100_20260914"
"472163","mineral_N_half","staged","/projectnb/dietzelab/ccmmf/usr/akash/statewide_matrix/setup_v1/runs/472163/mineral_N_half","/projectnb/dietzelab/ccmmf/usr/akash/calval_sa_v3_20260821/tools/sipnet_v2.2.0-3ccc41c","/projectnb/dietzelab/ccmmf/usr/akash/statewide_cover/statewide_events_first100_20260914"
"472163","mineral_N_one_half","staged","/projectnb/dietzelab/ccmmf/usr/akash/statewide_matrix/setup_v1/runs/472163/mineral_N_one_half","/projectnb/dietzelab/ccmmf/usr/akash/calval_sa_v3_20260821/tools/sipnet_v2.2.0-3ccc41c","/projectnb/dietzelab/ccmmf/usr/akash/statewide_cover/statewide_events_first100_20260914"
"472163","mineral_N_zero","staged","/projectnb/dietzelab/ccmmf/usr/akash/statewide_matrix/setup_v1/runs/472163/mineral_N_zero","/projectnb/dietzelab/ccmmf/usr/akash/calval_sa_v3_20260821/tools/sipnet_v2.2.0-3ccc41c","/projectnb/dietzelab/ccmmf/usr/akash/statewide_cover/statewide_events_first100_20260914"
"472163","organic_substitution","staged","/projectnb/dietzelab/ccmmf/usr/akash/statewide_matrix/setup_v1/runs/472163/organic_substitution","/projectnb/dietzelab/ccmmf/usr/akash/calval_sa_v3_20260821/tools/sipnet_v2.2.0-3ccc41c","/projectnb/dietzelab/ccmmf/usr/akash/statewide_cover/statewide_events_first100_20260914"
"472163","tillage_reduced","staged","/projectnb/dietzelab/ccmmf/usr/akash/statewide_matrix/setup_v1/runs/472163/tillage_reduced","/projectnb/dietzelab/ccmmf/usr/akash/calval_sa_v3_20260821/tools/sipnet_v2.2.0-3ccc41c","/projectnb/dietzelab/ccmmf/usr/akash/statewide_cover/statewide_events_first100_20260914"
"472163","tillage_reference","staged","/projectnb/dietzelab/ccmmf/usr/akash/statewide_matrix/setup_v1/runs/472163/tillage_reference","/projectnb/dietzelab/ccmmf/usr/akash/calval_sa_v3_20260821/tools/sipnet_v2.2.0-3ccc41c","/projectnb/dietzelab/ccmmf/usr/akash/statewide_cover/statewide_events_first100_20260914"
"472163","tillage_zero","staged","/projectnb/dietzelab/ccmmf/usr/akash/statewide_matrix/setup_v1/runs/472163/tillage_zero","/projectnb/dietzelab/ccmmf/usr/akash/calval_sa_v3_20260821/tools/sipnet_v2.2.0-3ccc41c","/projectnb/dietzelab/ccmmf/usr/akash/statewide_cover/statewide_events_first100_20260914"
"329357","cover_annual","staged","/projectnb/dietzelab/ccmmf/usr/akash/statewide_matrix/setup_v1/runs/329357/cover_annual","/projectnb/dietzelab/ccmmf/usr/akash/calval_sa_v3_20260821/tools/sipnet_v2.2.0-3ccc41c","/projectnb/dietzelab/ccmmf/usr/akash/statewide_cover/statewide_events_first100_20260914"
"329357","cover_none","staged","/projectnb/dietzelab/ccmmf/usr/akash/statewide_matrix/setup_v1/runs/329357/cover_none","/projectnb/dietzelab/ccmmf/usr/akash/calval_sa_v3_20260821/tools/sipnet_v2.2.0-3ccc41c","/projectnb/dietzelab/ccmmf/usr/akash/statewide_cover/statewide_events_first100_20260914"
"329357","fertilizer_reference","staged","/projectnb/dietzelab/ccmmf/usr/akash/statewide_matrix/setup_v1/runs/329357/fertilizer_reference","/projectnb/dietzelab/ccmmf/usr/akash/calval_sa_v3_20260821/tools/sipnet_v2.2.0-3ccc41c","/projectnb/dietzelab/ccmmf/usr/akash/statewide_cover/statewide_events_first100_20260914"
"329357","mineral_N_half","staged","/projectnb/dietzelab/ccmmf/usr/akash/statewide_matrix/setup_v1/runs/329357/mineral_N_half","/projectnb/dietzelab/ccmmf/usr/akash/calval_sa_v3_20260821/tools/sipnet_v2.2.0-3ccc41c","/projectnb/dietzelab/ccmmf/usr/akash/statewide_cover/statewide_events_first100_20260914"
"329357","mineral_N_one_half","staged","/projectnb/dietzelab/ccmmf/usr/akash/statewide_matrix/setup_v1/runs/329357/mineral_N_one_half","/projectnb/dietzelab/ccmmf/usr/akash/calval_sa_v3_20260821/tools/sipnet_v2.2.0-3ccc41c","/projectnb/dietzelab/ccmmf/usr/akash/statewide_cover/statewide_events_first100_20260914"
"329357","mineral_N_zero","staged","/projectnb/dietzelab/ccmmf/usr/akash/statewide_matrix/setup_v1/runs/329357/mineral_N_zero","/projectnb/dietzelab/ccmmf/usr/akash/calval_sa_v3_20260821/tools/sipnet_v2.2.0-3ccc41c","/projectnb/dietzelab/ccmmf/usr/akash/statewide_cover/statewide_events_first100_20260914"
"329357","organic_substitution","staged","/projectnb/dietzelab/ccmmf/usr/akash/statewide_matrix/setup_v1/runs/329357/organic_substitution","/projectnb/dietzelab/ccmmf/usr/akash/calval_sa_v3_20260821/tools/sipnet_v2.2.0-3ccc41c","/projectnb/dietzelab/ccmmf/usr/akash/statewide_cover/statewide_events_first100_20260914"
"329357","tillage_reduced","staged","/projectnb/dietzelab/ccmmf/usr/akash/statewide_matrix/setup_v1/runs/329357/tillage_reduced","/projectnb/dietzelab/ccmmf/usr/akash/calval_sa_v3_20260821/tools/sipnet_v2.2.0-3ccc41c","/projectnb/dietzelab/ccmmf/usr/akash/statewide_cover/statewide_events_first100_20260914"
"329357","tillage_reference","staged","/projectnb/dietzelab/ccmmf/usr/akash/statewide_matrix/setup_v1/runs/329357/tillage_reference","/projectnb/dietzelab/ccmmf/usr/akash/calval_sa_v3_20260821/tools/sipnet_v2.2.0-3ccc41c","/projectnb/dietzelab/ccmmf/usr/akash/statewide_cover/statewide_events_first100_20260914"
"329357","tillage_zero","staged","/projectnb/dietzelab/ccmmf/usr/akash/statewide_matrix/setup_v1/runs/329357/tillage_zero","/projectnb/dietzelab/ccmmf/usr/akash/calval_sa_v3_20260821/tools/sipnet_v2.2.0-3ccc41c","/projectnb/dietzelab/ccmmf/usr/akash/statewide_cover/statewide_events_first100_20260914"
"152256","fertilizer_reference","staged","/projectnb/dietzelab/ccmmf/usr/akash/statewide_matrix/setup_v1/runs/152256/fertilizer_reference","/projectnb/dietzelab/ccmmf/usr/akash/calval_sa_v3_20260821/tools/sipnet_v2.2.0-3ccc41c","/projectnb/dietzelab/ccmmf/usr/akash/statewide_cover/statewide_events_first100_20260914"
"152256","mineral_N_half","staged","/projectnb/dietzelab/ccmmf/usr/akash/statewide_matrix/setup_v1/runs/152256/mineral_N_half","/projectnb/dietzelab/ccmmf/usr/akash/calval_sa_v3_20260821/tools/sipnet_v2.2.0-3ccc41c","/projectnb/dietzelab/ccmmf/usr/akash/statewide_cover/statewide_events_first100_20260914"
"152256","mineral_N_one_half","staged","/projectnb/dietzelab/ccmmf/usr/akash/statewide_matrix/setup_v1/runs/152256/mineral_N_one_half","/projectnb/dietzelab/ccmmf/usr/akash/calval_sa_v3_20260821/tools/sipnet_v2.2.0-3ccc41c","/projectnb/dietzelab/ccmmf/usr/akash/statewide_cover/statewide_events_first100_20260914"
"152256","mineral_N_zero","staged","/projectnb/dietzelab/ccmmf/usr/akash/statewide_matrix/setup_v1/runs/152256/mineral_N_zero","/projectnb/dietzelab/ccmmf/usr/akash/calval_sa_v3_20260821/tools/sipnet_v2.2.0-3ccc41c","/projectnb/dietzelab/ccmmf/usr/akash/statewide_cover/statewide_events_first100_20260914"
"152256","organic_substitution","staged","/projectnb/dietzelab/ccmmf/usr/akash/statewide_matrix/setup_v1/runs/152256/organic_substitution","/projectnb/dietzelab/ccmmf/usr/akash/calval_sa_v3_20260821/tools/sipnet_v2.2.0-3ccc41c","/projectnb/dietzelab/ccmmf/usr/akash/statewide_cover/statewide_events_first100_20260914"
"152256","tillage_reduced","staged","/projectnb/dietzelab/ccmmf/usr/akash/statewide_matrix/setup_v1/runs/152256/tillage_reduced","/projectnb/dietzelab/ccmmf/usr/akash/calval_sa_v3_20260821/tools/sipnet_v2.2.0-3ccc41c","/projectnb/dietzelab/ccmmf/usr/akash/statewide_cover/statewide_events_first100_20260914"
"152256","tillage_reference","staged","/projectnb/dietzelab/ccmmf/usr/akash/statewide_matrix/setup_v1/runs/152256/tillage_reference","/projectnb/dietzelab/ccmmf/usr/akash/calval_sa_v3_20260821/tools/sipnet_v2.2.0-3ccc41c","/projectnb/dietzelab/ccmmf/usr/akash/statewide_cover/statewide_events_first100_20260914"
"152256","tillage_zero","staged","/projectnb/dietzelab/ccmmf/usr/akash/statewide_matrix/setup_v1/runs/152256/tillage_zero","/projectnb/dietzelab/ccmmf/usr/akash/calval_sa_v3_20260821/tools/sipnet_v2.2.0-3ccc41c","/projectnb/dietzelab/ccmmf/usr/akash/statewide_cover/statewide_events_first100_20260914"
"89752","fertilizer_reference","staged","/projectnb/dietzelab/ccmmf/usr/akash/statewide_matrix/setup_v1/runs/89752/fertilizer_reference","/projectnb/dietzelab/ccmmf/usr/akash/calval_sa_v3_20260821/tools/sipnet_v2.2.0-3ccc41c","/projectnb/dietzelab/ccmmf/usr/akash/statewide_cover/statewide_events_first100_20260914"
"89752","mineral_N_half","staged","/projectnb/dietzelab/ccmmf/usr/akash/statewide_matrix/setup_v1/runs/89752/mineral_N_half","/projectnb/dietzelab/ccmmf/usr/akash/calval_sa_v3_20260821/tools/sipnet_v2.2.0-3ccc41c","/projectnb/dietzelab/ccmmf/usr/akash/statewide_cover/statewide_events_first100_20260914"
"89752","mineral_N_one_half","staged","/projectnb/dietzelab/ccmmf/usr/akash/statewide_matrix/setup_v1/runs/89752/mineral_N_one_half","/projectnb/dietzelab/ccmmf/usr/akash/calval_sa_v3_20260821/tools/sipnet_v2.2.0-3ccc41c","/projectnb/dietzelab/ccmmf/usr/akash/statewide_cover/statewide_events_first100_20260914"
"89752","mineral_N_zero","staged","/projectnb/dietzelab/ccmmf/usr/akash/statewide_matrix/setup_v1/runs/89752/mineral_N_zero","/projectnb/dietzelab/ccmmf/usr/akash/calval_sa_v3_20260821/tools/sipnet_v2.2.0-3ccc41c","/projectnb/dietzelab/ccmmf/usr/akash/statewide_cover/statewide_events_first100_20260914"
"89752","organic_substitution","staged","/projectnb/dietzelab/ccmmf/usr/akash/statewide_matrix/setup_v1/runs/89752/organic_substitution","/projectnb/dietzelab/ccmmf/usr/akash/calval_sa_v3_20260821/tools/sipnet_v2.2.0-3ccc41c","/projectnb/dietzelab/ccmmf/usr/akash/statewide_cover/statewide_events_first100_20260914"
"89752","tillage_reduced","staged","/projectnb/dietzelab/ccmmf/usr/akash/statewide_matrix/setup_v1/runs/89752/tillage_reduced","/projectnb/dietzelab/ccmmf/usr/akash/calval_sa_v3_20260821/tools/sipnet_v2.2.0-3ccc41c","/projectnb/dietzelab/ccmmf/usr/akash/statewide_cover/statewide_events_first100_20260914"
"89752","tillage_reference","staged","/projectnb/dietzelab/ccmmf/usr/akash/statewide_matrix/setup_v1/runs/89752/tillage_reference","/projectnb/dietzelab/ccmmf/usr/akash/calval_sa_v3_20260821/tools/sipnet_v2.2.0-3ccc41c","/projectnb/dietzelab/ccmmf/usr/akash/statewide_cover/statewide_events_first100_20260914"
"89752","tillage_zero","staged","/projectnb/dietzelab/ccmmf/usr/akash/statewide_matrix/setup_v1/runs/89752/tillage_zero","/projectnb/dietzelab/ccmmf/usr/akash/calval_sa_v3_20260821/tools/sipnet_v2.2.0-3ccc41c","/projectnb/dietzelab/ccmmf/usr/akash/statewide_cover/statewide_events_first100_20260914"
"362135","cover_annual","staged","/projectnb/dietzelab/ccmmf/usr/akash/statewide_matrix/setup_v1/runs/362135/cover_annual","/projectnb/dietzelab/ccmmf/usr/akash/calval_sa_v3_20260821/tools/sipnet_v2.2.0-3ccc41c","/projectnb/dietzelab/ccmmf/usr/akash/statewide_cover/statewide_events_first100_20260914"
"362135","cover_none","staged","/projectnb/dietzelab/ccmmf/usr/akash/statewide_matrix/setup_v1/runs/362135/cover_none","/projectnb/dietzelab/ccmmf/usr/akash/calval_sa_v3_20260821/tools/sipnet_v2.2.0-3ccc41c","/projectnb/dietzelab/ccmmf/usr/akash/statewide_cover/statewide_events_first100_20260914"
"362135","fertilizer_reference","staged","/projectnb/dietzelab/ccmmf/usr/akash/statewide_matrix/setup_v1/runs/362135/fertilizer_reference","/projectnb/dietzelab/ccmmf/usr/akash/calval_sa_v3_20260821/tools/sipnet_v2.2.0-3ccc41c","/projectnb/dietzelab/ccmmf/usr/akash/statewide_cover/statewide_events_first100_20260914"
"362135","mineral_N_half","staged","/projectnb/dietzelab/ccmmf/usr/akash/statewide_matrix/setup_v1/runs/362135/mineral_N_half","/projectnb/dietzelab/ccmmf/usr/akash/calval_sa_v3_20260821/tools/sipnet_v2.2.0-3ccc41c","/projectnb/dietzelab/ccmmf/usr/akash/statewide_cover/statewide_events_first100_20260914"
"362135","mineral_N_one_half","staged","/projectnb/dietzelab/ccmmf/usr/akash/statewide_matrix/setup_v1/runs/362135/mineral_N_one_half","/projectnb/dietzelab/ccmmf/usr/akash/calval_sa_v3_20260821/tools/sipnet_v2.2.0-3ccc41c","/projectnb/dietzelab/ccmmf/usr/akash/statewide_cover/statewide_events_first100_20260914"
"362135","mineral_N_zero","staged","/projectnb/dietzelab/ccmmf/usr/akash/statewide_matrix/setup_v1/runs/362135/mineral_N_zero","/projectnb/dietzelab/ccmmf/usr/akash/calval_sa_v3_20260821/tools/sipnet_v2.2.0-3ccc41c","/projectnb/dietzelab/ccmmf/usr/akash/statewide_cover/statewide_events_first100_20260914"
"362135","organic_substitution","staged","/projectnb/dietzelab/ccmmf/usr/akash/statewide_matrix/setup_v1/runs/362135/organic_substitution","/projectnb/dietzelab/ccmmf/usr/akash/calval_sa_v3_20260821/tools/sipnet_v2.2.0-3ccc41c","/projectnb/dietzelab/ccmmf/usr/akash/statewide_cover/statewide_events_first100_20260914"
"362135","rice_irrigated_reference","staged","/projectnb/dietzelab/ccmmf/usr/akash/statewide_matrix/setup_v1/runs/362135/rice_irrigated_reference","/projectnb/dietzelab/ccmmf/usr/akash/calval_sa_v3_20260821/tools/sipnet_v2.2.0-3ccc41c","/projectnb/dietzelab/ccmmf/usr/akash/statewide_cover/statewide_events_first100_20260914"
"362135","rice_one_dry","staged","/projectnb/dietzelab/ccmmf/usr/akash/statewide_matrix/setup_v1/runs/362135/rice_one_dry","/projectnb/dietzelab/ccmmf/usr/akash/calval_sa_v3_20260821/tools/sipnet_v2.2.0-3ccc41c","/projectnb/dietzelab/ccmmf/usr/akash/statewide_cover/statewide_events_first100_20260914"
"362135","rice_two_dry","staged","/projectnb/dietzelab/ccmmf/usr/akash/statewide_matrix/setup_v1/runs/362135/rice_two_dry","/projectnb/dietzelab/ccmmf/usr/akash/calval_sa_v3_20260821/tools/sipnet_v2.2.0-3ccc41c","/projectnb/dietzelab/ccmmf/usr/akash/statewide_cover/statewide_events_first100_20260914"
"362135","tillage_reduced","staged","/projectnb/dietzelab/ccmmf/usr/akash/statewide_matrix/setup_v1/runs/362135/tillage_reduced","/projectnb/dietzelab/ccmmf/usr/akash/calval_sa_v3_20260821/tools/sipnet_v2.2.0-3ccc41c","/projectnb/dietzelab/ccmmf/usr/akash/statewide_cover/statewide_events_first100_20260914"
"362135","tillage_reference","staged","/projectnb/dietzelab/ccmmf/usr/akash/statewide_matrix/setup_v1/runs/362135/tillage_reference","/projectnb/dietzelab/ccmmf/usr/akash/calval_sa_v3_20260821/tools/sipnet_v2.2.0-3ccc41c","/projectnb/dietzelab/ccmmf/usr/akash/statewide_cover/statewide_events_first100_20260914"
"362135","tillage_zero","staged","/projectnb/dietzelab/ccmmf/usr/akash/statewide_matrix/setup_v1/runs/362135/tillage_zero","/projectnb/dietzelab/ccmmf/usr/akash/calval_sa_v3_20260821/tools/sipnet_v2.2.0-3ccc41c","/projectnb/dietzelab/ccmmf/usr/akash/statewide_cover/statewide_events_first100_20260914"
"594379","cover_annual","staged","/projectnb/dietzelab/ccmmf/usr/akash/statewide_matrix/setup_v1/runs/594379/cover_annual","/projectnb/dietzelab/ccmmf/usr/akash/calval_sa_v3_20260821/tools/sipnet_v2.2.0-3ccc41c","/projectnb/dietzelab/ccmmf/usr/akash/statewide_cover/statewide_events_first100_20260914"
"594379","cover_none","staged","/projectnb/dietzelab/ccmmf/usr/akash/statewide_matrix/setup_v1/runs/594379/cover_none","/projectnb/dietzelab/ccmmf/usr/akash/calval_sa_v3_20260821/tools/sipnet_v2.2.0-3ccc41c","/projectnb/dietzelab/ccmmf/usr/akash/statewide_cover/statewide_events_first100_20260914"
"594379","fertilizer_reference","staged","/projectnb/dietzelab/ccmmf/usr/akash/statewide_matrix/setup_v1/runs/594379/fertilizer_reference","/projectnb/dietzelab/ccmmf/usr/akash/calval_sa_v3_20260821/tools/sipnet_v2.2.0-3ccc41c","/projectnb/dietzelab/ccmmf/usr/akash/statewide_cover/statewide_events_first100_20260914"
"594379","mineral_N_half","staged","/projectnb/dietzelab/ccmmf/usr/akash/statewide_matrix/setup_v1/runs/594379/mineral_N_half","/projectnb/dietzelab/ccmmf/usr/akash/calval_sa_v3_20260821/tools/sipnet_v2.2.0-3ccc41c","/projectnb/dietzelab/ccmmf/usr/akash/statewide_cover/statewide_events_first100_20260914"
"594379","mineral_N_one_half","staged","/projectnb/dietzelab/ccmmf/usr/akash/statewide_matrix/setup_v1/runs/594379/mineral_N_one_half","/projectnb/dietzelab/ccmmf/usr/akash/calval_sa_v3_20260821/tools/sipnet_v2.2.0-3ccc41c","/projectnb/dietzelab/ccmmf/usr/akash/statewide_cover/statewide_events_first100_20260914"
"594379","mineral_N_zero","staged","/projectnb/dietzelab/ccmmf/usr/akash/statewide_matrix/setup_v1/runs/594379/mineral_N_zero","/projectnb/dietzelab/ccmmf/usr/akash/calval_sa_v3_20260821/tools/sipnet_v2.2.0-3ccc41c","/projectnb/dietzelab/ccmmf/usr/akash/statewide_cover/statewide_events_first100_20260914"
"594379","organic_substitution","staged","/projectnb/dietzelab/ccmmf/usr/akash/statewide_matrix/setup_v1/runs/594379/organic_substitution","/projectnb/dietzelab/ccmmf/usr/akash/calval_sa_v3_20260821/tools/sipnet_v2.2.0-3ccc41c","/projectnb/dietzelab/ccmmf/usr/akash/statewide_cover/statewide_events_first100_20260914"
"594379","tillage_reduced","staged","/projectnb/dietzelab/ccmmf/usr/akash/statewide_matrix/setup_v1/runs/594379/tillage_reduced","/projectnb/dietzelab/ccmmf/usr/akash/calval_sa_v3_20260821/tools/sipnet_v2.2.0-3ccc41c","/projectnb/dietzelab/ccmmf/usr/akash/statewide_cover/statewide_events_first100_20260914"
"594379","tillage_reference","staged","/projectnb/dietzelab/ccmmf/usr/akash/statewide_matrix/setup_v1/runs/594379/tillage_reference","/projectnb/dietzelab/ccmmf/usr/akash/calval_sa_v3_20260821/tools/sipnet_v2.2.0-3ccc41c","/projectnb/dietzelab/ccmmf/usr/akash/statewide_cover/statewide_events_first100_20260914"
"594379","tillage_zero","staged","/projectnb/dietzelab/ccmmf/usr/akash/statewide_matrix/setup_v1/runs/594379/tillage_zero","/projectnb/dietzelab/ccmmf/usr/akash/calval_sa_v3_20260821/tools/sipnet_v2.2.0-3ccc41c","/projectnb/dietzelab/ccmmf/usr/akash/statewide_cover/statewide_events_first100_20260914"
"429989","cover_annual","staged","/projectnb/dietzelab/ccmmf/usr/akash/statewide_matrix/setup_v1/runs/429989/cover_annual","/projectnb/dietzelab/ccmmf/usr/akash/calval_sa_v3_20260821/tools/sipnet_v2.2.0-3ccc41c","/projectnb/dietzelab/ccmmf/usr/akash/statewide_cover/statewide_events_first100_20260914"
"429989","cover_none","staged","/projectnb/dietzelab/ccmmf/usr/akash/statewide_matrix/setup_v1/runs/429989/cover_none","/projectnb/dietzelab/ccmmf/usr/akash/calval_sa_v3_20260821/tools/sipnet_v2.2.0-3ccc41c","/projectnb/dietzelab/ccmmf/usr/akash/statewide_cover/statewide_events_first100_20260914"
"429989","fertilizer_reference","staged","/projectnb/dietzelab/ccmmf/usr/akash/statewide_matrix/setup_v1/runs/429989/fertilizer_reference","/projectnb/dietzelab/ccmmf/usr/akash/calval_sa_v3_20260821/tools/sipnet_v2.2.0-3ccc41c","/projectnb/dietzelab/ccmmf/usr/akash/statewide_cover/statewide_events_first100_20260914"
"429989","mineral_N_half","staged","/projectnb/dietzelab/ccmmf/usr/akash/statewide_matrix/setup_v1/runs/429989/mineral_N_half","/projectnb/dietzelab/ccmmf/usr/akash/calval_sa_v3_20260821/tools/sipnet_v2.2.0-3ccc41c","/projectnb/dietzelab/ccmmf/usr/akash/statewide_cover/statewide_events_first100_20260914"
"429989","mineral_N_one_half","staged","/projectnb/dietzelab/ccmmf/usr/akash/statewide_matrix/setup_v1/runs/429989/mineral_N_one_half","/projectnb/dietzelab/ccmmf/usr/akash/calval_sa_v3_20260821/tools/sipnet_v2.2.0-3ccc41c","/projectnb/dietzelab/ccmmf/usr/akash/statewide_cover/statewide_events_first100_20260914"
"429989","mineral_N_zero","staged","/projectnb/dietzelab/ccmmf/usr/akash/statewide_matrix/setup_v1/runs/429989/mineral_N_zero","/projectnb/dietzelab/ccmmf/usr/akash/calval_sa_v3_20260821/tools/sipnet_v2.2.0-3ccc41c","/projectnb/dietzelab/ccmmf/usr/akash/statewide_cover/statewide_events_first100_20260914"
"429989","organic_substitution","staged","/projectnb/dietzelab/ccmmf/usr/akash/statewide_matrix/setup_v1/runs/429989/organic_substitution","/projectnb/dietzelab/ccmmf/usr/akash/calval_sa_v3_20260821/tools/sipnet_v2.2.0-3ccc41c","/projectnb/dietzelab/ccmmf/usr/akash/statewide_cover/statewide_events_first100_20260914"
"429989","tillage_reduced","staged","/projectnb/dietzelab/ccmmf/usr/akash/statewide_matrix/setup_v1/runs/429989/tillage_reduced","/projectnb/dietzelab/ccmmf/usr/akash/calval_sa_v3_20260821/tools/sipnet_v2.2.0-3ccc41c","/projectnb/dietzelab/ccmmf/usr/akash/statewide_cover/statewide_events_first100_20260914"
"429989","tillage_reference","staged","/projectnb/dietzelab/ccmmf/usr/akash/statewide_matrix/setup_v1/runs/429989/tillage_reference","/projectnb/dietzelab/ccmmf/usr/akash/calval_sa_v3_20260821/tools/sipnet_v2.2.0-3ccc41c","/projectnb/dietzelab/ccmmf/usr/akash/statewide_cover/statewide_events_first100_20260914"
"429989","tillage_zero","staged","/projectnb/dietzelab/ccmmf/usr/akash/statewide_matrix/setup_v1/runs/429989/tillage_zero","/projectnb/dietzelab/ccmmf/usr/akash/calval_sa_v3_20260821/tools/sipnet_v2.2.0-3ccc41c","/projectnb/dietzelab/ccmmf/usr/akash/statewide_cover/statewide_events_first100_20260914"
"102480","cover_annual","staged","/projectnb/dietzelab/ccmmf/usr/akash/statewide_matrix/setup_v1/runs/102480/cover_annual","/projectnb/dietzelab/ccmmf/usr/akash/calval_sa_v3_20260821/tools/sipnet_v2.2.0-3ccc41c","/projectnb/dietzelab/ccmmf/usr/akash/statewide_cover/statewide_events_first100_20260914"
"102480","cover_none","staged","/projectnb/dietzelab/ccmmf/usr/akash/statewide_matrix/setup_v1/runs/102480/cover_none","/projectnb/dietzelab/ccmmf/usr/akash/calval_sa_v3_20260821/tools/sipnet_v2.2.0-3ccc41c","/projectnb/dietzelab/ccmmf/usr/akash/statewide_cover/statewide_events_first100_20260914"
"102480","fertilizer_reference","staged","/projectnb/dietzelab/ccmmf/usr/akash/statewide_matrix/setup_v1/runs/102480/fertilizer_reference","/projectnb/dietzelab/ccmmf/usr/akash/calval_sa_v3_20260821/tools/sipnet_v2.2.0-3ccc41c","/projectnb/dietzelab/ccmmf/usr/akash/statewide_cover/statewide_events_first100_20260914"
"102480","mineral_N_half","staged","/projectnb/dietzelab/ccmmf/usr/akash/statewide_matrix/setup_v1/runs/102480/mineral_N_half","/projectnb/dietzelab/ccmmf/usr/akash/calval_sa_v3_20260821/tools/sipnet_v2.2.0-3ccc41c","/projectnb/dietzelab/ccmmf/usr/akash/statewide_cover/statewide_events_first100_20260914"
"102480","mineral_N_one_half","staged","/projectnb/dietzelab/ccmmf/usr/akash/statewide_matrix/setup_v1/runs/102480/mineral_N_one_half","/projectnb/dietzelab/ccmmf/usr/akash/calval_sa_v3_20260821/tools/sipnet_v2.2.0-3ccc41c","/projectnb/dietzelab/ccmmf/usr/akash/statewide_cover/statewide_events_first100_20260914"
"102480","mineral_N_zero","staged","/projectnb/dietzelab/ccmmf/usr/akash/statewide_matrix/setup_v1/runs/102480/mineral_N_zero","/projectnb/dietzelab/ccmmf/usr/akash/calval_sa_v3_20260821/tools/sipnet_v2.2.0-3ccc41c","/projectnb/dietzelab/ccmmf/usr/akash/statewide_cover/statewide_events_first100_20260914"
"102480","organic_substitution","staged","/projectnb/dietzelab/ccmmf/usr/akash/statewide_matrix/setup_v1/runs/102480/organic_substitution","/projectnb/dietzelab/ccmmf/usr/akash/calval_sa_v3_20260821/tools/sipnet_v2.2.0-3ccc41c","/projectnb/dietzelab/ccmmf/usr/akash/statewide_cover/statewide_events_first100_20260914"
"102480","tillage_reduced","staged","/projectnb/dietzelab/ccmmf/usr/akash/statewide_matrix/setup_v1/runs/102480/tillage_reduced","/projectnb/dietzelab/ccmmf/usr/akash/calval_sa_v3_20260821/tools/sipnet_v2.2.0-3ccc41c","/projectnb/dietzelab/ccmmf/usr/akash/statewide_cover/statewide_events_first100_20260914"
"102480","tillage_reference","staged","/projectnb/dietzelab/ccmmf/usr/akash/statewide_matrix/setup_v1/runs/102480/tillage_reference","/projectnb/dietzelab/ccmmf/usr/akash/calval_sa_v3_20260821/tools/sipnet_v2.2.0-3ccc41c","/projectnb/dietzelab/ccmmf/usr/akash/statewide_cover/statewide_events_first100_20260914"
"102480","tillage_zero","staged","/projectnb/dietzelab/ccmmf/usr/akash/statewide_matrix/setup_v1/runs/102480/tillage_zero","/projectnb/dietzelab/ccmmf/usr/akash/calval_sa_v3_20260821/tools/sipnet_v2.2.0-3ccc41c","/projectnb/dietzelab/ccmmf/usr/akash/statewide_cover/statewide_events_first100_20260914"
"28809","cover_annual","staged","/projectnb/dietzelab/ccmmf/usr/akash/statewide_matrix/setup_v1/runs/28809/cover_annual","/projectnb/dietzelab/ccmmf/usr/akash/calval_sa_v3_20260821/tools/sipnet_v2.2.0-3ccc41c","/projectnb/dietzelab/ccmmf/usr/akash/statewide_cover/statewide_events_first100_20260914"
"28809","cover_none","staged","/projectnb/dietzelab/ccmmf/usr/akash/statewide_matrix/setup_v1/runs/28809/cover_none","/projectnb/dietzelab/ccmmf/usr/akash/calval_sa_v3_20260821/tools/sipnet_v2.2.0-3ccc41c","/projectnb/dietzelab/ccmmf/usr/akash/statewide_cover/statewide_events_first100_20260914"
"28809","fertilizer_reference","staged","/projectnb/dietzelab/ccmmf/usr/akash/statewide_matrix/setup_v1/runs/28809/fertilizer_reference","/projectnb/dietzelab/ccmmf/usr/akash/calval_sa_v3_20260821/tools/sipnet_v2.2.0-3ccc41c","/projectnb/dietzelab/ccmmf/usr/akash/statewide_cover/statewide_events_first100_20260914"
"28809","mineral_N_half","staged","/projectnb/dietzelab/ccmmf/usr/akash/statewide_matrix/setup_v1/runs/28809/mineral_N_half","/projectnb/dietzelab/ccmmf/usr/akash/calval_sa_v3_20260821/tools/sipnet_v2.2.0-3ccc41c","/projectnb/dietzelab/ccmmf/usr/akash/statewide_cover/statewide_events_first100_20260914"
"28809","mineral_N_one_half","staged","/projectnb/dietzelab/ccmmf/usr/akash/statewide_matrix/setup_v1/runs/28809/mineral_N_one_half","/projectnb/dietzelab/ccmmf/usr/akash/calval_sa_v3_20260821/tools/sipnet_v2.2.0-3ccc41c","/projectnb/dietzelab/ccmmf/usr/akash/statewide_cover/statewide_events_first100_20260914"
"28809","mineral_N_zero","staged","/projectnb/dietzelab/ccmmf/usr/akash/statewide_matrix/setup_v1/runs/28809/mineral_N_zero","/projectnb/dietzelab/ccmmf/usr/akash/calval_sa_v3_20260821/tools/sipnet_v2.2.0-3ccc41c","/projectnb/dietzelab/ccmmf/usr/akash/statewide_cover/statewide_events_first100_20260914"
"28809","organic_substitution","staged","/projectnb/dietzelab/ccmmf/usr/akash/statewide_matrix/setup_v1/runs/28809/organic_substitution","/projectnb/dietzelab/ccmmf/usr/akash/calval_sa_v3_20260821/tools/sipnet_v2.2.0-3ccc41c","/projectnb/dietzelab/ccmmf/usr/akash/statewide_cover/statewide_events_first100_20260914"
"28809","tillage_reduced","staged","/projectnb/dietzelab/ccmmf/usr/akash/statewide_matrix/setup_v1/runs/28809/tillage_reduced","/projectnb/dietzelab/ccmmf/usr/akash/calval_sa_v3_20260821/tools/sipnet_v2.2.0-3ccc41c","/projectnb/dietzelab/ccmmf/usr/akash/statewide_cover/statewide_events_first100_20260914"
"28809","tillage_reference","staged","/projectnb/dietzelab/ccmmf/usr/akash/statewide_matrix/setup_v1/runs/28809/tillage_reference","/projectnb/dietzelab/ccmmf/usr/akash/calval_sa_v3_20260821/tools/sipnet_v2.2.0-3ccc41c","/projectnb/dietzelab/ccmmf/usr/akash/statewide_cover/statewide_events_first100_20260914"
"28809","tillage_zero","staged","/projectnb/dietzelab/ccmmf/usr/akash/statewide_matrix/setup_v1/runs/28809/tillage_zero","/projectnb/dietzelab/ccmmf/usr/akash/calval_sa_v3_20260821/tools/sipnet_v2.2.0-3ccc41c","/projectnb/dietzelab/ccmmf/usr/akash/statewide_cover/statewide_events_first100_20260914"
"405184","fertilizer_reference","staged","/projectnb/dietzelab/ccmmf/usr/akash/statewide_matrix/setup_v1/runs/405184/fertilizer_reference","/projectnb/dietzelab/ccmmf/usr/akash/calval_sa_v3_20260821/tools/sipnet_v2.2.0-3ccc41c","/projectnb/dietzelab/ccmmf/usr/akash/statewide_cover/statewide_events_first100_20260914"
"405184","mineral_N_half","staged","/projectnb/dietzelab/ccmmf/usr/akash/statewide_matrix/setup_v1/runs/405184/mineral_N_half","/projectnb/dietzelab/ccmmf/usr/akash/calval_sa_v3_20260821/tools/sipnet_v2.2.0-3ccc41c","/projectnb/dietzelab/ccmmf/usr/akash/statewide_cover/statewide_events_first100_20260914"
"405184","mineral_N_one_half","staged","/projectnb/dietzelab/ccmmf/usr/akash/statewide_matrix/setup_v1/runs/405184/mineral_N_one_half","/projectnb/dietzelab/ccmmf/usr/akash/calval_sa_v3_20260821/tools/sipnet_v2.2.0-3ccc41c","/projectnb/dietzelab/ccmmf/usr/akash/statewide_cover/statewide_events_first100_20260914"
"405184","mineral_N_zero","staged","/projectnb/dietzelab/ccmmf/usr/akash/statewide_matrix/setup_v1/runs/405184/mineral_N_zero","/projectnb/dietzelab/ccmmf/usr/akash/calval_sa_v3_20260821/tools/sipnet_v2.2.0-3ccc41c","/projectnb/dietzelab/ccmmf/usr/akash/statewide_cover/statewide_events_first100_20260914"
"405184","organic_substitution","staged","/projectnb/dietzelab/ccmmf/usr/akash/statewide_matrix/setup_v1/runs/405184/organic_substitution","/projectnb/dietzelab/ccmmf/usr/akash/calval_sa_v3_20260821/tools/sipnet_v2.2.0-3ccc41c","/projectnb/dietzelab/ccmmf/usr/akash/statewide_cover/statewide_events_first100_20260914"
"405184","tillage_reduced","staged","/projectnb/dietzelab/ccmmf/usr/akash/statewide_matrix/setup_v1/runs/405184/tillage_reduced","/projectnb/dietzelab/ccmmf/usr/akash/calval_sa_v3_20260821/tools/sipnet_v2.2.0-3ccc41c","/projectnb/dietzelab/ccmmf/usr/akash/statewide_cover/statewide_events_first100_20260914"
"405184","tillage_reference","staged","/projectnb/dietzelab/ccmmf/usr/akash/statewide_matrix/setup_v1/runs/405184/tillage_reference","/projectnb/dietzelab/ccmmf/usr/akash/calval_sa_v3_20260821/tools/sipnet_v2.2.0-3ccc41c","/projectnb/dietzelab/ccmmf/usr/akash/statewide_cover/statewide_events_first100_20260914"
"405184","tillage_zero","staged","/projectnb/dietzelab/ccmmf/usr/akash/statewide_matrix/setup_v1/runs/405184/tillage_zero","/projectnb/dietzelab/ccmmf/usr/akash/calval_sa_v3_20260821/tools/sipnet_v2.2.0-3ccc41c","/projectnb/dietzelab/ccmmf/usr/akash/statewide_cover/statewide_events_first100_20260914"
"330822","cover_annual","staged","/projectnb/dietzelab/ccmmf/usr/akash/statewide_matrix/setup_v1/runs/330822/cover_annual","/projectnb/dietzelab/ccmmf/usr/akash/calval_sa_v3_20260821/tools/sipnet_v2.2.0-3ccc41c","/projectnb/dietzelab/ccmmf/usr/akash/statewide_cover/statewide_events_first100_20260914"
"330822","cover_none","staged","/projectnb/dietzelab/ccmmf/usr/akash/statewide_matrix/setup_v1/runs/330822/cover_none","/projectnb/dietzelab/ccmmf/usr/akash/calval_sa_v3_20260821/tools/sipnet_v2.2.0-3ccc41c","/projectnb/dietzelab/ccmmf/usr/akash/statewide_cover/statewide_events_first100_20260914"
"330822","fertilizer_reference","staged","/projectnb/dietzelab/ccmmf/usr/akash/statewide_matrix/setup_v1/runs/330822/fertilizer_reference","/projectnb/dietzelab/ccmmf/usr/akash/calval_sa_v3_20260821/tools/sipnet_v2.2.0-3ccc41c","/projectnb/dietzelab/ccmmf/usr/akash/statewide_cover/statewide_events_first100_20260914"
"330822","mineral_N_half","staged","/projectnb/dietzelab/ccmmf/usr/akash/statewide_matrix/setup_v1/runs/330822/mineral_N_half","/projectnb/dietzelab/ccmmf/usr/akash/calval_sa_v3_20260821/tools/sipnet_v2.2.0-3ccc41c","/projectnb/dietzelab/ccmmf/usr/akash/statewide_cover/statewide_events_first100_20260914"
"330822","mineral_N_one_half","staged","/projectnb/dietzelab/ccmmf/usr/akash/statewide_matrix/setup_v1/runs/330822/mineral_N_one_half","/projectnb/dietzelab/ccmmf/usr/akash/calval_sa_v3_20260821/tools/sipnet_v2.2.0-3ccc41c","/projectnb/dietzelab/ccmmf/usr/akash/statewide_cover/statewide_events_first100_20260914"
"330822","mineral_N_zero","staged","/projectnb/dietzelab/ccmmf/usr/akash/statewide_matrix/setup_v1/runs/330822/mineral_N_zero","/projectnb/dietzelab/ccmmf/usr/akash/calval_sa_v3_20260821/tools/sipnet_v2.2.0-3ccc41c","/projectnb/dietzelab/ccmmf/usr/akash/statewide_cover/statewide_events_first100_20260914"
"330822","organic_substitution","staged","/projectnb/dietzelab/ccmmf/usr/akash/statewide_matrix/setup_v1/runs/330822/organic_substitution","/projectnb/dietzelab/ccmmf/usr/akash/calval_sa_v3_20260821/tools/sipnet_v2.2.0-3ccc41c","/projectnb/dietzelab/ccmmf/usr/akash/statewide_cover/statewide_events_first100_20260914"
"330822","tillage_reduced","staged","/projectnb/dietzelab/ccmmf/usr/akash/statewide_matrix/setup_v1/runs/330822/tillage_reduced","/projectnb/dietzelab/ccmmf/usr/akash/calval_sa_v3_20260821/tools/sipnet_v2.2.0-3ccc41c","/projectnb/dietzelab/ccmmf/usr/akash/statewide_cover/statewide_events_first100_20260914"
"330822","tillage_reference","staged","/projectnb/dietzelab/ccmmf/usr/akash/statewide_matrix/setup_v1/runs/330822/tillage_reference","/projectnb/dietzelab/ccmmf/usr/akash/calval_sa_v3_20260821/tools/sipnet_v2.2.0-3ccc41c","/projectnb/dietzelab/ccmmf/usr/akash/statewide_cover/statewide_events_first100_20260914"
"330822","tillage_zero","staged","/projectnb/dietzelab/ccmmf/usr/akash/statewide_matrix/setup_v1/runs/330822/tillage_zero","/projectnb/dietzelab/ccmmf/usr/akash/calval_sa_v3_20260821/tools/sipnet_v2.2.0-3ccc41c","/projectnb/dietzelab/ccmmf/usr/akash/statewide_cover/statewide_events_first100_20260914"
"15499","fertilizer_reference","staged","/projectnb/dietzelab/ccmmf/usr/akash/statewide_matrix/setup_v1/runs/15499/fertilizer_reference","/projectnb/dietzelab/ccmmf/usr/akash/calval_sa_v3_20260821/tools/sipnet_v2.2.0-3ccc41c","/projectnb/dietzelab/ccmmf/usr/akash/statewide_cover/statewide_events_first100_20260914"
"15499","mineral_N_half","staged","/projectnb/dietzelab/ccmmf/usr/akash/statewide_matrix/setup_v1/runs/15499/mineral_N_half","/projectnb/dietzelab/ccmmf/usr/akash/calval_sa_v3_20260821/tools/sipnet_v2.2.0-3ccc41c","/projectnb/dietzelab/ccmmf/usr/akash/statewide_cover/statewide_events_first100_20260914"
"15499","mineral_N_one_half","staged","/projectnb/dietzelab/ccmmf/usr/akash/statewide_matrix/setup_v1/runs/15499/mineral_N_one_half","/projectnb/dietzelab/ccmmf/usr/akash/calval_sa_v3_20260821/tools/sipnet_v2.2.0-3ccc41c","/projectnb/dietzelab/ccmmf/usr/akash/statewide_cover/statewide_events_first100_20260914"
"15499","mineral_N_zero","staged","/projectnb/dietzelab/ccmmf/usr/akash/statewide_matrix/setup_v1/runs/15499/mineral_N_zero","/projectnb/dietzelab/ccmmf/usr/akash/calval_sa_v3_20260821/tools/sipnet_v2.2.0-3ccc41c","/projectnb/dietzelab/ccmmf/usr/akash/statewide_cover/statewide_events_first100_20260914"
"15499","organic_substitution","staged","/projectnb/dietzelab/ccmmf/usr/akash/statewide_matrix/setup_v1/runs/15499/organic_substitution","/projectnb/dietzelab/ccmmf/usr/akash/calval_sa_v3_20260821/tools/sipnet_v2.2.0-3ccc41c","/projectnb/dietzelab/ccmmf/usr/akash/statewide_cover/statewide_events_first100_20260914"
"15499","tillage_reduced","staged","/projectnb/dietzelab/ccmmf/usr/akash/statewide_matrix/setup_v1/runs/15499/tillage_reduced","/projectnb/dietzelab/ccmmf/usr/akash/calval_sa_v3_20260821/tools/sipnet_v2.2.0-3ccc41c","/projectnb/dietzelab/ccmmf/usr/akash/statewide_cover/statewide_events_first100_20260914"
"15499","tillage_reference","staged","/projectnb/dietzelab/ccmmf/usr/akash/statewide_matrix/setup_v1/runs/15499/tillage_reference","/projectnb/dietzelab/ccmmf/usr/akash/calval_sa_v3_20260821/tools/sipnet_v2.2.0-3ccc41c","/projectnb/dietzelab/ccmmf/usr/akash/statewide_cover/statewide_events_first100_20260914"
"15499","tillage_zero","staged","/projectnb/dietzelab/ccmmf/usr/akash/statewide_matrix/setup_v1/runs/15499/tillage_zero","/projectnb/dietzelab/ccmmf/usr/akash/calval_sa_v3_20260821/tools/sipnet_v2.2.0-3ccc41c","/projectnb/dietzelab/ccmmf/usr/akash/statewide_cover/statewide_events_first100_20260914"
"284301","cover_annual","staged","/projectnb/dietzelab/ccmmf/usr/akash/statewide_matrix/setup_v1/runs/284301/cover_annual","/projectnb/dietzelab/ccmmf/usr/akash/calval_sa_v3_20260821/tools/sipnet_v2.2.0-3ccc41c","/projectnb/dietzelab/ccmmf/usr/akash/statewide_cover/statewide_events_first100_20260914"
"284301","cover_none","staged","/projectnb/dietzelab/ccmmf/usr/akash/statewide_matrix/setup_v1/runs/284301/cover_none","/projectnb/dietzelab/ccmmf/usr/akash/calval_sa_v3_20260821/tools/sipnet_v2.2.0-3ccc41c","/projectnb/dietzelab/ccmmf/usr/akash/statewide_cover/statewide_events_first100_20260914"
"284301","fertilizer_reference","staged","/projectnb/dietzelab/ccmmf/usr/akash/statewide_matrix/setup_v1/runs/284301/fertilizer_reference","/projectnb/dietzelab/ccmmf/usr/akash/calval_sa_v3_20260821/tools/sipnet_v2.2.0-3ccc41c","/projectnb/dietzelab/ccmmf/usr/akash/statewide_cover/statewide_events_first100_20260914"
"284301","mineral_N_half","staged","/projectnb/dietzelab/ccmmf/usr/akash/statewide_matrix/setup_v1/runs/284301/mineral_N_half","/projectnb/dietzelab/ccmmf/usr/akash/calval_sa_v3_20260821/tools/sipnet_v2.2.0-3ccc41c","/projectnb/dietzelab/ccmmf/usr/akash/statewide_cover/statewide_events_first100_20260914"
"284301","mineral_N_one_half","staged","/projectnb/dietzelab/ccmmf/usr/akash/statewide_matrix/setup_v1/runs/284301/mineral_N_one_half","/projectnb/dietzelab/ccmmf/usr/akash/calval_sa_v3_20260821/tools/sipnet_v2.2.0-3ccc41c","/projectnb/dietzelab/ccmmf/usr/akash/statewide_cover/statewide_events_first100_20260914"
"284301","mineral_N_zero","staged","/projectnb/dietzelab/ccmmf/usr/akash/statewide_matrix/setup_v1/runs/284301/mineral_N_zero","/projectnb/dietzelab/ccmmf/usr/akash/calval_sa_v3_20260821/tools/sipnet_v2.2.0-3ccc41c","/projectnb/dietzelab/ccmmf/usr/akash/statewide_cover/statewide_events_first100_20260914"
"284301","organic_substitution","staged","/projectnb/dietzelab/ccmmf/usr/akash/statewide_matrix/setup_v1/runs/284301/organic_substitution","/projectnb/dietzelab/ccmmf/usr/akash/calval_sa_v3_20260821/tools/sipnet_v2.2.0-3ccc41c","/projectnb/dietzelab/ccmmf/usr/akash/statewide_cover/statewide_events_first100_20260914"
"284301","tillage_reduced","staged","/projectnb/dietzelab/ccmmf/usr/akash/statewide_matrix/setup_v1/runs/284301/tillage_reduced","/projectnb/dietzelab/ccmmf/usr/akash/calval_sa_v3_20260821/tools/sipnet_v2.2.0-3ccc41c","/projectnb/dietzelab/ccmmf/usr/akash/statewide_cover/statewide_events_first100_20260914"
"284301","tillage_reference","staged","/projectnb/dietzelab/ccmmf/usr/akash/statewide_matrix/setup_v1/runs/284301/tillage_reference","/projectnb/dietzelab/ccmmf/usr/akash/calval_sa_v3_20260821/tools/sipnet_v2.2.0-3ccc41c","/projectnb/dietzelab/ccmmf/usr/akash/statewide_cover/statewide_events_first100_20260914"
"284301","tillage_zero","staged","/projectnb/dietzelab/ccmmf/usr/akash/statewide_matrix/setup_v1/runs/284301/tillage_zero","/projectnb/dietzelab/ccmmf/usr/akash/calval_sa_v3_20260821/tools/sipnet_v2.2.0-3ccc41c","/projectnb/dietzelab/ccmmf/usr/akash/statewide_cover/statewide_events_first100_20260914"
"285241","fertilizer_reference","staged","/projectnb/dietzelab/ccmmf/usr/akash/statewide_matrix/setup_v1/runs/285241/fertilizer_reference","/projectnb/dietzelab/ccmmf/usr/akash/calval_sa_v3_20260821/tools/sipnet_v2.2.0-3ccc41c","/projectnb/dietzelab/ccmmf/usr/akash/statewide_cover/statewide_events_first100_20260914"
"285241","mineral_N_half","staged","/projectnb/dietzelab/ccmmf/usr/akash/statewide_matrix/setup_v1/runs/285241/mineral_N_half","/projectnb/dietzelab/ccmmf/usr/akash/calval_sa_v3_20260821/tools/sipnet_v2.2.0-3ccc41c","/projectnb/dietzelab/ccmmf/usr/akash/statewide_cover/statewide_events_first100_20260914"
"285241","mineral_N_one_half","staged","/projectnb/dietzelab/ccmmf/usr/akash/statewide_matrix/setup_v1/runs/285241/mineral_N_one_half","/projectnb/dietzelab/ccmmf/usr/akash/calval_sa_v3_20260821/tools/sipnet_v2.2.0-3ccc41c","/projectnb/dietzelab/ccmmf/usr/akash/statewide_cover/statewide_events_first100_20260914"
"285241","mineral_N_zero","staged","/projectnb/dietzelab/ccmmf/usr/akash/statewide_matrix/setup_v1/runs/285241/mineral_N_zero","/projectnb/dietzelab/ccmmf/usr/akash/calval_sa_v3_20260821/tools/sipnet_v2.2.0-3ccc41c","/projectnb/dietzelab/ccmmf/usr/akash/statewide_cover/statewide_events_first100_20260914"
"285241","organic_substitution","staged","/projectnb/dietzelab/ccmmf/usr/akash/statewide_matrix/setup_v1/runs/285241/organic_substitution","/projectnb/dietzelab/ccmmf/usr/akash/calval_sa_v3_20260821/tools/sipnet_v2.2.0-3ccc41c","/projectnb/dietzelab/ccmmf/usr/akash/statewide_cover/statewide_events_first100_20260914"
"285241","tillage_reduced","staged","/projectnb/dietzelab/ccmmf/usr/akash/statewide_matrix/setup_v1/runs/285241/tillage_reduced","/projectnb/dietzelab/ccmmf/usr/akash/calval_sa_v3_20260821/tools/sipnet_v2.2.0-3ccc41c","/projectnb/dietzelab/ccmmf/usr/akash/statewide_cover/statewide_events_first100_20260914"
"285241","tillage_reference","staged","/projectnb/dietzelab/ccmmf/usr/akash/statewide_matrix/setup_v1/runs/285241/tillage_reference","/projectnb/dietzelab/ccmmf/usr/akash/calval_sa_v3_20260821/tools/sipnet_v2.2.0-3ccc41c","/projectnb/dietzelab/ccmmf/usr/akash/statewide_cover/statewide_events_first100_20260914"
"285241","tillage_zero","staged","/projectnb/dietzelab/ccmmf/usr/akash/statewide_matrix/setup_v1/runs/285241/tillage_zero","/projectnb/dietzelab/ccmmf/usr/akash/calval_sa_v3_20260821/tools/sipnet_v2.2.0-3ccc41c","/projectnb/dietzelab/ccmmf/usr/akash/statewide_cover/statewide_events_first100_20260914"
"244878","cover_annual","staged","/projectnb/dietzelab/ccmmf/usr/akash/statewide_matrix/setup_v1/runs/244878/cover_annual","/projectnb/dietzelab/ccmmf/usr/akash/calval_sa_v3_20260821/tools/sipnet_v2.2.0-3ccc41c","/projectnb/dietzelab/ccmmf/usr/akash/statewide_cover/statewide_events_first100_20260914"
"244878","cover_none","staged","/projectnb/dietzelab/ccmmf/usr/akash/statewide_matrix/setup_v1/runs/244878/cover_none","/projectnb/dietzelab/ccmmf/usr/akash/calval_sa_v3_20260821/tools/sipnet_v2.2.0-3ccc41c","/projectnb/dietzelab/ccmmf/usr/akash/statewide_cover/statewide_events_first100_20260914"
"244878","fertilizer_reference","staged","/projectnb/dietzelab/ccmmf/usr/akash/statewide_matrix/setup_v1/runs/244878/fertilizer_reference","/projectnb/dietzelab/ccmmf/usr/akash/calval_sa_v3_20260821/tools/sipnet_v2.2.0-3ccc41c","/projectnb/dietzelab/ccmmf/usr/akash/statewide_cover/statewide_events_first100_20260914"
"244878","mineral_N_half","staged","/projectnb/dietzelab/ccmmf/usr/akash/statewide_matrix/setup_v1/runs/244878/mineral_N_half","/projectnb/dietzelab/ccmmf/usr/akash/calval_sa_v3_20260821/tools/sipnet_v2.2.0-3ccc41c","/projectnb/dietzelab/ccmmf/usr/akash/statewide_cover/statewide_events_first100_20260914"
"244878","mineral_N_one_half","staged","/projectnb/dietzelab/ccmmf/usr/akash/statewide_matrix/setup_v1/runs/244878/mineral_N_one_half","/projectnb/dietzelab/ccmmf/usr/akash/calval_sa_v3_20260821/tools/sipnet_v2.2.0-3ccc41c","/projectnb/dietzelab/ccmmf/usr/akash/statewide_cover/statewide_events_first100_20260914"
"244878","mineral_N_zero","staged","/projectnb/dietzelab/ccmmf/usr/akash/statewide_matrix/setup_v1/runs/244878/mineral_N_zero","/projectnb/dietzelab/ccmmf/usr/akash/calval_sa_v3_20260821/tools/sipnet_v2.2.0-3ccc41c","/projectnb/dietzelab/ccmmf/usr/akash/statewide_cover/statewide_events_first100_20260914"
"244878","organic_substitution","staged","/projectnb/dietzelab/ccmmf/usr/akash/statewide_matrix/setup_v1/runs/244878/organic_substitution","/projectnb/dietzelab/ccmmf/usr/akash/calval_sa_v3_20260821/tools/sipnet_v2.2.0-3ccc41c","/projectnb/dietzelab/ccmmf/usr/akash/statewide_cover/statewide_events_first100_20260914"
"244878","rice_irrigated_reference","staged","/projectnb/dietzelab/ccmmf/usr/akash/statewide_matrix/setup_v1/runs/244878/rice_irrigated_reference","/projectnb/dietzelab/ccmmf/usr/akash/calval_sa_v3_20260821/tools/sipnet_v2.2.0-3ccc41c","/projectnb/dietzelab/ccmmf/usr/akash/statewide_cover/statewide_events_first100_20260914"
"244878","rice_one_dry","staged","/projectnb/dietzelab/ccmmf/usr/akash/statewide_matrix/setup_v1/runs/244878/rice_one_dry","/projectnb/dietzelab/ccmmf/usr/akash/calval_sa_v3_20260821/tools/sipnet_v2.2.0-3ccc41c","/projectnb/dietzelab/ccmmf/usr/akash/statewide_cover/statewide_events_first100_20260914"
"244878","rice_two_dry","staged","/projectnb/dietzelab/ccmmf/usr/akash/statewide_matrix/setup_v1/runs/244878/rice_two_dry","/projectnb/dietzelab/ccmmf/usr/akash/calval_sa_v3_20260821/tools/sipnet_v2.2.0-3ccc41c","/projectnb/dietzelab/ccmmf/usr/akash/statewide_cover/statewide_events_first100_20260914"
"244878","tillage_reduced","staged","/projectnb/dietzelab/ccmmf/usr/akash/statewide_matrix/setup_v1/runs/244878/tillage_reduced","/projectnb/dietzelab/ccmmf/usr/akash/calval_sa_v3_20260821/tools/sipnet_v2.2.0-3ccc41c","/projectnb/dietzelab/ccmmf/usr/akash/statewide_cover/statewide_events_first100_20260914"
"244878","tillage_reference","staged","/projectnb/dietzelab/ccmmf/usr/akash/statewide_matrix/setup_v1/runs/244878/tillage_reference","/projectnb/dietzelab/ccmmf/usr/akash/calval_sa_v3_20260821/tools/sipnet_v2.2.0-3ccc41c","/projectnb/dietzelab/ccmmf/usr/akash/statewide_cover/statewide_events_first100_20260914"
"244878","tillage_zero","staged","/projectnb/dietzelab/ccmmf/usr/akash/statewide_matrix/setup_v1/runs/244878/tillage_zero","/projectnb/dietzelab/ccmmf/usr/akash/calval_sa_v3_20260821/tools/sipnet_v2.2.0-3ccc41c","/projectnb/dietzelab/ccmmf/usr/akash/statewide_cover/statewide_events_first100_20260914"
"405606","cover_annual","staged","/projectnb/dietzelab/ccmmf/usr/akash/statewide_matrix/setup_v1/runs/405606/cover_annual","/projectnb/dietzelab/ccmmf/usr/akash/calval_sa_v3_20260821/tools/sipnet_v2.2.0-3ccc41c","/projectnb/dietzelab/ccmmf/usr/akash/statewide_cover/statewide_events_first100_20260914"
"405606","cover_none","staged","/projectnb/dietzelab/ccmmf/usr/akash/statewide_matrix/setup_v1/runs/405606/cover_none","/projectnb/dietzelab/ccmmf/usr/akash/calval_sa_v3_20260821/tools/sipnet_v2.2.0-3ccc41c","/projectnb/dietzelab/ccmmf/usr/akash/statewide_cover/statewide_events_first100_20260914"
"405606","fertilizer_reference","staged","/projectnb/dietzelab/ccmmf/usr/akash/statewide_matrix/setup_v1/runs/405606/fertilizer_reference","/projectnb/dietzelab/ccmmf/usr/akash/calval_sa_v3_20260821/tools/sipnet_v2.2.0-3ccc41c","/projectnb/dietzelab/ccmmf/usr/akash/statewide_cover/statewide_events_first100_20260914"
"405606","mineral_N_half","staged","/projectnb/dietzelab/ccmmf/usr/akash/statewide_matrix/setup_v1/runs/405606/mineral_N_half","/projectnb/dietzelab/ccmmf/usr/akash/calval_sa_v3_20260821/tools/sipnet_v2.2.0-3ccc41c","/projectnb/dietzelab/ccmmf/usr/akash/statewide_cover/statewide_events_first100_20260914"
"405606","mineral_N_one_half","staged","/projectnb/dietzelab/ccmmf/usr/akash/statewide_matrix/setup_v1/runs/405606/mineral_N_one_half","/projectnb/dietzelab/ccmmf/usr/akash/calval_sa_v3_20260821/tools/sipnet_v2.2.0-3ccc41c","/projectnb/dietzelab/ccmmf/usr/akash/statewide_cover/statewide_events_first100_20260914"
"405606","mineral_N_zero","staged","/projectnb/dietzelab/ccmmf/usr/akash/statewide_matrix/setup_v1/runs/405606/mineral_N_zero","/projectnb/dietzelab/ccmmf/usr/akash/calval_sa_v3_20260821/tools/sipnet_v2.2.0-3ccc41c","/projectnb/dietzelab/ccmmf/usr/akash/statewide_cover/statewide_events_first100_20260914"
"405606","organic_substitution","staged","/projectnb/dietzelab/ccmmf/usr/akash/statewide_matrix/setup_v1/runs/405606/organic_substitution","/projectnb/dietzelab/ccmmf/usr/akash/calval_sa_v3_20260821/tools/sipnet_v2.2.0-3ccc41c","/projectnb/dietzelab/ccmmf/usr/akash/statewide_cover/statewide_events_first100_20260914"
"405606","tillage_reduced","staged","/projectnb/dietzelab/ccmmf/usr/akash/statewide_matrix/setup_v1/runs/405606/tillage_reduced","/projectnb/dietzelab/ccmmf/usr/akash/calval_sa_v3_20260821/tools/sipnet_v2.2.0-3ccc41c","/projectnb/dietzelab/ccmmf/usr/akash/statewide_cover/statewide_events_first100_20260914"
"405606","tillage_reference","staged","/projectnb/dietzelab/ccmmf/usr/akash/statewide_matrix/setup_v1/runs/405606/tillage_reference","/projectnb/dietzelab/ccmmf/usr/akash/calval_sa_v3_20260821/tools/sipnet_v2.2.0-3ccc41c","/projectnb/dietzelab/ccmmf/usr/akash/statewide_cover/statewide_events_first100_20260914"
"405606","tillage_zero","staged","/projectnb/dietzelab/ccmmf/usr/akash/statewide_matrix/setup_v1/runs/405606/tillage_zero","/projectnb/dietzelab/ccmmf/usr/akash/calval_sa_v3_20260821/tools/sipnet_v2.2.0-3ccc41c","/projectnb/dietzelab/ccmmf/usr/akash/statewide_cover/statewide_events_first100_20260914"
"327124","fertilizer_reference","staged","/projectnb/dietzelab/ccmmf/usr/akash/statewide_matrix/setup_v1/runs/327124/fertilizer_reference","/projectnb/dietzelab/ccmmf/usr/akash/calval_sa_v3_20260821/tools/sipnet_v2.2.0-3ccc41c","/projectnb/dietzelab/ccmmf/usr/akash/statewide_cover/statewide_events_first100_20260914"
"327124","mineral_N_half","staged","/projectnb/dietzelab/ccmmf/usr/akash/statewide_matrix/setup_v1/runs/327124/mineral_N_half","/projectnb/dietzelab/ccmmf/usr/akash/calval_sa_v3_20260821/tools/sipnet_v2.2.0-3ccc41c","/projectnb/dietzelab/ccmmf/usr/akash/statewide_cover/statewide_events_first100_20260914"
"327124","mineral_N_one_half","staged","/projectnb/dietzelab/ccmmf/usr/akash/statewide_matrix/setup_v1/runs/327124/mineral_N_one_half","/projectnb/dietzelab/ccmmf/usr/akash/calval_sa_v3_20260821/tools/sipnet_v2.2.0-3ccc41c","/projectnb/dietzelab/ccmmf/usr/akash/statewide_cover/statewide_events_first100_20260914"
"327124","mineral_N_zero","staged","/projectnb/dietzelab/ccmmf/usr/akash/statewide_matrix/setup_v1/runs/327124/mineral_N_zero","/projectnb/dietzelab/ccmmf/usr/akash/calval_sa_v3_20260821/tools/sipnet_v2.2.0-3ccc41c","/projectnb/dietzelab/ccmmf/usr/akash/statewide_cover/statewide_events_first100_20260914"
"327124","organic_substitution","staged","/projectnb/dietzelab/ccmmf/usr/akash/statewide_matrix/setup_v1/runs/327124/organic_substitution","/projectnb/dietzelab/ccmmf/usr/akash/calval_sa_v3_20260821/tools/sipnet_v2.2.0-3ccc41c","/projectnb/dietzelab/ccmmf/usr/akash/statewide_cover/statewide_events_first100_20260914"
"327124","tillage_reduced","staged","/projectnb/dietzelab/ccmmf/usr/akash/statewide_matrix/setup_v1/runs/327124/tillage_reduced","/projectnb/dietzelab/ccmmf/usr/akash/calval_sa_v3_20260821/tools/sipnet_v2.2.0-3ccc41c","/projectnb/dietzelab/ccmmf/usr/akash/statewide_cover/statewide_events_first100_20260914"
"327124","tillage_reference","staged","/projectnb/dietzelab/ccmmf/usr/akash/statewide_matrix/setup_v1/runs/327124/tillage_reference","/projectnb/dietzelab/ccmmf/usr/akash/calval_sa_v3_20260821/tools/sipnet_v2.2.0-3ccc41c","/projectnb/dietzelab/ccmmf/usr/akash/statewide_cover/statewide_events_first100_20260914"
"327124","tillage_zero","staged","/projectnb/dietzelab/ccmmf/usr/akash/statewide_matrix/setup_v1/runs/327124/tillage_zero","/projectnb/dietzelab/ccmmf/usr/akash/calval_sa_v3_20260821/tools/sipnet_v2.2.0-3ccc41c","/projectnb/dietzelab/ccmmf/usr/akash/statewide_cover/statewide_events_first100_20260914"
"118038","cover_annual","staged","/projectnb/dietzelab/ccmmf/usr/akash/statewide_matrix/setup_v1/runs/118038/cover_annual","/projectnb/dietzelab/ccmmf/usr/akash/calval_sa_v3_20260821/tools/sipnet_v2.2.0-3ccc41c","/projectnb/dietzelab/ccmmf/usr/akash/statewide_cover/statewide_events_first100_20260914"
"118038","cover_none","staged","/projectnb/dietzelab/ccmmf/usr/akash/statewide_matrix/setup_v1/runs/118038/cover_none","/projectnb/dietzelab/ccmmf/usr/akash/calval_sa_v3_20260821/tools/sipnet_v2.2.0-3ccc41c","/projectnb/dietzelab/ccmmf/usr/akash/statewide_cover/statewide_events_first100_20260914"
"118038","fertilizer_reference","staged","/projectnb/dietzelab/ccmmf/usr/akash/statewide_matrix/setup_v1/runs/118038/fertilizer_reference","/projectnb/dietzelab/ccmmf/usr/akash/calval_sa_v3_20260821/tools/sipnet_v2.2.0-3ccc41c","/projectnb/dietzelab/ccmmf/usr/akash/statewide_cover/statewide_events_first100_20260914"
"118038","mineral_N_half","staged","/projectnb/dietzelab/ccmmf/usr/akash/statewide_matrix/setup_v1/runs/118038/mineral_N_half","/projectnb/dietzelab/ccmmf/usr/akash/calval_sa_v3_20260821/tools/sipnet_v2.2.0-3ccc41c","/projectnb/dietzelab/ccmmf/usr/akash/statewide_cover/statewide_events_first100_20260914"
"118038","mineral_N_one_half","staged","/projectnb/dietzelab/ccmmf/usr/akash/statewide_matrix/setup_v1/runs/118038/mineral_N_one_half","/projectnb/dietzelab/ccmmf/usr/akash/calval_sa_v3_20260821/tools/sipnet_v2.2.0-3ccc41c","/projectnb/dietzelab/ccmmf/usr/akash/statewide_cover/statewide_events_first100_20260914"
"118038","mineral_N_zero","staged","/projectnb/dietzelab/ccmmf/usr/akash/statewide_matrix/setup_v1/runs/118038/mineral_N_zero","/projectnb/dietzelab/ccmmf/usr/akash/calval_sa_v3_20260821/tools/sipnet_v2.2.0-3ccc41c","/projectnb/dietzelab/ccmmf/usr/akash/statewide_cover/statewide_events_first100_20260914"
"118038","organic_substitution","staged","/projectnb/dietzelab/ccmmf/usr/akash/statewide_matrix/setup_v1/runs/118038/organic_substitution","/projectnb/dietzelab/ccmmf/usr/akash/calval_sa_v3_20260821/tools/sipnet_v2.2.0-3ccc41c","/projectnb/dietzelab/ccmmf/usr/akash/statewide_cover/statewide_events_first100_20260914"
"118038","tillage_reduced","staged","/projectnb/dietzelab/ccmmf/usr/akash/statewide_matrix/setup_v1/runs/118038/tillage_reduced","/projectnb/dietzelab/ccmmf/usr/akash/calval_sa_v3_20260821/tools/sipnet_v2.2.0-3ccc41c","/projectnb/dietzelab/ccmmf/usr/akash/statewide_cover/statewide_events_first100_20260914"
"118038","tillage_reference","staged","/projectnb/dietzelab/ccmmf/usr/akash/statewide_matrix/setup_v1/runs/118038/tillage_reference","/projectnb/dietzelab/ccmmf/usr/akash/calval_sa_v3_20260821/tools/sipnet_v2.2.0-3ccc41c","/projectnb/dietzelab/ccmmf/usr/akash/statewide_cover/statewide_events_first100_20260914"
"118038","tillage_zero","staged","/projectnb/dietzelab/ccmmf/usr/akash/statewide_matrix/setup_v1/runs/118038/tillage_zero","/projectnb/dietzelab/ccmmf/usr/akash/calval_sa_v3_20260821/tools/sipnet_v2.2.0-3ccc41c","/projectnb/dietzelab/ccmmf/usr/akash/statewide_cover/statewide_events_first100_20260914"
"597240","cover_annual","staged","/projectnb/dietzelab/ccmmf/usr/akash/statewide_matrix/setup_v1/runs/597240/cover_annual","/projectnb/dietzelab/ccmmf/usr/akash/calval_sa_v3_20260821/tools/sipnet_v2.2.0-3ccc41c","/projectnb/dietzelab/ccmmf/usr/akash/statewide_cover/statewide_events_first100_20260914"
"597240","cover_none","staged","/projectnb/dietzelab/ccmmf/usr/akash/statewide_matrix/setup_v1/runs/597240/cover_none","/projectnb/dietzelab/ccmmf/usr/akash/calval_sa_v3_20260821/tools/sipnet_v2.2.0-3ccc41c","/projectnb/dietzelab/ccmmf/usr/akash/statewide_cover/statewide_events_first100_20260914"
"597240","fertilizer_reference","staged","/projectnb/dietzelab/ccmmf/usr/akash/statewide_matrix/setup_v1/runs/597240/fertilizer_reference","/projectnb/dietzelab/ccmmf/usr/akash/calval_sa_v3_20260821/tools/sipnet_v2.2.0-3ccc41c","/projectnb/dietzelab/ccmmf/usr/akash/statewide_cover/statewide_events_first100_20260914"
"597240","mineral_N_half","staged","/projectnb/dietzelab/ccmmf/usr/akash/statewide_matrix/setup_v1/runs/597240/mineral_N_half","/projectnb/dietzelab/ccmmf/usr/akash/calval_sa_v3_20260821/tools/sipnet_v2.2.0-3ccc41c","/projectnb/dietzelab/ccmmf/usr/akash/statewide_cover/statewide_events_first100_20260914"
"597240","mineral_N_one_half","staged","/projectnb/dietzelab/ccmmf/usr/akash/statewide_matrix/setup_v1/runs/597240/mineral_N_one_half","/projectnb/dietzelab/ccmmf/usr/akash/calval_sa_v3_20260821/tools/sipnet_v2.2.0-3ccc41c","/projectnb/dietzelab/ccmmf/usr/akash/statewide_cover/statewide_events_first100_20260914"
"597240","mineral_N_zero","staged","/projectnb/dietzelab/ccmmf/usr/akash/statewide_matrix/setup_v1/runs/597240/mineral_N_zero","/projectnb/dietzelab/ccmmf/usr/akash/calval_sa_v3_20260821/tools/sipnet_v2.2.0-3ccc41c","/projectnb/dietzelab/ccmmf/usr/akash/statewide_cover/statewide_events_first100_20260914"
"597240","organic_substitution","staged","/projectnb/dietzelab/ccmmf/usr/akash/statewide_matrix/setup_v1/runs/597240/organic_substitution","/projectnb/dietzelab/ccmmf/usr/akash/calval_sa_v3_20260821/tools/sipnet_v2.2.0-3ccc41c","/projectnb/dietzelab/ccmmf/usr/akash/statewide_cover/statewide_events_first100_20260914"
"597240","tillage_reduced","staged","/projectnb/dietzelab/ccmmf/usr/akash/statewide_matrix/setup_v1/runs/597240/tillage_reduced","/projectnb/dietzelab/ccmmf/usr/akash/calval_sa_v3_20260821/tools/sipnet_v2.2.0-3ccc41c","/projectnb/dietzelab/ccmmf/usr/akash/statewide_cover/statewide_events_first100_20260914"
"597240","tillage_reference","staged","/projectnb/dietzelab/ccmmf/usr/akash/statewide_matrix/setup_v1/runs/597240/tillage_reference","/projectnb/dietzelab/ccmmf/usr/akash/calval_sa_v3_20260821/tools/sipnet_v2.2.0-3ccc41c","/projectnb/dietzelab/ccmmf/usr/akash/statewide_cover/statewide_events_first100_20260914"
"597240","tillage_zero","staged","/projectnb/dietzelab/ccmmf/usr/akash/statewide_matrix/setup_v1/runs/597240/tillage_zero","/projectnb/dietzelab/ccmmf/usr/akash/calval_sa_v3_20260821/tools/sipnet_v2.2.0-3ccc41c","/projectnb/dietzelab/ccmmf/usr/akash/statewide_cover/statewide_events_first100_20260914"
"299613","fertilizer_reference","staged","/projectnb/dietzelab/ccmmf/usr/akash/statewide_matrix/setup_v1/runs/299613/fertilizer_reference","/projectnb/dietzelab/ccmmf/usr/akash/calval_sa_v3_20260821/tools/sipnet_v2.2.0-3ccc41c","/projectnb/dietzelab/ccmmf/usr/akash/statewide_cover/statewide_events_first100_20260914"
"299613","mineral_N_half","staged","/projectnb/dietzelab/ccmmf/usr/akash/statewide_matrix/setup_v1/runs/299613/mineral_N_half","/projectnb/dietzelab/ccmmf/usr/akash/calval_sa_v3_20260821/tools/sipnet_v2.2.0-3ccc41c","/projectnb/dietzelab/ccmmf/usr/akash/statewide_cover/statewide_events_first100_20260914"
"299613","mineral_N_one_half","staged","/projectnb/dietzelab/ccmmf/usr/akash/statewide_matrix/setup_v1/runs/299613/mineral_N_one_half","/projectnb/dietzelab/ccmmf/usr/akash/calval_sa_v3_20260821/tools/sipnet_v2.2.0-3ccc41c","/projectnb/dietzelab/ccmmf/usr/akash/statewide_cover/statewide_events_first100_20260914"
"299613","mineral_N_zero","staged","/projectnb/dietzelab/ccmmf/usr/akash/statewide_matrix/setup_v1/runs/299613/mineral_N_zero","/projectnb/dietzelab/ccmmf/usr/akash/calval_sa_v3_20260821/tools/sipnet_v2.2.0-3ccc41c","/projectnb/dietzelab/ccmmf/usr/akash/statewide_cover/statewide_events_first100_20260914"
"299613","organic_substitution","staged","/projectnb/dietzelab/ccmmf/usr/akash/statewide_matrix/setup_v1/runs/299613/organic_substitution","/projectnb/dietzelab/ccmmf/usr/akash/calval_sa_v3_20260821/tools/sipnet_v2.2.0-3ccc41c","/projectnb/dietzelab/ccmmf/usr/akash/statewide_cover/statewide_events_first100_20260914"
"299613","tillage_reduced","staged","/projectnb/dietzelab/ccmmf/usr/akash/statewide_matrix/setup_v1/runs/299613/tillage_reduced","/projectnb/dietzelab/ccmmf/usr/akash/calval_sa_v3_20260821/tools/sipnet_v2.2.0-3ccc41c","/projectnb/dietzelab/ccmmf/usr/akash/statewide_cover/statewide_events_first100_20260914"
"299613","tillage_reference","staged","/projectnb/dietzelab/ccmmf/usr/akash/statewide_matrix/setup_v1/runs/299613/tillage_reference","/projectnb/dietzelab/ccmmf/usr/akash/calval_sa_v3_20260821/tools/sipnet_v2.2.0-3ccc41c","/projectnb/dietzelab/ccmmf/usr/akash/statewide_cover/statewide_events_first100_20260914"
"299613","tillage_zero","staged","/projectnb/dietzelab/ccmmf/usr/akash/statewide_matrix/setup_v1/runs/299613/tillage_zero","/projectnb/dietzelab/ccmmf/usr/akash/calval_sa_v3_20260821/tools/sipnet_v2.2.0-3ccc41c","/projectnb/dietzelab/ccmmf/usr/akash/statewide_cover/statewide_events_first100_20260914"
"293793","cover_annual","staged","/projectnb/dietzelab/ccmmf/usr/akash/statewide_matrix/setup_v1/runs/293793/cover_annual","/projectnb/dietzelab/ccmmf/usr/akash/calval_sa_v3_20260821/tools/sipnet_v2.2.0-3ccc41c","/projectnb/dietzelab/ccmmf/usr/akash/statewide_cover/statewide_events_first100_20260914"
"293793","cover_none","staged","/projectnb/dietzelab/ccmmf/usr/akash/statewide_matrix/setup_v1/runs/293793/cover_none","/projectnb/dietzelab/ccmmf/usr/akash/calval_sa_v3_20260821/tools/sipnet_v2.2.0-3ccc41c","/projectnb/dietzelab/ccmmf/usr/akash/statewide_cover/statewide_events_first100_20260914"
"293793","fertilizer_reference","staged","/projectnb/dietzelab/ccmmf/usr/akash/statewide_matrix/setup_v1/runs/293793/fertilizer_reference","/projectnb/dietzelab/ccmmf/usr/akash/calval_sa_v3_20260821/tools/sipnet_v2.2.0-3ccc41c","/projectnb/dietzelab/ccmmf/usr/akash/statewide_cover/statewide_events_first100_20260914"
"293793","mineral_N_half","staged","/projectnb/dietzelab/ccmmf/usr/akash/statewide_matrix/setup_v1/runs/293793/mineral_N_half","/projectnb/dietzelab/ccmmf/usr/akash/calval_sa_v3_20260821/tools/sipnet_v2.2.0-3ccc41c","/projectnb/dietzelab/ccmmf/usr/akash/statewide_cover/statewide_events_first100_20260914"
"293793","mineral_N_one_half","staged","/projectnb/dietzelab/ccmmf/usr/akash/statewide_matrix/setup_v1/runs/293793/mineral_N_one_half","/projectnb/dietzelab/ccmmf/usr/akash/calval_sa_v3_20260821/tools/sipnet_v2.2.0-3ccc41c","/projectnb/dietzelab/ccmmf/usr/akash/statewide_cover/statewide_events_first100_20260914"
"293793","mineral_N_zero","staged","/projectnb/dietzelab/ccmmf/usr/akash/statewide_matrix/setup_v1/runs/293793/mineral_N_zero","/projectnb/dietzelab/ccmmf/usr/akash/calval_sa_v3_20260821/tools/sipnet_v2.2.0-3ccc41c","/projectnb/dietzelab/ccmmf/usr/akash/statewide_cover/statewide_events_first100_20260914"
"293793","organic_substitution","staged","/projectnb/dietzelab/ccmmf/usr/akash/statewide_matrix/setup_v1/runs/293793/organic_substitution","/projectnb/dietzelab/ccmmf/usr/akash/calval_sa_v3_20260821/tools/sipnet_v2.2.0-3ccc41c","/projectnb/dietzelab/ccmmf/usr/akash/statewide_cover/statewide_events_first100_20260914"
"293793","tillage_reduced","staged","/projectnb/dietzelab/ccmmf/usr/akash/statewide_matrix/setup_v1/runs/293793/tillage_reduced","/projectnb/dietzelab/ccmmf/usr/akash/calval_sa_v3_20260821/tools/sipnet_v2.2.0-3ccc41c","/projectnb/dietzelab/ccmmf/usr/akash/statewide_cover/statewide_events_first100_20260914"
"293793","tillage_reference","staged","/projectnb/dietzelab/ccmmf/usr/akash/statewide_matrix/setup_v1/runs/293793/tillage_reference","/projectnb/dietzelab/ccmmf/usr/akash/calval_sa_v3_20260821/tools/sipnet_v2.2.0-3ccc41c","/projectnb/dietzelab/ccmmf/usr/akash/statewide_cover/statewide_events_first100_20260914"
"293793","tillage_zero","staged","/projectnb/dietzelab/ccmmf/usr/akash/statewide_matrix/setup_v1/runs/293793/tillage_zero","/projectnb/dietzelab/ccmmf/usr/akash/calval_sa_v3_20260821/tools/sipnet_v2.2.0-3ccc41c","/projectnb/dietzelab/ccmmf/usr/akash/statewide_cover/statewide_events_first100_20260914"
"144461","fertilizer_reference","staged","/projectnb/dietzelab/ccmmf/usr/akash/statewide_matrix/setup_v1/runs/144461/fertilizer_reference","/projectnb/dietzelab/ccmmf/usr/akash/calval_sa_v3_20260821/tools/sipnet_v2.2.0-3ccc41c","/projectnb/dietzelab/ccmmf/usr/akash/statewide_cover/statewide_events_first100_20260914"
"144461","mineral_N_half","staged","/projectnb/dietzelab/ccmmf/usr/akash/statewide_matrix/setup_v1/runs/144461/mineral_N_half","/projectnb/dietzelab/ccmmf/usr/akash/calval_sa_v3_20260821/tools/sipnet_v2.2.0-3ccc41c","/projectnb/dietzelab/ccmmf/usr/akash/statewide_cover/statewide_events_first100_20260914"
"144461","mineral_N_one_half","staged","/projectnb/dietzelab/ccmmf/usr/akash/statewide_matrix/setup_v1/runs/144461/mineral_N_one_half","/projectnb/dietzelab/ccmmf/usr/akash/calval_sa_v3_20260821/tools/sipnet_v2.2.0-3ccc41c","/projectnb/dietzelab/ccmmf/usr/akash/statewide_cover/statewide_events_first100_20260914"
"144461","mineral_N_zero","staged","/projectnb/dietzelab/ccmmf/usr/akash/statewide_matrix/setup_v1/runs/144461/mineral_N_zero","/projectnb/dietzelab/ccmmf/usr/akash/calval_sa_v3_20260821/tools/sipnet_v2.2.0-3ccc41c","/projectnb/dietzelab/ccmmf/usr/akash/statewide_cover/statewide_events_first100_20260914"
"144461","organic_substitution","staged","/projectnb/dietzelab/ccmmf/usr/akash/statewide_matrix/setup_v1/runs/144461/organic_substitution","/projectnb/dietzelab/ccmmf/usr/akash/calval_sa_v3_20260821/tools/sipnet_v2.2.0-3ccc41c","/projectnb/dietzelab/ccmmf/usr/akash/statewide_cover/statewide_events_first100_20260914"
"144461","tillage_reduced","staged","/projectnb/dietzelab/ccmmf/usr/akash/statewide_matrix/setup_v1/runs/144461/tillage_reduced","/projectnb/dietzelab/ccmmf/usr/akash/calval_sa_v3_20260821/tools/sipnet_v2.2.0-3ccc41c","/projectnb/dietzelab/ccmmf/usr/akash/statewide_cover/statewide_events_first100_20260914"
"144461","tillage_reference","staged","/projectnb/dietzelab/ccmmf/usr/akash/statewide_matrix/setup_v1/runs/144461/tillage_reference","/projectnb/dietzelab/ccmmf/usr/akash/calval_sa_v3_20260821/tools/sipnet_v2.2.0-3ccc41c","/projectnb/dietzelab/ccmmf/usr/akash/statewide_cover/statewide_events_first100_20260914"
"144461","tillage_zero","staged","/projectnb/dietzelab/ccmmf/usr/akash/statewide_matrix/setup_v1/runs/144461/tillage_zero","/projectnb/dietzelab/ccmmf/usr/akash/calval_sa_v3_20260821/tools/sipnet_v2.2.0-3ccc41c","/projectnb/dietzelab/ccmmf/usr/akash/statewide_cover/statewide_events_first100_20260914"
"153154","cover_annual","staged","/projectnb/dietzelab/ccmmf/usr/akash/statewide_matrix/setup_v1/runs/153154/cover_annual","/projectnb/dietzelab/ccmmf/usr/akash/calval_sa_v3_20260821/tools/sipnet_v2.2.0-3ccc41c","/projectnb/dietzelab/ccmmf/usr/akash/statewide_cover/statewide_events_first100_20260914"
"153154","cover_none","staged","/projectnb/dietzelab/ccmmf/usr/akash/statewide_matrix/setup_v1/runs/153154/cover_none","/projectnb/dietzelab/ccmmf/usr/akash/calval_sa_v3_20260821/tools/sipnet_v2.2.0-3ccc41c","/projectnb/dietzelab/ccmmf/usr/akash/statewide_cover/statewide_events_first100_20260914"
"153154","fertilizer_reference","staged","/projectnb/dietzelab/ccmmf/usr/akash/statewide_matrix/setup_v1/runs/153154/fertilizer_reference","/projectnb/dietzelab/ccmmf/usr/akash/calval_sa_v3_20260821/tools/sipnet_v2.2.0-3ccc41c","/projectnb/dietzelab/ccmmf/usr/akash/statewide_cover/statewide_events_first100_20260914"
"153154","mineral_N_half","staged","/projectnb/dietzelab/ccmmf/usr/akash/statewide_matrix/setup_v1/runs/153154/mineral_N_half","/projectnb/dietzelab/ccmmf/usr/akash/calval_sa_v3_20260821/tools/sipnet_v2.2.0-3ccc41c","/projectnb/dietzelab/ccmmf/usr/akash/statewide_cover/statewide_events_first100_20260914"
"153154","mineral_N_one_half","staged","/projectnb/dietzelab/ccmmf/usr/akash/statewide_matrix/setup_v1/runs/153154/mineral_N_one_half","/projectnb/dietzelab/ccmmf/usr/akash/calval_sa_v3_20260821/tools/sipnet_v2.2.0-3ccc41c","/projectnb/dietzelab/ccmmf/usr/akash/statewide_cover/statewide_events_first100_20260914"
"153154","mineral_N_zero","staged","/projectnb/dietzelab/ccmmf/usr/akash/statewide_matrix/setup_v1/runs/153154/mineral_N_zero","/projectnb/dietzelab/ccmmf/usr/akash/calval_sa_v3_20260821/tools/sipnet_v2.2.0-3ccc41c","/projectnb/dietzelab/ccmmf/usr/akash/statewide_cover/statewide_events_first100_20260914"
"153154","organic_substitution","staged","/projectnb/dietzelab/ccmmf/usr/akash/statewide_matrix/setup_v1/runs/153154/organic_substitution","/projectnb/dietzelab/ccmmf/usr/akash/calval_sa_v3_20260821/tools/sipnet_v2.2.0-3ccc41c","/projectnb/dietzelab/ccmmf/usr/akash/statewide_cover/statewide_events_first100_20260914"
"153154","tillage_reduced","staged","/projectnb/dietzelab/ccmmf/usr/akash/statewide_matrix/setup_v1/runs/153154/tillage_reduced","/projectnb/dietzelab/ccmmf/usr/akash/calval_sa_v3_20260821/tools/sipnet_v2.2.0-3ccc41c","/projectnb/dietzelab/ccmmf/usr/akash/statewide_cover/statewide_events_first100_20260914"
"153154","tillage_reference","staged","/projectnb/dietzelab/ccmmf/usr/akash/statewide_matrix/setup_v1/runs/153154/tillage_reference","/projectnb/dietzelab/ccmmf/usr/akash/calval_sa_v3_20260821/tools/sipnet_v2.2.0-3ccc41c","/projectnb/dietzelab/ccmmf/usr/akash/statewide_cover/statewide_events_first100_20260914"
"153154","tillage_zero","staged","/projectnb/dietzelab/ccmmf/usr/akash/statewide_matrix/setup_v1/runs/153154/tillage_zero","/projectnb/dietzelab/ccmmf/usr/akash/calval_sa_v3_20260821/tools/sipnet_v2.2.0-3ccc41c","/projectnb/dietzelab/ccmmf/usr/akash/statewide_cover/statewide_events_first100_20260914"
"506467","fertilizer_reference","staged","/projectnb/dietzelab/ccmmf/usr/akash/statewide_matrix/setup_v1/runs/506467/fertilizer_reference","/projectnb/dietzelab/ccmmf/usr/akash/calval_sa_v3_20260821/tools/sipnet_v2.2.0-3ccc41c","/projectnb/dietzelab/ccmmf/usr/akash/statewide_cover/statewide_events_first100_20260914"
"506467","mineral_N_half","staged","/projectnb/dietzelab/ccmmf/usr/akash/statewide_matrix/setup_v1/runs/506467/mineral_N_half","/projectnb/dietzelab/ccmmf/usr/akash/calval_sa_v3_20260821/tools/sipnet_v2.2.0-3ccc41c","/projectnb/dietzelab/ccmmf/usr/akash/statewide_cover/statewide_events_first100_20260914"
"506467","mineral_N_one_half","staged","/projectnb/dietzelab/ccmmf/usr/akash/statewide_matrix/setup_v1/runs/506467/mineral_N_one_half","/projectnb/dietzelab/ccmmf/usr/akash/calval_sa_v3_20260821/tools/sipnet_v2.2.0-3ccc41c","/projectnb/dietzelab/ccmmf/usr/akash/statewide_cover/statewide_events_first100_20260914"
"506467","mineral_N_zero","staged","/projectnb/dietzelab/ccmmf/usr/akash/statewide_matrix/setup_v1/runs/506467/mineral_N_zero","/projectnb/dietzelab/ccmmf/usr/akash/calval_sa_v3_20260821/tools/sipnet_v2.2.0-3ccc41c","/projectnb/dietzelab/ccmmf/usr/akash/statewide_cover/statewide_events_first100_20260914"
"506467","organic_substitution","staged","/projectnb/dietzelab/ccmmf/usr/akash/statewide_matrix/setup_v1/runs/506467/organic_substitution","/projectnb/dietzelab/ccmmf/usr/akash/calval_sa_v3_20260821/tools/sipnet_v2.2.0-3ccc41c","/projectnb/dietzelab/ccmmf/usr/akash/statewide_cover/statewide_events_first100_20260914"
"506467","tillage_reduced","staged","/projectnb/dietzelab/ccmmf/usr/akash/statewide_matrix/setup_v1/runs/506467/tillage_reduced","/projectnb/dietzelab/ccmmf/usr/akash/calval_sa_v3_20260821/tools/sipnet_v2.2.0-3ccc41c","/projectnb/dietzelab/ccmmf/usr/akash/statewide_cover/statewide_events_first100_20260914"
"506467","tillage_reference","staged","/projectnb/dietzelab/ccmmf/usr/akash/statewide_matrix/setup_v1/runs/506467/tillage_reference","/projectnb/dietzelab/ccmmf/usr/akash/calval_sa_v3_20260821/tools/sipnet_v2.2.0-3ccc41c","/projectnb/dietzelab/ccmmf/usr/akash/statewide_cover/statewide_events_first100_20260914"
"506467","tillage_zero","staged","/projectnb/dietzelab/ccmmf/usr/akash/statewide_matrix/setup_v1/runs/506467/tillage_zero","/projectnb/dietzelab/ccmmf/usr/akash/calval_sa_v3_20260821/tools/sipnet_v2.2.0-3ccc41c","/projectnb/dietzelab/ccmmf/usr/akash/statewide_cover/statewide_events_first100_20260914"
"302976","cover_annual","staged","/projectnb/dietzelab/ccmmf/usr/akash/statewide_matrix/setup_v1/runs/302976/cover_annual","/projectnb/dietzelab/ccmmf/usr/akash/calval_sa_v3_20260821/tools/sipnet_v2.2.0-3ccc41c","/projectnb/dietzelab/ccmmf/usr/akash/statewide_cover/statewide_events_first100_20260914"
"302976","cover_none","staged","/projectnb/dietzelab/ccmmf/usr/akash/statewide_matrix/setup_v1/runs/302976/cover_none","/projectnb/dietzelab/ccmmf/usr/akash/calval_sa_v3_20260821/tools/sipnet_v2.2.0-3ccc41c","/projectnb/dietzelab/ccmmf/usr/akash/statewide_cover/statewide_events_first100_20260914"
"302976","fertilizer_reference","staged","/projectnb/dietzelab/ccmmf/usr/akash/statewide_matrix/setup_v1/runs/302976/fertilizer_reference","/projectnb/dietzelab/ccmmf/usr/akash/calval_sa_v3_20260821/tools/sipnet_v2.2.0-3ccc41c","/projectnb/dietzelab/ccmmf/usr/akash/statewide_cover/statewide_events_first100_20260914"
"302976","mineral_N_half","staged","/projectnb/dietzelab/ccmmf/usr/akash/statewide_matrix/setup_v1/runs/302976/mineral_N_half","/projectnb/dietzelab/ccmmf/usr/akash/calval_sa_v3_20260821/tools/sipnet_v2.2.0-3ccc41c","/projectnb/dietzelab/ccmmf/usr/akash/statewide_cover/statewide_events_first100_20260914"
"302976","mineral_N_one_half","staged","/projectnb/dietzelab/ccmmf/usr/akash/statewide_matrix/setup_v1/runs/302976/mineral_N_one_half","/projectnb/dietzelab/ccmmf/usr/akash/calval_sa_v3_20260821/tools/sipnet_v2.2.0-3ccc41c","/projectnb/dietzelab/ccmmf/usr/akash/statewide_cover/statewide_events_first100_20260914"
"302976","mineral_N_zero","staged","/projectnb/dietzelab/ccmmf/usr/akash/statewide_matrix/setup_v1/runs/302976/mineral_N_zero","/projectnb/dietzelab/ccmmf/usr/akash/calval_sa_v3_20260821/tools/sipnet_v2.2.0-3ccc41c","/projectnb/dietzelab/ccmmf/usr/akash/statewide_cover/statewide_events_first100_20260914"
"302976","organic_substitution","staged","/projectnb/dietzelab/ccmmf/usr/akash/statewide_matrix/setup_v1/runs/302976/organic_substitution","/projectnb/dietzelab/ccmmf/usr/akash/calval_sa_v3_20260821/tools/sipnet_v2.2.0-3ccc41c","/projectnb/dietzelab/ccmmf/usr/akash/statewide_cover/statewide_events_first100_20260914"
"302976","tillage_reduced","staged","/projectnb/dietzelab/ccmmf/usr/akash/statewide_matrix/setup_v1/runs/302976/tillage_reduced","/projectnb/dietzelab/ccmmf/usr/akash/calval_sa_v3_20260821/tools/sipnet_v2.2.0-3ccc41c","/projectnb/dietzelab/ccmmf/usr/akash/statewide_cover/statewide_events_first100_20260914"
"302976","tillage_reference","staged","/projectnb/dietzelab/ccmmf/usr/akash/statewide_matrix/setup_v1/runs/302976/tillage_reference","/projectnb/dietzelab/ccmmf/usr/akash/calval_sa_v3_20260821/tools/sipnet_v2.2.0-3ccc41c","/projectnb/dietzelab/ccmmf/usr/akash/statewide_cover/statewide_events_first100_20260914"
"302976","tillage_zero","staged","/projectnb/dietzelab/ccmmf/usr/akash/statewide_matrix/setup_v1/runs/302976/tillage_zero","/projectnb/dietzelab/ccmmf/usr/akash/calval_sa_v3_20260821/tools/sipnet_v2.2.0-3ccc41c","/projectnb/dietzelab/ccmmf/usr/akash/statewide_cover/statewide_events_first100_20260914"
"453786","fertilizer_reference","staged","/projectnb/dietzelab/ccmmf/usr/akash/statewide_matrix/setup_v1/runs/453786/fertilizer_reference","/projectnb/dietzelab/ccmmf/usr/akash/calval_sa_v3_20260821/tools/sipnet_v2.2.0-3ccc41c","/projectnb/dietzelab/ccmmf/usr/akash/statewide_cover/statewide_events_first100_20260914"
"453786","mineral_N_half","staged","/projectnb/dietzelab/ccmmf/usr/akash/statewide_matrix/setup_v1/runs/453786/mineral_N_half","/projectnb/dietzelab/ccmmf/usr/akash/calval_sa_v3_20260821/tools/sipnet_v2.2.0-3ccc41c","/projectnb/dietzelab/ccmmf/usr/akash/statewide_cover/statewide_events_first100_20260914"
"453786","mineral_N_one_half","staged","/projectnb/dietzelab/ccmmf/usr/akash/statewide_matrix/setup_v1/runs/453786/mineral_N_one_half","/projectnb/dietzelab/ccmmf/usr/akash/calval_sa_v3_20260821/tools/sipnet_v2.2.0-3ccc41c","/projectnb/dietzelab/ccmmf/usr/akash/statewide_cover/statewide_events_first100_20260914"
"453786","mineral_N_zero","staged","/projectnb/dietzelab/ccmmf/usr/akash/statewide_matrix/setup_v1/runs/453786/mineral_N_zero","/projectnb/dietzelab/ccmmf/usr/akash/calval_sa_v3_20260821/tools/sipnet_v2.2.0-3ccc41c","/projectnb/dietzelab/ccmmf/usr/akash/statewide_cover/statewide_events_first100_20260914"
"453786","organic_substitution","staged","/projectnb/dietzelab/ccmmf/usr/akash/statewide_matrix/setup_v1/runs/453786/organic_substitution","/projectnb/dietzelab/ccmmf/usr/akash/calval_sa_v3_20260821/tools/sipnet_v2.2.0-3ccc41c","/projectnb/dietzelab/ccmmf/usr/akash/statewide_cover/statewide_events_first100_20260914"
"453786","tillage_reduced","staged","/projectnb/dietzelab/ccmmf/usr/akash/statewide_matrix/setup_v1/runs/453786/tillage_reduced","/projectnb/dietzelab/ccmmf/usr/akash/calval_sa_v3_20260821/tools/sipnet_v2.2.0-3ccc41c","/projectnb/dietzelab/ccmmf/usr/akash/statewide_cover/statewide_events_first100_20260914"
"453786","tillage_reference","staged","/projectnb/dietzelab/ccmmf/usr/akash/statewide_matrix/setup_v1/runs/453786/tillage_reference","/projectnb/dietzelab/ccmmf/usr/akash/calval_sa_v3_20260821/tools/sipnet_v2.2.0-3ccc41c","/projectnb/dietzelab/ccmmf/usr/akash/statewide_cover/statewide_events_first100_20260914"
"453786","tillage_zero","staged","/projectnb/dietzelab/ccmmf/usr/akash/statewide_matrix/setup_v1/runs/453786/tillage_zero","/projectnb/dietzelab/ccmmf/usr/akash/calval_sa_v3_20260821/tools/sipnet_v2.2.0-3ccc41c","/projectnb/dietzelab/ccmmf/usr/akash/statewide_cover/statewide_events_first100_20260914"
"336904","cover_annual","staged","/projectnb/dietzelab/ccmmf/usr/akash/statewide_matrix/setup_v1/runs/336904/cover_annual","/projectnb/dietzelab/ccmmf/usr/akash/calval_sa_v3_20260821/tools/sipnet_v2.2.0-3ccc41c","/projectnb/dietzelab/ccmmf/usr/akash/statewide_cover/statewide_events_first100_20260914"
"336904","cover_none","staged","/projectnb/dietzelab/ccmmf/usr/akash/statewide_matrix/setup_v1/runs/336904/cover_none","/projectnb/dietzelab/ccmmf/usr/akash/calval_sa_v3_20260821/tools/sipnet_v2.2.0-3ccc41c","/projectnb/dietzelab/ccmmf/usr/akash/statewide_cover/statewide_events_first100_20260914"
"336904","fertilizer_reference","staged","/projectnb/dietzelab/ccmmf/usr/akash/statewide_matrix/setup_v1/runs/336904/fertilizer_reference","/projectnb/dietzelab/ccmmf/usr/akash/calval_sa_v3_20260821/tools/sipnet_v2.2.0-3ccc41c","/projectnb/dietzelab/ccmmf/usr/akash/statewide_cover/statewide_events_first100_20260914"
"336904","mineral_N_half","staged","/projectnb/dietzelab/ccmmf/usr/akash/statewide_matrix/setup_v1/runs/336904/mineral_N_half","/projectnb/dietzelab/ccmmf/usr/akash/calval_sa_v3_20260821/tools/sipnet_v2.2.0-3ccc41c","/projectnb/dietzelab/ccmmf/usr/akash/statewide_cover/statewide_events_first100_20260914"
"336904","mineral_N_one_half","staged","/projectnb/dietzelab/ccmmf/usr/akash/statewide_matrix/setup_v1/runs/336904/mineral_N_one_half","/projectnb/dietzelab/ccmmf/usr/akash/calval_sa_v3_20260821/tools/sipnet_v2.2.0-3ccc41c","/projectnb/dietzelab/ccmmf/usr/akash/statewide_cover/statewide_events_first100_20260914"
"336904","mineral_N_zero","staged","/projectnb/dietzelab/ccmmf/usr/akash/statewide_matrix/setup_v1/runs/336904/mineral_N_zero","/projectnb/dietzelab/ccmmf/usr/akash/calval_sa_v3_20260821/tools/sipnet_v2.2.0-3ccc41c","/projectnb/dietzelab/ccmmf/usr/akash/statewide_cover/statewide_events_first100_20260914"
"336904","organic_substitution","staged","/projectnb/dietzelab/ccmmf/usr/akash/statewide_matrix/setup_v1/runs/336904/organic_substitution","/projectnb/dietzelab/ccmmf/usr/akash/calval_sa_v3_20260821/tools/sipnet_v2.2.0-3ccc41c","/projectnb/dietzelab/ccmmf/usr/akash/statewide_cover/statewide_events_first100_20260914"
"336904","tillage_reduced","staged","/projectnb/dietzelab/ccmmf/usr/akash/statewide_matrix/setup_v1/runs/336904/tillage_reduced","/projectnb/dietzelab/ccmmf/usr/akash/calval_sa_v3_20260821/tools/sipnet_v2.2.0-3ccc41c","/projectnb/dietzelab/ccmmf/usr/akash/statewide_cover/statewide_events_first100_20260914"
"336904","tillage_reference","staged","/projectnb/dietzelab/ccmmf/usr/akash/statewide_matrix/setup_v1/runs/336904/tillage_reference","/projectnb/dietzelab/ccmmf/usr/akash/calval_sa_v3_20260821/tools/sipnet_v2.2.0-3ccc41c","/projectnb/dietzelab/ccmmf/usr/akash/statewide_cover/statewide_events_first100_20260914"
"336904","tillage_zero","staged","/projectnb/dietzelab/ccmmf/usr/akash/statewide_matrix/setup_v1/runs/336904/tillage_zero","/projectnb/dietzelab/ccmmf/usr/akash/calval_sa_v3_20260821/tools/sipnet_v2.2.0-3ccc41c","/projectnb/dietzelab/ccmmf/usr/akash/statewide_cover/statewide_events_first100_20260914"
"535040","cover_annual","staged","/projectnb/dietzelab/ccmmf/usr/akash/statewide_matrix/setup_v1/runs/535040/cover_annual","/projectnb/dietzelab/ccmmf/usr/akash/calval_sa_v3_20260821/tools/sipnet_v2.2.0-3ccc41c","/projectnb/dietzelab/ccmmf/usr/akash/statewide_cover/statewide_events_first100_20260914"
"535040","cover_none","staged","/projectnb/dietzelab/ccmmf/usr/akash/statewide_matrix/setup_v1/runs/535040/cover_none","/projectnb/dietzelab/ccmmf/usr/akash/calval_sa_v3_20260821/tools/sipnet_v2.2.0-3ccc41c","/projectnb/dietzelab/ccmmf/usr/akash/statewide_cover/statewide_events_first100_20260914"
"535040","fertilizer_reference","staged","/projectnb/dietzelab/ccmmf/usr/akash/statewide_matrix/setup_v1/runs/535040/fertilizer_reference","/projectnb/dietzelab/ccmmf/usr/akash/calval_sa_v3_20260821/tools/sipnet_v2.2.0-3ccc41c","/projectnb/dietzelab/ccmmf/usr/akash/statewide_cover/statewide_events_first100_20260914"
"535040","mineral_N_half","staged","/projectnb/dietzelab/ccmmf/usr/akash/statewide_matrix/setup_v1/runs/535040/mineral_N_half","/projectnb/dietzelab/ccmmf/usr/akash/calval_sa_v3_20260821/tools/sipnet_v2.2.0-3ccc41c","/projectnb/dietzelab/ccmmf/usr/akash/statewide_cover/statewide_events_first100_20260914"
"535040","mineral_N_one_half","staged","/projectnb/dietzelab/ccmmf/usr/akash/statewide_matrix/setup_v1/runs/535040/mineral_N_one_half","/projectnb/dietzelab/ccmmf/usr/akash/calval_sa_v3_20260821/tools/sipnet_v2.2.0-3ccc41c","/projectnb/dietzelab/ccmmf/usr/akash/statewide_cover/statewide_events_first100_20260914"
"535040","mineral_N_zero","staged","/projectnb/dietzelab/ccmmf/usr/akash/statewide_matrix/setup_v1/runs/535040/mineral_N_zero","/projectnb/dietzelab/ccmmf/usr/akash/calval_sa_v3_20260821/tools/sipnet_v2.2.0-3ccc41c","/projectnb/dietzelab/ccmmf/usr/akash/statewide_cover/statewide_events_first100_20260914"
"535040","organic_substitution","staged","/projectnb/dietzelab/ccmmf/usr/akash/statewide_matrix/setup_v1/runs/535040/organic_substitution","/projectnb/dietzelab/ccmmf/usr/akash/calval_sa_v3_20260821/tools/sipnet_v2.2.0-3ccc41c","/projectnb/dietzelab/ccmmf/usr/akash/statewide_cover/statewide_events_first100_20260914"
"535040","tillage_reduced","staged","/projectnb/dietzelab/ccmmf/usr/akash/statewide_matrix/setup_v1/runs/535040/tillage_reduced","/projectnb/dietzelab/ccmmf/usr/akash/calval_sa_v3_20260821/tools/sipnet_v2.2.0-3ccc41c","/projectnb/dietzelab/ccmmf/usr/akash/statewide_cover/statewide_events_first100_20260914"
"535040","tillage_reference","staged","/projectnb/dietzelab/ccmmf/usr/akash/statewide_matrix/setup_v1/runs/535040/tillage_reference","/projectnb/dietzelab/ccmmf/usr/akash/calval_sa_v3_20260821/tools/sipnet_v2.2.0-3ccc41c","/projectnb/dietzelab/ccmmf/usr/akash/statewide_cover/statewide_events_first100_20260914"
"535040","tillage_zero","staged","/projectnb/dietzelab/ccmmf/usr/akash/statewide_matrix/setup_v1/runs/535040/tillage_zero","/projectnb/dietzelab/ccmmf/usr/akash/calval_sa_v3_20260821/tools/sipnet_v2.2.0-3ccc41c","/projectnb/dietzelab/ccmmf/usr/akash/statewide_cover/statewide_events_first100_20260914"
"212287","cover_annual","staged","/projectnb/dietzelab/ccmmf/usr/akash/statewide_matrix/setup_v1/runs/212287/cover_annual","/projectnb/dietzelab/ccmmf/usr/akash/calval_sa_v3_20260821/tools/sipnet_v2.2.0-3ccc41c","/projectnb/dietzelab/ccmmf/usr/akash/statewide_cover/statewide_events_first100_20260914"
"212287","cover_none","staged","/projectnb/dietzelab/ccmmf/usr/akash/statewide_matrix/setup_v1/runs/212287/cover_none","/projectnb/dietzelab/ccmmf/usr/akash/calval_sa_v3_20260821/tools/sipnet_v2.2.0-3ccc41c","/projectnb/dietzelab/ccmmf/usr/akash/statewide_cover/statewide_events_first100_20260914"
"212287","fertilizer_reference","staged","/projectnb/dietzelab/ccmmf/usr/akash/statewide_matrix/setup_v1/runs/212287/fertilizer_reference","/projectnb/dietzelab/ccmmf/usr/akash/calval_sa_v3_20260821/tools/sipnet_v2.2.0-3ccc41c","/projectnb/dietzelab/ccmmf/usr/akash/statewide_cover/statewide_events_first100_20260914"
"212287","mineral_N_half","staged","/projectnb/dietzelab/ccmmf/usr/akash/statewide_matrix/setup_v1/runs/212287/mineral_N_half","/projectnb/dietzelab/ccmmf/usr/akash/calval_sa_v3_20260821/tools/sipnet_v2.2.0-3ccc41c","/projectnb/dietzelab/ccmmf/usr/akash/statewide_cover/statewide_events_first100_20260914"
"212287","mineral_N_one_half","staged","/projectnb/dietzelab/ccmmf/usr/akash/statewide_matrix/setup_v1/runs/212287/mineral_N_one_half","/projectnb/dietzelab/ccmmf/usr/akash/calval_sa_v3_20260821/tools/sipnet_v2.2.0-3ccc41c","/projectnb/dietzelab/ccmmf/usr/akash/statewide_cover/statewide_events_first100_20260914"
"212287","mineral_N_zero","staged","/projectnb/dietzelab/ccmmf/usr/akash/statewide_matrix/setup_v1/runs/212287/mineral_N_zero","/projectnb/dietzelab/ccmmf/usr/akash/calval_sa_v3_20260821/tools/sipnet_v2.2.0-3ccc41c","/projectnb/dietzelab/ccmmf/usr/akash/statewide_cover/statewide_events_first100_20260914"
"212287","organic_substitution","staged","/projectnb/dietzelab/ccmmf/usr/akash/statewide_matrix/setup_v1/runs/212287/organic_substitution","/projectnb/dietzelab/ccmmf/usr/akash/calval_sa_v3_20260821/tools/sipnet_v2.2.0-3ccc41c","/projectnb/dietzelab/ccmmf/usr/akash/statewide_cover/statewide_events_first100_20260914"
"212287","tillage_reduced","staged","/projectnb/dietzelab/ccmmf/usr/akash/statewide_matrix/setup_v1/runs/212287/tillage_reduced","/projectnb/dietzelab/ccmmf/usr/akash/calval_sa_v3_20260821/tools/sipnet_v2.2.0-3ccc41c","/projectnb/dietzelab/ccmmf/usr/akash/statewide_cover/statewide_events_first100_20260914"
"212287","tillage_reference","staged","/projectnb/dietzelab/ccmmf/usr/akash/statewide_matrix/setup_v1/runs/212287/tillage_reference","/projectnb/dietzelab/ccmmf/usr/akash/calval_sa_v3_20260821/tools/sipnet_v2.2.0-3ccc41c","/projectnb/dietzelab/ccmmf/usr/akash/statewide_cover/statewide_events_first100_20260914"
"212287","tillage_zero","staged","/projectnb/dietzelab/ccmmf/usr/akash/statewide_matrix/setup_v1/runs/212287/tillage_zero","/projectnb/dietzelab/ccmmf/usr/akash/calval_sa_v3_20260821/tools/sipnet_v2.2.0-3ccc41c","/projectnb/dietzelab/ccmmf/usr/akash/statewide_cover/statewide_events_first100_20260914"
"549173","fertilizer_reference","staged","/projectnb/dietzelab/ccmmf/usr/akash/statewide_matrix/setup_v1/runs/549173/fertilizer_reference","/projectnb/dietzelab/ccmmf/usr/akash/calval_sa_v3_20260821/tools/sipnet_v2.2.0-3ccc41c","/projectnb/dietzelab/ccmmf/usr/akash/statewide_cover/statewide_events_first100_20260914"
"549173","mineral_N_half","staged","/projectnb/dietzelab/ccmmf/usr/akash/statewide_matrix/setup_v1/runs/549173/mineral_N_half","/projectnb/dietzelab/ccmmf/usr/akash/calval_sa_v3_20260821/tools/sipnet_v2.2.0-3ccc41c","/projectnb/dietzelab/ccmmf/usr/akash/statewide_cover/statewide_events_first100_20260914"
"549173","mineral_N_one_half","staged","/projectnb/dietzelab/ccmmf/usr/akash/statewide_matrix/setup_v1/runs/549173/mineral_N_one_half","/projectnb/dietzelab/ccmmf/usr/akash/calval_sa_v3_20260821/tools/sipnet_v2.2.0-3ccc41c","/projectnb/dietzelab/ccmmf/usr/akash/statewide_cover/statewide_events_first100_20260914"
"549173","mineral_N_zero","staged","/projectnb/dietzelab/ccmmf/usr/akash/statewide_matrix/setup_v1/runs/549173/mineral_N_zero","/projectnb/dietzelab/ccmmf/usr/akash/calval_sa_v3_20260821/tools/sipnet_v2.2.0-3ccc41c","/projectnb/dietzelab/ccmmf/usr/akash/statewide_cover/statewide_events_first100_20260914"
"549173","organic_substitution","staged","/projectnb/dietzelab/ccmmf/usr/akash/statewide_matrix/setup_v1/runs/549173/organic_substitution","/projectnb/dietzelab/ccmmf/usr/akash/calval_sa_v3_20260821/tools/sipnet_v2.2.0-3ccc41c","/projectnb/dietzelab/ccmmf/usr/akash/statewide_cover/statewide_events_first100_20260914"
"549173","tillage_reduced","staged","/projectnb/dietzelab/ccmmf/usr/akash/statewide_matrix/setup_v1/runs/549173/tillage_reduced","/projectnb/dietzelab/ccmmf/usr/akash/calval_sa_v3_20260821/tools/sipnet_v2.2.0-3ccc41c","/projectnb/dietzelab/ccmmf/usr/akash/statewide_cover/statewide_events_first100_20260914"
"549173","tillage_reference","staged","/projectnb/dietzelab/ccmmf/usr/akash/statewide_matrix/setup_v1/runs/549173/tillage_reference","/projectnb/dietzelab/ccmmf/usr/akash/calval_sa_v3_20260821/tools/sipnet_v2.2.0-3ccc41c","/projectnb/dietzelab/ccmmf/usr/akash/statewide_cover/statewide_events_first100_20260914"
"549173","tillage_zero","staged","/projectnb/dietzelab/ccmmf/usr/akash/statewide_matrix/setup_v1/runs/549173/tillage_zero","/projectnb/dietzelab/ccmmf/usr/akash/calval_sa_v3_20260821/tools/sipnet_v2.2.0-3ccc41c","/projectnb/dietzelab/ccmmf/usr/akash/statewide_cover/statewide_events_first100_20260914"
"107465","fertilizer_reference","staged","/projectnb/dietzelab/ccmmf/usr/akash/statewide_matrix/setup_v1/runs/107465/fertilizer_reference","/projectnb/dietzelab/ccmmf/usr/akash/calval_sa_v3_20260821/tools/sipnet_v2.2.0-3ccc41c","/projectnb/dietzelab/ccmmf/usr/akash/statewide_cover/statewide_events_first100_20260914"
"107465","mineral_N_half","staged","/projectnb/dietzelab/ccmmf/usr/akash/statewide_matrix/setup_v1/runs/107465/mineral_N_half","/projectnb/dietzelab/ccmmf/usr/akash/calval_sa_v3_20260821/tools/sipnet_v2.2.0-3ccc41c","/projectnb/dietzelab/ccmmf/usr/akash/statewide_cover/statewide_events_first100_20260914"
"107465","mineral_N_one_half","staged","/projectnb/dietzelab/ccmmf/usr/akash/statewide_matrix/setup_v1/runs/107465/mineral_N_one_half","/projectnb/dietzelab/ccmmf/usr/akash/calval_sa_v3_20260821/tools/sipnet_v2.2.0-3ccc41c","/projectnb/dietzelab/ccmmf/usr/akash/statewide_cover/statewide_events_first100_20260914"
"107465","mineral_N_zero","staged","/projectnb/dietzelab/ccmmf/usr/akash/statewide_matrix/setup_v1/runs/107465/mineral_N_zero","/projectnb/dietzelab/ccmmf/usr/akash/calval_sa_v3_20260821/tools/sipnet_v2.2.0-3ccc41c","/projectnb/dietzelab/ccmmf/usr/akash/statewide_cover/statewide_events_first100_20260914"
"107465","organic_substitution","staged","/projectnb/dietzelab/ccmmf/usr/akash/statewide_matrix/setup_v1/runs/107465/organic_substitution","/projectnb/dietzelab/ccmmf/usr/akash/calval_sa_v3_20260821/tools/sipnet_v2.2.0-3ccc41c","/projectnb/dietzelab/ccmmf/usr/akash/statewide_cover/statewide_events_first100_20260914"
"107465","tillage_reduced","staged","/projectnb/dietzelab/ccmmf/usr/akash/statewide_matrix/setup_v1/runs/107465/tillage_reduced","/projectnb/dietzelab/ccmmf/usr/akash/calval_sa_v3_20260821/tools/sipnet_v2.2.0-3ccc41c","/projectnb/dietzelab/ccmmf/usr/akash/statewide_cover/statewide_events_first100_20260914"
"107465","tillage_reference","staged","/projectnb/dietzelab/ccmmf/usr/akash/statewide_matrix/setup_v1/runs/107465/tillage_reference","/projectnb/dietzelab/ccmmf/usr/akash/calval_sa_v3_20260821/tools/sipnet_v2.2.0-3ccc41c","/projectnb/dietzelab/ccmmf/usr/akash/statewide_cover/statewide_events_first100_20260914"
"107465","tillage_zero","staged","/projectnb/dietzelab/ccmmf/usr/akash/statewide_matrix/setup_v1/runs/107465/tillage_zero","/projectnb/dietzelab/ccmmf/usr/akash/calval_sa_v3_20260821/tools/sipnet_v2.2.0-3ccc41c","/projectnb/dietzelab/ccmmf/usr/akash/statewide_cover/statewide_events_first100_20260914"
"555182","fertilizer_reference","staged","/projectnb/dietzelab/ccmmf/usr/akash/statewide_matrix/setup_v1/runs/555182/fertilizer_reference","/projectnb/dietzelab/ccmmf/usr/akash/calval_sa_v3_20260821/tools/sipnet_v2.2.0-3ccc41c","/projectnb/dietzelab/ccmmf/usr/akash/statewide_cover/statewide_events_first100_20260914"
"555182","mineral_N_half","staged","/projectnb/dietzelab/ccmmf/usr/akash/statewide_matrix/setup_v1/runs/555182/mineral_N_half","/projectnb/dietzelab/ccmmf/usr/akash/calval_sa_v3_20260821/tools/sipnet_v2.2.0-3ccc41c","/projectnb/dietzelab/ccmmf/usr/akash/statewide_cover/statewide_events_first100_20260914"
"555182","mineral_N_one_half","staged","/projectnb/dietzelab/ccmmf/usr/akash/statewide_matrix/setup_v1/runs/555182/mineral_N_one_half","/projectnb/dietzelab/ccmmf/usr/akash/calval_sa_v3_20260821/tools/sipnet_v2.2.0-3ccc41c","/projectnb/dietzelab/ccmmf/usr/akash/statewide_cover/statewide_events_first100_20260914"
"555182","mineral_N_zero","staged","/projectnb/dietzelab/ccmmf/usr/akash/statewide_matrix/setup_v1/runs/555182/mineral_N_zero","/projectnb/dietzelab/ccmmf/usr/akash/calval_sa_v3_20260821/tools/sipnet_v2.2.0-3ccc41c","/projectnb/dietzelab/ccmmf/usr/akash/statewide_cover/statewide_events_first100_20260914"
"555182","organic_substitution","staged","/projectnb/dietzelab/ccmmf/usr/akash/statewide_matrix/setup_v1/runs/555182/organic_substitution","/projectnb/dietzelab/ccmmf/usr/akash/calval_sa_v3_20260821/tools/sipnet_v2.2.0-3ccc41c","/projectnb/dietzelab/ccmmf/usr/akash/statewide_cover/statewide_events_first100_20260914"
"555182","tillage_reduced","staged","/projectnb/dietzelab/ccmmf/usr/akash/statewide_matrix/setup_v1/runs/555182/tillage_reduced","/projectnb/dietzelab/ccmmf/usr/akash/calval_sa_v3_20260821/tools/sipnet_v2.2.0-3ccc41c","/projectnb/dietzelab/ccmmf/usr/akash/statewide_cover/statewide_events_first100_20260914"
"555182","tillage_reference","staged","/projectnb/dietzelab/ccmmf/usr/akash/statewide_matrix/setup_v1/runs/555182/tillage_reference","/projectnb/dietzelab/ccmmf/usr/akash/calval_sa_v3_20260821/tools/sipnet_v2.2.0-3ccc41c","/projectnb/dietzelab/ccmmf/usr/akash/statewide_cover/statewide_events_first100_20260914"
"555182","tillage_zero","staged","/projectnb/dietzelab/ccmmf/usr/akash/statewide_matrix/setup_v1/runs/555182/tillage_zero","/projectnb/dietzelab/ccmmf/usr/akash/calval_sa_v3_20260821/tools/sipnet_v2.2.0-3ccc41c","/projectnb/dietzelab/ccmmf/usr/akash/statewide_cover/statewide_events_first100_20260914"
"372700","cover_annual","staged","/projectnb/dietzelab/ccmmf/usr/akash/statewide_matrix/setup_v1/runs/372700/cover_annual","/projectnb/dietzelab/ccmmf/usr/akash/calval_sa_v3_20260821/tools/sipnet_v2.2.0-3ccc41c","/projectnb/dietzelab/ccmmf/usr/akash/statewide_cover/statewide_events_first100_20260914"
"372700","cover_none","staged","/projectnb/dietzelab/ccmmf/usr/akash/statewide_matrix/setup_v1/runs/372700/cover_none","/projectnb/dietzelab/ccmmf/usr/akash/calval_sa_v3_20260821/tools/sipnet_v2.2.0-3ccc41c","/projectnb/dietzelab/ccmmf/usr/akash/statewide_cover/statewide_events_first100_20260914"
"372700","fertilizer_reference","staged","/projectnb/dietzelab/ccmmf/usr/akash/statewide_matrix/setup_v1/runs/372700/fertilizer_reference","/projectnb/dietzelab/ccmmf/usr/akash/calval_sa_v3_20260821/tools/sipnet_v2.2.0-3ccc41c","/projectnb/dietzelab/ccmmf/usr/akash/statewide_cover/statewide_events_first100_20260914"
"372700","mineral_N_half","staged","/projectnb/dietzelab/ccmmf/usr/akash/statewide_matrix/setup_v1/runs/372700/mineral_N_half","/projectnb/dietzelab/ccmmf/usr/akash/calval_sa_v3_20260821/tools/sipnet_v2.2.0-3ccc41c","/projectnb/dietzelab/ccmmf/usr/akash/statewide_cover/statewide_events_first100_20260914"
"372700","mineral_N_one_half","staged","/projectnb/dietzelab/ccmmf/usr/akash/statewide_matrix/setup_v1/runs/372700/mineral_N_one_half","/projectnb/dietzelab/ccmmf/usr/akash/calval_sa_v3_20260821/tools/sipnet_v2.2.0-3ccc41c","/projectnb/dietzelab/ccmmf/usr/akash/statewide_cover/statewide_events_first100_20260914"
"372700","mineral_N_zero","staged","/projectnb/dietzelab/ccmmf/usr/akash/statewide_matrix/setup_v1/runs/372700/mineral_N_zero","/projectnb/dietzelab/ccmmf/usr/akash/calval_sa_v3_20260821/tools/sipnet_v2.2.0-3ccc41c","/projectnb/dietzelab/ccmmf/usr/akash/statewide_cover/statewide_events_first100_20260914"
"372700","organic_substitution","staged","/projectnb/dietzelab/ccmmf/usr/akash/statewide_matrix/setup_v1/runs/372700/organic_substitution","/projectnb/dietzelab/ccmmf/usr/akash/calval_sa_v3_20260821/tools/sipnet_v2.2.0-3ccc41c","/projectnb/dietzelab/ccmmf/usr/akash/statewide_cover/statewide_events_first100_20260914"
"372700","tillage_reduced","staged","/projectnb/dietzelab/ccmmf/usr/akash/statewide_matrix/setup_v1/runs/372700/tillage_reduced","/projectnb/dietzelab/ccmmf/usr/akash/calval_sa_v3_20260821/tools/sipnet_v2.2.0-3ccc41c","/projectnb/dietzelab/ccmmf/usr/akash/statewide_cover/statewide_events_first100_20260914"
"372700","tillage_reference","staged","/projectnb/dietzelab/ccmmf/usr/akash/statewide_matrix/setup_v1/runs/372700/tillage_reference","/projectnb/dietzelab/ccmmf/usr/akash/calval_sa_v3_20260821/tools/sipnet_v2.2.0-3ccc41c","/projectnb/dietzelab/ccmmf/usr/akash/statewide_cover/statewide_events_first100_20260914"
"372700","tillage_zero","staged","/projectnb/dietzelab/ccmmf/usr/akash/statewide_matrix/setup_v1/runs/372700/tillage_zero","/projectnb/dietzelab/ccmmf/usr/akash/calval_sa_v3_20260821/tools/sipnet_v2.2.0-3ccc41c","/projectnb/dietzelab/ccmmf/usr/akash/statewide_cover/statewide_events_first100_20260914"
"313780","fertilizer_reference","staged","/projectnb/dietzelab/ccmmf/usr/akash/statewide_matrix/setup_v1/runs/313780/fertilizer_reference","/projectnb/dietzelab/ccmmf/usr/akash/calval_sa_v3_20260821/tools/sipnet_v2.2.0-3ccc41c","/projectnb/dietzelab/ccmmf/usr/akash/statewide_cover/statewide_events_first100_20260914"
"313780","mineral_N_half","staged","/projectnb/dietzelab/ccmmf/usr/akash/statewide_matrix/setup_v1/runs/313780/mineral_N_half","/projectnb/dietzelab/ccmmf/usr/akash/calval_sa_v3_20260821/tools/sipnet_v2.2.0-3ccc41c","/projectnb/dietzelab/ccmmf/usr/akash/statewide_cover/statewide_events_first100_20260914"
"313780","mineral_N_one_half","staged","/projectnb/dietzelab/ccmmf/usr/akash/statewide_matrix/setup_v1/runs/313780/mineral_N_one_half","/projectnb/dietzelab/ccmmf/usr/akash/calval_sa_v3_20260821/tools/sipnet_v2.2.0-3ccc41c","/projectnb/dietzelab/ccmmf/usr/akash/statewide_cover/statewide_events_first100_20260914"
"313780","mineral_N_zero","staged","/projectnb/dietzelab/ccmmf/usr/akash/statewide_matrix/setup_v1/runs/313780/mineral_N_zero","/projectnb/dietzelab/ccmmf/usr/akash/calval_sa_v3_20260821/tools/sipnet_v2.2.0-3ccc41c","/projectnb/dietzelab/ccmmf/usr/akash/statewide_cover/statewide_events_first100_20260914"
"313780","organic_substitution","staged","/projectnb/dietzelab/ccmmf/usr/akash/statewide_matrix/setup_v1/runs/313780/organic_substitution","/projectnb/dietzelab/ccmmf/usr/akash/calval_sa_v3_20260821/tools/sipnet_v2.2.0-3ccc41c","/projectnb/dietzelab/ccmmf/usr/akash/statewide_cover/statewide_events_first100_20260914"
"313780","tillage_reduced","staged","/projectnb/dietzelab/ccmmf/usr/akash/statewide_matrix/setup_v1/runs/313780/tillage_reduced","/projectnb/dietzelab/ccmmf/usr/akash/calval_sa_v3_20260821/tools/sipnet_v2.2.0-3ccc41c","/projectnb/dietzelab/ccmmf/usr/akash/statewide_cover/statewide_events_first100_20260914"
"313780","tillage_reference","staged","/projectnb/dietzelab/ccmmf/usr/akash/statewide_matrix/setup_v1/runs/313780/tillage_reference","/projectnb/dietzelab/ccmmf/usr/akash/calval_sa_v3_20260821/tools/sipnet_v2.2.0-3ccc41c","/projectnb/dietzelab/ccmmf/usr/akash/statewide_cover/statewide_events_first100_20260914"
"313780","tillage_zero","staged","/projectnb/dietzelab/ccmmf/usr/akash/statewide_matrix/setup_v1/runs/313780/tillage_zero","/projectnb/dietzelab/ccmmf/usr/akash/calval_sa_v3_20260821/tools/sipnet_v2.2.0-3ccc41c","/projectnb/dietzelab/ccmmf/usr/akash/statewide_cover/statewide_events_first100_20260914"
"309355","cover_annual","staged","/projectnb/dietzelab/ccmmf/usr/akash/statewide_matrix/setup_v1/runs/309355/cover_annual","/projectnb/dietzelab/ccmmf/usr/akash/calval_sa_v3_20260821/tools/sipnet_v2.2.0-3ccc41c","/projectnb/dietzelab/ccmmf/usr/akash/statewide_cover/statewide_events_first100_20260914"
"309355","cover_none","staged","/projectnb/dietzelab/ccmmf/usr/akash/statewide_matrix/setup_v1/runs/309355/cover_none","/projectnb/dietzelab/ccmmf/usr/akash/calval_sa_v3_20260821/tools/sipnet_v2.2.0-3ccc41c","/projectnb/dietzelab/ccmmf/usr/akash/statewide_cover/statewide_events_first100_20260914"
"309355","fertilizer_reference","staged","/projectnb/dietzelab/ccmmf/usr/akash/statewide_matrix/setup_v1/runs/309355/fertilizer_reference","/projectnb/dietzelab/ccmmf/usr/akash/calval_sa_v3_20260821/tools/sipnet_v2.2.0-3ccc41c","/projectnb/dietzelab/ccmmf/usr/akash/statewide_cover/statewide_events_first100_20260914"
"309355","mineral_N_half","staged","/projectnb/dietzelab/ccmmf/usr/akash/statewide_matrix/setup_v1/runs/309355/mineral_N_half","/projectnb/dietzelab/ccmmf/usr/akash/calval_sa_v3_20260821/tools/sipnet_v2.2.0-3ccc41c","/projectnb/dietzelab/ccmmf/usr/akash/statewide_cover/statewide_events_first100_20260914"
"309355","mineral_N_one_half","staged","/projectnb/dietzelab/ccmmf/usr/akash/statewide_matrix/setup_v1/runs/309355/mineral_N_one_half","/projectnb/dietzelab/ccmmf/usr/akash/calval_sa_v3_20260821/tools/sipnet_v2.2.0-3ccc41c","/projectnb/dietzelab/ccmmf/usr/akash/statewide_cover/statewide_events_first100_20260914"
"309355","mineral_N_zero","staged","/projectnb/dietzelab/ccmmf/usr/akash/statewide_matrix/setup_v1/runs/309355/mineral_N_zero","/projectnb/dietzelab/ccmmf/usr/akash/calval_sa_v3_20260821/tools/sipnet_v2.2.0-3ccc41c","/projectnb/dietzelab/ccmmf/usr/akash/statewide_cover/statewide_events_first100_20260914"
"309355","organic_substitution","staged","/projectnb/dietzelab/ccmmf/usr/akash/statewide_matrix/setup_v1/runs/309355/organic_substitution","/projectnb/dietzelab/ccmmf/usr/akash/calval_sa_v3_20260821/tools/sipnet_v2.2.0-3ccc41c","/projectnb/dietzelab/ccmmf/usr/akash/statewide_cover/statewide_events_first100_20260914"
"309355","tillage_reduced","staged","/projectnb/dietzelab/ccmmf/usr/akash/statewide_matrix/setup_v1/runs/309355/tillage_reduced","/projectnb/dietzelab/ccmmf/usr/akash/calval_sa_v3_20260821/tools/sipnet_v2.2.0-3ccc41c","/projectnb/dietzelab/ccmmf/usr/akash/statewide_cover/statewide_events_first100_20260914"
"309355","tillage_reference","staged","/projectnb/dietzelab/ccmmf/usr/akash/statewide_matrix/setup_v1/runs/309355/tillage_reference","/projectnb/dietzelab/ccmmf/usr/akash/calval_sa_v3_20260821/tools/sipnet_v2.2.0-3ccc41c","/projectnb/dietzelab/ccmmf/usr/akash/statewide_cover/statewide_events_first100_20260914"
"309355","tillage_zero","staged","/projectnb/dietzelab/ccmmf/usr/akash/statewide_matrix/setup_v1/runs/309355/tillage_zero","/projectnb/dietzelab/ccmmf/usr/akash/calval_sa_v3_20260821/tools/sipnet_v2.2.0-3ccc41c","/projectnb/dietzelab/ccmmf/usr/akash/statewide_cover/statewide_events_first100_20260914"
"403505","cover_annual","staged","/projectnb/dietzelab/ccmmf/usr/akash/statewide_matrix/setup_v1/runs/403505/cover_annual","/projectnb/dietzelab/ccmmf/usr/akash/calval_sa_v3_20260821/tools/sipnet_v2.2.0-3ccc41c","/projectnb/dietzelab/ccmmf/usr/akash/statewide_cover/statewide_events_first100_20260914"
"403505","cover_none","staged","/projectnb/dietzelab/ccmmf/usr/akash/statewide_matrix/setup_v1/runs/403505/cover_none","/projectnb/dietzelab/ccmmf/usr/akash/calval_sa_v3_20260821/tools/sipnet_v2.2.0-3ccc41c","/projectnb/dietzelab/ccmmf/usr/akash/statewide_cover/statewide_events_first100_20260914"
"403505","fertilizer_reference","staged","/projectnb/dietzelab/ccmmf/usr/akash/statewide_matrix/setup_v1/runs/403505/fertilizer_reference","/projectnb/dietzelab/ccmmf/usr/akash/calval_sa_v3_20260821/tools/sipnet_v2.2.0-3ccc41c","/projectnb/dietzelab/ccmmf/usr/akash/statewide_cover/statewide_events_first100_20260914"
"403505","mineral_N_half","staged","/projectnb/dietzelab/ccmmf/usr/akash/statewide_matrix/setup_v1/runs/403505/mineral_N_half","/projectnb/dietzelab/ccmmf/usr/akash/calval_sa_v3_20260821/tools/sipnet_v2.2.0-3ccc41c","/projectnb/dietzelab/ccmmf/usr/akash/statewide_cover/statewide_events_first100_20260914"
"403505","mineral_N_one_half","staged","/projectnb/dietzelab/ccmmf/usr/akash/statewide_matrix/setup_v1/runs/403505/mineral_N_one_half","/projectnb/dietzelab/ccmmf/usr/akash/calval_sa_v3_20260821/tools/sipnet_v2.2.0-3ccc41c","/projectnb/dietzelab/ccmmf/usr/akash/statewide_cover/statewide_events_first100_20260914"
"403505","mineral_N_zero","staged","/projectnb/dietzelab/ccmmf/usr/akash/statewide_matrix/setup_v1/runs/403505/mineral_N_zero","/projectnb/dietzelab/ccmmf/usr/akash/calval_sa_v3_20260821/tools/sipnet_v2.2.0-3ccc41c","/projectnb/dietzelab/ccmmf/usr/akash/statewide_cover/statewide_events_first100_20260914"
"403505","organic_substitution","staged","/projectnb/dietzelab/ccmmf/usr/akash/statewide_matrix/setup_v1/runs/403505/organic_substitution","/projectnb/dietzelab/ccmmf/usr/akash/calval_sa_v3_20260821/tools/sipnet_v2.2.0-3ccc41c","/projectnb/dietzelab/ccmmf/usr/akash/statewide_cover/statewide_events_first100_20260914"
"403505","tillage_reduced","staged","/projectnb/dietzelab/ccmmf/usr/akash/statewide_matrix/setup_v1/runs/403505/tillage_reduced","/projectnb/dietzelab/ccmmf/usr/akash/calval_sa_v3_20260821/tools/sipnet_v2.2.0-3ccc41c","/projectnb/dietzelab/ccmmf/usr/akash/statewide_cover/statewide_events_first100_20260914"
"403505","tillage_reference","staged","/projectnb/dietzelab/ccmmf/usr/akash/statewide_matrix/setup_v1/runs/403505/tillage_reference","/projectnb/dietzelab/ccmmf/usr/akash/calval_sa_v3_20260821/tools/sipnet_v2.2.0-3ccc41c","/projectnb/dietzelab/ccmmf/usr/akash/statewide_cover/statewide_events_first100_20260914"
"403505","tillage_zero","staged","/projectnb/dietzelab/ccmmf/usr/akash/statewide_matrix/setup_v1/runs/403505/tillage_zero","/projectnb/dietzelab/ccmmf/usr/akash/calval_sa_v3_20260821/tools/sipnet_v2.2.0-3ccc41c","/projectnb/dietzelab/ccmmf/usr/akash/statewide_cover/statewide_events_first100_20260914"
"236386","fertilizer_reference","staged","/projectnb/dietzelab/ccmmf/usr/akash/statewide_matrix/setup_v1/runs/236386/fertilizer_reference","/projectnb/dietzelab/ccmmf/usr/akash/calval_sa_v3_20260821/tools/sipnet_v2.2.0-3ccc41c","/projectnb/dietzelab/ccmmf/usr/akash/statewide_cover/statewide_events_first100_20260914"
"236386","mineral_N_half","staged","/projectnb/dietzelab/ccmmf/usr/akash/statewide_matrix/setup_v1/runs/236386/mineral_N_half","/projectnb/dietzelab/ccmmf/usr/akash/calval_sa_v3_20260821/tools/sipnet_v2.2.0-3ccc41c","/projectnb/dietzelab/ccmmf/usr/akash/statewide_cover/statewide_events_first100_20260914"
"236386","mineral_N_one_half","staged","/projectnb/dietzelab/ccmmf/usr/akash/statewide_matrix/setup_v1/runs/236386/mineral_N_one_half","/projectnb/dietzelab/ccmmf/usr/akash/calval_sa_v3_20260821/tools/sipnet_v2.2.0-3ccc41c","/projectnb/dietzelab/ccmmf/usr/akash/statewide_cover/statewide_events_first100_20260914"
"236386","mineral_N_zero","staged","/projectnb/dietzelab/ccmmf/usr/akash/statewide_matrix/setup_v1/runs/236386/mineral_N_zero","/projectnb/dietzelab/ccmmf/usr/akash/calval_sa_v3_20260821/tools/sipnet_v2.2.0-3ccc41c","/projectnb/dietzelab/ccmmf/usr/akash/statewide_cover/statewide_events_first100_20260914"
"236386","organic_substitution","staged","/projectnb/dietzelab/ccmmf/usr/akash/statewide_matrix/setup_v1/runs/236386/organic_substitution","/projectnb/dietzelab/ccmmf/usr/akash/calval_sa_v3_20260821/tools/sipnet_v2.2.0-3ccc41c","/projectnb/dietzelab/ccmmf/usr/akash/statewide_cover/statewide_events_first100_20260914"
"236386","tillage_reduced","staged","/projectnb/dietzelab/ccmmf/usr/akash/statewide_matrix/setup_v1/runs/236386/tillage_reduced","/projectnb/dietzelab/ccmmf/usr/akash/calval_sa_v3_20260821/tools/sipnet_v2.2.0-3ccc41c","/projectnb/dietzelab/ccmmf/usr/akash/statewide_cover/statewide_events_first100_20260914"
"236386","tillage_reference","staged","/projectnb/dietzelab/ccmmf/usr/akash/statewide_matrix/setup_v1/runs/236386/tillage_reference","/projectnb/dietzelab/ccmmf/usr/akash/calval_sa_v3_20260821/tools/sipnet_v2.2.0-3ccc41c","/projectnb/dietzelab/ccmmf/usr/akash/statewide_cover/statewide_events_first100_20260914"
"236386","tillage_zero","staged","/projectnb/dietzelab/ccmmf/usr/akash/statewide_matrix/setup_v1/runs/236386/tillage_zero","/projectnb/dietzelab/ccmmf/usr/akash/calval_sa_v3_20260821/tools/sipnet_v2.2.0-3ccc41c","/projectnb/dietzelab/ccmmf/usr/akash/statewide_cover/statewide_events_first100_20260914"
"14956","cover_annual","staged","/projectnb/dietzelab/ccmmf/usr/akash/statewide_matrix/setup_v1/runs/14956/cover_annual","/projectnb/dietzelab/ccmmf/usr/akash/calval_sa_v3_20260821/tools/sipnet_v2.2.0-3ccc41c","/projectnb/dietzelab/ccmmf/usr/akash/statewide_cover/statewide_events_first100_20260914"
"14956","cover_none","staged","/projectnb/dietzelab/ccmmf/usr/akash/statewide_matrix/setup_v1/runs/14956/cover_none","/projectnb/dietzelab/ccmmf/usr/akash/calval_sa_v3_20260821/tools/sipnet_v2.2.0-3ccc41c","/projectnb/dietzelab/ccmmf/usr/akash/statewide_cover/statewide_events_first100_20260914"
"14956","fertilizer_reference","staged","/projectnb/dietzelab/ccmmf/usr/akash/statewide_matrix/setup_v1/runs/14956/fertilizer_reference","/projectnb/dietzelab/ccmmf/usr/akash/calval_sa_v3_20260821/tools/sipnet_v2.2.0-3ccc41c","/projectnb/dietzelab/ccmmf/usr/akash/statewide_cover/statewide_events_first100_20260914"
"14956","mineral_N_half","staged","/projectnb/dietzelab/ccmmf/usr/akash/statewide_matrix/setup_v1/runs/14956/mineral_N_half","/projectnb/dietzelab/ccmmf/usr/akash/calval_sa_v3_20260821/tools/sipnet_v2.2.0-3ccc41c","/projectnb/dietzelab/ccmmf/usr/akash/statewide_cover/statewide_events_first100_20260914"
"14956","mineral_N_one_half","staged","/projectnb/dietzelab/ccmmf/usr/akash/statewide_matrix/setup_v1/runs/14956/mineral_N_one_half","/projectnb/dietzelab/ccmmf/usr/akash/calval_sa_v3_20260821/tools/sipnet_v2.2.0-3ccc41c","/projectnb/dietzelab/ccmmf/usr/akash/statewide_cover/statewide_events_first100_20260914"
"14956","mineral_N_zero","staged","/projectnb/dietzelab/ccmmf/usr/akash/statewide_matrix/setup_v1/runs/14956/mineral_N_zero","/projectnb/dietzelab/ccmmf/usr/akash/calval_sa_v3_20260821/tools/sipnet_v2.2.0-3ccc41c","/projectnb/dietzelab/ccmmf/usr/akash/statewide_cover/statewide_events_first100_20260914"
"14956","organic_substitution","staged","/projectnb/dietzelab/ccmmf/usr/akash/statewide_matrix/setup_v1/runs/14956/organic_substitution","/projectnb/dietzelab/ccmmf/usr/akash/calval_sa_v3_20260821/tools/sipnet_v2.2.0-3ccc41c","/projectnb/dietzelab/ccmmf/usr/akash/statewide_cover/statewide_events_first100_20260914"
"14956","tillage_reduced","staged","/projectnb/dietzelab/ccmmf/usr/akash/statewide_matrix/setup_v1/runs/14956/tillage_reduced","/projectnb/dietzelab/ccmmf/usr/akash/calval_sa_v3_20260821/tools/sipnet_v2.2.0-3ccc41c","/projectnb/dietzelab/ccmmf/usr/akash/statewide_cover/statewide_events_first100_20260914"
"14956","tillage_reference","staged","/projectnb/dietzelab/ccmmf/usr/akash/statewide_matrix/setup_v1/runs/14956/tillage_reference","/projectnb/dietzelab/ccmmf/usr/akash/calval_sa_v3_20260821/tools/sipnet_v2.2.0-3ccc41c","/projectnb/dietzelab/ccmmf/usr/akash/statewide_cover/statewide_events_first100_20260914"
"14956","tillage_zero","staged","/projectnb/dietzelab/ccmmf/usr/akash/statewide_matrix/setup_v1/runs/14956/tillage_zero","/projectnb/dietzelab/ccmmf/usr/akash/calval_sa_v3_20260821/tools/sipnet_v2.2.0-3ccc41c","/projectnb/dietzelab/ccmmf/usr/akash/statewide_cover/statewide_events_first100_20260914"
"219229","cover_annual","staged","/projectnb/dietzelab/ccmmf/usr/akash/statewide_matrix/setup_v1/runs/219229/cover_annual","/projectnb/dietzelab/ccmmf/usr/akash/calval_sa_v3_20260821/tools/sipnet_v2.2.0-3ccc41c","/projectnb/dietzelab/ccmmf/usr/akash/statewide_cover/statewide_events_first100_20260914"
"219229","cover_none","staged","/projectnb/dietzelab/ccmmf/usr/akash/statewide_matrix/setup_v1/runs/219229/cover_none","/projectnb/dietzelab/ccmmf/usr/akash/calval_sa_v3_20260821/tools/sipnet_v2.2.0-3ccc41c","/projectnb/dietzelab/ccmmf/usr/akash/statewide_cover/statewide_events_first100_20260914"
"219229","fertilizer_reference","staged","/projectnb/dietzelab/ccmmf/usr/akash/statewide_matrix/setup_v1/runs/219229/fertilizer_reference","/projectnb/dietzelab/ccmmf/usr/akash/calval_sa_v3_20260821/tools/sipnet_v2.2.0-3ccc41c","/projectnb/dietzelab/ccmmf/usr/akash/statewide_cover/statewide_events_first100_20260914"
"219229","mineral_N_half","staged","/projectnb/dietzelab/ccmmf/usr/akash/statewide_matrix/setup_v1/runs/219229/mineral_N_half","/projectnb/dietzelab/ccmmf/usr/akash/calval_sa_v3_20260821/tools/sipnet_v2.2.0-3ccc41c","/projectnb/dietzelab/ccmmf/usr/akash/statewide_cover/statewide_events_first100_20260914"
"219229","mineral_N_one_half","staged","/projectnb/dietzelab/ccmmf/usr/akash/statewide_matrix/setup_v1/runs/219229/mineral_N_one_half","/projectnb/dietzelab/ccmmf/usr/akash/calval_sa_v3_20260821/tools/sipnet_v2.2.0-3ccc41c","/projectnb/dietzelab/ccmmf/usr/akash/statewide_cover/statewide_events_first100_20260914"
"219229","mineral_N_zero","staged","/projectnb/dietzelab/ccmmf/usr/akash/statewide_matrix/setup_v1/runs/219229/mineral_N_zero","/projectnb/dietzelab/ccmmf/usr/akash/calval_sa_v3_20260821/tools/sipnet_v2.2.0-3ccc41c","/projectnb/dietzelab/ccmmf/usr/akash/statewide_cover/statewide_events_first100_20260914"
"219229","organic_substitution","staged","/projectnb/dietzelab/ccmmf/usr/akash/statewide_matrix/setup_v1/runs/219229/organic_substitution","/projectnb/dietzelab/ccmmf/usr/akash/calval_sa_v3_20260821/tools/sipnet_v2.2.0-3ccc41c","/projectnb/dietzelab/ccmmf/usr/akash/statewide_cover/statewide_events_first100_20260914"
"219229","tillage_reduced","staged","/projectnb/dietzelab/ccmmf/usr/akash/statewide_matrix/setup_v1/runs/219229/tillage_reduced","/projectnb/dietzelab/ccmmf/usr/akash/calval_sa_v3_20260821/tools/sipnet_v2.2.0-3ccc41c","/projectnb/dietzelab/ccmmf/usr/akash/statewide_cover/statewide_events_first100_20260914"
"219229","tillage_reference","staged","/projectnb/dietzelab/ccmmf/usr/akash/statewide_matrix/setup_v1/runs/219229/tillage_reference","/projectnb/dietzelab/ccmmf/usr/akash/calval_sa_v3_20260821/tools/sipnet_v2.2.0-3ccc41c","/projectnb/dietzelab/ccmmf/usr/akash/statewide_cover/statewide_events_first100_20260914"
"219229","tillage_zero","staged","/projectnb/dietzelab/ccmmf/usr/akash/statewide_matrix/setup_v1/runs/219229/tillage_zero","/projectnb/dietzelab/ccmmf/usr/akash/calval_sa_v3_20260821/tools/sipnet_v2.2.0-3ccc41c","/projectnb/dietzelab/ccmmf/usr/akash/statewide_cover/statewide_events_first100_20260914"
"375119","cover_annual","staged","/projectnb/dietzelab/ccmmf/usr/akash/statewide_matrix/setup_v1/runs/375119/cover_annual","/projectnb/dietzelab/ccmmf/usr/akash/calval_sa_v3_20260821/tools/sipnet_v2.2.0-3ccc41c","/projectnb/dietzelab/ccmmf/usr/akash/statewide_cover/statewide_events_first100_20260914"
"375119","cover_none","staged","/projectnb/dietzelab/ccmmf/usr/akash/statewide_matrix/setup_v1/runs/375119/cover_none","/projectnb/dietzelab/ccmmf/usr/akash/calval_sa_v3_20260821/tools/sipnet_v2.2.0-3ccc41c","/projectnb/dietzelab/ccmmf/usr/akash/statewide_cover/statewide_events_first100_20260914"
"375119","fertilizer_reference","staged","/projectnb/dietzelab/ccmmf/usr/akash/statewide_matrix/setup_v1/runs/375119/fertilizer_reference","/projectnb/dietzelab/ccmmf/usr/akash/calval_sa_v3_20260821/tools/sipnet_v2.2.0-3ccc41c","/projectnb/dietzelab/ccmmf/usr/akash/statewide_cover/statewide_events_first100_20260914"
"375119","mineral_N_half","staged","/projectnb/dietzelab/ccmmf/usr/akash/statewide_matrix/setup_v1/runs/375119/mineral_N_half","/projectnb/dietzelab/ccmmf/usr/akash/calval_sa_v3_20260821/tools/sipnet_v2.2.0-3ccc41c","/projectnb/dietzelab/ccmmf/usr/akash/statewide_cover/statewide_events_first100_20260914"
"375119","mineral_N_one_half","staged","/projectnb/dietzelab/ccmmf/usr/akash/statewide_matrix/setup_v1/runs/375119/mineral_N_one_half","/projectnb/dietzelab/ccmmf/usr/akash/calval_sa_v3_20260821/tools/sipnet_v2.2.0-3ccc41c","/projectnb/dietzelab/ccmmf/usr/akash/statewide_cover/statewide_events_first100_20260914"
"375119","mineral_N_zero","staged","/projectnb/dietzelab/ccmmf/usr/akash/statewide_matrix/setup_v1/runs/375119/mineral_N_zero","/projectnb/dietzelab/ccmmf/usr/akash/calval_sa_v3_20260821/tools/sipnet_v2.2.0-3ccc41c","/projectnb/dietzelab/ccmmf/usr/akash/statewide_cover/statewide_events_first100_20260914"
"375119","organic_substitution","staged","/projectnb/dietzelab/ccmmf/usr/akash/statewide_matrix/setup_v1/runs/375119/organic_substitution","/projectnb/dietzelab/ccmmf/usr/akash/calval_sa_v3_20260821/tools/sipnet_v2.2.0-3ccc41c","/projectnb/dietzelab/ccmmf/usr/akash/statewide_cover/statewide_events_first100_20260914"
"375119","tillage_reduced","staged","/projectnb/dietzelab/ccmmf/usr/akash/statewide_matrix/setup_v1/runs/375119/tillage_reduced","/projectnb/dietzelab/ccmmf/usr/akash/calval_sa_v3_20260821/tools/sipnet_v2.2.0-3ccc41c","/projectnb/dietzelab/ccmmf/usr/akash/statewide_cover/statewide_events_first100_20260914"
"375119","tillage_reference","staged","/projectnb/dietzelab/ccmmf/usr/akash/statewide_matrix/setup_v1/runs/375119/tillage_reference","/projectnb/dietzelab/ccmmf/usr/akash/calval_sa_v3_20260821/tools/sipnet_v2.2.0-3ccc41c","/projectnb/dietzelab/ccmmf/usr/akash/statewide_cover/statewide_events_first100_20260914"
"375119","tillage_zero","staged","/projectnb/dietzelab/ccmmf/usr/akash/statewide_matrix/setup_v1/runs/375119/tillage_zero","/projectnb/dietzelab/ccmmf/usr/akash/calval_sa_v3_20260821/tools/sipnet_v2.2.0-3ccc41c","/projectnb/dietzelab/ccmmf/usr/akash/statewide_cover/statewide_events_first100_20260914"
"542872","cover_annual","staged","/projectnb/dietzelab/ccmmf/usr/akash/statewide_matrix/setup_v1/runs/542872/cover_annual","/projectnb/dietzelab/ccmmf/usr/akash/calval_sa_v3_20260821/tools/sipnet_v2.2.0-3ccc41c","/projectnb/dietzelab/ccmmf/usr/akash/statewide_cover/statewide_events_first100_20260914"
"542872","cover_none","staged","/projectnb/dietzelab/ccmmf/usr/akash/statewide_matrix/setup_v1/runs/542872/cover_none","/projectnb/dietzelab/ccmmf/usr/akash/calval_sa_v3_20260821/tools/sipnet_v2.2.0-3ccc41c","/projectnb/dietzelab/ccmmf/usr/akash/statewide_cover/statewide_events_first100_20260914"
"542872","fertilizer_reference","staged","/projectnb/dietzelab/ccmmf/usr/akash/statewide_matrix/setup_v1/runs/542872/fertilizer_reference","/projectnb/dietzelab/ccmmf/usr/akash/calval_sa_v3_20260821/tools/sipnet_v2.2.0-3ccc41c","/projectnb/dietzelab/ccmmf/usr/akash/statewide_cover/statewide_events_first100_20260914"
"542872","mineral_N_half","staged","/projectnb/dietzelab/ccmmf/usr/akash/statewide_matrix/setup_v1/runs/542872/mineral_N_half","/projectnb/dietzelab/ccmmf/usr/akash/calval_sa_v3_20260821/tools/sipnet_v2.2.0-3ccc41c","/projectnb/dietzelab/ccmmf/usr/akash/statewide_cover/statewide_events_first100_20260914"
"542872","mineral_N_one_half","staged","/projectnb/dietzelab/ccmmf/usr/akash/statewide_matrix/setup_v1/runs/542872/mineral_N_one_half","/projectnb/dietzelab/ccmmf/usr/akash/calval_sa_v3_20260821/tools/sipnet_v2.2.0-3ccc41c","/projectnb/dietzelab/ccmmf/usr/akash/statewide_cover/statewide_events_first100_20260914"
"542872","mineral_N_zero","staged","/projectnb/dietzelab/ccmmf/usr/akash/statewide_matrix/setup_v1/runs/542872/mineral_N_zero","/projectnb/dietzelab/ccmmf/usr/akash/calval_sa_v3_20260821/tools/sipnet_v2.2.0-3ccc41c","/projectnb/dietzelab/ccmmf/usr/akash/statewide_cover/statewide_events_first100_20260914"
"542872","organic_substitution","staged","/projectnb/dietzelab/ccmmf/usr/akash/statewide_matrix/setup_v1/runs/542872/organic_substitution","/projectnb/dietzelab/ccmmf/usr/akash/calval_sa_v3_20260821/tools/sipnet_v2.2.0-3ccc41c","/projectnb/dietzelab/ccmmf/usr/akash/statewide_cover/statewide_events_first100_20260914"
"542872","tillage_reduced","staged","/projectnb/dietzelab/ccmmf/usr/akash/statewide_matrix/setup_v1/runs/542872/tillage_reduced","/projectnb/dietzelab/ccmmf/usr/akash/calval_sa_v3_20260821/tools/sipnet_v2.2.0-3ccc41c","/projectnb/dietzelab/ccmmf/usr/akash/statewide_cover/statewide_events_first100_20260914"
"542872","tillage_reference","staged","/projectnb/dietzelab/ccmmf/usr/akash/statewide_matrix/setup_v1/runs/542872/tillage_reference","/projectnb/dietzelab/ccmmf/usr/akash/calval_sa_v3_20260821/tools/sipnet_v2.2.0-3ccc41c","/projectnb/dietzelab/ccmmf/usr/akash/statewide_cover/statewide_events_first100_20260914"
"542872","tillage_zero","staged","/projectnb/dietzelab/ccmmf/usr/akash/statewide_matrix/setup_v1/runs/542872/tillage_zero","/projectnb/dietzelab/ccmmf/usr/akash/calval_sa_v3_20260821/tools/sipnet_v2.2.0-3ccc41c","/projectnb/dietzelab/ccmmf/usr/akash/statewide_cover/statewide_events_first100_20260914"
"250488","fertilizer_reference","staged","/projectnb/dietzelab/ccmmf/usr/akash/statewide_matrix/setup_v1/runs/250488/fertilizer_reference","/projectnb/dietzelab/ccmmf/usr/akash/calval_sa_v3_20260821/tools/sipnet_v2.2.0-3ccc41c","/projectnb/dietzelab/ccmmf/usr/akash/statewide_cover/statewide_events_first100_20260914"
"250488","mineral_N_half","staged","/projectnb/dietzelab/ccmmf/usr/akash/statewide_matrix/setup_v1/runs/250488/mineral_N_half","/projectnb/dietzelab/ccmmf/usr/akash/calval_sa_v3_20260821/tools/sipnet_v2.2.0-3ccc41c","/projectnb/dietzelab/ccmmf/usr/akash/statewide_cover/statewide_events_first100_20260914"
"250488","mineral_N_one_half","staged","/projectnb/dietzelab/ccmmf/usr/akash/statewide_matrix/setup_v1/runs/250488/mineral_N_one_half","/projectnb/dietzelab/ccmmf/usr/akash/calval_sa_v3_20260821/tools/sipnet_v2.2.0-3ccc41c","/projectnb/dietzelab/ccmmf/usr/akash/statewide_cover/statewide_events_first100_20260914"
"250488","mineral_N_zero","staged","/projectnb/dietzelab/ccmmf/usr/akash/statewide_matrix/setup_v1/runs/250488/mineral_N_zero","/projectnb/dietzelab/ccmmf/usr/akash/calval_sa_v3_20260821/tools/sipnet_v2.2.0-3ccc41c","/projectnb/dietzelab/ccmmf/usr/akash/statewide_cover/statewide_events_first100_20260914"
"250488","organic_substitution","staged","/projectnb/dietzelab/ccmmf/usr/akash/statewide_matrix/setup_v1/runs/250488/organic_substitution","/projectnb/dietzelab/ccmmf/usr/akash/calval_sa_v3_20260821/tools/sipnet_v2.2.0-3ccc41c","/projectnb/dietzelab/ccmmf/usr/akash/statewide_cover/statewide_events_first100_20260914"
"250488","tillage_reduced","staged","/projectnb/dietzelab/ccmmf/usr/akash/statewide_matrix/setup_v1/runs/250488/tillage_reduced","/projectnb/dietzelab/ccmmf/usr/akash/calval_sa_v3_20260821/tools/sipnet_v2.2.0-3ccc41c","/projectnb/dietzelab/ccmmf/usr/akash/statewide_cover/statewide_events_first100_20260914"
"250488","tillage_reference","staged","/projectnb/dietzelab/ccmmf/usr/akash/statewide_matrix/setup_v1/runs/250488/tillage_reference","/projectnb/dietzelab/ccmmf/usr/akash/calval_sa_v3_20260821/tools/sipnet_v2.2.0-3ccc41c","/projectnb/dietzelab/ccmmf/usr/akash/statewide_cover/statewide_events_first100_20260914"
"250488","tillage_zero","staged","/projectnb/dietzelab/ccmmf/usr/akash/statewide_matrix/setup_v1/runs/250488/tillage_zero","/projectnb/dietzelab/ccmmf/usr/akash/calval_sa_v3_20260821/tools/sipnet_v2.2.0-3ccc41c","/projectnb/dietzelab/ccmmf/usr/akash/statewide_cover/statewide_events_first100_20260914"
"417431","cover_annual","staged","/projectnb/dietzelab/ccmmf/usr/akash/statewide_matrix/setup_v1/runs/417431/cover_annual","/projectnb/dietzelab/ccmmf/usr/akash/calval_sa_v3_20260821/tools/sipnet_v2.2.0-3ccc41c","/projectnb/dietzelab/ccmmf/usr/akash/statewide_cover/statewide_events_first100_20260914"
"417431","cover_none","staged","/projectnb/dietzelab/ccmmf/usr/akash/statewide_matrix/setup_v1/runs/417431/cover_none","/projectnb/dietzelab/ccmmf/usr/akash/calval_sa_v3_20260821/tools/sipnet_v2.2.0-3ccc41c","/projectnb/dietzelab/ccmmf/usr/akash/statewide_cover/statewide_events_first100_20260914"
"417431","fertilizer_reference","staged","/projectnb/dietzelab/ccmmf/usr/akash/statewide_matrix/setup_v1/runs/417431/fertilizer_reference","/projectnb/dietzelab/ccmmf/usr/akash/calval_sa_v3_20260821/tools/sipnet_v2.2.0-3ccc41c","/projectnb/dietzelab/ccmmf/usr/akash/statewide_cover/statewide_events_first100_20260914"
"417431","mineral_N_half","staged","/projectnb/dietzelab/ccmmf/usr/akash/statewide_matrix/setup_v1/runs/417431/mineral_N_half","/projectnb/dietzelab/ccmmf/usr/akash/calval_sa_v3_20260821/tools/sipnet_v2.2.0-3ccc41c","/projectnb/dietzelab/ccmmf/usr/akash/statewide_cover/statewide_events_first100_20260914"
"417431","mineral_N_one_half","staged","/projectnb/dietzelab/ccmmf/usr/akash/statewide_matrix/setup_v1/runs/417431/mineral_N_one_half","/projectnb/dietzelab/ccmmf/usr/akash/calval_sa_v3_20260821/tools/sipnet_v2.2.0-3ccc41c","/projectnb/dietzelab/ccmmf/usr/akash/statewide_cover/statewide_events_first100_20260914"
"417431","mineral_N_zero","staged","/projectnb/dietzelab/ccmmf/usr/akash/statewide_matrix/setup_v1/runs/417431/mineral_N_zero","/projectnb/dietzelab/ccmmf/usr/akash/calval_sa_v3_20260821/tools/sipnet_v2.2.0-3ccc41c","/projectnb/dietzelab/ccmmf/usr/akash/statewide_cover/statewide_events_first100_20260914"
"417431","organic_substitution","staged","/projectnb/dietzelab/ccmmf/usr/akash/statewide_matrix/setup_v1/runs/417431/organic_substitution","/projectnb/dietzelab/ccmmf/usr/akash/calval_sa_v3_20260821/tools/sipnet_v2.2.0-3ccc41c","/projectnb/dietzelab/ccmmf/usr/akash/statewide_cover/statewide_events_first100_20260914"
"417431","rice_irrigated_reference","staged","/projectnb/dietzelab/ccmmf/usr/akash/statewide_matrix/setup_v1/runs/417431/rice_irrigated_reference","/projectnb/dietzelab/ccmmf/usr/akash/calval_sa_v3_20260821/tools/sipnet_v2.2.0-3ccc41c","/projectnb/dietzelab/ccmmf/usr/akash/statewide_cover/statewide_events_first100_20260914"
"417431","rice_one_dry","staged","/projectnb/dietzelab/ccmmf/usr/akash/statewide_matrix/setup_v1/runs/417431/rice_one_dry","/projectnb/dietzelab/ccmmf/usr/akash/calval_sa_v3_20260821/tools/sipnet_v2.2.0-3ccc41c","/projectnb/dietzelab/ccmmf/usr/akash/statewide_cover/statewide_events_first100_20260914"
"417431","rice_two_dry","staged","/projectnb/dietzelab/ccmmf/usr/akash/statewide_matrix/setup_v1/runs/417431/rice_two_dry","/projectnb/dietzelab/ccmmf/usr/akash/calval_sa_v3_20260821/tools/sipnet_v2.2.0-3ccc41c","/projectnb/dietzelab/ccmmf/usr/akash/statewide_cover/statewide_events_first100_20260914"
"417431","tillage_reduced","staged","/projectnb/dietzelab/ccmmf/usr/akash/statewide_matrix/setup_v1/runs/417431/tillage_reduced","/projectnb/dietzelab/ccmmf/usr/akash/calval_sa_v3_20260821/tools/sipnet_v2.2.0-3ccc41c","/projectnb/dietzelab/ccmmf/usr/akash/statewide_cover/statewide_events_first100_20260914"
"417431","tillage_reference","staged","/projectnb/dietzelab/ccmmf/usr/akash/statewide_matrix/setup_v1/runs/417431/tillage_reference","/projectnb/dietzelab/ccmmf/usr/akash/calval_sa_v3_20260821/tools/sipnet_v2.2.0-3ccc41c","/projectnb/dietzelab/ccmmf/usr/akash/statewide_cover/statewide_events_first100_20260914"
"417431","tillage_zero","staged","/projectnb/dietzelab/ccmmf/usr/akash/statewide_matrix/setup_v1/runs/417431/tillage_zero","/projectnb/dietzelab/ccmmf/usr/akash/calval_sa_v3_20260821/tools/sipnet_v2.2.0-3ccc41c","/projectnb/dietzelab/ccmmf/usr/akash/statewide_cover/statewide_events_first100_20260914"
"601779","fertilizer_reference","staged","/projectnb/dietzelab/ccmmf/usr/akash/statewide_matrix/setup_v1/runs/601779/fertilizer_reference","/projectnb/dietzelab/ccmmf/usr/akash/calval_sa_v3_20260821/tools/sipnet_v2.2.0-3ccc41c","/projectnb/dietzelab/ccmmf/usr/akash/statewide_cover/statewide_events_first100_20260914"
"601779","mineral_N_half","staged","/projectnb/dietzelab/ccmmf/usr/akash/statewide_matrix/setup_v1/runs/601779/mineral_N_half","/projectnb/dietzelab/ccmmf/usr/akash/calval_sa_v3_20260821/tools/sipnet_v2.2.0-3ccc41c","/projectnb/dietzelab/ccmmf/usr/akash/statewide_cover/statewide_events_first100_20260914"
"601779","mineral_N_one_half","staged","/projectnb/dietzelab/ccmmf/usr/akash/statewide_matrix/setup_v1/runs/601779/mineral_N_one_half","/projectnb/dietzelab/ccmmf/usr/akash/calval_sa_v3_20260821/tools/sipnet_v2.2.0-3ccc41c","/projectnb/dietzelab/ccmmf/usr/akash/statewide_cover/statewide_events_first100_20260914"
"601779","mineral_N_zero","staged","/projectnb/dietzelab/ccmmf/usr/akash/statewide_matrix/setup_v1/runs/601779/mineral_N_zero","/projectnb/dietzelab/ccmmf/usr/akash/calval_sa_v3_20260821/tools/sipnet_v2.2.0-3ccc41c","/projectnb/dietzelab/ccmmf/usr/akash/statewide_cover/statewide_events_first100_20260914"
"601779","organic_substitution","staged","/projectnb/dietzelab/ccmmf/usr/akash/statewide_matrix/setup_v1/runs/601779/organic_substitution","/projectnb/dietzelab/ccmmf/usr/akash/calval_sa_v3_20260821/tools/sipnet_v2.2.0-3ccc41c","/projectnb/dietzelab/ccmmf/usr/akash/statewide_cover/statewide_events_first100_20260914"
"601779","tillage_reduced","staged","/projectnb/dietzelab/ccmmf/usr/akash/statewide_matrix/setup_v1/runs/601779/tillage_reduced","/projectnb/dietzelab/ccmmf/usr/akash/calval_sa_v3_20260821/tools/sipnet_v2.2.0-3ccc41c","/projectnb/dietzelab/ccmmf/usr/akash/statewide_cover/statewide_events_first100_20260914"
"601779","tillage_reference","staged","/projectnb/dietzelab/ccmmf/usr/akash/statewide_matrix/setup_v1/runs/601779/tillage_reference","/projectnb/dietzelab/ccmmf/usr/akash/calval_sa_v3_20260821/tools/sipnet_v2.2.0-3ccc41c","/projectnb/dietzelab/ccmmf/usr/akash/statewide_cover/statewide_events_first100_20260914"
"601779","tillage_zero","staged","/projectnb/dietzelab/ccmmf/usr/akash/statewide_matrix/setup_v1/runs/601779/tillage_zero","/projectnb/dietzelab/ccmmf/usr/akash/calval_sa_v3_20260821/tools/sipnet_v2.2.0-3ccc41c","/projectnb/dietzelab/ccmmf/usr/akash/statewide_cover/statewide_events_first100_20260914"
"237955","cover_annual","staged","/projectnb/dietzelab/ccmmf/usr/akash/statewide_matrix/setup_v1/runs/237955/cover_annual","/projectnb/dietzelab/ccmmf/usr/akash/calval_sa_v3_20260821/tools/sipnet_v2.2.0-3ccc41c","/projectnb/dietzelab/ccmmf/usr/akash/statewide_cover/statewide_events_first100_20260914"
"237955","cover_none","staged","/projectnb/dietzelab/ccmmf/usr/akash/statewide_matrix/setup_v1/runs/237955/cover_none","/projectnb/dietzelab/ccmmf/usr/akash/calval_sa_v3_20260821/tools/sipnet_v2.2.0-3ccc41c","/projectnb/dietzelab/ccmmf/usr/akash/statewide_cover/statewide_events_first100_20260914"
"237955","fertilizer_reference","staged","/projectnb/dietzelab/ccmmf/usr/akash/statewide_matrix/setup_v1/runs/237955/fertilizer_reference","/projectnb/dietzelab/ccmmf/usr/akash/calval_sa_v3_20260821/tools/sipnet_v2.2.0-3ccc41c","/projectnb/dietzelab/ccmmf/usr/akash/statewide_cover/statewide_events_first100_20260914"
"237955","mineral_N_half","staged","/projectnb/dietzelab/ccmmf/usr/akash/statewide_matrix/setup_v1/runs/237955/mineral_N_half","/projectnb/dietzelab/ccmmf/usr/akash/calval_sa_v3_20260821/tools/sipnet_v2.2.0-3ccc41c","/projectnb/dietzelab/ccmmf/usr/akash/statewide_cover/statewide_events_first100_20260914"
"237955","mineral_N_one_half","staged","/projectnb/dietzelab/ccmmf/usr/akash/statewide_matrix/setup_v1/runs/237955/mineral_N_one_half","/projectnb/dietzelab/ccmmf/usr/akash/calval_sa_v3_20260821/tools/sipnet_v2.2.0-3ccc41c","/projectnb/dietzelab/ccmmf/usr/akash/statewide_cover/statewide_events_first100_20260914"
"237955","mineral_N_zero","staged","/projectnb/dietzelab/ccmmf/usr/akash/statewide_matrix/setup_v1/runs/237955/mineral_N_zero","/projectnb/dietzelab/ccmmf/usr/akash/calval_sa_v3_20260821/tools/sipnet_v2.2.0-3ccc41c","/projectnb/dietzelab/ccmmf/usr/akash/statewide_cover/statewide_events_first100_20260914"
"237955","organic_substitution","staged","/projectnb/dietzelab/ccmmf/usr/akash/statewide_matrix/setup_v1/runs/237955/organic_substitution","/projectnb/dietzelab/ccmmf/usr/akash/calval_sa_v3_20260821/tools/sipnet_v2.2.0-3ccc41c","/projectnb/dietzelab/ccmmf/usr/akash/statewide_cover/statewide_events_first100_20260914"
"237955","tillage_reduced","staged","/projectnb/dietzelab/ccmmf/usr/akash/statewide_matrix/setup_v1/runs/237955/tillage_reduced","/projectnb/dietzelab/ccmmf/usr/akash/calval_sa_v3_20260821/tools/sipnet_v2.2.0-3ccc41c","/projectnb/dietzelab/ccmmf/usr/akash/statewide_cover/statewide_events_first100_20260914"
"237955","tillage_reference","staged","/projectnb/dietzelab/ccmmf/usr/akash/statewide_matrix/setup_v1/runs/237955/tillage_reference","/projectnb/dietzelab/ccmmf/usr/akash/calval_sa_v3_20260821/tools/sipnet_v2.2.0-3ccc41c","/projectnb/dietzelab/ccmmf/usr/akash/statewide_cover/statewide_events_first100_20260914"
"237955","tillage_zero","staged","/projectnb/dietzelab/ccmmf/usr/akash/statewide_matrix/setup_v1/runs/237955/tillage_zero","/projectnb/dietzelab/ccmmf/usr/akash/calval_sa_v3_20260821/tools/sipnet_v2.2.0-3ccc41c","/projectnb/dietzelab/ccmmf/usr/akash/statewide_cover/statewide_events_first100_20260914"
"424527","cover_annual","staged","/projectnb/dietzelab/ccmmf/usr/akash/statewide_matrix/setup_v1/runs/424527/cover_annual","/projectnb/dietzelab/ccmmf/usr/akash/calval_sa_v3_20260821/tools/sipnet_v2.2.0-3ccc41c","/projectnb/dietzelab/ccmmf/usr/akash/statewide_cover/statewide_events_first100_20260914"
"424527","cover_none","staged","/projectnb/dietzelab/ccmmf/usr/akash/statewide_matrix/setup_v1/runs/424527/cover_none","/projectnb/dietzelab/ccmmf/usr/akash/calval_sa_v3_20260821/tools/sipnet_v2.2.0-3ccc41c","/projectnb/dietzelab/ccmmf/usr/akash/statewide_cover/statewide_events_first100_20260914"
"424527","fertilizer_reference","staged","/projectnb/dietzelab/ccmmf/usr/akash/statewide_matrix/setup_v1/runs/424527/fertilizer_reference","/projectnb/dietzelab/ccmmf/usr/akash/calval_sa_v3_20260821/tools/sipnet_v2.2.0-3ccc41c","/projectnb/dietzelab/ccmmf/usr/akash/statewide_cover/statewide_events_first100_20260914"
"424527","mineral_N_half","staged","/projectnb/dietzelab/ccmmf/usr/akash/statewide_matrix/setup_v1/runs/424527/mineral_N_half","/projectnb/dietzelab/ccmmf/usr/akash/calval_sa_v3_20260821/tools/sipnet_v2.2.0-3ccc41c","/projectnb/dietzelab/ccmmf/usr/akash/statewide_cover/statewide_events_first100_20260914"
"424527","mineral_N_one_half","staged","/projectnb/dietzelab/ccmmf/usr/akash/statewide_matrix/setup_v1/runs/424527/mineral_N_one_half","/projectnb/dietzelab/ccmmf/usr/akash/calval_sa_v3_20260821/tools/sipnet_v2.2.0-3ccc41c","/projectnb/dietzelab/ccmmf/usr/akash/statewide_cover/statewide_events_first100_20260914"
"424527","mineral_N_zero","staged","/projectnb/dietzelab/ccmmf/usr/akash/statewide_matrix/setup_v1/runs/424527/mineral_N_zero","/projectnb/dietzelab/ccmmf/usr/akash/calval_sa_v3_20260821/tools/sipnet_v2.2.0-3ccc41c","/projectnb/dietzelab/ccmmf/usr/akash/statewide_cover/statewide_events_first100_20260914"
"424527","organic_substitution","staged","/projectnb/dietzelab/ccmmf/usr/akash/statewide_matrix/setup_v1/runs/424527/organic_substitution","/projectnb/dietzelab/ccmmf/usr/akash/calval_sa_v3_20260821/tools/sipnet_v2.2.0-3ccc41c","/projectnb/dietzelab/ccmmf/usr/akash/statewide_cover/statewide_events_first100_20260914"
"424527","tillage_reduced","staged","/projectnb/dietzelab/ccmmf/usr/akash/statewide_matrix/setup_v1/runs/424527/tillage_reduced","/projectnb/dietzelab/ccmmf/usr/akash/calval_sa_v3_20260821/tools/sipnet_v2.2.0-3ccc41c","/projectnb/dietzelab/ccmmf/usr/akash/statewide_cover/statewide_events_first100_20260914"
"424527","tillage_reference","staged","/projectnb/dietzelab/ccmmf/usr/akash/statewide_matrix/setup_v1/runs/424527/tillage_reference","/projectnb/dietzelab/ccmmf/usr/akash/calval_sa_v3_20260821/tools/sipnet_v2.2.0-3ccc41c","/projectnb/dietzelab/ccmmf/usr/akash/statewide_cover/statewide_events_first100_20260914"
"424527","tillage_zero","staged","/projectnb/dietzelab/ccmmf/usr/akash/statewide_matrix/setup_v1/runs/424527/tillage_zero","/projectnb/dietzelab/ccmmf/usr/akash/calval_sa_v3_20260821/tools/sipnet_v2.2.0-3ccc41c","/projectnb/dietzelab/ccmmf/usr/akash/statewide_cover/statewide_events_first100_20260914"
"354196","cover_annual","staged","/projectnb/dietzelab/ccmmf/usr/akash/statewide_matrix/setup_v1/runs/354196/cover_annual","/projectnb/dietzelab/ccmmf/usr/akash/calval_sa_v3_20260821/tools/sipnet_v2.2.0-3ccc41c","/projectnb/dietzelab/ccmmf/usr/akash/statewide_cover/statewide_events_first100_20260914"
"354196","cover_none","staged","/projectnb/dietzelab/ccmmf/usr/akash/statewide_matrix/setup_v1/runs/354196/cover_none","/projectnb/dietzelab/ccmmf/usr/akash/calval_sa_v3_20260821/tools/sipnet_v2.2.0-3ccc41c","/projectnb/dietzelab/ccmmf/usr/akash/statewide_cover/statewide_events_first100_20260914"
"354196","fertilizer_reference","staged","/projectnb/dietzelab/ccmmf/usr/akash/statewide_matrix/setup_v1/runs/354196/fertilizer_reference","/projectnb/dietzelab/ccmmf/usr/akash/calval_sa_v3_20260821/tools/sipnet_v2.2.0-3ccc41c","/projectnb/dietzelab/ccmmf/usr/akash/statewide_cover/statewide_events_first100_20260914"
"354196","mineral_N_half","staged","/projectnb/dietzelab/ccmmf/usr/akash/statewide_matrix/setup_v1/runs/354196/mineral_N_half","/projectnb/dietzelab/ccmmf/usr/akash/calval_sa_v3_20260821/tools/sipnet_v2.2.0-3ccc41c","/projectnb/dietzelab/ccmmf/usr/akash/statewide_cover/statewide_events_first100_20260914"
"354196","mineral_N_one_half","staged","/projectnb/dietzelab/ccmmf/usr/akash/statewide_matrix/setup_v1/runs/354196/mineral_N_one_half","/projectnb/dietzelab/ccmmf/usr/akash/calval_sa_v3_20260821/tools/sipnet_v2.2.0-3ccc41c","/projectnb/dietzelab/ccmmf/usr/akash/statewide_cover/statewide_events_first100_20260914"
"354196","mineral_N_zero","staged","/projectnb/dietzelab/ccmmf/usr/akash/statewide_matrix/setup_v1/runs/354196/mineral_N_zero","/projectnb/dietzelab/ccmmf/usr/akash/calval_sa_v3_20260821/tools/sipnet_v2.2.0-3ccc41c","/projectnb/dietzelab/ccmmf/usr/akash/statewide_cover/statewide_events_first100_20260914"
"354196","organic_substitution","staged","/projectnb/dietzelab/ccmmf/usr/akash/statewide_matrix/setup_v1/runs/354196/organic_substitution","/projectnb/dietzelab/ccmmf/usr/akash/calval_sa_v3_20260821/tools/sipnet_v2.2.0-3ccc41c","/projectnb/dietzelab/ccmmf/usr/akash/statewide_cover/statewide_events_first100_20260914"
"354196","tillage_reduced","staged","/projectnb/dietzelab/ccmmf/usr/akash/statewide_matrix/setup_v1/runs/354196/tillage_reduced","/projectnb/dietzelab/ccmmf/usr/akash/calval_sa_v3_20260821/tools/sipnet_v2.2.0-3ccc41c","/projectnb/dietzelab/ccmmf/usr/akash/statewide_cover/statewide_events_first100_20260914"
"354196","tillage_reference","staged","/projectnb/dietzelab/ccmmf/usr/akash/statewide_matrix/setup_v1/runs/354196/tillage_reference","/projectnb/dietzelab/ccmmf/usr/akash/calval_sa_v3_20260821/tools/sipnet_v2.2.0-3ccc41c","/projectnb/dietzelab/ccmmf/usr/akash/statewide_cover/statewide_events_first100_20260914"
"354196","tillage_zero","staged","/projectnb/dietzelab/ccmmf/usr/akash/statewide_matrix/setup_v1/runs/354196/tillage_zero","/projectnb/dietzelab/ccmmf/usr/akash/calval_sa_v3_20260821/tools/sipnet_v2.2.0-3ccc41c","/projectnb/dietzelab/ccmmf/usr/akash/statewide_cover/statewide_events_first100_20260914"
"327540","cover_annual","staged","/projectnb/dietzelab/ccmmf/usr/akash/statewide_matrix/setup_v1/runs/327540/cover_annual","/projectnb/dietzelab/ccmmf/usr/akash/calval_sa_v3_20260821/tools/sipnet_v2.2.0-3ccc41c","/projectnb/dietzelab/ccmmf/usr/akash/statewide_cover/statewide_events_first100_20260914"
"327540","cover_none","staged","/projectnb/dietzelab/ccmmf/usr/akash/statewide_matrix/setup_v1/runs/327540/cover_none","/projectnb/dietzelab/ccmmf/usr/akash/calval_sa_v3_20260821/tools/sipnet_v2.2.0-3ccc41c","/projectnb/dietzelab/ccmmf/usr/akash/statewide_cover/statewide_events_first100_20260914"
"327540","fertilizer_reference","staged","/projectnb/dietzelab/ccmmf/usr/akash/statewide_matrix/setup_v1/runs/327540/fertilizer_reference","/projectnb/dietzelab/ccmmf/usr/akash/calval_sa_v3_20260821/tools/sipnet_v2.2.0-3ccc41c","/projectnb/dietzelab/ccmmf/usr/akash/statewide_cover/statewide_events_first100_20260914"
"327540","mineral_N_half","staged","/projectnb/dietzelab/ccmmf/usr/akash/statewide_matrix/setup_v1/runs/327540/mineral_N_half","/projectnb/dietzelab/ccmmf/usr/akash/calval_sa_v3_20260821/tools/sipnet_v2.2.0-3ccc41c","/projectnb/dietzelab/ccmmf/usr/akash/statewide_cover/statewide_events_first100_20260914"
"327540","mineral_N_one_half","staged","/projectnb/dietzelab/ccmmf/usr/akash/statewide_matrix/setup_v1/runs/327540/mineral_N_one_half","/projectnb/dietzelab/ccmmf/usr/akash/calval_sa_v3_20260821/tools/sipnet_v2.2.0-3ccc41c","/projectnb/dietzelab/ccmmf/usr/akash/statewide_cover/statewide_events_first100_20260914"
"327540","mineral_N_zero","staged","/projectnb/dietzelab/ccmmf/usr/akash/statewide_matrix/setup_v1/runs/327540/mineral_N_zero","/projectnb/dietzelab/ccmmf/usr/akash/calval_sa_v3_20260821/tools/sipnet_v2.2.0-3ccc41c","/projectnb/dietzelab/ccmmf/usr/akash/statewide_cover/statewide_events_first100_20260914"
"327540","organic_substitution","staged","/projectnb/dietzelab/ccmmf/usr/akash/statewide_matrix/setup_v1/runs/327540/organic_substitution","/projectnb/dietzelab/ccmmf/usr/akash/calval_sa_v3_20260821/tools/sipnet_v2.2.0-3ccc41c","/projectnb/dietzelab/ccmmf/usr/akash/statewide_cover/statewide_events_first100_20260914"
"327540","tillage_reduced","staged","/projectnb/dietzelab/ccmmf/usr/akash/statewide_matrix/setup_v1/runs/327540/tillage_reduced","/projectnb/dietzelab/ccmmf/usr/akash/calval_sa_v3_20260821/tools/sipnet_v2.2.0-3ccc41c","/projectnb/dietzelab/ccmmf/usr/akash/statewide_cover/statewide_events_first100_20260914"
"327540","tillage_reference","staged","/projectnb/dietzelab/ccmmf/usr/akash/statewide_matrix/setup_v1/runs/327540/tillage_reference","/projectnb/dietzelab/ccmmf/usr/akash/calval_sa_v3_20260821/tools/sipnet_v2.2.0-3ccc41c","/projectnb/dietzelab/ccmmf/usr/akash/statewide_cover/statewide_events_first100_20260914"
"327540","tillage_zero","staged","/projectnb/dietzelab/ccmmf/usr/akash/statewide_matrix/setup_v1/runs/327540/tillage_zero","/projectnb/dietzelab/ccmmf/usr/akash/calval_sa_v3_20260821/tools/sipnet_v2.2.0-3ccc41c","/projectnb/dietzelab/ccmmf/usr/akash/statewide_cover/statewide_events_first100_20260914"
"54800","cover_annual","staged","/projectnb/dietzelab/ccmmf/usr/akash/statewide_matrix/setup_v1/runs/54800/cover_annual","/projectnb/dietzelab/ccmmf/usr/akash/calval_sa_v3_20260821/tools/sipnet_v2.2.0-3ccc41c","/projectnb/dietzelab/ccmmf/usr/akash/statewide_cover/statewide_events_first100_20260914"
"54800","cover_none","staged","/projectnb/dietzelab/ccmmf/usr/akash/statewide_matrix/setup_v1/runs/54800/cover_none","/projectnb/dietzelab/ccmmf/usr/akash/calval_sa_v3_20260821/tools/sipnet_v2.2.0-3ccc41c","/projectnb/dietzelab/ccmmf/usr/akash/statewide_cover/statewide_events_first100_20260914"
"54800","fertilizer_reference","staged","/projectnb/dietzelab/ccmmf/usr/akash/statewide_matrix/setup_v1/runs/54800/fertilizer_reference","/projectnb/dietzelab/ccmmf/usr/akash/calval_sa_v3_20260821/tools/sipnet_v2.2.0-3ccc41c","/projectnb/dietzelab/ccmmf/usr/akash/statewide_cover/statewide_events_first100_20260914"
"54800","mineral_N_half","staged","/projectnb/dietzelab/ccmmf/usr/akash/statewide_matrix/setup_v1/runs/54800/mineral_N_half","/projectnb/dietzelab/ccmmf/usr/akash/calval_sa_v3_20260821/tools/sipnet_v2.2.0-3ccc41c","/projectnb/dietzelab/ccmmf/usr/akash/statewide_cover/statewide_events_first100_20260914"
"54800","mineral_N_one_half","staged","/projectnb/dietzelab/ccmmf/usr/akash/statewide_matrix/setup_v1/runs/54800/mineral_N_one_half","/projectnb/dietzelab/ccmmf/usr/akash/calval_sa_v3_20260821/tools/sipnet_v2.2.0-3ccc41c","/projectnb/dietzelab/ccmmf/usr/akash/statewide_cover/statewide_events_first100_20260914"
"54800","mineral_N_zero","staged","/projectnb/dietzelab/ccmmf/usr/akash/statewide_matrix/setup_v1/runs/54800/mineral_N_zero","/projectnb/dietzelab/ccmmf/usr/akash/calval_sa_v3_20260821/tools/sipnet_v2.2.0-3ccc41c","/projectnb/dietzelab/ccmmf/usr/akash/statewide_cover/statewide_events_first100_20260914"
"54800","organic_substitution","staged","/projectnb/dietzelab/ccmmf/usr/akash/statewide_matrix/setup_v1/runs/54800/organic_substitution","/projectnb/dietzelab/ccmmf/usr/akash/calval_sa_v3_20260821/tools/sipnet_v2.2.0-3ccc41c","/projectnb/dietzelab/ccmmf/usr/akash/statewide_cover/statewide_events_first100_20260914"
"54800","tillage_reduced","staged","/projectnb/dietzelab/ccmmf/usr/akash/statewide_matrix/setup_v1/runs/54800/tillage_reduced","/projectnb/dietzelab/ccmmf/usr/akash/calval_sa_v3_20260821/tools/sipnet_v2.2.0-3ccc41c","/projectnb/dietzelab/ccmmf/usr/akash/statewide_cover/statewide_events_first100_20260914"
"54800","tillage_reference","staged","/projectnb/dietzelab/ccmmf/usr/akash/statewide_matrix/setup_v1/runs/54800/tillage_reference","/projectnb/dietzelab/ccmmf/usr/akash/calval_sa_v3_20260821/tools/sipnet_v2.2.0-3ccc41c","/projectnb/dietzelab/ccmmf/usr/akash/statewide_cover/statewide_events_first100_20260914"
"54800","tillage_zero","staged","/projectnb/dietzelab/ccmmf/usr/akash/statewide_matrix/setup_v1/runs/54800/tillage_zero","/projectnb/dietzelab/ccmmf/usr/akash/calval_sa_v3_20260821/tools/sipnet_v2.2.0-3ccc41c","/projectnb/dietzelab/ccmmf/usr/akash/statewide_cover/statewide_events_first100_20260914"
"24366","cover_annual","staged","/projectnb/dietzelab/ccmmf/usr/akash/statewide_matrix/setup_v1/runs/24366/cover_annual","/projectnb/dietzelab/ccmmf/usr/akash/calval_sa_v3_20260821/tools/sipnet_v2.2.0-3ccc41c","/projectnb/dietzelab/ccmmf/usr/akash/statewide_cover/statewide_events_first100_20260914"
"24366","cover_none","staged","/projectnb/dietzelab/ccmmf/usr/akash/statewide_matrix/setup_v1/runs/24366/cover_none","/projectnb/dietzelab/ccmmf/usr/akash/calval_sa_v3_20260821/tools/sipnet_v2.2.0-3ccc41c","/projectnb/dietzelab/ccmmf/usr/akash/statewide_cover/statewide_events_first100_20260914"
"24366","fertilizer_reference","staged","/projectnb/dietzelab/ccmmf/usr/akash/statewide_matrix/setup_v1/runs/24366/fertilizer_reference","/projectnb/dietzelab/ccmmf/usr/akash/calval_sa_v3_20260821/tools/sipnet_v2.2.0-3ccc41c","/projectnb/dietzelab/ccmmf/usr/akash/statewide_cover/statewide_events_first100_20260914"
"24366","mineral_N_half","staged","/projectnb/dietzelab/ccmmf/usr/akash/statewide_matrix/setup_v1/runs/24366/mineral_N_half","/projectnb/dietzelab/ccmmf/usr/akash/calval_sa_v3_20260821/tools/sipnet_v2.2.0-3ccc41c","/projectnb/dietzelab/ccmmf/usr/akash/statewide_cover/statewide_events_first100_20260914"
"24366","mineral_N_one_half","staged","/projectnb/dietzelab/ccmmf/usr/akash/statewide_matrix/setup_v1/runs/24366/mineral_N_one_half","/projectnb/dietzelab/ccmmf/usr/akash/calval_sa_v3_20260821/tools/sipnet_v2.2.0-3ccc41c","/projectnb/dietzelab/ccmmf/usr/akash/statewide_cover/statewide_events_first100_20260914"
"24366","mineral_N_zero","staged","/projectnb/dietzelab/ccmmf/usr/akash/statewide_matrix/setup_v1/runs/24366/mineral_N_zero","/projectnb/dietzelab/ccmmf/usr/akash/calval_sa_v3_20260821/tools/sipnet_v2.2.0-3ccc41c","/projectnb/dietzelab/ccmmf/usr/akash/statewide_cover/statewide_events_first100_20260914"
"24366","organic_substitution","staged","/projectnb/dietzelab/ccmmf/usr/akash/statewide_matrix/setup_v1/runs/24366/organic_substitution","/projectnb/dietzelab/ccmmf/usr/akash/calval_sa_v3_20260821/tools/sipnet_v2.2.0-3ccc41c","/projectnb/dietzelab/ccmmf/usr/akash/statewide_cover/statewide_events_first100_20260914"
"24366","tillage_reduced","staged","/projectnb/dietzelab/ccmmf/usr/akash/statewide_matrix/setup_v1/runs/24366/tillage_reduced","/projectnb/dietzelab/ccmmf/usr/akash/calval_sa_v3_20260821/tools/sipnet_v2.2.0-3ccc41c","/projectnb/dietzelab/ccmmf/usr/akash/statewide_cover/statewide_events_first100_20260914"
"24366","tillage_reference","staged","/projectnb/dietzelab/ccmmf/usr/akash/statewide_matrix/setup_v1/runs/24366/tillage_reference","/projectnb/dietzelab/ccmmf/usr/akash/calval_sa_v3_20260821/tools/sipnet_v2.2.0-3ccc41c","/projectnb/dietzelab/ccmmf/usr/akash/statewide_cover/statewide_events_first100_20260914"
"24366","tillage_zero","staged","/projectnb/dietzelab/ccmmf/usr/akash/statewide_matrix/setup_v1/runs/24366/tillage_zero","/projectnb/dietzelab/ccmmf/usr/akash/calval_sa_v3_20260821/tools/sipnet_v2.2.0-3ccc41c","/projectnb/dietzelab/ccmmf/usr/akash/statewide_cover/statewide_events_first100_20260914"
"276098","cover_annual","staged","/projectnb/dietzelab/ccmmf/usr/akash/statewide_matrix/setup_v1/runs/276098/cover_annual","/projectnb/dietzelab/ccmmf/usr/akash/calval_sa_v3_20260821/tools/sipnet_v2.2.0-3ccc41c","/projectnb/dietzelab/ccmmf/usr/akash/statewide_cover/statewide_events_first100_20260914"
"276098","cover_none","staged","/projectnb/dietzelab/ccmmf/usr/akash/statewide_matrix/setup_v1/runs/276098/cover_none","/projectnb/dietzelab/ccmmf/usr/akash/calval_sa_v3_20260821/tools/sipnet_v2.2.0-3ccc41c","/projectnb/dietzelab/ccmmf/usr/akash/statewide_cover/statewide_events_first100_20260914"
"276098","fertilizer_reference","staged","/projectnb/dietzelab/ccmmf/usr/akash/statewide_matrix/setup_v1/runs/276098/fertilizer_reference","/projectnb/dietzelab/ccmmf/usr/akash/calval_sa_v3_20260821/tools/sipnet_v2.2.0-3ccc41c","/projectnb/dietzelab/ccmmf/usr/akash/statewide_cover/statewide_events_first100_20260914"
"276098","mineral_N_half","staged","/projectnb/dietzelab/ccmmf/usr/akash/statewide_matrix/setup_v1/runs/276098/mineral_N_half","/projectnb/dietzelab/ccmmf/usr/akash/calval_sa_v3_20260821/tools/sipnet_v2.2.0-3ccc41c","/projectnb/dietzelab/ccmmf/usr/akash/statewide_cover/statewide_events_first100_20260914"
"276098","mineral_N_one_half","staged","/projectnb/dietzelab/ccmmf/usr/akash/statewide_matrix/setup_v1/runs/276098/mineral_N_one_half","/projectnb/dietzelab/ccmmf/usr/akash/calval_sa_v3_20260821/tools/sipnet_v2.2.0-3ccc41c","/projectnb/dietzelab/ccmmf/usr/akash/statewide_cover/statewide_events_first100_20260914"
"276098","mineral_N_zero","staged","/projectnb/dietzelab/ccmmf/usr/akash/statewide_matrix/setup_v1/runs/276098/mineral_N_zero","/projectnb/dietzelab/ccmmf/usr/akash/calval_sa_v3_20260821/tools/sipnet_v2.2.0-3ccc41c","/projectnb/dietzelab/ccmmf/usr/akash/statewide_cover/statewide_events_first100_20260914"
"276098","organic_substitution","staged","/projectnb/dietzelab/ccmmf/usr/akash/statewide_matrix/setup_v1/runs/276098/organic_substitution","/projectnb/dietzelab/ccmmf/usr/akash/calval_sa_v3_20260821/tools/sipnet_v2.2.0-3ccc41c","/projectnb/dietzelab/ccmmf/usr/akash/statewide_cover/statewide_events_first100_20260914"
"276098","tillage_reduced","staged","/projectnb/dietzelab/ccmmf/usr/akash/statewide_matrix/setup_v1/runs/276098/tillage_reduced","/projectnb/dietzelab/ccmmf/usr/akash/calval_sa_v3_20260821/tools/sipnet_v2.2.0-3ccc41c","/projectnb/dietzelab/ccmmf/usr/akash/statewide_cover/statewide_events_first100_20260914"
"276098","tillage_reference","staged","/projectnb/dietzelab/ccmmf/usr/akash/statewide_matrix/setup_v1/runs/276098/tillage_reference","/projectnb/dietzelab/ccmmf/usr/akash/calval_sa_v3_20260821/tools/sipnet_v2.2.0-3ccc41c","/projectnb/dietzelab/ccmmf/usr/akash/statewide_cover/statewide_events_first100_20260914"
"276098","tillage_zero","staged","/projectnb/dietzelab/ccmmf/usr/akash/statewide_matrix/setup_v1/runs/276098/tillage_zero","/projectnb/dietzelab/ccmmf/usr/akash/calval_sa_v3_20260821/tools/sipnet_v2.2.0-3ccc41c","/projectnb/dietzelab/ccmmf/usr/akash/statewide_cover/statewide_events_first100_20260914"
"420047","cover_annual","staged","/projectnb/dietzelab/ccmmf/usr/akash/statewide_matrix/setup_v1/runs/420047/cover_annual","/projectnb/dietzelab/ccmmf/usr/akash/calval_sa_v3_20260821/tools/sipnet_v2.2.0-3ccc41c","/projectnb/dietzelab/ccmmf/usr/akash/statewide_cover/statewide_events_first100_20260914"
"420047","cover_none","staged","/projectnb/dietzelab/ccmmf/usr/akash/statewide_matrix/setup_v1/runs/420047/cover_none","/projectnb/dietzelab/ccmmf/usr/akash/calval_sa_v3_20260821/tools/sipnet_v2.2.0-3ccc41c","/projectnb/dietzelab/ccmmf/usr/akash/statewide_cover/statewide_events_first100_20260914"
"420047","fertilizer_reference","staged","/projectnb/dietzelab/ccmmf/usr/akash/statewide_matrix/setup_v1/runs/420047/fertilizer_reference","/projectnb/dietzelab/ccmmf/usr/akash/calval_sa_v3_20260821/tools/sipnet_v2.2.0-3ccc41c","/projectnb/dietzelab/ccmmf/usr/akash/statewide_cover/statewide_events_first100_20260914"
"420047","mineral_N_half","staged","/projectnb/dietzelab/ccmmf/usr/akash/statewide_matrix/setup_v1/runs/420047/mineral_N_half","/projectnb/dietzelab/ccmmf/usr/akash/calval_sa_v3_20260821/tools/sipnet_v2.2.0-3ccc41c","/projectnb/dietzelab/ccmmf/usr/akash/statewide_cover/statewide_events_first100_20260914"
"420047","mineral_N_one_half","staged","/projectnb/dietzelab/ccmmf/usr/akash/statewide_matrix/setup_v1/runs/420047/mineral_N_one_half","/projectnb/dietzelab/ccmmf/usr/akash/calval_sa_v3_20260821/tools/sipnet_v2.2.0-3ccc41c","/projectnb/dietzelab/ccmmf/usr/akash/statewide_cover/statewide_events_first100_20260914"
"420047","mineral_N_zero","staged","/projectnb/dietzelab/ccmmf/usr/akash/statewide_matrix/setup_v1/runs/420047/mineral_N_zero","/projectnb/dietzelab/ccmmf/usr/akash/calval_sa_v3_20260821/tools/sipnet_v2.2.0-3ccc41c","/projectnb/dietzelab/ccmmf/usr/akash/statewide_cover/statewide_events_first100_20260914"
"420047","organic_substitution","staged","/projectnb/dietzelab/ccmmf/usr/akash/statewide_matrix/setup_v1/runs/420047/organic_substitution","/projectnb/dietzelab/ccmmf/usr/akash/calval_sa_v3_20260821/tools/sipnet_v2.2.0-3ccc41c","/projectnb/dietzelab/ccmmf/usr/akash/statewide_cover/statewide_events_first100_20260914"
"420047","tillage_reduced","staged","/projectnb/dietzelab/ccmmf/usr/akash/statewide_matrix/setup_v1/runs/420047/tillage_reduced","/projectnb/dietzelab/ccmmf/usr/akash/calval_sa_v3_20260821/tools/sipnet_v2.2.0-3ccc41c","/projectnb/dietzelab/ccmmf/usr/akash/statewide_cover/statewide_events_first100_20260914"
"420047","tillage_reference","staged","/projectnb/dietzelab/ccmmf/usr/akash/statewide_matrix/setup_v1/runs/420047/tillage_reference","/projectnb/dietzelab/ccmmf/usr/akash/calval_sa_v3_20260821/tools/sipnet_v2.2.0-3ccc41c","/projectnb/dietzelab/ccmmf/usr/akash/statewide_cover/statewide_events_first100_20260914"
"420047","tillage_zero","staged","/projectnb/dietzelab/ccmmf/usr/akash/statewide_matrix/setup_v1/runs/420047/tillage_zero","/projectnb/dietzelab/ccmmf/usr/akash/calval_sa_v3_20260821/tools/sipnet_v2.2.0-3ccc41c","/projectnb/dietzelab/ccmmf/usr/akash/statewide_cover/statewide_events_first100_20260914"
"257423","fertilizer_reference","staged","/projectnb/dietzelab/ccmmf/usr/akash/statewide_matrix/setup_v1/runs/257423/fertilizer_reference","/projectnb/dietzelab/ccmmf/usr/akash/calval_sa_v3_20260821/tools/sipnet_v2.2.0-3ccc41c","/projectnb/dietzelab/ccmmf/usr/akash/statewide_cover/statewide_events_first100_20260914"
"257423","mineral_N_half","staged","/projectnb/dietzelab/ccmmf/usr/akash/statewide_matrix/setup_v1/runs/257423/mineral_N_half","/projectnb/dietzelab/ccmmf/usr/akash/calval_sa_v3_20260821/tools/sipnet_v2.2.0-3ccc41c","/projectnb/dietzelab/ccmmf/usr/akash/statewide_cover/statewide_events_first100_20260914"
"257423","mineral_N_one_half","staged","/projectnb/dietzelab/ccmmf/usr/akash/statewide_matrix/setup_v1/runs/257423/mineral_N_one_half","/projectnb/dietzelab/ccmmf/usr/akash/calval_sa_v3_20260821/tools/sipnet_v2.2.0-3ccc41c","/projectnb/dietzelab/ccmmf/usr/akash/statewide_cover/statewide_events_first100_20260914"
"257423","mineral_N_zero","staged","/projectnb/dietzelab/ccmmf/usr/akash/statewide_matrix/setup_v1/runs/257423/mineral_N_zero","/projectnb/dietzelab/ccmmf/usr/akash/calval_sa_v3_20260821/tools/sipnet_v2.2.0-3ccc41c","/projectnb/dietzelab/ccmmf/usr/akash/statewide_cover/statewide_events_first100_20260914"
"257423","organic_substitution","staged","/projectnb/dietzelab/ccmmf/usr/akash/statewide_matrix/setup_v1/runs/257423/organic_substitution","/projectnb/dietzelab/ccmmf/usr/akash/calval_sa_v3_20260821/tools/sipnet_v2.2.0-3ccc41c","/projectnb/dietzelab/ccmmf/usr/akash/statewide_cover/statewide_events_first100_20260914"
"257423","tillage_reduced","staged","/projectnb/dietzelab/ccmmf/usr/akash/statewide_matrix/setup_v1/runs/257423/tillage_reduced","/projectnb/dietzelab/ccmmf/usr/akash/calval_sa_v3_20260821/tools/sipnet_v2.2.0-3ccc41c","/projectnb/dietzelab/ccmmf/usr/akash/statewide_cover/statewide_events_first100_20260914"
"257423","tillage_reference","staged","/projectnb/dietzelab/ccmmf/usr/akash/statewide_matrix/setup_v1/runs/257423/tillage_reference","/projectnb/dietzelab/ccmmf/usr/akash/calval_sa_v3_20260821/tools/sipnet_v2.2.0-3ccc41c","/projectnb/dietzelab/ccmmf/usr/akash/statewide_cover/statewide_events_first100_20260914"
"257423","tillage_zero","staged","/projectnb/dietzelab/ccmmf/usr/akash/statewide_matrix/setup_v1/runs/257423/tillage_zero","/projectnb/dietzelab/ccmmf/usr/akash/calval_sa_v3_20260821/tools/sipnet_v2.2.0-3ccc41c","/projectnb/dietzelab/ccmmf/usr/akash/statewide_cover/statewide_events_first100_20260914"
"338040","cover_annual","staged","/projectnb/dietzelab/ccmmf/usr/akash/statewide_matrix/setup_v1/runs/338040/cover_annual","/projectnb/dietzelab/ccmmf/usr/akash/calval_sa_v3_20260821/tools/sipnet_v2.2.0-3ccc41c","/projectnb/dietzelab/ccmmf/usr/akash/statewide_cover/statewide_events_first100_20260914"
"338040","cover_none","staged","/projectnb/dietzelab/ccmmf/usr/akash/statewide_matrix/setup_v1/runs/338040/cover_none","/projectnb/dietzelab/ccmmf/usr/akash/calval_sa_v3_20260821/tools/sipnet_v2.2.0-3ccc41c","/projectnb/dietzelab/ccmmf/usr/akash/statewide_cover/statewide_events_first100_20260914"
"338040","fertilizer_reference","staged","/projectnb/dietzelab/ccmmf/usr/akash/statewide_matrix/setup_v1/runs/338040/fertilizer_reference","/projectnb/dietzelab/ccmmf/usr/akash/calval_sa_v3_20260821/tools/sipnet_v2.2.0-3ccc41c","/projectnb/dietzelab/ccmmf/usr/akash/statewide_cover/statewide_events_first100_20260914"
"338040","mineral_N_half","staged","/projectnb/dietzelab/ccmmf/usr/akash/statewide_matrix/setup_v1/runs/338040/mineral_N_half","/projectnb/dietzelab/ccmmf/usr/akash/calval_sa_v3_20260821/tools/sipnet_v2.2.0-3ccc41c","/projectnb/dietzelab/ccmmf/usr/akash/statewide_cover/statewide_events_first100_20260914"
"338040","mineral_N_one_half","staged","/projectnb/dietzelab/ccmmf/usr/akash/statewide_matrix/setup_v1/runs/338040/mineral_N_one_half","/projectnb/dietzelab/ccmmf/usr/akash/calval_sa_v3_20260821/tools/sipnet_v2.2.0-3ccc41c","/projectnb/dietzelab/ccmmf/usr/akash/statewide_cover/statewide_events_first100_20260914"
"338040","mineral_N_zero","staged","/projectnb/dietzelab/ccmmf/usr/akash/statewide_matrix/setup_v1/runs/338040/mineral_N_zero","/projectnb/dietzelab/ccmmf/usr/akash/calval_sa_v3_20260821/tools/sipnet_v2.2.0-3ccc41c","/projectnb/dietzelab/ccmmf/usr/akash/statewide_cover/statewide_events_first100_20260914"
"338040","organic_substitution","staged","/projectnb/dietzelab/ccmmf/usr/akash/statewide_matrix/setup_v1/runs/338040/organic_substitution","/projectnb/dietzelab/ccmmf/usr/akash/calval_sa_v3_20260821/tools/sipnet_v2.2.0-3ccc41c","/projectnb/dietzelab/ccmmf/usr/akash/statewide_cover/statewide_events_first100_20260914"
"338040","tillage_reduced","staged","/projectnb/dietzelab/ccmmf/usr/akash/statewide_matrix/setup_v1/runs/338040/tillage_reduced","/projectnb/dietzelab/ccmmf/usr/akash/calval_sa_v3_20260821/tools/sipnet_v2.2.0-3ccc41c","/projectnb/dietzelab/ccmmf/usr/akash/statewide_cover/statewide_events_first100_20260914"
"338040","tillage_reference","staged","/projectnb/dietzelab/ccmmf/usr/akash/statewide_matrix/setup_v1/runs/338040/tillage_reference","/projectnb/dietzelab/ccmmf/usr/akash/calval_sa_v3_20260821/tools/sipnet_v2.2.0-3ccc41c","/projectnb/dietzelab/ccmmf/usr/akash/statewide_cover/statewide_events_first100_20260914"
"338040","tillage_zero","staged","/projectnb/dietzelab/ccmmf/usr/akash/statewide_matrix/setup_v1/runs/338040/tillage_zero","/projectnb/dietzelab/ccmmf/usr/akash/calval_sa_v3_20260821/tools/sipnet_v2.2.0-3ccc41c","/projectnb/dietzelab/ccmmf/usr/akash/statewide_cover/statewide_events_first100_20260914"
"378874","cover_annual","staged","/projectnb/dietzelab/ccmmf/usr/akash/statewide_matrix/setup_v1/runs/378874/cover_annual","/projectnb/dietzelab/ccmmf/usr/akash/calval_sa_v3_20260821/tools/sipnet_v2.2.0-3ccc41c","/projectnb/dietzelab/ccmmf/usr/akash/statewide_cover/statewide_events_first100_20260914"
"378874","cover_none","staged","/projectnb/dietzelab/ccmmf/usr/akash/statewide_matrix/setup_v1/runs/378874/cover_none","/projectnb/dietzelab/ccmmf/usr/akash/calval_sa_v3_20260821/tools/sipnet_v2.2.0-3ccc41c","/projectnb/dietzelab/ccmmf/usr/akash/statewide_cover/statewide_events_first100_20260914"
"378874","fertilizer_reference","staged","/projectnb/dietzelab/ccmmf/usr/akash/statewide_matrix/setup_v1/runs/378874/fertilizer_reference","/projectnb/dietzelab/ccmmf/usr/akash/calval_sa_v3_20260821/tools/sipnet_v2.2.0-3ccc41c","/projectnb/dietzelab/ccmmf/usr/akash/statewide_cover/statewide_events_first100_20260914"
"378874","mineral_N_half","staged","/projectnb/dietzelab/ccmmf/usr/akash/statewide_matrix/setup_v1/runs/378874/mineral_N_half","/projectnb/dietzelab/ccmmf/usr/akash/calval_sa_v3_20260821/tools/sipnet_v2.2.0-3ccc41c","/projectnb/dietzelab/ccmmf/usr/akash/statewide_cover/statewide_events_first100_20260914"
"378874","mineral_N_one_half","staged","/projectnb/dietzelab/ccmmf/usr/akash/statewide_matrix/setup_v1/runs/378874/mineral_N_one_half","/projectnb/dietzelab/ccmmf/usr/akash/calval_sa_v3_20260821/tools/sipnet_v2.2.0-3ccc41c","/projectnb/dietzelab/ccmmf/usr/akash/statewide_cover/statewide_events_first100_20260914"
"378874","mineral_N_zero","staged","/projectnb/dietzelab/ccmmf/usr/akash/statewide_matrix/setup_v1/runs/378874/mineral_N_zero","/projectnb/dietzelab/ccmmf/usr/akash/calval_sa_v3_20260821/tools/sipnet_v2.2.0-3ccc41c","/projectnb/dietzelab/ccmmf/usr/akash/statewide_cover/statewide_events_first100_20260914"
"378874","organic_substitution","staged","/projectnb/dietzelab/ccmmf/usr/akash/statewide_matrix/setup_v1/runs/378874/organic_substitution","/projectnb/dietzelab/ccmmf/usr/akash/calval_sa_v3_20260821/tools/sipnet_v2.2.0-3ccc41c","/projectnb/dietzelab/ccmmf/usr/akash/statewide_cover/statewide_events_first100_20260914"
"378874","tillage_reduced","staged","/projectnb/dietzelab/ccmmf/usr/akash/statewide_matrix/setup_v1/runs/378874/tillage_reduced","/projectnb/dietzelab/ccmmf/usr/akash/calval_sa_v3_20260821/tools/sipnet_v2.2.0-3ccc41c","/projectnb/dietzelab/ccmmf/usr/akash/statewide_cover/statewide_events_first100_20260914"
"378874","tillage_reference","staged","/projectnb/dietzelab/ccmmf/usr/akash/statewide_matrix/setup_v1/runs/378874/tillage_reference","/projectnb/dietzelab/ccmmf/usr/akash/calval_sa_v3_20260821/tools/sipnet_v2.2.0-3ccc41c","/projectnb/dietzelab/ccmmf/usr/akash/statewide_cover/statewide_events_first100_20260914"
"378874","tillage_zero","staged","/projectnb/dietzelab/ccmmf/usr/akash/statewide_matrix/setup_v1/runs/378874/tillage_zero","/projectnb/dietzelab/ccmmf/usr/akash/calval_sa_v3_20260821/tools/sipnet_v2.2.0-3ccc41c","/projectnb/dietzelab/ccmmf/usr/akash/statewide_cover/statewide_events_first100_20260914"
"520659","cover_annual","staged","/projectnb/dietzelab/ccmmf/usr/akash/statewide_matrix/setup_v1/runs/520659/cover_annual","/projectnb/dietzelab/ccmmf/usr/akash/calval_sa_v3_20260821/tools/sipnet_v2.2.0-3ccc41c","/projectnb/dietzelab/ccmmf/usr/akash/statewide_cover/statewide_events_first100_20260914"
"520659","cover_none","staged","/projectnb/dietzelab/ccmmf/usr/akash/statewide_matrix/setup_v1/runs/520659/cover_none","/projectnb/dietzelab/ccmmf/usr/akash/calval_sa_v3_20260821/tools/sipnet_v2.2.0-3ccc41c","/projectnb/dietzelab/ccmmf/usr/akash/statewide_cover/statewide_events_first100_20260914"
"520659","fertilizer_reference","staged","/projectnb/dietzelab/ccmmf/usr/akash/statewide_matrix/setup_v1/runs/520659/fertilizer_reference","/projectnb/dietzelab/ccmmf/usr/akash/calval_sa_v3_20260821/tools/sipnet_v2.2.0-3ccc41c","/projectnb/dietzelab/ccmmf/usr/akash/statewide_cover/statewide_events_first100_20260914"
"520659","mineral_N_half","staged","/projectnb/dietzelab/ccmmf/usr/akash/statewide_matrix/setup_v1/runs/520659/mineral_N_half","/projectnb/dietzelab/ccmmf/usr/akash/calval_sa_v3_20260821/tools/sipnet_v2.2.0-3ccc41c","/projectnb/dietzelab/ccmmf/usr/akash/statewide_cover/statewide_events_first100_20260914"
"520659","mineral_N_one_half","staged","/projectnb/dietzelab/ccmmf/usr/akash/statewide_matrix/setup_v1/runs/520659/mineral_N_one_half","/projectnb/dietzelab/ccmmf/usr/akash/calval_sa_v3_20260821/tools/sipnet_v2.2.0-3ccc41c","/projectnb/dietzelab/ccmmf/usr/akash/statewide_cover/statewide_events_first100_20260914"
"520659","mineral_N_zero","staged","/projectnb/dietzelab/ccmmf/usr/akash/statewide_matrix/setup_v1/runs/520659/mineral_N_zero","/projectnb/dietzelab/ccmmf/usr/akash/calval_sa_v3_20260821/tools/sipnet_v2.2.0-3ccc41c","/projectnb/dietzelab/ccmmf/usr/akash/statewide_cover/statewide_events_first100_20260914"
"520659","organic_substitution","staged","/projectnb/dietzelab/ccmmf/usr/akash/statewide_matrix/setup_v1/runs/520659/organic_substitution","/projectnb/dietzelab/ccmmf/usr/akash/calval_sa_v3_20260821/tools/sipnet_v2.2.0-3ccc41c","/projectnb/dietzelab/ccmmf/usr/akash/statewide_cover/statewide_events_first100_20260914"
"520659","rice_irrigated_reference","staged","/projectnb/dietzelab/ccmmf/usr/akash/statewide_matrix/setup_v1/runs/520659/rice_irrigated_reference","/projectnb/dietzelab/ccmmf/usr/akash/calval_sa_v3_20260821/tools/sipnet_v2.2.0-3ccc41c","/projectnb/dietzelab/ccmmf/usr/akash/statewide_cover/statewide_events_first100_20260914"
"520659","rice_one_dry","staged","/projectnb/dietzelab/ccmmf/usr/akash/statewide_matrix/setup_v1/runs/520659/rice_one_dry","/projectnb/dietzelab/ccmmf/usr/akash/calval_sa_v3_20260821/tools/sipnet_v2.2.0-3ccc41c","/projectnb/dietzelab/ccmmf/usr/akash/statewide_cover/statewide_events_first100_20260914"
"520659","rice_two_dry","staged","/projectnb/dietzelab/ccmmf/usr/akash/statewide_matrix/setup_v1/runs/520659/rice_two_dry","/projectnb/dietzelab/ccmmf/usr/akash/calval_sa_v3_20260821/tools/sipnet_v2.2.0-3ccc41c","/projectnb/dietzelab/ccmmf/usr/akash/statewide_cover/statewide_events_first100_20260914"
"520659","tillage_reduced","staged","/projectnb/dietzelab/ccmmf/usr/akash/statewide_matrix/setup_v1/runs/520659/tillage_reduced","/projectnb/dietzelab/ccmmf/usr/akash/calval_sa_v3_20260821/tools/sipnet_v2.2.0-3ccc41c","/projectnb/dietzelab/ccmmf/usr/akash/statewide_cover/statewide_events_first100_20260914"
"520659","tillage_reference","staged","/projectnb/dietzelab/ccmmf/usr/akash/statewide_matrix/setup_v1/runs/520659/tillage_reference","/projectnb/dietzelab/ccmmf/usr/akash/calval_sa_v3_20260821/tools/sipnet_v2.2.0-3ccc41c","/projectnb/dietzelab/ccmmf/usr/akash/statewide_cover/statewide_events_first100_20260914"
"520659","tillage_zero","staged","/projectnb/dietzelab/ccmmf/usr/akash/statewide_matrix/setup_v1/runs/520659/tillage_zero","/projectnb/dietzelab/ccmmf/usr/akash/calval_sa_v3_20260821/tools/sipnet_v2.2.0-3ccc41c","/projectnb/dietzelab/ccmmf/usr/akash/statewide_cover/statewide_events_first100_20260914"
"41669","fertilizer_reference","staged","/projectnb/dietzelab/ccmmf/usr/akash/statewide_matrix/setup_v1/runs/41669/fertilizer_reference","/projectnb/dietzelab/ccmmf/usr/akash/calval_sa_v3_20260821/tools/sipnet_v2.2.0-3ccc41c","/projectnb/dietzelab/ccmmf/usr/akash/statewide_cover/statewide_events_first100_20260914"
"41669","mineral_N_half","staged","/projectnb/dietzelab/ccmmf/usr/akash/statewide_matrix/setup_v1/runs/41669/mineral_N_half","/projectnb/dietzelab/ccmmf/usr/akash/calval_sa_v3_20260821/tools/sipnet_v2.2.0-3ccc41c","/projectnb/dietzelab/ccmmf/usr/akash/statewide_cover/statewide_events_first100_20260914"
"41669","mineral_N_one_half","staged","/projectnb/dietzelab/ccmmf/usr/akash/statewide_matrix/setup_v1/runs/41669/mineral_N_one_half","/projectnb/dietzelab/ccmmf/usr/akash/calval_sa_v3_20260821/tools/sipnet_v2.2.0-3ccc41c","/projectnb/dietzelab/ccmmf/usr/akash/statewide_cover/statewide_events_first100_20260914"
"41669","mineral_N_zero","staged","/projectnb/dietzelab/ccmmf/usr/akash/statewide_matrix/setup_v1/runs/41669/mineral_N_zero","/projectnb/dietzelab/ccmmf/usr/akash/calval_sa_v3_20260821/tools/sipnet_v2.2.0-3ccc41c","/projectnb/dietzelab/ccmmf/usr/akash/statewide_cover/statewide_events_first100_20260914"
"41669","organic_substitution","staged","/projectnb/dietzelab/ccmmf/usr/akash/statewide_matrix/setup_v1/runs/41669/organic_substitution","/projectnb/dietzelab/ccmmf/usr/akash/calval_sa_v3_20260821/tools/sipnet_v2.2.0-3ccc41c","/projectnb/dietzelab/ccmmf/usr/akash/statewide_cover/statewide_events_first100_20260914"
"41669","tillage_reduced","staged","/projectnb/dietzelab/ccmmf/usr/akash/statewide_matrix/setup_v1/runs/41669/tillage_reduced","/projectnb/dietzelab/ccmmf/usr/akash/calval_sa_v3_20260821/tools/sipnet_v2.2.0-3ccc41c","/projectnb/dietzelab/ccmmf/usr/akash/statewide_cover/statewide_events_first100_20260914"
"41669","tillage_reference","staged","/projectnb/dietzelab/ccmmf/usr/akash/statewide_matrix/setup_v1/runs/41669/tillage_reference","/projectnb/dietzelab/ccmmf/usr/akash/calval_sa_v3_20260821/tools/sipnet_v2.2.0-3ccc41c","/projectnb/dietzelab/ccmmf/usr/akash/statewide_cover/statewide_events_first100_20260914"
"41669","tillage_zero","staged","/projectnb/dietzelab/ccmmf/usr/akash/statewide_matrix/setup_v1/runs/41669/tillage_zero","/projectnb/dietzelab/ccmmf/usr/akash/calval_sa_v3_20260821/tools/sipnet_v2.2.0-3ccc41c","/projectnb/dietzelab/ccmmf/usr/akash/statewide_cover/statewide_events_first100_20260914"
"436143","cover_annual","staged","/projectnb/dietzelab/ccmmf/usr/akash/statewide_matrix/setup_v1/runs/436143/cover_annual","/projectnb/dietzelab/ccmmf/usr/akash/calval_sa_v3_20260821/tools/sipnet_v2.2.0-3ccc41c","/projectnb/dietzelab/ccmmf/usr/akash/statewide_cover/statewide_events_first100_20260914"
"436143","cover_none","staged","/projectnb/dietzelab/ccmmf/usr/akash/statewide_matrix/setup_v1/runs/436143/cover_none","/projectnb/dietzelab/ccmmf/usr/akash/calval_sa_v3_20260821/tools/sipnet_v2.2.0-3ccc41c","/projectnb/dietzelab/ccmmf/usr/akash/statewide_cover/statewide_events_first100_20260914"
"436143","fertilizer_reference","staged","/projectnb/dietzelab/ccmmf/usr/akash/statewide_matrix/setup_v1/runs/436143/fertilizer_reference","/projectnb/dietzelab/ccmmf/usr/akash/calval_sa_v3_20260821/tools/sipnet_v2.2.0-3ccc41c","/projectnb/dietzelab/ccmmf/usr/akash/statewide_cover/statewide_events_first100_20260914"
"436143","mineral_N_half","staged","/projectnb/dietzelab/ccmmf/usr/akash/statewide_matrix/setup_v1/runs/436143/mineral_N_half","/projectnb/dietzelab/ccmmf/usr/akash/calval_sa_v3_20260821/tools/sipnet_v2.2.0-3ccc41c","/projectnb/dietzelab/ccmmf/usr/akash/statewide_cover/statewide_events_first100_20260914"
"436143","mineral_N_one_half","staged","/projectnb/dietzelab/ccmmf/usr/akash/statewide_matrix/setup_v1/runs/436143/mineral_N_one_half","/projectnb/dietzelab/ccmmf/usr/akash/calval_sa_v3_20260821/tools/sipnet_v2.2.0-3ccc41c","/projectnb/dietzelab/ccmmf/usr/akash/statewide_cover/statewide_events_first100_20260914"
"436143","mineral_N_zero","staged","/projectnb/dietzelab/ccmmf/usr/akash/statewide_matrix/setup_v1/runs/436143/mineral_N_zero","/projectnb/dietzelab/ccmmf/usr/akash/calval_sa_v3_20260821/tools/sipnet_v2.2.0-3ccc41c","/projectnb/dietzelab/ccmmf/usr/akash/statewide_cover/statewide_events_first100_20260914"
"436143","organic_substitution","staged","/projectnb/dietzelab/ccmmf/usr/akash/statewide_matrix/setup_v1/runs/436143/organic_substitution","/projectnb/dietzelab/ccmmf/usr/akash/calval_sa_v3_20260821/tools/sipnet_v2.2.0-3ccc41c","/projectnb/dietzelab/ccmmf/usr/akash/statewide_cover/statewide_events_first100_20260914"
"436143","tillage_reduced","staged","/projectnb/dietzelab/ccmmf/usr/akash/statewide_matrix/setup_v1/runs/436143/tillage_reduced","/projectnb/dietzelab/ccmmf/usr/akash/calval_sa_v3_20260821/tools/sipnet_v2.2.0-3ccc41c","/projectnb/dietzelab/ccmmf/usr/akash/statewide_cover/statewide_events_first100_20260914"
"436143","tillage_reference","staged","/projectnb/dietzelab/ccmmf/usr/akash/statewide_matrix/setup_v1/runs/436143/tillage_reference","/projectnb/dietzelab/ccmmf/usr/akash/calval_sa_v3_20260821/tools/sipnet_v2.2.0-3ccc41c","/projectnb/dietzelab/ccmmf/usr/akash/statewide_cover/statewide_events_first100_20260914"
"436143","tillage_zero","staged","/projectnb/dietzelab/ccmmf/usr/akash/statewide_matrix/setup_v1/runs/436143/tillage_zero","/projectnb/dietzelab/ccmmf/usr/akash/calval_sa_v3_20260821/tools/sipnet_v2.2.0-3ccc41c","/projectnb/dietzelab/ccmmf/usr/akash/statewide_cover/statewide_events_first100_20260914"
"371139","fertilizer_reference","staged","/projectnb/dietzelab/ccmmf/usr/akash/statewide_matrix/setup_v1/runs/371139/fertilizer_reference","/projectnb/dietzelab/ccmmf/usr/akash/calval_sa_v3_20260821/tools/sipnet_v2.2.0-3ccc41c","/projectnb/dietzelab/ccmmf/usr/akash/statewide_cover/statewide_events_first100_20260914"
"371139","mineral_N_half","staged","/projectnb/dietzelab/ccmmf/usr/akash/statewide_matrix/setup_v1/runs/371139/mineral_N_half","/projectnb/dietzelab/ccmmf/usr/akash/calval_sa_v3_20260821/tools/sipnet_v2.2.0-3ccc41c","/projectnb/dietzelab/ccmmf/usr/akash/statewide_cover/statewide_events_first100_20260914"
"371139","mineral_N_one_half","staged","/projectnb/dietzelab/ccmmf/usr/akash/statewide_matrix/setup_v1/runs/371139/mineral_N_one_half","/projectnb/dietzelab/ccmmf/usr/akash/calval_sa_v3_20260821/tools/sipnet_v2.2.0-3ccc41c","/projectnb/dietzelab/ccmmf/usr/akash/statewide_cover/statewide_events_first100_20260914"
"371139","mineral_N_zero","staged","/projectnb/dietzelab/ccmmf/usr/akash/statewide_matrix/setup_v1/runs/371139/mineral_N_zero","/projectnb/dietzelab/ccmmf/usr/akash/calval_sa_v3_20260821/tools/sipnet_v2.2.0-3ccc41c","/projectnb/dietzelab/ccmmf/usr/akash/statewide_cover/statewide_events_first100_20260914"
"371139","organic_substitution","staged","/projectnb/dietzelab/ccmmf/usr/akash/statewide_matrix/setup_v1/runs/371139/organic_substitution","/projectnb/dietzelab/ccmmf/usr/akash/calval_sa_v3_20260821/tools/sipnet_v2.2.0-3ccc41c","/projectnb/dietzelab/ccmmf/usr/akash/statewide_cover/statewide_events_first100_20260914"
"371139","tillage_reduced","staged","/projectnb/dietzelab/ccmmf/usr/akash/statewide_matrix/setup_v1/runs/371139/tillage_reduced","/projectnb/dietzelab/ccmmf/usr/akash/calval_sa_v3_20260821/tools/sipnet_v2.2.0-3ccc41c","/projectnb/dietzelab/ccmmf/usr/akash/statewide_cover/statewide_events_first100_20260914"
"371139","tillage_reference","staged","/projectnb/dietzelab/ccmmf/usr/akash/statewide_matrix/setup_v1/runs/371139/tillage_reference","/projectnb/dietzelab/ccmmf/usr/akash/calval_sa_v3_20260821/tools/sipnet_v2.2.0-3ccc41c","/projectnb/dietzelab/ccmmf/usr/akash/statewide_cover/statewide_events_first100_20260914"
"371139","tillage_zero","staged","/projectnb/dietzelab/ccmmf/usr/akash/statewide_matrix/setup_v1/runs/371139/tillage_zero","/projectnb/dietzelab/ccmmf/usr/akash/calval_sa_v3_20260821/tools/sipnet_v2.2.0-3ccc41c","/projectnb/dietzelab/ccmmf/usr/akash/statewide_cover/statewide_events_first100_20260914"
"510456","cover_annual","staged","/projectnb/dietzelab/ccmmf/usr/akash/statewide_matrix/setup_v1/runs/510456/cover_annual","/projectnb/dietzelab/ccmmf/usr/akash/calval_sa_v3_20260821/tools/sipnet_v2.2.0-3ccc41c","/projectnb/dietzelab/ccmmf/usr/akash/statewide_cover/statewide_events_first100_20260914"
"510456","cover_none","staged","/projectnb/dietzelab/ccmmf/usr/akash/statewide_matrix/setup_v1/runs/510456/cover_none","/projectnb/dietzelab/ccmmf/usr/akash/calval_sa_v3_20260821/tools/sipnet_v2.2.0-3ccc41c","/projectnb/dietzelab/ccmmf/usr/akash/statewide_cover/statewide_events_first100_20260914"
"510456","fertilizer_reference","staged","/projectnb/dietzelab/ccmmf/usr/akash/statewide_matrix/setup_v1/runs/510456/fertilizer_reference","/projectnb/dietzelab/ccmmf/usr/akash/calval_sa_v3_20260821/tools/sipnet_v2.2.0-3ccc41c","/projectnb/dietzelab/ccmmf/usr/akash/statewide_cover/statewide_events_first100_20260914"
"510456","mineral_N_half","staged","/projectnb/dietzelab/ccmmf/usr/akash/statewide_matrix/setup_v1/runs/510456/mineral_N_half","/projectnb/dietzelab/ccmmf/usr/akash/calval_sa_v3_20260821/tools/sipnet_v2.2.0-3ccc41c","/projectnb/dietzelab/ccmmf/usr/akash/statewide_cover/statewide_events_first100_20260914"
"510456","mineral_N_one_half","staged","/projectnb/dietzelab/ccmmf/usr/akash/statewide_matrix/setup_v1/runs/510456/mineral_N_one_half","/projectnb/dietzelab/ccmmf/usr/akash/calval_sa_v3_20260821/tools/sipnet_v2.2.0-3ccc41c","/projectnb/dietzelab/ccmmf/usr/akash/statewide_cover/statewide_events_first100_20260914"
"510456","mineral_N_zero","staged","/projectnb/dietzelab/ccmmf/usr/akash/statewide_matrix/setup_v1/runs/510456/mineral_N_zero","/projectnb/dietzelab/ccmmf/usr/akash/calval_sa_v3_20260821/tools/sipnet_v2.2.0-3ccc41c","/projectnb/dietzelab/ccmmf/usr/akash/statewide_cover/statewide_events_first100_20260914"
"510456","organic_substitution","staged","/projectnb/dietzelab/ccmmf/usr/akash/statewide_matrix/setup_v1/runs/510456/organic_substitution","/projectnb/dietzelab/ccmmf/usr/akash/calval_sa_v3_20260821/tools/sipnet_v2.2.0-3ccc41c","/projectnb/dietzelab/ccmmf/usr/akash/statewide_cover/statewide_events_first100_20260914"
"510456","rice_irrigated_reference","staged","/projectnb/dietzelab/ccmmf/usr/akash/statewide_matrix/setup_v1/runs/510456/rice_irrigated_reference","/projectnb/dietzelab/ccmmf/usr/akash/calval_sa_v3_20260821/tools/sipnet_v2.2.0-3ccc41c","/projectnb/dietzelab/ccmmf/usr/akash/statewide_cover/statewide_events_first100_20260914"
"510456","rice_one_dry","staged","/projectnb/dietzelab/ccmmf/usr/akash/statewide_matrix/setup_v1/runs/510456/rice_one_dry","/projectnb/dietzelab/ccmmf/usr/akash/calval_sa_v3_20260821/tools/sipnet_v2.2.0-3ccc41c","/projectnb/dietzelab/ccmmf/usr/akash/statewide_cover/statewide_events_first100_20260914"
"510456","rice_two_dry","staged","/projectnb/dietzelab/ccmmf/usr/akash/statewide_matrix/setup_v1/runs/510456/rice_two_dry","/projectnb/dietzelab/ccmmf/usr/akash/calval_sa_v3_20260821/tools/sipnet_v2.2.0-3ccc41c","/projectnb/dietzelab/ccmmf/usr/akash/statewide_cover/statewide_events_first100_20260914"
"510456","tillage_reduced","staged","/projectnb/dietzelab/ccmmf/usr/akash/statewide_matrix/setup_v1/runs/510456/tillage_reduced","/projectnb/dietzelab/ccmmf/usr/akash/calval_sa_v3_20260821/tools/sipnet_v2.2.0-3ccc41c","/projectnb/dietzelab/ccmmf/usr/akash/statewide_cover/statewide_events_first100_20260914"
"510456","tillage_reference","staged","/projectnb/dietzelab/ccmmf/usr/akash/statewide_matrix/setup_v1/runs/510456/tillage_reference","/projectnb/dietzelab/ccmmf/usr/akash/calval_sa_v3_20260821/tools/sipnet_v2.2.0-3ccc41c","/projectnb/dietzelab/ccmmf/usr/akash/statewide_cover/statewide_events_first100_20260914"
"510456","tillage_zero","staged","/projectnb/dietzelab/ccmmf/usr/akash/statewide_matrix/setup_v1/runs/510456/tillage_zero","/projectnb/dietzelab/ccmmf/usr/akash/calval_sa_v3_20260821/tools/sipnet_v2.2.0-3ccc41c","/projectnb/dietzelab/ccmmf/usr/akash/statewide_cover/statewide_events_first100_20260914"
"24007","fertilizer_reference","staged","/projectnb/dietzelab/ccmmf/usr/akash/statewide_matrix/setup_v1/runs/24007/fertilizer_reference","/projectnb/dietzelab/ccmmf/usr/akash/calval_sa_v3_20260821/tools/sipnet_v2.2.0-3ccc41c","/projectnb/dietzelab/ccmmf/usr/akash/statewide_cover/statewide_events_first100_20260914"
"24007","mineral_N_half","staged","/projectnb/dietzelab/ccmmf/usr/akash/statewide_matrix/setup_v1/runs/24007/mineral_N_half","/projectnb/dietzelab/ccmmf/usr/akash/calval_sa_v3_20260821/tools/sipnet_v2.2.0-3ccc41c","/projectnb/dietzelab/ccmmf/usr/akash/statewide_cover/statewide_events_first100_20260914"
"24007","mineral_N_one_half","staged","/projectnb/dietzelab/ccmmf/usr/akash/statewide_matrix/setup_v1/runs/24007/mineral_N_one_half","/projectnb/dietzelab/ccmmf/usr/akash/calval_sa_v3_20260821/tools/sipnet_v2.2.0-3ccc41c","/projectnb/dietzelab/ccmmf/usr/akash/statewide_cover/statewide_events_first100_20260914"
"24007","mineral_N_zero","staged","/projectnb/dietzelab/ccmmf/usr/akash/statewide_matrix/setup_v1/runs/24007/mineral_N_zero","/projectnb/dietzelab/ccmmf/usr/akash/calval_sa_v3_20260821/tools/sipnet_v2.2.0-3ccc41c","/projectnb/dietzelab/ccmmf/usr/akash/statewide_cover/statewide_events_first100_20260914"
"24007","organic_substitution","staged","/projectnb/dietzelab/ccmmf/usr/akash/statewide_matrix/setup_v1/runs/24007/organic_substitution","/projectnb/dietzelab/ccmmf/usr/akash/calval_sa_v3_20260821/tools/sipnet_v2.2.0-3ccc41c","/projectnb/dietzelab/ccmmf/usr/akash/statewide_cover/statewide_events_first100_20260914"
"24007","tillage_reduced","staged","/projectnb/dietzelab/ccmmf/usr/akash/statewide_matrix/setup_v1/runs/24007/tillage_reduced","/projectnb/dietzelab/ccmmf/usr/akash/calval_sa_v3_20260821/tools/sipnet_v2.2.0-3ccc41c","/projectnb/dietzelab/ccmmf/usr/akash/statewide_cover/statewide_events_first100_20260914"
"24007","tillage_reference","staged","/projectnb/dietzelab/ccmmf/usr/akash/statewide_matrix/setup_v1/runs/24007/tillage_reference","/projectnb/dietzelab/ccmmf/usr/akash/calval_sa_v3_20260821/tools/sipnet_v2.2.0-3ccc41c","/projectnb/dietzelab/ccmmf/usr/akash/statewide_cover/statewide_events_first100_20260914"
"24007","tillage_zero","staged","/projectnb/dietzelab/ccmmf/usr/akash/statewide_matrix/setup_v1/runs/24007/tillage_zero","/projectnb/dietzelab/ccmmf/usr/akash/calval_sa_v3_20260821/tools/sipnet_v2.2.0-3ccc41c","/projectnb/dietzelab/ccmmf/usr/akash/statewide_cover/statewide_events_first100_20260914"
"462857","cover_annual","staged","/projectnb/dietzelab/ccmmf/usr/akash/statewide_matrix/setup_v1/runs/462857/cover_annual","/projectnb/dietzelab/ccmmf/usr/akash/calval_sa_v3_20260821/tools/sipnet_v2.2.0-3ccc41c","/projectnb/dietzelab/ccmmf/usr/akash/statewide_cover/statewide_events_first100_20260914"
"462857","cover_none","staged","/projectnb/dietzelab/ccmmf/usr/akash/statewide_matrix/setup_v1/runs/462857/cover_none","/projectnb/dietzelab/ccmmf/usr/akash/calval_sa_v3_20260821/tools/sipnet_v2.2.0-3ccc41c","/projectnb/dietzelab/ccmmf/usr/akash/statewide_cover/statewide_events_first100_20260914"
"462857","fertilizer_reference","staged","/projectnb/dietzelab/ccmmf/usr/akash/statewide_matrix/setup_v1/runs/462857/fertilizer_reference","/projectnb/dietzelab/ccmmf/usr/akash/calval_sa_v3_20260821/tools/sipnet_v2.2.0-3ccc41c","/projectnb/dietzelab/ccmmf/usr/akash/statewide_cover/statewide_events_first100_20260914"
"462857","mineral_N_half","staged","/projectnb/dietzelab/ccmmf/usr/akash/statewide_matrix/setup_v1/runs/462857/mineral_N_half","/projectnb/dietzelab/ccmmf/usr/akash/calval_sa_v3_20260821/tools/sipnet_v2.2.0-3ccc41c","/projectnb/dietzelab/ccmmf/usr/akash/statewide_cover/statewide_events_first100_20260914"
"462857","mineral_N_one_half","staged","/projectnb/dietzelab/ccmmf/usr/akash/statewide_matrix/setup_v1/runs/462857/mineral_N_one_half","/projectnb/dietzelab/ccmmf/usr/akash/calval_sa_v3_20260821/tools/sipnet_v2.2.0-3ccc41c","/projectnb/dietzelab/ccmmf/usr/akash/statewide_cover/statewide_events_first100_20260914"
"462857","mineral_N_zero","staged","/projectnb/dietzelab/ccmmf/usr/akash/statewide_matrix/setup_v1/runs/462857/mineral_N_zero","/projectnb/dietzelab/ccmmf/usr/akash/calval_sa_v3_20260821/tools/sipnet_v2.2.0-3ccc41c","/projectnb/dietzelab/ccmmf/usr/akash/statewide_cover/statewide_events_first100_20260914"
"462857","organic_substitution","staged","/projectnb/dietzelab/ccmmf/usr/akash/statewide_matrix/setup_v1/runs/462857/organic_substitution","/projectnb/dietzelab/ccmmf/usr/akash/calval_sa_v3_20260821/tools/sipnet_v2.2.0-3ccc41c","/projectnb/dietzelab/ccmmf/usr/akash/statewide_cover/statewide_events_first100_20260914"
"462857","tillage_reduced","staged","/projectnb/dietzelab/ccmmf/usr/akash/statewide_matrix/setup_v1/runs/462857/tillage_reduced","/projectnb/dietzelab/ccmmf/usr/akash/calval_sa_v3_20260821/tools/sipnet_v2.2.0-3ccc41c","/projectnb/dietzelab/ccmmf/usr/akash/statewide_cover/statewide_events_first100_20260914"
"462857","tillage_reference","staged","/projectnb/dietzelab/ccmmf/usr/akash/statewide_matrix/setup_v1/runs/462857/tillage_reference","/projectnb/dietzelab/ccmmf/usr/akash/calval_sa_v3_20260821/tools/sipnet_v2.2.0-3ccc41c","/projectnb/dietzelab/ccmmf/usr/akash/statewide_cover/statewide_events_first100_20260914"
"462857","tillage_zero","staged","/projectnb/dietzelab/ccmmf/usr/akash/statewide_matrix/setup_v1/runs/462857/tillage_zero","/projectnb/dietzelab/ccmmf/usr/akash/calval_sa_v3_20260821/tools/sipnet_v2.2.0-3ccc41c","/projectnb/dietzelab/ccmmf/usr/akash/statewide_cover/statewide_events_first100_20260914"
