site_id,year,practice,status,reason
328163,2016,cover_annual,prepared,"Annual cover in a source-season window, trimmed only to preserve cash crops"
328163,2017,cover_annual,model_unsupported,Standing woody/perennial forage vegetation plus understory requires two vegetation populations
328163,2018,cover_annual,model_unsupported,Standing woody/perennial forage vegetation plus understory requires two vegetation populations
328163,2019,cover_annual,model_unsupported,Standing woody/perennial forage vegetation plus understory requires two vegetation populations
328163,2020,cover_annual,model_unsupported,Standing woody/perennial forage vegetation plus understory requires two vegetation populations
328163,2021,cover_annual,model_unsupported,Standing woody/perennial forage vegetation plus understory requires two vegetation populations
328163,2022,cover_annual,model_unsupported,Standing woody/perennial forage vegetation plus understory requires two vegetation populations
328163,2023,cover_annual,model_unsupported,Standing woody/perennial forage vegetation plus understory requires two vegetation populations
328163,2016,rice_one_dry,inapplicable,Cash crop is not rice
328163,2016,rice_two_dry,inapplicable,Cash crop is not rice
328163,2017,rice_one_dry,inapplicable,Cash crop is not rice
328163,2017,rice_two_dry,inapplicable,Cash crop is not rice
328163,2018,rice_one_dry,inapplicable,Cash crop is not rice
328163,2018,rice_two_dry,inapplicable,Cash crop is not rice
328163,2019,rice_one_dry,inapplicable,Cash crop is not rice
328163,2019,rice_two_dry,inapplicable,Cash crop is not rice
328163,2020,rice_one_dry,inapplicable,Cash crop is not rice
328163,2020,rice_two_dry,inapplicable,Cash crop is not rice
328163,2021,rice_one_dry,inapplicable,Cash crop is not rice
328163,2021,rice_two_dry,inapplicable,Cash crop is not rice
328163,2022,rice_one_dry,inapplicable,Cash crop is not rice
328163,2022,rice_two_dry,inapplicable,Cash crop is not rice
328163,2023,rice_one_dry,inapplicable,Cash crop is not rice
328163,2023,rice_two_dry,inapplicable,Cash crop is not rice
26336,2016,cover_annual,model_unsupported,Standing woody/perennial forage vegetation plus understory requires two vegetation populations
26336,2017,cover_annual,model_unsupported,Standing woody/perennial forage vegetation plus understory requires two vegetation populations
26336,2018,cover_annual,model_unsupported,Standing woody/perennial forage vegetation plus understory requires two vegetation populations
26336,2019,cover_annual,model_unsupported,Standing woody/perennial forage vegetation plus understory requires two vegetation populations
26336,2020,cover_annual,model_unsupported,Standing woody/perennial forage vegetation plus understory requires two vegetation populations
26336,2021,cover_annual,model_unsupported,Standing woody/perennial forage vegetation plus understory requires two vegetation populations
26336,2022,cover_annual,model_unsupported,Standing woody/perennial forage vegetation plus understory requires two vegetation populations
26336,2023,cover_annual,model_unsupported,Standing woody/perennial forage vegetation plus understory requires two vegetation populations
26336,2016,rice_one_dry,inapplicable,Cash crop is not rice
26336,2016,rice_two_dry,inapplicable,Cash crop is not rice
26336,2017,rice_one_dry,inapplicable,Cash crop is not rice
26336,2017,rice_two_dry,inapplicable,Cash crop is not rice
26336,2018,rice_one_dry,inapplicable,Cash crop is not rice
26336,2018,rice_two_dry,inapplicable,Cash crop is not rice
26336,2019,rice_one_dry,inapplicable,Cash crop is not rice
26336,2019,rice_two_dry,inapplicable,Cash crop is not rice
26336,2020,rice_one_dry,inapplicable,Cash crop is not rice
26336,2020,rice_two_dry,inapplicable,Cash crop is not rice
26336,2021,rice_one_dry,inapplicable,Cash crop is not rice
26336,2021,rice_two_dry,inapplicable,Cash crop is not rice
26336,2022,rice_one_dry,inapplicable,Cash crop is not rice
26336,2022,rice_two_dry,inapplicable,Cash crop is not rice
26336,2023,rice_one_dry,inapplicable,Cash crop is not rice
26336,2023,rice_two_dry,inapplicable,Cash crop is not rice
565118,2016,cover_annual,prepared,"Annual cover in a source-season window, trimmed only to preserve cash crops"
565118,2017,cover_annual,prepared,"Annual cover in a source-season window, trimmed only to preserve cash crops"
565118,2018,cover_annual,prepared,"Annual cover in a source-season window, trimmed only to preserve cash crops"
565118,2019,cover_annual,prepared,"Annual cover in a source-season window, trimmed only to preserve cash crops"
565118,2020,cover_annual,prepared,"Annual cover in a source-season window, trimmed only to preserve cash crops"
565118,2021,cover_annual,prepared,"Annual cover in a source-season window, trimmed only to preserve cash crops"
565118,2022,cover_annual,prepared,"Annual cover in a source-season window, trimmed only to preserve cash crops"
565118,2023,cover_annual,prepared,"Annual cover in a source-season window, trimmed only to preserve cash crops"
565118,2016,rice_one_dry,inapplicable,Cash crop is not rice
565118,2016,rice_two_dry,inapplicable,Cash crop is not rice
565118,2017,rice_one_dry,inapplicable,Cash crop is not rice
565118,2017,rice_two_dry,inapplicable,Cash crop is not rice
565118,2018,rice_one_dry,inapplicable,Cash crop is not rice
565118,2018,rice_two_dry,inapplicable,Cash crop is not rice
565118,2019,rice_one_dry,inapplicable,Cash crop is not rice
565118,2019,rice_two_dry,inapplicable,Cash crop is not rice
565118,2020,rice_one_dry,inapplicable,Cash crop is not rice
565118,2020,rice_two_dry,inapplicable,Cash crop is not rice
565118,2021,rice_one_dry,inapplicable,Cash crop is not rice
565118,2021,rice_two_dry,inapplicable,Cash crop is not rice
565118,2022,rice_one_dry,inapplicable,Cash crop is not rice
565118,2022,rice_two_dry,inapplicable,Cash crop is not rice
565118,2023,rice_one_dry,inapplicable,Cash crop is not rice
565118,2023,rice_two_dry,inapplicable,Cash crop is not rice
159849,2016,cover_annual,model_unsupported,Standing woody/perennial forage vegetation plus understory requires two vegetation populations
159849,2017,cover_annual,model_unsupported,Standing woody/perennial forage vegetation plus understory requires two vegetation populations
159849,2018,cover_annual,model_unsupported,Standing woody/perennial forage vegetation plus understory requires two vegetation populations
159849,2019,cover_annual,model_unsupported,Standing woody/perennial forage vegetation plus understory requires two vegetation populations
159849,2020,cover_annual,model_unsupported,Standing woody/perennial forage vegetation plus understory requires two vegetation populations
159849,2021,cover_annual,model_unsupported,Standing woody/perennial forage vegetation plus understory requires two vegetation populations
159849,2022,cover_annual,model_unsupported,Standing woody/perennial forage vegetation plus understory requires two vegetation populations
159849,2023,cover_annual,model_unsupported,Standing woody/perennial forage vegetation plus understory requires two vegetation populations
159849,2016,rice_one_dry,inapplicable,Cash crop is not rice
159849,2016,rice_two_dry,inapplicable,Cash crop is not rice
159849,2017,rice_one_dry,inapplicable,Cash crop is not rice
159849,2017,rice_two_dry,inapplicable,Cash crop is not rice
159849,2018,rice_one_dry,inapplicable,Cash crop is not rice
159849,2018,rice_two_dry,inapplicable,Cash crop is not rice
159849,2019,rice_one_dry,inapplicable,Cash crop is not rice
159849,2019,rice_two_dry,inapplicable,Cash crop is not rice
159849,2020,rice_one_dry,inapplicable,Cash crop is not rice
159849,2020,rice_two_dry,inapplicable,Cash crop is not rice
159849,2021,rice_one_dry,inapplicable,Cash crop is not rice
159849,2021,rice_two_dry,inapplicable,Cash crop is not rice
159849,2022,rice_one_dry,inapplicable,Cash crop is not rice
159849,2022,rice_two_dry,inapplicable,Cash crop is not rice
159849,2023,rice_one_dry,inapplicable,Cash crop is not rice
159849,2023,rice_two_dry,inapplicable,Cash crop is not rice
522375,2016,cover_annual,model_unsupported,Standing woody/perennial forage vegetation plus understory requires two vegetation populations
522375,2017,cover_annual,model_unsupported,Standing woody/perennial forage vegetation plus understory requires two vegetation populations
522375,2018,cover_annual,model_unsupported,Standing woody/perennial forage vegetation plus understory requires two vegetation populations
522375,2019,cover_annual,prepared,"Annual cover in a source-season window, trimmed only to preserve cash crops"
522375,2020,cover_annual,model_unsupported,Standing woody/perennial forage vegetation plus understory requires two vegetation populations
522375,2021,cover_annual,model_unsupported,Standing woody/perennial forage vegetation plus understory requires two vegetation populations
522375,2022,cover_annual,model_unsupported,Standing woody/perennial forage vegetation plus understory requires two vegetation populations
522375,2023,cover_annual,model_unsupported,Standing woody/perennial forage vegetation plus understory requires two vegetation populations
522375,2016,rice_one_dry,inapplicable,Cash crop is not rice
522375,2016,rice_two_dry,inapplicable,Cash crop is not rice
522375,2017,rice_one_dry,inapplicable,Cash crop is not rice
522375,2017,rice_two_dry,inapplicable,Cash crop is not rice
522375,2018,rice_one_dry,inapplicable,Cash crop is not rice
522375,2018,rice_two_dry,inapplicable,Cash crop is not rice
522375,2019,rice_one_dry,inapplicable,Cash crop is not rice
522375,2019,rice_two_dry,inapplicable,Cash crop is not rice
522375,2020,rice_one_dry,inapplicable,Cash crop is not rice
522375,2020,rice_two_dry,inapplicable,Cash crop is not rice
522375,2021,rice_one_dry,inapplicable,Cash crop is not rice
522375,2021,rice_two_dry,inapplicable,Cash crop is not rice
522375,2022,rice_one_dry,inapplicable,Cash crop is not rice
522375,2022,rice_two_dry,inapplicable,Cash crop is not rice
522375,2023,rice_one_dry,inapplicable,Cash crop is not rice
522375,2023,rice_two_dry,inapplicable,Cash crop is not rice
534243,2016,cover_annual,model_unsupported,Standing woody/perennial forage vegetation plus understory requires two vegetation populations
534243,2017,cover_annual,model_unsupported,Standing woody/perennial forage vegetation plus understory requires two vegetation populations
534243,2018,cover_annual,model_unsupported,Standing woody/perennial forage vegetation plus understory requires two vegetation populations
534243,2019,cover_annual,model_unsupported,Standing woody/perennial forage vegetation plus understory requires two vegetation populations
534243,2020,cover_annual,model_unsupported,Standing woody/perennial forage vegetation plus understory requires two vegetation populations
534243,2021,cover_annual,model_unsupported,Standing woody/perennial forage vegetation plus understory requires two vegetation populations
534243,2022,cover_annual,model_unsupported,Standing woody/perennial forage vegetation plus understory requires two vegetation populations
534243,2023,cover_annual,model_unsupported,Standing woody/perennial forage vegetation plus understory requires two vegetation populations
534243,2016,rice_one_dry,inapplicable,Cash crop is not rice
534243,2016,rice_two_dry,inapplicable,Cash crop is not rice
534243,2017,rice_one_dry,inapplicable,Cash crop is not rice
534243,2017,rice_two_dry,inapplicable,Cash crop is not rice
534243,2018,rice_one_dry,inapplicable,Cash crop is not rice
534243,2018,rice_two_dry,inapplicable,Cash crop is not rice
534243,2019,rice_one_dry,inapplicable,Cash crop is not rice
534243,2019,rice_two_dry,inapplicable,Cash crop is not rice
534243,2020,rice_one_dry,inapplicable,Cash crop is not rice
534243,2020,rice_two_dry,inapplicable,Cash crop is not rice
534243,2021,rice_one_dry,inapplicable,Cash crop is not rice
534243,2021,rice_two_dry,inapplicable,Cash crop is not rice
534243,2022,rice_one_dry,inapplicable,Cash crop is not rice
534243,2022,rice_two_dry,inapplicable,Cash crop is not rice
534243,2023,rice_one_dry,inapplicable,Cash crop is not rice
534243,2023,rice_two_dry,inapplicable,Cash crop is not rice
205678,2016,cover_annual,prepared,"Annual cover in a source-season window, trimmed only to preserve cash crops"
205678,2017,cover_annual,prepared,"Annual cover in a source-season window, trimmed only to preserve cash crops"
205678,2018,cover_annual,prepared,"Annual cover in a source-season window, trimmed only to preserve cash crops"
205678,2019,cover_annual,prepared,"Annual cover in a source-season window, trimmed only to preserve cash crops"
205678,2020,cover_annual,prepared,"Annual cover in a source-season window, trimmed only to preserve cash crops"
205678,2021,cover_annual,prepared,"Annual cover in a source-season window, trimmed only to preserve cash crops"
205678,2022,cover_annual,prepared,"Annual cover in a source-season window, trimmed only to preserve cash crops"
205678,2023,cover_annual,prepared,"Annual cover in a source-season window, trimmed only to preserve cash crops"
205678,2016,rice_one_dry,inapplicable,Cash crop is not rice
205678,2016,rice_two_dry,inapplicable,Cash crop is not rice
205678,2017,rice_one_dry,inapplicable,Cash crop is not rice
205678,2017,rice_two_dry,inapplicable,Cash crop is not rice
205678,2018,rice_one_dry,inapplicable,Cash crop is not rice
205678,2018,rice_two_dry,inapplicable,Cash crop is not rice
205678,2019,rice_one_dry,inapplicable,Cash crop is not rice
205678,2019,rice_two_dry,inapplicable,Cash crop is not rice
205678,2020,rice_one_dry,inapplicable,Cash crop is not rice
205678,2020,rice_two_dry,inapplicable,Cash crop is not rice
205678,2021,rice_one_dry,prepared,Recorded or source-inferred rice crop
205678,2021,rice_two_dry,prepared,Recorded or source-inferred rice crop
205678,2022,rice_one_dry,prepared,Recorded or source-inferred rice crop
205678,2022,rice_two_dry,prepared,Recorded or source-inferred rice crop
205678,2023,rice_one_dry,prepared,Recorded or source-inferred rice crop
205678,2023,rice_two_dry,prepared,Recorded or source-inferred rice crop
169473,2016,cover_annual,model_unsupported,Standing woody/perennial forage vegetation plus understory requires two vegetation populations
169473,2017,cover_annual,model_unsupported,Standing woody/perennial forage vegetation plus understory requires two vegetation populations
169473,2018,cover_annual,model_unsupported,Standing woody/perennial forage vegetation plus understory requires two vegetation populations
169473,2019,cover_annual,model_unsupported,Standing woody/perennial forage vegetation plus understory requires two vegetation populations
169473,2020,cover_annual,model_unsupported,Standing woody/perennial forage vegetation plus understory requires two vegetation populations
169473,2021,cover_annual,model_unsupported,Standing woody/perennial forage vegetation plus understory requires two vegetation populations
169473,2022,cover_annual,model_unsupported,Standing woody/perennial forage vegetation plus understory requires two vegetation populations
169473,2023,cover_annual,model_unsupported,Standing woody/perennial forage vegetation plus understory requires two vegetation populations
169473,2016,rice_one_dry,inapplicable,Cash crop is not rice
169473,2016,rice_two_dry,inapplicable,Cash crop is not rice
169473,2017,rice_one_dry,inapplicable,Cash crop is not rice
169473,2017,rice_two_dry,inapplicable,Cash crop is not rice
169473,2018,rice_one_dry,inapplicable,Cash crop is not rice
169473,2018,rice_two_dry,inapplicable,Cash crop is not rice
169473,2019,rice_one_dry,inapplicable,Cash crop is not rice
169473,2019,rice_two_dry,inapplicable,Cash crop is not rice
169473,2020,rice_one_dry,inapplicable,Cash crop is not rice
169473,2020,rice_two_dry,inapplicable,Cash crop is not rice
169473,2021,rice_one_dry,inapplicable,Cash crop is not rice
169473,2021,rice_two_dry,inapplicable,Cash crop is not rice
169473,2022,rice_one_dry,inapplicable,Cash crop is not rice
169473,2022,rice_two_dry,inapplicable,Cash crop is not rice
169473,2023,rice_one_dry,inapplicable,Cash crop is not rice
169473,2023,rice_two_dry,inapplicable,Cash crop is not rice
592578,2016,cover_annual,prepared,"Annual cover in a source-season window, trimmed only to preserve cash crops"
592578,2017,cover_annual,prepared,"Annual cover in a source-season window, trimmed only to preserve cash crops"
592578,2018,cover_annual,prepared,"Annual cover in a source-season window, trimmed only to preserve cash crops"
592578,2019,cover_annual,prepared,"Annual cover in a source-season window, trimmed only to preserve cash crops"
592578,2020,cover_annual,prepared,"Annual cover in a source-season window, trimmed only to preserve cash crops"
592578,2021,cover_annual,prepared,"Annual cover in a source-season window, trimmed only to preserve cash crops"
592578,2022,cover_annual,prepared,"Annual cover in a source-season window, trimmed only to preserve cash crops"
592578,2023,cover_annual,prepared,"Annual cover in a source-season window, trimmed only to preserve cash crops"
592578,2016,rice_one_dry,inapplicable,Cash crop is not rice
592578,2016,rice_two_dry,inapplicable,Cash crop is not rice
592578,2017,rice_one_dry,inapplicable,Cash crop is not rice
592578,2017,rice_two_dry,inapplicable,Cash crop is not rice
592578,2018,rice_one_dry,inapplicable,Cash crop is not rice
592578,2018,rice_two_dry,inapplicable,Cash crop is not rice
592578,2019,rice_one_dry,inapplicable,Cash crop is not rice
592578,2019,rice_two_dry,inapplicable,Cash crop is not rice
592578,2020,rice_one_dry,inapplicable,Cash crop is not rice
592578,2020,rice_two_dry,inapplicable,Cash crop is not rice
592578,2021,rice_one_dry,inapplicable,Cash crop is not rice
592578,2021,rice_two_dry,inapplicable,Cash crop is not rice
592578,2022,rice_one_dry,inapplicable,Cash crop is not rice
592578,2022,rice_two_dry,inapplicable,Cash crop is not rice
592578,2023,rice_one_dry,inapplicable,Cash crop is not rice
592578,2023,rice_two_dry,inapplicable,Cash crop is not rice
557284,2016,cover_annual,prepared,"Annual cover in a source-season window, trimmed only to preserve cash crops"
557284,2017,cover_annual,model_unsupported,Standing woody/perennial forage vegetation plus understory requires two vegetation populations
557284,2018,cover_annual,model_unsupported,Standing woody/perennial forage vegetation plus understory requires two vegetation populations
557284,2019,cover_annual,model_unsupported,Standing woody/perennial forage vegetation plus understory requires two vegetation populations
557284,2020,cover_annual,model_unsupported,Standing woody/perennial forage vegetation plus understory requires two vegetation populations
557284,2021,cover_annual,model_unsupported,Standing woody/perennial forage vegetation plus understory requires two vegetation populations
557284,2022,cover_annual,model_unsupported,Standing woody/perennial forage vegetation plus understory requires two vegetation populations
557284,2023,cover_annual,model_unsupported,Standing woody/perennial forage vegetation plus understory requires two vegetation populations
557284,2016,rice_one_dry,inapplicable,Cash crop is not rice
557284,2016,rice_two_dry,inapplicable,Cash crop is not rice
557284,2017,rice_one_dry,inapplicable,Cash crop is not rice
557284,2017,rice_two_dry,inapplicable,Cash crop is not rice
557284,2018,rice_one_dry,inapplicable,Cash crop is not rice
557284,2018,rice_two_dry,inapplicable,Cash crop is not rice
557284,2019,rice_one_dry,inapplicable,Cash crop is not rice
557284,2019,rice_two_dry,inapplicable,Cash crop is not rice
557284,2020,rice_one_dry,inapplicable,Cash crop is not rice
557284,2020,rice_two_dry,inapplicable,Cash crop is not rice
557284,2021,rice_one_dry,inapplicable,Cash crop is not rice
557284,2021,rice_two_dry,inapplicable,Cash crop is not rice
557284,2022,rice_one_dry,inapplicable,Cash crop is not rice
557284,2022,rice_two_dry,inapplicable,Cash crop is not rice
557284,2023,rice_one_dry,inapplicable,Cash crop is not rice
557284,2023,rice_two_dry,inapplicable,Cash crop is not rice
413887,2016,cover_annual,prepared,"Annual cover in a source-season window, trimmed only to preserve cash crops"
413887,2017,cover_annual,prepared,"Annual cover in a source-season window, trimmed only to preserve cash crops"
413887,2018,cover_annual,prepared,"Annual cover in a source-season window, trimmed only to preserve cash crops"
413887,2019,cover_annual,prepared,"Annual cover in a source-season window, trimmed only to preserve cash crops"
413887,2020,cover_annual,prepared,"Annual cover in a source-season window, trimmed only to preserve cash crops"
413887,2021,cover_annual,prepared,"Annual cover in a source-season window, trimmed only to preserve cash crops"
413887,2022,cover_annual,prepared,"Annual cover in a source-season window, trimmed only to preserve cash crops"
413887,2023,cover_annual,prepared,"Annual cover in a source-season window, trimmed only to preserve cash crops"
413887,2016,rice_one_dry,prepared,Recorded or source-inferred rice crop
413887,2016,rice_two_dry,prepared,Recorded or source-inferred rice crop
413887,2017,rice_one_dry,prepared,Recorded or source-inferred rice crop
413887,2017,rice_two_dry,prepared,Recorded or source-inferred rice crop
413887,2018,rice_one_dry,prepared,Recorded or source-inferred rice crop
413887,2018,rice_two_dry,prepared,Recorded or source-inferred rice crop
413887,2019,rice_one_dry,prepared,Recorded or source-inferred rice crop
413887,2019,rice_two_dry,prepared,Recorded or source-inferred rice crop
413887,2020,rice_one_dry,prepared,Recorded or source-inferred rice crop
413887,2020,rice_two_dry,prepared,Recorded or source-inferred rice crop
413887,2021,rice_one_dry,prepared,Recorded or source-inferred rice crop
413887,2021,rice_two_dry,prepared,Recorded or source-inferred rice crop
413887,2022,rice_one_dry,prepared,Recorded or source-inferred rice crop
413887,2022,rice_two_dry,prepared,Recorded or source-inferred rice crop
413887,2023,rice_one_dry,prepared,Recorded or source-inferred rice crop
413887,2023,rice_two_dry,prepared,Recorded or source-inferred rice crop
590334,2016,cover_annual,model_unsupported,Standing woody/perennial forage vegetation plus understory requires two vegetation populations
590334,2017,cover_annual,model_unsupported,Standing woody/perennial forage vegetation plus understory requires two vegetation populations
590334,2018,cover_annual,model_unsupported,Standing woody/perennial forage vegetation plus understory requires two vegetation populations
590334,2019,cover_annual,model_unsupported,Standing woody/perennial forage vegetation plus understory requires two vegetation populations
590334,2020,cover_annual,model_unsupported,Standing woody/perennial forage vegetation plus understory requires two vegetation populations
590334,2021,cover_annual,model_unsupported,Standing woody/perennial forage vegetation plus understory requires two vegetation populations
590334,2022,cover_annual,model_unsupported,Standing woody/perennial forage vegetation plus understory requires two vegetation populations
590334,2023,cover_annual,model_unsupported,Standing woody/perennial forage vegetation plus understory requires two vegetation populations
590334,2016,rice_one_dry,inapplicable,Cash crop is not rice
590334,2016,rice_two_dry,inapplicable,Cash crop is not rice
590334,2017,rice_one_dry,inapplicable,Cash crop is not rice
590334,2017,rice_two_dry,inapplicable,Cash crop is not rice
590334,2018,rice_one_dry,inapplicable,Cash crop is not rice
590334,2018,rice_two_dry,inapplicable,Cash crop is not rice
590334,2019,rice_one_dry,inapplicable,Cash crop is not rice
590334,2019,rice_two_dry,inapplicable,Cash crop is not rice
590334,2020,rice_one_dry,inapplicable,Cash crop is not rice
590334,2020,rice_two_dry,inapplicable,Cash crop is not rice
590334,2021,rice_one_dry,inapplicable,Cash crop is not rice
590334,2021,rice_two_dry,inapplicable,Cash crop is not rice
590334,2022,rice_one_dry,inapplicable,Cash crop is not rice
590334,2022,rice_two_dry,inapplicable,Cash crop is not rice
590334,2023,rice_one_dry,inapplicable,Cash crop is not rice
590334,2023,rice_two_dry,inapplicable,Cash crop is not rice
440393,2016,cover_annual,model_unsupported,Standing woody/perennial forage vegetation plus understory requires two vegetation populations
440393,2017,cover_annual,prepared,"Annual cover in a source-season window, trimmed only to preserve cash crops"
440393,2018,cover_annual,prepared,"Annual cover in a source-season window, trimmed only to preserve cash crops"
440393,2019,cover_annual,prepared,"Annual cover in a source-season window, trimmed only to preserve cash crops"
440393,2020,cover_annual,prepared,"Annual cover in a source-season window, trimmed only to preserve cash crops"
440393,2021,cover_annual,prepared,"Annual cover in a source-season window, trimmed only to preserve cash crops"
440393,2022,cover_annual,prepared,"Annual cover in a source-season window, trimmed only to preserve cash crops"
440393,2023,cover_annual,prepared,"Annual cover in a source-season window, trimmed only to preserve cash crops"
440393,2016,rice_one_dry,inapplicable,Cash crop is not rice
440393,2016,rice_two_dry,inapplicable,Cash crop is not rice
440393,2017,rice_one_dry,prepared,Recorded or source-inferred rice crop
440393,2017,rice_two_dry,prepared,Recorded or source-inferred rice crop
440393,2018,rice_one_dry,prepared,Recorded or source-inferred rice crop
440393,2018,rice_two_dry,prepared,Recorded or source-inferred rice crop
440393,2019,rice_one_dry,prepared,Recorded or source-inferred rice crop
440393,2019,rice_two_dry,prepared,Recorded or source-inferred rice crop
440393,2020,rice_one_dry,prepared,Recorded or source-inferred rice crop
440393,2020,rice_two_dry,prepared,Recorded or source-inferred rice crop
440393,2021,rice_one_dry,prepared,Recorded or source-inferred rice crop
440393,2021,rice_two_dry,prepared,Recorded or source-inferred rice crop
440393,2022,rice_one_dry,prepared,Recorded or source-inferred rice crop
440393,2022,rice_two_dry,prepared,Recorded or source-inferred rice crop
440393,2023,rice_one_dry,prepared,Recorded or source-inferred rice crop
440393,2023,rice_two_dry,prepared,Recorded or source-inferred rice crop
16073,2016,cover_annual,prepared,"Annual cover in a source-season window, trimmed only to preserve cash crops"
16073,2017,cover_annual,prepared,"Annual cover in a source-season window, trimmed only to preserve cash crops"
16073,2018,cover_annual,prepared,"Annual cover in a source-season window, trimmed only to preserve cash crops"
16073,2019,cover_annual,prepared,"Annual cover in a source-season window, trimmed only to preserve cash crops"
16073,2020,cover_annual,prepared,"Annual cover in a source-season window, trimmed only to preserve cash crops"
16073,2021,cover_annual,model_unsupported,Standing woody/perennial forage vegetation plus understory requires two vegetation populations
16073,2022,cover_annual,model_unsupported,Standing woody/perennial forage vegetation plus understory requires two vegetation populations
16073,2023,cover_annual,model_unsupported,Standing woody/perennial forage vegetation plus understory requires two vegetation populations
16073,2016,rice_one_dry,inapplicable,Cash crop is not rice
16073,2016,rice_two_dry,inapplicable,Cash crop is not rice
16073,2017,rice_one_dry,inapplicable,Cash crop is not rice
16073,2017,rice_two_dry,inapplicable,Cash crop is not rice
16073,2018,rice_one_dry,inapplicable,Cash crop is not rice
16073,2018,rice_two_dry,inapplicable,Cash crop is not rice
16073,2019,rice_one_dry,inapplicable,Cash crop is not rice
16073,2019,rice_two_dry,inapplicable,Cash crop is not rice
16073,2020,rice_one_dry,inapplicable,Cash crop is not rice
16073,2020,rice_two_dry,inapplicable,Cash crop is not rice
16073,2021,rice_one_dry,inapplicable,Cash crop is not rice
16073,2021,rice_two_dry,inapplicable,Cash crop is not rice
16073,2022,rice_one_dry,inapplicable,Cash crop is not rice
16073,2022,rice_two_dry,inapplicable,Cash crop is not rice
16073,2023,rice_one_dry,inapplicable,Cash crop is not rice
16073,2023,rice_two_dry,inapplicable,Cash crop is not rice
420343,2016,cover_annual,model_unsupported,Standing woody/perennial forage vegetation plus understory requires two vegetation populations
420343,2017,cover_annual,prepared,"Annual cover in a source-season window, trimmed only to preserve cash crops"
420343,2018,cover_annual,prepared,"Annual cover in a source-season window, trimmed only to preserve cash crops"
420343,2019,cover_annual,prepared,"Annual cover in a source-season window, trimmed only to preserve cash crops"
420343,2020,cover_annual,prepared,"Annual cover in a source-season window, trimmed only to preserve cash crops"
420343,2021,cover_annual,prepared,"Annual cover in a source-season window, trimmed only to preserve cash crops"
420343,2022,cover_annual,prepared,"Annual cover in a source-season window, trimmed only to preserve cash crops"
420343,2023,cover_annual,prepared,"Annual cover in a source-season window, trimmed only to preserve cash crops"
420343,2016,rice_one_dry,inapplicable,Cash crop is not rice
420343,2016,rice_two_dry,inapplicable,Cash crop is not rice
420343,2017,rice_one_dry,inapplicable,Cash crop is not rice
420343,2017,rice_two_dry,inapplicable,Cash crop is not rice
420343,2018,rice_one_dry,inapplicable,Cash crop is not rice
420343,2018,rice_two_dry,inapplicable,Cash crop is not rice
420343,2019,rice_one_dry,inapplicable,Cash crop is not rice
420343,2019,rice_two_dry,inapplicable,Cash crop is not rice
420343,2020,rice_one_dry,inapplicable,Cash crop is not rice
420343,2020,rice_two_dry,inapplicable,Cash crop is not rice
420343,2021,rice_one_dry,inapplicable,Cash crop is not rice
420343,2021,rice_two_dry,inapplicable,Cash crop is not rice
420343,2022,rice_one_dry,inapplicable,Cash crop is not rice
420343,2022,rice_two_dry,inapplicable,Cash crop is not rice
420343,2023,rice_one_dry,inapplicable,Cash crop is not rice
420343,2023,rice_two_dry,inapplicable,Cash crop is not rice
415399,2016,cover_annual,model_unsupported,Standing woody/perennial forage vegetation plus understory requires two vegetation populations
415399,2017,cover_annual,model_unsupported,Standing woody/perennial forage vegetation plus understory requires two vegetation populations
415399,2018,cover_annual,model_unsupported,Standing woody/perennial forage vegetation plus understory requires two vegetation populations
415399,2019,cover_annual,model_unsupported,Standing woody/perennial forage vegetation plus understory requires two vegetation populations
415399,2020,cover_annual,model_unsupported,Standing woody/perennial forage vegetation plus understory requires two vegetation populations
415399,2021,cover_annual,model_unsupported,Standing woody/perennial forage vegetation plus understory requires two vegetation populations
415399,2022,cover_annual,model_unsupported,Standing woody/perennial forage vegetation plus understory requires two vegetation populations
415399,2023,cover_annual,model_unsupported,Standing woody/perennial forage vegetation plus understory requires two vegetation populations
415399,2016,rice_one_dry,inapplicable,Cash crop is not rice
415399,2016,rice_two_dry,inapplicable,Cash crop is not rice
415399,2017,rice_one_dry,inapplicable,Cash crop is not rice
415399,2017,rice_two_dry,inapplicable,Cash crop is not rice
415399,2018,rice_one_dry,inapplicable,Cash crop is not rice
415399,2018,rice_two_dry,inapplicable,Cash crop is not rice
415399,2019,rice_one_dry,inapplicable,Cash crop is not rice
415399,2019,rice_two_dry,inapplicable,Cash crop is not rice
415399,2020,rice_one_dry,inapplicable,Cash crop is not rice
415399,2020,rice_two_dry,inapplicable,Cash crop is not rice
415399,2021,rice_one_dry,inapplicable,Cash crop is not rice
415399,2021,rice_two_dry,inapplicable,Cash crop is not rice
415399,2022,rice_one_dry,inapplicable,Cash crop is not rice
415399,2022,rice_two_dry,inapplicable,Cash crop is not rice
415399,2023,rice_one_dry,inapplicable,Cash crop is not rice
415399,2023,rice_two_dry,inapplicable,Cash crop is not rice
132390,2016,cover_annual,model_unsupported,Standing woody/perennial forage vegetation plus understory requires two vegetation populations
132390,2017,cover_annual,prepared,"Annual cover in a source-season window, trimmed only to preserve cash crops"
132390,2018,cover_annual,prepared,"Annual cover in a source-season window, trimmed only to preserve cash crops"
132390,2019,cover_annual,prepared,"Annual cover in a source-season window, trimmed only to preserve cash crops"
132390,2020,cover_annual,prepared,"Annual cover in a source-season window, trimmed only to preserve cash crops"
132390,2021,cover_annual,prepared,"Annual cover in a source-season window, trimmed only to preserve cash crops"
132390,2022,cover_annual,prepared,"Annual cover in a source-season window, trimmed only to preserve cash crops"
132390,2023,cover_annual,prepared,"Annual cover in a source-season window, trimmed only to preserve cash crops"
132390,2016,rice_one_dry,inapplicable,Cash crop is not rice
132390,2016,rice_two_dry,inapplicable,Cash crop is not rice
132390,2017,rice_one_dry,prepared,Recorded or source-inferred rice crop
132390,2017,rice_two_dry,prepared,Recorded or source-inferred rice crop
132390,2018,rice_one_dry,prepared,Recorded or source-inferred rice crop
132390,2018,rice_two_dry,prepared,Recorded or source-inferred rice crop
132390,2019,rice_one_dry,prepared,Recorded or source-inferred rice crop
132390,2019,rice_two_dry,prepared,Recorded or source-inferred rice crop
132390,2020,rice_one_dry,prepared,Recorded or source-inferred rice crop
132390,2020,rice_two_dry,prepared,Recorded or source-inferred rice crop
132390,2021,rice_one_dry,prepared,Recorded or source-inferred rice crop
132390,2021,rice_two_dry,prepared,Recorded or source-inferred rice crop
132390,2022,rice_one_dry,prepared,Recorded or source-inferred rice crop
132390,2022,rice_two_dry,prepared,Recorded or source-inferred rice crop
132390,2023,rice_one_dry,prepared,Recorded or source-inferred rice crop
132390,2023,rice_two_dry,prepared,Recorded or source-inferred rice crop
514070,2016,cover_annual,model_unsupported,Standing woody/perennial forage vegetation plus understory requires two vegetation populations
514070,2017,cover_annual,model_unsupported,Standing woody/perennial forage vegetation plus understory requires two vegetation populations
514070,2018,cover_annual,model_unsupported,Standing woody/perennial forage vegetation plus understory requires two vegetation populations
514070,2019,cover_annual,model_unsupported,Standing woody/perennial forage vegetation plus understory requires two vegetation populations
514070,2020,cover_annual,model_unsupported,Standing woody/perennial forage vegetation plus understory requires two vegetation populations
514070,2021,cover_annual,model_unsupported,Standing woody/perennial forage vegetation plus understory requires two vegetation populations
514070,2022,cover_annual,model_unsupported,Standing woody/perennial forage vegetation plus understory requires two vegetation populations
514070,2023,cover_annual,model_unsupported,Standing woody/perennial forage vegetation plus understory requires two vegetation populations
514070,2016,rice_one_dry,inapplicable,Cash crop is not rice
514070,2016,rice_two_dry,inapplicable,Cash crop is not rice
514070,2017,rice_one_dry,inapplicable,Cash crop is not rice
514070,2017,rice_two_dry,inapplicable,Cash crop is not rice
514070,2018,rice_one_dry,inapplicable,Cash crop is not rice
514070,2018,rice_two_dry,inapplicable,Cash crop is not rice
514070,2019,rice_one_dry,inapplicable,Cash crop is not rice
514070,2019,rice_two_dry,inapplicable,Cash crop is not rice
514070,2020,rice_one_dry,inapplicable,Cash crop is not rice
514070,2020,rice_two_dry,inapplicable,Cash crop is not rice
514070,2021,rice_one_dry,inapplicable,Cash crop is not rice
514070,2021,rice_two_dry,inapplicable,Cash crop is not rice
514070,2022,rice_one_dry,inapplicable,Cash crop is not rice
514070,2022,rice_two_dry,inapplicable,Cash crop is not rice
514070,2023,rice_one_dry,inapplicable,Cash crop is not rice
514070,2023,rice_two_dry,inapplicable,Cash crop is not rice
52519,2016,cover_annual,prepared,"Annual cover in a source-season window, trimmed only to preserve cash crops"
52519,2017,cover_annual,prepared,"Annual cover in a source-season window, trimmed only to preserve cash crops"
52519,2018,cover_annual,prepared,"Annual cover in a source-season window, trimmed only to preserve cash crops"
52519,2019,cover_annual,prepared,"Annual cover in a source-season window, trimmed only to preserve cash crops"
52519,2020,cover_annual,prepared,"Annual cover in a source-season window, trimmed only to preserve cash crops"
52519,2021,cover_annual,prepared,"Annual cover in a source-season window, trimmed only to preserve cash crops"
52519,2022,cover_annual,prepared,"Annual cover in a source-season window, trimmed only to preserve cash crops"
52519,2023,cover_annual,prepared,"Annual cover in a source-season window, trimmed only to preserve cash crops"
52519,2016,rice_one_dry,inapplicable,Cash crop is not rice
52519,2016,rice_two_dry,inapplicable,Cash crop is not rice
52519,2017,rice_one_dry,inapplicable,Cash crop is not rice
52519,2017,rice_two_dry,inapplicable,Cash crop is not rice
52519,2018,rice_one_dry,inapplicable,Cash crop is not rice
52519,2018,rice_two_dry,inapplicable,Cash crop is not rice
52519,2019,rice_one_dry,inapplicable,Cash crop is not rice
52519,2019,rice_two_dry,inapplicable,Cash crop is not rice
52519,2020,rice_one_dry,inapplicable,Cash crop is not rice
52519,2020,rice_two_dry,inapplicable,Cash crop is not rice
52519,2021,rice_one_dry,inapplicable,Cash crop is not rice
52519,2021,rice_two_dry,inapplicable,Cash crop is not rice
52519,2022,rice_one_dry,inapplicable,Cash crop is not rice
52519,2022,rice_two_dry,inapplicable,Cash crop is not rice
52519,2023,rice_one_dry,inapplicable,Cash crop is not rice
52519,2023,rice_two_dry,inapplicable,Cash crop is not rice
90,2016,cover_annual,model_unsupported,Standing woody/perennial forage vegetation plus understory requires two vegetation populations
90,2017,cover_annual,model_unsupported,Standing woody/perennial forage vegetation plus understory requires two vegetation populations
90,2018,cover_annual,model_unsupported,Standing woody/perennial forage vegetation plus understory requires two vegetation populations
90,2019,cover_annual,model_unsupported,Standing woody/perennial forage vegetation plus understory requires two vegetation populations
90,2020,cover_annual,model_unsupported,Standing woody/perennial forage vegetation plus understory requires two vegetation populations
90,2021,cover_annual,model_unsupported,Standing woody/perennial forage vegetation plus understory requires two vegetation populations
90,2022,cover_annual,model_unsupported,Standing woody/perennial forage vegetation plus understory requires two vegetation populations
90,2023,cover_annual,model_unsupported,Standing woody/perennial forage vegetation plus understory requires two vegetation populations
90,2016,rice_one_dry,inapplicable,Cash crop is not rice
90,2016,rice_two_dry,inapplicable,Cash crop is not rice
90,2017,rice_one_dry,inapplicable,Cash crop is not rice
90,2017,rice_two_dry,inapplicable,Cash crop is not rice
90,2018,rice_one_dry,inapplicable,Cash crop is not rice
90,2018,rice_two_dry,inapplicable,Cash crop is not rice
90,2019,rice_one_dry,inapplicable,Cash crop is not rice
90,2019,rice_two_dry,inapplicable,Cash crop is not rice
90,2020,rice_one_dry,inapplicable,Cash crop is not rice
90,2020,rice_two_dry,inapplicable,Cash crop is not rice
90,2021,rice_one_dry,inapplicable,Cash crop is not rice
90,2021,rice_two_dry,inapplicable,Cash crop is not rice
90,2022,rice_one_dry,inapplicable,Cash crop is not rice
90,2022,rice_two_dry,inapplicable,Cash crop is not rice
90,2023,rice_one_dry,inapplicable,Cash crop is not rice
90,2023,rice_two_dry,inapplicable,Cash crop is not rice
248496,2016,cover_annual,model_unsupported,Standing woody/perennial forage vegetation plus understory requires two vegetation populations
248496,2017,cover_annual,model_unsupported,Standing woody/perennial forage vegetation plus understory requires two vegetation populations
248496,2018,cover_annual,model_unsupported,Standing woody/perennial forage vegetation plus understory requires two vegetation populations
248496,2019,cover_annual,model_unsupported,Standing woody/perennial forage vegetation plus understory requires two vegetation populations
248496,2020,cover_annual,model_unsupported,Standing woody/perennial forage vegetation plus understory requires two vegetation populations
248496,2021,cover_annual,model_unsupported,Standing woody/perennial forage vegetation plus understory requires two vegetation populations
248496,2022,cover_annual,model_unsupported,Standing woody/perennial forage vegetation plus understory requires two vegetation populations
248496,2023,cover_annual,model_unsupported,Standing woody/perennial forage vegetation plus understory requires two vegetation populations
248496,2016,rice_one_dry,inapplicable,Cash crop is not rice
248496,2016,rice_two_dry,inapplicable,Cash crop is not rice
248496,2017,rice_one_dry,inapplicable,Cash crop is not rice
248496,2017,rice_two_dry,inapplicable,Cash crop is not rice
248496,2018,rice_one_dry,inapplicable,Cash crop is not rice
248496,2018,rice_two_dry,inapplicable,Cash crop is not rice
248496,2019,rice_one_dry,inapplicable,Cash crop is not rice
248496,2019,rice_two_dry,inapplicable,Cash crop is not rice
248496,2020,rice_one_dry,inapplicable,Cash crop is not rice
248496,2020,rice_two_dry,inapplicable,Cash crop is not rice
248496,2021,rice_one_dry,inapplicable,Cash crop is not rice
248496,2021,rice_two_dry,inapplicable,Cash crop is not rice
248496,2022,rice_one_dry,inapplicable,Cash crop is not rice
248496,2022,rice_two_dry,inapplicable,Cash crop is not rice
248496,2023,rice_one_dry,inapplicable,Cash crop is not rice
248496,2023,rice_two_dry,inapplicable,Cash crop is not rice
332581,2016,cover_annual,model_unsupported,Standing woody/perennial forage vegetation plus understory requires two vegetation populations
332581,2017,cover_annual,model_unsupported,Standing woody/perennial forage vegetation plus understory requires two vegetation populations
332581,2018,cover_annual,prepared,"Annual cover in a source-season window, trimmed only to preserve cash crops"
332581,2019,cover_annual,prepared,"Annual cover in a source-season window, trimmed only to preserve cash crops"
332581,2020,cover_annual,prepared,"Annual cover in a source-season window, trimmed only to preserve cash crops"
332581,2021,cover_annual,prepared,"Annual cover in a source-season window, trimmed only to preserve cash crops"
332581,2022,cover_annual,prepared,"Annual cover in a source-season window, trimmed only to preserve cash crops"
332581,2023,cover_annual,prepared,"Annual cover in a source-season window, trimmed only to preserve cash crops"
332581,2016,rice_one_dry,inapplicable,Cash crop is not rice
332581,2016,rice_two_dry,inapplicable,Cash crop is not rice
332581,2017,rice_one_dry,inapplicable,Cash crop is not rice
332581,2017,rice_two_dry,inapplicable,Cash crop is not rice
332581,2018,rice_one_dry,inapplicable,Cash crop is not rice
332581,2018,rice_two_dry,inapplicable,Cash crop is not rice
332581,2019,rice_one_dry,inapplicable,Cash crop is not rice
332581,2019,rice_two_dry,inapplicable,Cash crop is not rice
332581,2020,rice_one_dry,inapplicable,Cash crop is not rice
332581,2020,rice_two_dry,inapplicable,Cash crop is not rice
332581,2021,rice_one_dry,inapplicable,Cash crop is not rice
332581,2021,rice_two_dry,inapplicable,Cash crop is not rice
332581,2022,rice_one_dry,inapplicable,Cash crop is not rice
332581,2022,rice_two_dry,inapplicable,Cash crop is not rice
332581,2023,rice_one_dry,inapplicable,Cash crop is not rice
332581,2023,rice_two_dry,inapplicable,Cash crop is not rice
296871,2016,cover_annual,model_unsupported,Standing woody/perennial forage vegetation plus understory requires two vegetation populations
296871,2017,cover_annual,model_unsupported,Standing woody/perennial forage vegetation plus understory requires two vegetation populations
296871,2018,cover_annual,prepared,"Annual cover in a source-season window, trimmed only to preserve cash crops"
296871,2019,cover_annual,prepared,"Annual cover in a source-season window, trimmed only to preserve cash crops"
296871,2020,cover_annual,prepared,"Annual cover in a source-season window, trimmed only to preserve cash crops"
296871,2021,cover_annual,prepared,"Annual cover in a source-season window, trimmed only to preserve cash crops"
296871,2022,cover_annual,prepared,"Annual cover in a source-season window, trimmed only to preserve cash crops"
296871,2023,cover_annual,prepared,"Annual cover in a source-season window, trimmed only to preserve cash crops"
296871,2016,rice_one_dry,inapplicable,Cash crop is not rice
296871,2016,rice_two_dry,inapplicable,Cash crop is not rice
296871,2017,rice_one_dry,inapplicable,Cash crop is not rice
296871,2017,rice_two_dry,inapplicable,Cash crop is not rice
296871,2018,rice_one_dry,inapplicable,Cash crop is not rice
296871,2018,rice_two_dry,inapplicable,Cash crop is not rice
296871,2019,rice_one_dry,inapplicable,Cash crop is not rice
296871,2019,rice_two_dry,inapplicable,Cash crop is not rice
296871,2020,rice_one_dry,inapplicable,Cash crop is not rice
296871,2020,rice_two_dry,inapplicable,Cash crop is not rice
296871,2021,rice_one_dry,inapplicable,Cash crop is not rice
296871,2021,rice_two_dry,inapplicable,Cash crop is not rice
296871,2022,rice_one_dry,inapplicable,Cash crop is not rice
296871,2022,rice_two_dry,inapplicable,Cash crop is not rice
296871,2023,rice_one_dry,inapplicable,Cash crop is not rice
296871,2023,rice_two_dry,inapplicable,Cash crop is not rice
488132,2016,cover_annual,model_unsupported,Standing woody/perennial forage vegetation plus understory requires two vegetation populations
488132,2017,cover_annual,model_unsupported,Standing woody/perennial forage vegetation plus understory requires two vegetation populations
488132,2018,cover_annual,model_unsupported,Standing woody/perennial forage vegetation plus understory requires two vegetation populations
488132,2019,cover_annual,model_unsupported,Standing woody/perennial forage vegetation plus understory requires two vegetation populations
488132,2020,cover_annual,prepared,"Annual cover in a source-season window, trimmed only to preserve cash crops"
488132,2021,cover_annual,prepared,"Annual cover in a source-season window, trimmed only to preserve cash crops"
488132,2022,cover_annual,prepared,"Annual cover in a source-season window, trimmed only to preserve cash crops"
488132,2023,cover_annual,prepared,"Annual cover in a source-season window, trimmed only to preserve cash crops"
488132,2016,rice_one_dry,inapplicable,Cash crop is not rice
488132,2016,rice_two_dry,inapplicable,Cash crop is not rice
488132,2017,rice_one_dry,inapplicable,Cash crop is not rice
488132,2017,rice_two_dry,inapplicable,Cash crop is not rice
488132,2018,rice_one_dry,inapplicable,Cash crop is not rice
488132,2018,rice_two_dry,inapplicable,Cash crop is not rice
488132,2019,rice_one_dry,inapplicable,Cash crop is not rice
488132,2019,rice_two_dry,inapplicable,Cash crop is not rice
488132,2020,rice_one_dry,inapplicable,Cash crop is not rice
488132,2020,rice_two_dry,inapplicable,Cash crop is not rice
488132,2021,rice_one_dry,inapplicable,Cash crop is not rice
488132,2021,rice_two_dry,inapplicable,Cash crop is not rice
488132,2022,rice_one_dry,inapplicable,Cash crop is not rice
488132,2022,rice_two_dry,inapplicable,Cash crop is not rice
488132,2023,rice_one_dry,inapplicable,Cash crop is not rice
488132,2023,rice_two_dry,inapplicable,Cash crop is not rice
589918,2016,cover_annual,model_unsupported,Standing woody/perennial forage vegetation plus understory requires two vegetation populations
589918,2017,cover_annual,model_unsupported,Standing woody/perennial forage vegetation plus understory requires two vegetation populations
589918,2018,cover_annual,prepared,"Annual cover in a source-season window, trimmed only to preserve cash crops"
589918,2019,cover_annual,prepared,"Annual cover in a source-season window, trimmed only to preserve cash crops"
589918,2020,cover_annual,prepared,"Annual cover in a source-season window, trimmed only to preserve cash crops"
589918,2021,cover_annual,prepared,"Annual cover in a source-season window, trimmed only to preserve cash crops"
589918,2022,cover_annual,prepared,"Annual cover in a source-season window, trimmed only to preserve cash crops"
589918,2023,cover_annual,prepared,"Annual cover in a source-season window, trimmed only to preserve cash crops"
589918,2016,rice_one_dry,inapplicable,Cash crop is not rice
589918,2016,rice_two_dry,inapplicable,Cash crop is not rice
589918,2017,rice_one_dry,inapplicable,Cash crop is not rice
589918,2017,rice_two_dry,inapplicable,Cash crop is not rice
589918,2018,rice_one_dry,inapplicable,Cash crop is not rice
589918,2018,rice_two_dry,inapplicable,Cash crop is not rice
589918,2019,rice_one_dry,inapplicable,Cash crop is not rice
589918,2019,rice_two_dry,inapplicable,Cash crop is not rice
589918,2020,rice_one_dry,inapplicable,Cash crop is not rice
589918,2020,rice_two_dry,inapplicable,Cash crop is not rice
589918,2021,rice_one_dry,inapplicable,Cash crop is not rice
589918,2021,rice_two_dry,inapplicable,Cash crop is not rice
589918,2022,rice_one_dry,inapplicable,Cash crop is not rice
589918,2022,rice_two_dry,inapplicable,Cash crop is not rice
589918,2023,rice_one_dry,inapplicable,Cash crop is not rice
589918,2023,rice_two_dry,inapplicable,Cash crop is not rice
142350,2016,cover_annual,model_unsupported,Standing woody/perennial forage vegetation plus understory requires two vegetation populations
142350,2017,cover_annual,model_unsupported,Standing woody/perennial forage vegetation plus understory requires two vegetation populations
142350,2018,cover_annual,model_unsupported,Standing woody/perennial forage vegetation plus understory requires two vegetation populations
142350,2019,cover_annual,model_unsupported,Standing woody/perennial forage vegetation plus understory requires two vegetation populations
142350,2020,cover_annual,model_unsupported,Standing woody/perennial forage vegetation plus understory requires two vegetation populations
142350,2021,cover_annual,model_unsupported,Standing woody/perennial forage vegetation plus understory requires two vegetation populations
142350,2022,cover_annual,model_unsupported,Standing woody/perennial forage vegetation plus understory requires two vegetation populations
142350,2023,cover_annual,model_unsupported,Standing woody/perennial forage vegetation plus understory requires two vegetation populations
142350,2016,rice_one_dry,inapplicable,Cash crop is not rice
142350,2016,rice_two_dry,inapplicable,Cash crop is not rice
142350,2017,rice_one_dry,inapplicable,Cash crop is not rice
142350,2017,rice_two_dry,inapplicable,Cash crop is not rice
142350,2018,rice_one_dry,inapplicable,Cash crop is not rice
142350,2018,rice_two_dry,inapplicable,Cash crop is not rice
142350,2019,rice_one_dry,inapplicable,Cash crop is not rice
142350,2019,rice_two_dry,inapplicable,Cash crop is not rice
142350,2020,rice_one_dry,inapplicable,Cash crop is not rice
142350,2020,rice_two_dry,inapplicable,Cash crop is not rice
142350,2021,rice_one_dry,inapplicable,Cash crop is not rice
142350,2021,rice_two_dry,inapplicable,Cash crop is not rice
142350,2022,rice_one_dry,inapplicable,Cash crop is not rice
142350,2022,rice_two_dry,inapplicable,Cash crop is not rice
142350,2023,rice_one_dry,inapplicable,Cash crop is not rice
142350,2023,rice_two_dry,inapplicable,Cash crop is not rice
535358,2016,cover_annual,prepared,"Annual cover in a source-season window, trimmed only to preserve cash crops"
535358,2017,cover_annual,prepared,"Annual cover in a source-season window, trimmed only to preserve cash crops"
535358,2018,cover_annual,prepared,"Annual cover in a source-season window, trimmed only to preserve cash crops"
535358,2019,cover_annual,prepared,"Annual cover in a source-season window, trimmed only to preserve cash crops"
535358,2020,cover_annual,prepared,"Annual cover in a source-season window, trimmed only to preserve cash crops"
535358,2021,cover_annual,prepared,"Annual cover in a source-season window, trimmed only to preserve cash crops"
535358,2022,cover_annual,prepared,"Annual cover in a source-season window, trimmed only to preserve cash crops"
535358,2023,cover_annual,prepared,"Annual cover in a source-season window, trimmed only to preserve cash crops"
535358,2016,rice_one_dry,prepared,Recorded or source-inferred rice crop
535358,2016,rice_two_dry,prepared,Recorded or source-inferred rice crop
535358,2017,rice_one_dry,prepared,Recorded or source-inferred rice crop
535358,2017,rice_two_dry,prepared,Recorded or source-inferred rice crop
535358,2018,rice_one_dry,prepared,Recorded or source-inferred rice crop
535358,2018,rice_two_dry,prepared,Recorded or source-inferred rice crop
535358,2019,rice_one_dry,prepared,Recorded or source-inferred rice crop
535358,2019,rice_two_dry,prepared,Recorded or source-inferred rice crop
535358,2020,rice_one_dry,prepared,Recorded or source-inferred rice crop
535358,2020,rice_two_dry,prepared,Recorded or source-inferred rice crop
535358,2021,rice_one_dry,prepared,Recorded or source-inferred rice crop
535358,2021,rice_two_dry,prepared,Recorded or source-inferred rice crop
535358,2022,rice_one_dry,prepared,Recorded or source-inferred rice crop
535358,2022,rice_two_dry,prepared,Recorded or source-inferred rice crop
535358,2023,rice_one_dry,prepared,Recorded or source-inferred rice crop
535358,2023,rice_two_dry,prepared,Recorded or source-inferred rice crop
321992,2016,cover_annual,model_unsupported,Standing woody/perennial forage vegetation plus understory requires two vegetation populations
321992,2017,cover_annual,model_unsupported,Standing woody/perennial forage vegetation plus understory requires two vegetation populations
321992,2018,cover_annual,prepared,"Annual cover in a source-season window, trimmed only to preserve cash crops"
321992,2019,cover_annual,prepared,"Annual cover in a source-season window, trimmed only to preserve cash crops"
321992,2020,cover_annual,prepared,"Annual cover in a source-season window, trimmed only to preserve cash crops"
321992,2021,cover_annual,prepared,"Annual cover in a source-season window, trimmed only to preserve cash crops"
321992,2022,cover_annual,prepared,"Annual cover in a source-season window, trimmed only to preserve cash crops"
321992,2023,cover_annual,prepared,"Annual cover in a source-season window, trimmed only to preserve cash crops"
321992,2016,rice_one_dry,inapplicable,Cash crop is not rice
321992,2016,rice_two_dry,inapplicable,Cash crop is not rice
321992,2017,rice_one_dry,inapplicable,Cash crop is not rice
321992,2017,rice_two_dry,inapplicable,Cash crop is not rice
321992,2018,rice_one_dry,inapplicable,Cash crop is not rice
321992,2018,rice_two_dry,inapplicable,Cash crop is not rice
321992,2019,rice_one_dry,inapplicable,Cash crop is not rice
321992,2019,rice_two_dry,inapplicable,Cash crop is not rice
321992,2020,rice_one_dry,inapplicable,Cash crop is not rice
321992,2020,rice_two_dry,inapplicable,Cash crop is not rice
321992,2021,rice_one_dry,inapplicable,Cash crop is not rice
321992,2021,rice_two_dry,inapplicable,Cash crop is not rice
321992,2022,rice_one_dry,inapplicable,Cash crop is not rice
321992,2022,rice_two_dry,inapplicable,Cash crop is not rice
321992,2023,rice_one_dry,inapplicable,Cash crop is not rice
321992,2023,rice_two_dry,inapplicable,Cash crop is not rice
589581,2016,cover_annual,model_unsupported,Standing woody/perennial forage vegetation plus understory requires two vegetation populations
589581,2017,cover_annual,model_unsupported,Standing woody/perennial forage vegetation plus understory requires two vegetation populations
589581,2018,cover_annual,model_unsupported,Standing woody/perennial forage vegetation plus understory requires two vegetation populations
589581,2019,cover_annual,model_unsupported,Standing woody/perennial forage vegetation plus understory requires two vegetation populations
589581,2020,cover_annual,model_unsupported,Standing woody/perennial forage vegetation plus understory requires two vegetation populations
589581,2021,cover_annual,model_unsupported,Standing woody/perennial forage vegetation plus understory requires two vegetation populations
589581,2022,cover_annual,model_unsupported,Standing woody/perennial forage vegetation plus understory requires two vegetation populations
589581,2023,cover_annual,prepared,"Annual cover in a source-season window, trimmed only to preserve cash crops"
589581,2016,rice_one_dry,inapplicable,Cash crop is not rice
589581,2016,rice_two_dry,inapplicable,Cash crop is not rice
589581,2017,rice_one_dry,inapplicable,Cash crop is not rice
589581,2017,rice_two_dry,inapplicable,Cash crop is not rice
589581,2018,rice_one_dry,inapplicable,Cash crop is not rice
589581,2018,rice_two_dry,inapplicable,Cash crop is not rice
589581,2019,rice_one_dry,inapplicable,Cash crop is not rice
589581,2019,rice_two_dry,inapplicable,Cash crop is not rice
589581,2020,rice_one_dry,inapplicable,Cash crop is not rice
589581,2020,rice_two_dry,inapplicable,Cash crop is not rice
589581,2021,rice_one_dry,inapplicable,Cash crop is not rice
589581,2021,rice_two_dry,inapplicable,Cash crop is not rice
589581,2022,rice_one_dry,inapplicable,Cash crop is not rice
589581,2022,rice_two_dry,inapplicable,Cash crop is not rice
589581,2023,rice_one_dry,inapplicable,Cash crop is not rice
589581,2023,rice_two_dry,inapplicable,Cash crop is not rice
590073,2016,cover_annual,model_unsupported,Standing woody/perennial forage vegetation plus understory requires two vegetation populations
590073,2017,cover_annual,prepared,"Annual cover in a source-season window, trimmed only to preserve cash crops"
590073,2018,cover_annual,prepared,"Annual cover in a source-season window, trimmed only to preserve cash crops"
590073,2019,cover_annual,prepared,"Annual cover in a source-season window, trimmed only to preserve cash crops"
590073,2020,cover_annual,prepared,"Annual cover in a source-season window, trimmed only to preserve cash crops"
590073,2021,cover_annual,prepared,"Annual cover in a source-season window, trimmed only to preserve cash crops"
590073,2022,cover_annual,prepared,"Annual cover in a source-season window, trimmed only to preserve cash crops"
590073,2023,cover_annual,prepared,"Annual cover in a source-season window, trimmed only to preserve cash crops"
590073,2016,rice_one_dry,inapplicable,Cash crop is not rice
590073,2016,rice_two_dry,inapplicable,Cash crop is not rice
590073,2017,rice_one_dry,prepared,Recorded or source-inferred rice crop
590073,2017,rice_two_dry,prepared,Recorded or source-inferred rice crop
590073,2018,rice_one_dry,prepared,Recorded or source-inferred rice crop
590073,2018,rice_two_dry,prepared,Recorded or source-inferred rice crop
590073,2019,rice_one_dry,prepared,Recorded or source-inferred rice crop
590073,2019,rice_two_dry,prepared,Recorded or source-inferred rice crop
590073,2020,rice_one_dry,prepared,Recorded or source-inferred rice crop
590073,2020,rice_two_dry,prepared,Recorded or source-inferred rice crop
590073,2021,rice_one_dry,prepared,Recorded or source-inferred rice crop
590073,2021,rice_two_dry,prepared,Recorded or source-inferred rice crop
590073,2022,rice_one_dry,inapplicable,Cash crop is not rice
590073,2022,rice_two_dry,inapplicable,Cash crop is not rice
590073,2023,rice_one_dry,prepared,Recorded or source-inferred rice crop
590073,2023,rice_two_dry,prepared,Recorded or source-inferred rice crop
437146,2016,cover_annual,model_unsupported,Standing woody/perennial forage vegetation plus understory requires two vegetation populations
437146,2017,cover_annual,model_unsupported,Standing woody/perennial forage vegetation plus understory requires two vegetation populations
437146,2018,cover_annual,model_unsupported,Standing woody/perennial forage vegetation plus understory requires two vegetation populations
437146,2019,cover_annual,model_unsupported,Standing woody/perennial forage vegetation plus understory requires two vegetation populations
437146,2020,cover_annual,model_unsupported,Standing woody/perennial forage vegetation plus understory requires two vegetation populations
437146,2021,cover_annual,model_unsupported,Standing woody/perennial forage vegetation plus understory requires two vegetation populations
437146,2022,cover_annual,model_unsupported,Standing woody/perennial forage vegetation plus understory requires two vegetation populations
437146,2023,cover_annual,model_unsupported,Standing woody/perennial forage vegetation plus understory requires two vegetation populations
437146,2016,rice_one_dry,inapplicable,Cash crop is not rice
437146,2016,rice_two_dry,inapplicable,Cash crop is not rice
437146,2017,rice_one_dry,inapplicable,Cash crop is not rice
437146,2017,rice_two_dry,inapplicable,Cash crop is not rice
437146,2018,rice_one_dry,inapplicable,Cash crop is not rice
437146,2018,rice_two_dry,inapplicable,Cash crop is not rice
437146,2019,rice_one_dry,inapplicable,Cash crop is not rice
437146,2019,rice_two_dry,inapplicable,Cash crop is not rice
437146,2020,rice_one_dry,inapplicable,Cash crop is not rice
437146,2020,rice_two_dry,inapplicable,Cash crop is not rice
437146,2021,rice_one_dry,inapplicable,Cash crop is not rice
437146,2021,rice_two_dry,inapplicable,Cash crop is not rice
437146,2022,rice_one_dry,inapplicable,Cash crop is not rice
437146,2022,rice_two_dry,inapplicable,Cash crop is not rice
437146,2023,rice_one_dry,inapplicable,Cash crop is not rice
437146,2023,rice_two_dry,inapplicable,Cash crop is not rice
14,2016,cover_annual,prepared,"Annual cover in a source-season window, trimmed only to preserve cash crops"
14,2017,cover_annual,prepared,"Annual cover in a source-season window, trimmed only to preserve cash crops"
14,2018,cover_annual,prepared,"Annual cover in a source-season window, trimmed only to preserve cash crops"
14,2019,cover_annual,prepared,"Annual cover in a source-season window, trimmed only to preserve cash crops"
14,2020,cover_annual,model_unsupported,Standing woody/perennial forage vegetation plus understory requires two vegetation populations
14,2021,cover_annual,model_unsupported,Standing woody/perennial forage vegetation plus understory requires two vegetation populations
14,2022,cover_annual,model_unsupported,Standing woody/perennial forage vegetation plus understory requires two vegetation populations
14,2023,cover_annual,model_unsupported,Standing woody/perennial forage vegetation plus understory requires two vegetation populations
14,2016,rice_one_dry,inapplicable,Cash crop is not rice
14,2016,rice_two_dry,inapplicable,Cash crop is not rice
14,2017,rice_one_dry,inapplicable,Cash crop is not rice
14,2017,rice_two_dry,inapplicable,Cash crop is not rice
14,2018,rice_one_dry,inapplicable,Cash crop is not rice
14,2018,rice_two_dry,inapplicable,Cash crop is not rice
14,2019,rice_one_dry,inapplicable,Cash crop is not rice
14,2019,rice_two_dry,inapplicable,Cash crop is not rice
14,2020,rice_one_dry,inapplicable,Cash crop is not rice
14,2020,rice_two_dry,inapplicable,Cash crop is not rice
14,2021,rice_one_dry,inapplicable,Cash crop is not rice
14,2021,rice_two_dry,inapplicable,Cash crop is not rice
14,2022,rice_one_dry,inapplicable,Cash crop is not rice
14,2022,rice_two_dry,inapplicable,Cash crop is not rice
14,2023,rice_one_dry,inapplicable,Cash crop is not rice
14,2023,rice_two_dry,inapplicable,Cash crop is not rice
96038,2016,cover_annual,model_unsupported,Standing woody/perennial forage vegetation plus understory requires two vegetation populations
96038,2017,cover_annual,model_unsupported,Standing woody/perennial forage vegetation plus understory requires two vegetation populations
96038,2018,cover_annual,model_unsupported,Standing woody/perennial forage vegetation plus understory requires two vegetation populations
96038,2019,cover_annual,model_unsupported,Previous woody vegetation is not terminated before this annual crop; its pre-crop cover would require a second vegetation population
96038,2020,cover_annual,prepared,"Annual cover in a source-season window, trimmed only to preserve cash crops"
96038,2021,cover_annual,prepared,"Annual cover in a source-season window, trimmed only to preserve cash crops"
96038,2022,cover_annual,prepared,"Annual cover in a source-season window, trimmed only to preserve cash crops"
96038,2023,cover_annual,prepared,"Annual cover in a source-season window, trimmed only to preserve cash crops"
96038,2016,rice_one_dry,inapplicable,Cash crop is not rice
96038,2016,rice_two_dry,inapplicable,Cash crop is not rice
96038,2017,rice_one_dry,inapplicable,Cash crop is not rice
96038,2017,rice_two_dry,inapplicable,Cash crop is not rice
96038,2018,rice_one_dry,inapplicable,Cash crop is not rice
96038,2018,rice_two_dry,inapplicable,Cash crop is not rice
96038,2019,rice_one_dry,inapplicable,Cash crop is not rice
96038,2019,rice_two_dry,inapplicable,Cash crop is not rice
96038,2020,rice_one_dry,inapplicable,Cash crop is not rice
96038,2020,rice_two_dry,inapplicable,Cash crop is not rice
96038,2021,rice_one_dry,inapplicable,Cash crop is not rice
96038,2021,rice_two_dry,inapplicable,Cash crop is not rice
96038,2022,rice_one_dry,inapplicable,Cash crop is not rice
96038,2022,rice_two_dry,inapplicable,Cash crop is not rice
96038,2023,rice_one_dry,inapplicable,Cash crop is not rice
96038,2023,rice_two_dry,inapplicable,Cash crop is not rice
155097,2016,cover_annual,prepared,"Annual cover in a source-season window, trimmed only to preserve cash crops"
155097,2017,cover_annual,prepared,"Annual cover in a source-season window, trimmed only to preserve cash crops"
155097,2018,cover_annual,prepared,"Annual cover in a source-season window, trimmed only to preserve cash crops"
155097,2019,cover_annual,prepared,"Annual cover in a source-season window, trimmed only to preserve cash crops"
155097,2020,cover_annual,prepared,"Annual cover in a source-season window, trimmed only to preserve cash crops"
155097,2021,cover_annual,prepared,"Annual cover in a source-season window, trimmed only to preserve cash crops"
155097,2022,cover_annual,prepared,"Annual cover in a source-season window, trimmed only to preserve cash crops"
155097,2023,cover_annual,prepared,"Annual cover in a source-season window, trimmed only to preserve cash crops"
155097,2016,rice_one_dry,prepared,Recorded or source-inferred rice crop
155097,2016,rice_two_dry,prepared,Recorded or source-inferred rice crop
155097,2017,rice_one_dry,inapplicable,Cash crop is not rice
155097,2017,rice_two_dry,inapplicable,Cash crop is not rice
155097,2018,rice_one_dry,inapplicable,Cash crop is not rice
155097,2018,rice_two_dry,inapplicable,Cash crop is not rice
155097,2019,rice_one_dry,inapplicable,Cash crop is not rice
155097,2019,rice_two_dry,inapplicable,Cash crop is not rice
155097,2020,rice_one_dry,inapplicable,Cash crop is not rice
155097,2020,rice_two_dry,inapplicable,Cash crop is not rice
155097,2021,rice_one_dry,inapplicable,Cash crop is not rice
155097,2021,rice_two_dry,inapplicable,Cash crop is not rice
155097,2022,rice_one_dry,inapplicable,Cash crop is not rice
155097,2022,rice_two_dry,inapplicable,Cash crop is not rice
155097,2023,rice_one_dry,inapplicable,Cash crop is not rice
155097,2023,rice_two_dry,inapplicable,Cash crop is not rice
30934,2016,cover_annual,model_unsupported,Standing woody/perennial forage vegetation plus understory requires two vegetation populations
30934,2017,cover_annual,model_unsupported,Standing woody/perennial forage vegetation plus understory requires two vegetation populations
30934,2018,cover_annual,model_unsupported,Standing woody/perennial forage vegetation plus understory requires two vegetation populations
30934,2019,cover_annual,model_unsupported,Standing woody/perennial forage vegetation plus understory requires two vegetation populations
30934,2020,cover_annual,model_unsupported,Standing woody/perennial forage vegetation plus understory requires two vegetation populations
30934,2021,cover_annual,model_unsupported,Standing woody/perennial forage vegetation plus understory requires two vegetation populations
30934,2022,cover_annual,model_unsupported,Standing woody/perennial forage vegetation plus understory requires two vegetation populations
30934,2023,cover_annual,model_unsupported,Standing woody/perennial forage vegetation plus understory requires two vegetation populations
30934,2016,rice_one_dry,inapplicable,Cash crop is not rice
30934,2016,rice_two_dry,inapplicable,Cash crop is not rice
30934,2017,rice_one_dry,inapplicable,Cash crop is not rice
30934,2017,rice_two_dry,inapplicable,Cash crop is not rice
30934,2018,rice_one_dry,inapplicable,Cash crop is not rice
30934,2018,rice_two_dry,inapplicable,Cash crop is not rice
30934,2019,rice_one_dry,inapplicable,Cash crop is not rice
30934,2019,rice_two_dry,inapplicable,Cash crop is not rice
30934,2020,rice_one_dry,inapplicable,Cash crop is not rice
30934,2020,rice_two_dry,inapplicable,Cash crop is not rice
30934,2021,rice_one_dry,inapplicable,Cash crop is not rice
30934,2021,rice_two_dry,inapplicable,Cash crop is not rice
30934,2022,rice_one_dry,inapplicable,Cash crop is not rice
30934,2022,rice_two_dry,inapplicable,Cash crop is not rice
30934,2023,rice_one_dry,inapplicable,Cash crop is not rice
30934,2023,rice_two_dry,inapplicable,Cash crop is not rice
32528,2016,cover_annual,model_unsupported,Standing woody/perennial forage vegetation plus understory requires two vegetation populations
32528,2017,cover_annual,model_unsupported,Standing woody/perennial forage vegetation plus understory requires two vegetation populations
32528,2018,cover_annual,prepared,"Annual cover in a source-season window, trimmed only to preserve cash crops"
32528,2019,cover_annual,prepared,"Annual cover in a source-season window, trimmed only to preserve cash crops"
32528,2020,cover_annual,prepared,"Annual cover in a source-season window, trimmed only to preserve cash crops"
32528,2021,cover_annual,prepared,"Annual cover in a source-season window, trimmed only to preserve cash crops"
32528,2022,cover_annual,prepared,"Annual cover in a source-season window, trimmed only to preserve cash crops"
32528,2023,cover_annual,prepared,"Annual cover in a source-season window, trimmed only to preserve cash crops"
32528,2016,rice_one_dry,inapplicable,Cash crop is not rice
32528,2016,rice_two_dry,inapplicable,Cash crop is not rice
32528,2017,rice_one_dry,inapplicable,Cash crop is not rice
32528,2017,rice_two_dry,inapplicable,Cash crop is not rice
32528,2018,rice_one_dry,inapplicable,Cash crop is not rice
32528,2018,rice_two_dry,inapplicable,Cash crop is not rice
32528,2019,rice_one_dry,inapplicable,Cash crop is not rice
32528,2019,rice_two_dry,inapplicable,Cash crop is not rice
32528,2020,rice_one_dry,inapplicable,Cash crop is not rice
32528,2020,rice_two_dry,inapplicable,Cash crop is not rice
32528,2021,rice_one_dry,inapplicable,Cash crop is not rice
32528,2021,rice_two_dry,inapplicable,Cash crop is not rice
32528,2022,rice_one_dry,inapplicable,Cash crop is not rice
32528,2022,rice_two_dry,inapplicable,Cash crop is not rice
32528,2023,rice_one_dry,inapplicable,Cash crop is not rice
32528,2023,rice_two_dry,inapplicable,Cash crop is not rice
469135,2016,cover_annual,model_unsupported,Standing woody/perennial forage vegetation plus understory requires two vegetation populations
469135,2017,cover_annual,model_unsupported,Standing woody/perennial forage vegetation plus understory requires two vegetation populations
469135,2018,cover_annual,model_unsupported,Standing woody/perennial forage vegetation plus understory requires two vegetation populations
469135,2019,cover_annual,model_unsupported,Standing woody/perennial forage vegetation plus understory requires two vegetation populations
469135,2020,cover_annual,prepared,"Annual cover in a source-season window, trimmed only to preserve cash crops"
469135,2021,cover_annual,prepared,"Annual cover in a source-season window, trimmed only to preserve cash crops"
469135,2022,cover_annual,prepared,"Annual cover in a source-season window, trimmed only to preserve cash crops"
469135,2023,cover_annual,prepared,"Annual cover in a source-season window, trimmed only to preserve cash crops"
469135,2016,rice_one_dry,inapplicable,Cash crop is not rice
469135,2016,rice_two_dry,inapplicable,Cash crop is not rice
469135,2017,rice_one_dry,inapplicable,Cash crop is not rice
469135,2017,rice_two_dry,inapplicable,Cash crop is not rice
469135,2018,rice_one_dry,inapplicable,Cash crop is not rice
469135,2018,rice_two_dry,inapplicable,Cash crop is not rice
469135,2019,rice_one_dry,inapplicable,Cash crop is not rice
469135,2019,rice_two_dry,inapplicable,Cash crop is not rice
469135,2020,rice_one_dry,inapplicable,Cash crop is not rice
469135,2020,rice_two_dry,inapplicable,Cash crop is not rice
469135,2021,rice_one_dry,inapplicable,Cash crop is not rice
469135,2021,rice_two_dry,inapplicable,Cash crop is not rice
469135,2022,rice_one_dry,inapplicable,Cash crop is not rice
469135,2022,rice_two_dry,inapplicable,Cash crop is not rice
469135,2023,rice_one_dry,inapplicable,Cash crop is not rice
469135,2023,rice_two_dry,inapplicable,Cash crop is not rice
357428,2016,cover_annual,model_unsupported,Standing woody/perennial forage vegetation plus understory requires two vegetation populations
357428,2017,cover_annual,model_unsupported,Standing woody/perennial forage vegetation plus understory requires two vegetation populations
357428,2018,cover_annual,model_unsupported,Standing woody/perennial forage vegetation plus understory requires two vegetation populations
357428,2019,cover_annual,model_unsupported,Standing woody/perennial forage vegetation plus understory requires two vegetation populations
357428,2020,cover_annual,model_unsupported,Standing woody/perennial forage vegetation plus understory requires two vegetation populations
357428,2021,cover_annual,model_unsupported,Standing woody/perennial forage vegetation plus understory requires two vegetation populations
357428,2022,cover_annual,model_unsupported,Standing woody/perennial forage vegetation plus understory requires two vegetation populations
357428,2023,cover_annual,model_unsupported,Standing woody/perennial forage vegetation plus understory requires two vegetation populations
357428,2016,rice_one_dry,inapplicable,Cash crop is not rice
357428,2016,rice_two_dry,inapplicable,Cash crop is not rice
357428,2017,rice_one_dry,inapplicable,Cash crop is not rice
357428,2017,rice_two_dry,inapplicable,Cash crop is not rice
357428,2018,rice_one_dry,inapplicable,Cash crop is not rice
357428,2018,rice_two_dry,inapplicable,Cash crop is not rice
357428,2019,rice_one_dry,inapplicable,Cash crop is not rice
357428,2019,rice_two_dry,inapplicable,Cash crop is not rice
357428,2020,rice_one_dry,inapplicable,Cash crop is not rice
357428,2020,rice_two_dry,inapplicable,Cash crop is not rice
357428,2021,rice_one_dry,inapplicable,Cash crop is not rice
357428,2021,rice_two_dry,inapplicable,Cash crop is not rice
357428,2022,rice_one_dry,inapplicable,Cash crop is not rice
357428,2022,rice_two_dry,inapplicable,Cash crop is not rice
357428,2023,rice_one_dry,inapplicable,Cash crop is not rice
357428,2023,rice_two_dry,inapplicable,Cash crop is not rice
472163,2016,cover_annual,prepared,"Annual cover in a source-season window, trimmed only to preserve cash crops"
472163,2017,cover_annual,prepared,"Annual cover in a source-season window, trimmed only to preserve cash crops"
472163,2018,cover_annual,model_unsupported,Standing woody/perennial forage vegetation plus understory requires two vegetation populations
472163,2019,cover_annual,model_unsupported,Standing woody/perennial forage vegetation plus understory requires two vegetation populations
472163,2020,cover_annual,model_unsupported,Standing woody/perennial forage vegetation plus understory requires two vegetation populations
472163,2021,cover_annual,model_unsupported,Standing woody/perennial forage vegetation plus understory requires two vegetation populations
472163,2022,cover_annual,model_unsupported,Standing woody/perennial forage vegetation plus understory requires two vegetation populations
472163,2023,cover_annual,model_unsupported,Standing woody/perennial forage vegetation plus understory requires two vegetation populations
472163,2016,rice_one_dry,inapplicable,Cash crop is not rice
472163,2016,rice_two_dry,inapplicable,Cash crop is not rice
472163,2017,rice_one_dry,inapplicable,Cash crop is not rice
472163,2017,rice_two_dry,inapplicable,Cash crop is not rice
472163,2018,rice_one_dry,inapplicable,Cash crop is not rice
472163,2018,rice_two_dry,inapplicable,Cash crop is not rice
472163,2019,rice_one_dry,inapplicable,Cash crop is not rice
472163,2019,rice_two_dry,inapplicable,Cash crop is not rice
472163,2020,rice_one_dry,inapplicable,Cash crop is not rice
472163,2020,rice_two_dry,inapplicable,Cash crop is not rice
472163,2021,rice_one_dry,inapplicable,Cash crop is not rice
472163,2021,rice_two_dry,inapplicable,Cash crop is not rice
472163,2022,rice_one_dry,inapplicable,Cash crop is not rice
472163,2022,rice_two_dry,inapplicable,Cash crop is not rice
472163,2023,rice_one_dry,inapplicable,Cash crop is not rice
472163,2023,rice_two_dry,inapplicable,Cash crop is not rice
329357,2016,cover_annual,prepared,"Annual cover in a source-season window, trimmed only to preserve cash crops"
329357,2017,cover_annual,prepared,"Annual cover in a source-season window, trimmed only to preserve cash crops"
329357,2018,cover_annual,prepared,"Annual cover in a source-season window, trimmed only to preserve cash crops"
329357,2019,cover_annual,prepared,"Annual cover in a source-season window, trimmed only to preserve cash crops"
329357,2020,cover_annual,prepared,"Annual cover in a source-season window, trimmed only to preserve cash crops"
329357,2021,cover_annual,model_unsupported,Standing woody/perennial forage vegetation plus understory requires two vegetation populations
329357,2022,cover_annual,model_unsupported,Standing woody/perennial forage vegetation plus understory requires two vegetation populations
329357,2023,cover_annual,model_unsupported,Standing woody/perennial forage vegetation plus understory requires two vegetation populations
329357,2016,rice_one_dry,inapplicable,Cash crop is not rice
329357,2016,rice_two_dry,inapplicable,Cash crop is not rice
329357,2017,rice_one_dry,inapplicable,Cash crop is not rice
329357,2017,rice_two_dry,inapplicable,Cash crop is not rice
329357,2018,rice_one_dry,inapplicable,Cash crop is not rice
329357,2018,rice_two_dry,inapplicable,Cash crop is not rice
329357,2019,rice_one_dry,inapplicable,Cash crop is not rice
329357,2019,rice_two_dry,inapplicable,Cash crop is not rice
329357,2020,rice_one_dry,inapplicable,Cash crop is not rice
329357,2020,rice_two_dry,inapplicable,Cash crop is not rice
329357,2021,rice_one_dry,inapplicable,Cash crop is not rice
329357,2021,rice_two_dry,inapplicable,Cash crop is not rice
329357,2022,rice_one_dry,inapplicable,Cash crop is not rice
329357,2022,rice_two_dry,inapplicable,Cash crop is not rice
329357,2023,rice_one_dry,inapplicable,Cash crop is not rice
329357,2023,rice_two_dry,inapplicable,Cash crop is not rice
152256,2016,cover_annual,model_unsupported,Standing woody/perennial forage vegetation plus understory requires two vegetation populations
152256,2017,cover_annual,model_unsupported,Standing woody/perennial forage vegetation plus understory requires two vegetation populations
152256,2018,cover_annual,model_unsupported,Standing woody/perennial forage vegetation plus understory requires two vegetation populations
152256,2019,cover_annual,model_unsupported,Standing woody/perennial forage vegetation plus understory requires two vegetation populations
152256,2020,cover_annual,model_unsupported,Standing woody/perennial forage vegetation plus understory requires two vegetation populations
152256,2021,cover_annual,model_unsupported,Standing woody/perennial forage vegetation plus understory requires two vegetation populations
152256,2022,cover_annual,model_unsupported,Standing woody/perennial forage vegetation plus understory requires two vegetation populations
152256,2023,cover_annual,model_unsupported,Standing woody/perennial forage vegetation plus understory requires two vegetation populations
152256,2016,rice_one_dry,inapplicable,Cash crop is not rice
152256,2016,rice_two_dry,inapplicable,Cash crop is not rice
152256,2017,rice_one_dry,inapplicable,Cash crop is not rice
152256,2017,rice_two_dry,inapplicable,Cash crop is not rice
152256,2018,rice_one_dry,inapplicable,Cash crop is not rice
152256,2018,rice_two_dry,inapplicable,Cash crop is not rice
152256,2019,rice_one_dry,inapplicable,Cash crop is not rice
152256,2019,rice_two_dry,inapplicable,Cash crop is not rice
152256,2020,rice_one_dry,inapplicable,Cash crop is not rice
152256,2020,rice_two_dry,inapplicable,Cash crop is not rice
152256,2021,rice_one_dry,inapplicable,Cash crop is not rice
152256,2021,rice_two_dry,inapplicable,Cash crop is not rice
152256,2022,rice_one_dry,inapplicable,Cash crop is not rice
152256,2022,rice_two_dry,inapplicable,Cash crop is not rice
152256,2023,rice_one_dry,inapplicable,Cash crop is not rice
152256,2023,rice_two_dry,inapplicable,Cash crop is not rice
89752,2016,cover_annual,model_unsupported,Standing woody/perennial forage vegetation plus understory requires two vegetation populations
89752,2017,cover_annual,model_unsupported,Standing woody/perennial forage vegetation plus understory requires two vegetation populations
89752,2018,cover_annual,model_unsupported,Standing woody/perennial forage vegetation plus understory requires two vegetation populations
89752,2019,cover_annual,model_unsupported,Standing woody/perennial forage vegetation plus understory requires two vegetation populations
89752,2020,cover_annual,model_unsupported,Standing woody/perennial forage vegetation plus understory requires two vegetation populations
89752,2021,cover_annual,model_unsupported,Standing woody/perennial forage vegetation plus understory requires two vegetation populations
89752,2022,cover_annual,model_unsupported,Standing woody/perennial forage vegetation plus understory requires two vegetation populations
89752,2023,cover_annual,model_unsupported,Standing woody/perennial forage vegetation plus understory requires two vegetation populations
89752,2016,rice_one_dry,inapplicable,Cash crop is not rice
89752,2016,rice_two_dry,inapplicable,Cash crop is not rice
89752,2017,rice_one_dry,inapplicable,Cash crop is not rice
89752,2017,rice_two_dry,inapplicable,Cash crop is not rice
89752,2018,rice_one_dry,inapplicable,Cash crop is not rice
89752,2018,rice_two_dry,inapplicable,Cash crop is not rice
89752,2019,rice_one_dry,inapplicable,Cash crop is not rice
89752,2019,rice_two_dry,inapplicable,Cash crop is not rice
89752,2020,rice_one_dry,inapplicable,Cash crop is not rice
89752,2020,rice_two_dry,inapplicable,Cash crop is not rice
89752,2021,rice_one_dry,inapplicable,Cash crop is not rice
89752,2021,rice_two_dry,inapplicable,Cash crop is not rice
89752,2022,rice_one_dry,inapplicable,Cash crop is not rice
89752,2022,rice_two_dry,inapplicable,Cash crop is not rice
89752,2023,rice_one_dry,inapplicable,Cash crop is not rice
89752,2023,rice_two_dry,inapplicable,Cash crop is not rice
362135,2016,cover_annual,model_unsupported,Standing woody/perennial forage vegetation plus understory requires two vegetation populations
362135,2017,cover_annual,model_unsupported,Standing woody/perennial forage vegetation plus understory requires two vegetation populations
362135,2018,cover_annual,model_unsupported,Standing woody/perennial forage vegetation plus understory requires two vegetation populations
362135,2019,cover_annual,prepared,"Annual cover in a source-season window, trimmed only to preserve cash crops"
362135,2020,cover_annual,prepared,"Annual cover in a source-season window, trimmed only to preserve cash crops"
362135,2021,cover_annual,prepared,"Annual cover in a source-season window, trimmed only to preserve cash crops"
362135,2022,cover_annual,prepared,"Annual cover in a source-season window, trimmed only to preserve cash crops"
362135,2023,cover_annual,prepared,"Annual cover in a source-season window, trimmed only to preserve cash crops"
362135,2016,rice_one_dry,inapplicable,Cash crop is not rice
362135,2016,rice_two_dry,inapplicable,Cash crop is not rice
362135,2017,rice_one_dry,inapplicable,Cash crop is not rice
362135,2017,rice_two_dry,inapplicable,Cash crop is not rice
362135,2018,rice_one_dry,inapplicable,Cash crop is not rice
362135,2018,rice_two_dry,inapplicable,Cash crop is not rice
362135,2019,rice_one_dry,inapplicable,Cash crop is not rice
362135,2019,rice_two_dry,inapplicable,Cash crop is not rice
362135,2020,rice_one_dry,prepared,Recorded or source-inferred rice crop
362135,2020,rice_two_dry,prepared,Recorded or source-inferred rice crop
362135,2021,rice_one_dry,prepared,Recorded or source-inferred rice crop
362135,2021,rice_two_dry,prepared,Recorded or source-inferred rice crop
362135,2022,rice_one_dry,prepared,Recorded or source-inferred rice crop
362135,2022,rice_two_dry,prepared,Recorded or source-inferred rice crop
362135,2023,rice_one_dry,prepared,Recorded or source-inferred rice crop
362135,2023,rice_two_dry,prepared,Recorded or source-inferred rice crop
594379,2016,cover_annual,model_unsupported,Standing woody/perennial forage vegetation plus understory requires two vegetation populations
594379,2017,cover_annual,model_unsupported,Standing woody/perennial forage vegetation plus understory requires two vegetation populations
594379,2018,cover_annual,prepared,"Annual cover in a source-season window, trimmed only to preserve cash crops"
594379,2019,cover_annual,prepared,"Annual cover in a source-season window, trimmed only to preserve cash crops"
594379,2020,cover_annual,prepared,"Annual cover in a source-season window, trimmed only to preserve cash crops"
594379,2021,cover_annual,prepared,"Annual cover in a source-season window, trimmed only to preserve cash crops"
594379,2022,cover_annual,prepared,"Annual cover in a source-season window, trimmed only to preserve cash crops"
594379,2023,cover_annual,prepared,"Annual cover in a source-season window, trimmed only to preserve cash crops"
594379,2016,rice_one_dry,inapplicable,Cash crop is not rice
594379,2016,rice_two_dry,inapplicable,Cash crop is not rice
594379,2017,rice_one_dry,inapplicable,Cash crop is not rice
594379,2017,rice_two_dry,inapplicable,Cash crop is not rice
594379,2018,rice_one_dry,inapplicable,Cash crop is not rice
594379,2018,rice_two_dry,inapplicable,Cash crop is not rice
594379,2019,rice_one_dry,inapplicable,Cash crop is not rice
594379,2019,rice_two_dry,inapplicable,Cash crop is not rice
594379,2020,rice_one_dry,inapplicable,Cash crop is not rice
594379,2020,rice_two_dry,inapplicable,Cash crop is not rice
594379,2021,rice_one_dry,inapplicable,Cash crop is not rice
594379,2021,rice_two_dry,inapplicable,Cash crop is not rice
594379,2022,rice_one_dry,inapplicable,Cash crop is not rice
594379,2022,rice_two_dry,inapplicable,Cash crop is not rice
594379,2023,rice_one_dry,inapplicable,Cash crop is not rice
594379,2023,rice_two_dry,inapplicable,Cash crop is not rice
429989,2016,cover_annual,model_unsupported,Standing woody/perennial forage vegetation plus understory requires two vegetation populations
429989,2017,cover_annual,model_unsupported,Standing woody/perennial forage vegetation plus understory requires two vegetation populations
429989,2018,cover_annual,prepared,"Annual cover in a source-season window, trimmed only to preserve cash crops"
429989,2019,cover_annual,prepared,"Annual cover in a source-season window, trimmed only to preserve cash crops"
429989,2020,cover_annual,prepared,"Annual cover in a source-season window, trimmed only to preserve cash crops"
429989,2021,cover_annual,prepared,"Annual cover in a source-season window, trimmed only to preserve cash crops"
429989,2022,cover_annual,prepared,"Annual cover in a source-season window, trimmed only to preserve cash crops"
429989,2023,cover_annual,prepared,"Annual cover in a source-season window, trimmed only to preserve cash crops"
429989,2016,rice_one_dry,inapplicable,Cash crop is not rice
429989,2016,rice_two_dry,inapplicable,Cash crop is not rice
429989,2017,rice_one_dry,inapplicable,Cash crop is not rice
429989,2017,rice_two_dry,inapplicable,Cash crop is not rice
429989,2018,rice_one_dry,inapplicable,Cash crop is not rice
429989,2018,rice_two_dry,inapplicable,Cash crop is not rice
429989,2019,rice_one_dry,inapplicable,Cash crop is not rice
429989,2019,rice_two_dry,inapplicable,Cash crop is not rice
429989,2020,rice_one_dry,inapplicable,Cash crop is not rice
429989,2020,rice_two_dry,inapplicable,Cash crop is not rice
429989,2021,rice_one_dry,inapplicable,Cash crop is not rice
429989,2021,rice_two_dry,inapplicable,Cash crop is not rice
429989,2022,rice_one_dry,inapplicable,Cash crop is not rice
429989,2022,rice_two_dry,inapplicable,Cash crop is not rice
429989,2023,rice_one_dry,inapplicable,Cash crop is not rice
429989,2023,rice_two_dry,inapplicable,Cash crop is not rice
102480,2016,cover_annual,model_unsupported,Standing woody/perennial forage vegetation plus understory requires two vegetation populations
102480,2017,cover_annual,model_unsupported,Standing woody/perennial forage vegetation plus understory requires two vegetation populations
102480,2018,cover_annual,prepared,"Annual cover in a source-season window, trimmed only to preserve cash crops"
102480,2019,cover_annual,prepared,"Annual cover in a source-season window, trimmed only to preserve cash crops"
102480,2020,cover_annual,prepared,"Annual cover in a source-season window, trimmed only to preserve cash crops"
102480,2021,cover_annual,prepared,"Annual cover in a source-season window, trimmed only to preserve cash crops"
102480,2022,cover_annual,prepared,"Annual cover in a source-season window, trimmed only to preserve cash crops"
102480,2023,cover_annual,prepared,"Annual cover in a source-season window, trimmed only to preserve cash crops"
102480,2016,rice_one_dry,inapplicable,Cash crop is not rice
102480,2016,rice_two_dry,inapplicable,Cash crop is not rice
102480,2017,rice_one_dry,inapplicable,Cash crop is not rice
102480,2017,rice_two_dry,inapplicable,Cash crop is not rice
102480,2018,rice_one_dry,inapplicable,Cash crop is not rice
102480,2018,rice_two_dry,inapplicable,Cash crop is not rice
102480,2019,rice_one_dry,inapplicable,Cash crop is not rice
102480,2019,rice_two_dry,inapplicable,Cash crop is not rice
102480,2020,rice_one_dry,inapplicable,Cash crop is not rice
102480,2020,rice_two_dry,inapplicable,Cash crop is not rice
102480,2021,rice_one_dry,inapplicable,Cash crop is not rice
102480,2021,rice_two_dry,inapplicable,Cash crop is not rice
102480,2022,rice_one_dry,inapplicable,Cash crop is not rice
102480,2022,rice_two_dry,inapplicable,Cash crop is not rice
102480,2023,rice_one_dry,inapplicable,Cash crop is not rice
102480,2023,rice_two_dry,inapplicable,Cash crop is not rice
28809,2016,cover_annual,model_unsupported,Standing woody/perennial forage vegetation plus understory requires two vegetation populations
28809,2017,cover_annual,model_unsupported,Standing woody/perennial forage vegetation plus understory requires two vegetation populations
28809,2018,cover_annual,prepared,"Annual cover in a source-season window, trimmed only to preserve cash crops"
28809,2019,cover_annual,prepared,"Annual cover in a source-season window, trimmed only to preserve cash crops"
28809,2020,cover_annual,prepared,"Annual cover in a source-season window, trimmed only to preserve cash crops"
28809,2021,cover_annual,prepared,"Annual cover in a source-season window, trimmed only to preserve cash crops"
28809,2022,cover_annual,model_unsupported,Standing woody/perennial forage vegetation plus understory requires two vegetation populations
28809,2023,cover_annual,model_unsupported,Standing woody/perennial forage vegetation plus understory requires two vegetation populations
28809,2016,rice_one_dry,inapplicable,Cash crop is not rice
28809,2016,rice_two_dry,inapplicable,Cash crop is not rice
28809,2017,rice_one_dry,inapplicable,Cash crop is not rice
28809,2017,rice_two_dry,inapplicable,Cash crop is not rice
28809,2018,rice_one_dry,inapplicable,Cash crop is not rice
28809,2018,rice_two_dry,inapplicable,Cash crop is not rice
28809,2019,rice_one_dry,inapplicable,Cash crop is not rice
28809,2019,rice_two_dry,inapplicable,Cash crop is not rice
28809,2020,rice_one_dry,inapplicable,Cash crop is not rice
28809,2020,rice_two_dry,inapplicable,Cash crop is not rice
28809,2021,rice_one_dry,inapplicable,Cash crop is not rice
28809,2021,rice_two_dry,inapplicable,Cash crop is not rice
28809,2022,rice_one_dry,inapplicable,Cash crop is not rice
28809,2022,rice_two_dry,inapplicable,Cash crop is not rice
28809,2023,rice_one_dry,inapplicable,Cash crop is not rice
28809,2023,rice_two_dry,inapplicable,Cash crop is not rice
405184,2016,cover_annual,model_unsupported,Standing woody/perennial forage vegetation plus understory requires two vegetation populations
405184,2017,cover_annual,model_unsupported,Standing woody/perennial forage vegetation plus understory requires two vegetation populations
405184,2018,cover_annual,model_unsupported,Standing woody/perennial forage vegetation plus understory requires two vegetation populations
405184,2019,cover_annual,model_unsupported,Standing woody/perennial forage vegetation plus understory requires two vegetation populations
405184,2020,cover_annual,model_unsupported,Standing woody/perennial forage vegetation plus understory requires two vegetation populations
405184,2021,cover_annual,model_unsupported,Standing woody/perennial forage vegetation plus understory requires two vegetation populations
405184,2022,cover_annual,model_unsupported,Standing woody/perennial forage vegetation plus understory requires two vegetation populations
405184,2023,cover_annual,model_unsupported,Standing woody/perennial forage vegetation plus understory requires two vegetation populations
405184,2016,rice_one_dry,inapplicable,Cash crop is not rice
405184,2016,rice_two_dry,inapplicable,Cash crop is not rice
405184,2017,rice_one_dry,inapplicable,Cash crop is not rice
405184,2017,rice_two_dry,inapplicable,Cash crop is not rice
405184,2018,rice_one_dry,inapplicable,Cash crop is not rice
405184,2018,rice_two_dry,inapplicable,Cash crop is not rice
405184,2019,rice_one_dry,inapplicable,Cash crop is not rice
405184,2019,rice_two_dry,inapplicable,Cash crop is not rice
405184,2020,rice_one_dry,inapplicable,Cash crop is not rice
405184,2020,rice_two_dry,inapplicable,Cash crop is not rice
405184,2021,rice_one_dry,inapplicable,Cash crop is not rice
405184,2021,rice_two_dry,inapplicable,Cash crop is not rice
405184,2022,rice_one_dry,inapplicable,Cash crop is not rice
405184,2022,rice_two_dry,inapplicable,Cash crop is not rice
405184,2023,rice_one_dry,inapplicable,Cash crop is not rice
405184,2023,rice_two_dry,inapplicable,Cash crop is not rice
330822,2016,cover_annual,model_unsupported,Standing woody/perennial forage vegetation plus understory requires two vegetation populations
330822,2017,cover_annual,model_unsupported,Standing woody/perennial forage vegetation plus understory requires two vegetation populations
330822,2018,cover_annual,prepared,"Annual cover in a source-season window, trimmed only to preserve cash crops"
330822,2019,cover_annual,prepared,"Annual cover in a source-season window, trimmed only to preserve cash crops"
330822,2020,cover_annual,prepared,"Annual cover in a source-season window, trimmed only to preserve cash crops"
330822,2021,cover_annual,prepared,"Annual cover in a source-season window, trimmed only to preserve cash crops"
330822,2022,cover_annual,prepared,"Annual cover in a source-season window, trimmed only to preserve cash crops"
330822,2023,cover_annual,prepared,"Annual cover in a source-season window, trimmed only to preserve cash crops"
330822,2016,rice_one_dry,inapplicable,Cash crop is not rice
330822,2016,rice_two_dry,inapplicable,Cash crop is not rice
330822,2017,rice_one_dry,inapplicable,Cash crop is not rice
330822,2017,rice_two_dry,inapplicable,Cash crop is not rice
330822,2018,rice_one_dry,inapplicable,Cash crop is not rice
330822,2018,rice_two_dry,inapplicable,Cash crop is not rice
330822,2019,rice_one_dry,inapplicable,Cash crop is not rice
330822,2019,rice_two_dry,inapplicable,Cash crop is not rice
330822,2020,rice_one_dry,inapplicable,Cash crop is not rice
330822,2020,rice_two_dry,inapplicable,Cash crop is not rice
330822,2021,rice_one_dry,inapplicable,Cash crop is not rice
330822,2021,rice_two_dry,inapplicable,Cash crop is not rice
330822,2022,rice_one_dry,inapplicable,Cash crop is not rice
330822,2022,rice_two_dry,inapplicable,Cash crop is not rice
330822,2023,rice_one_dry,inapplicable,Cash crop is not rice
330822,2023,rice_two_dry,inapplicable,Cash crop is not rice
15499,2016,cover_annual,model_unsupported,Standing woody/perennial forage vegetation plus understory requires two vegetation populations
15499,2017,cover_annual,model_unsupported,Standing woody/perennial forage vegetation plus understory requires two vegetation populations
15499,2018,cover_annual,model_unsupported,Standing woody/perennial forage vegetation plus understory requires two vegetation populations
15499,2019,cover_annual,model_unsupported,Standing woody/perennial forage vegetation plus understory requires two vegetation populations
15499,2020,cover_annual,model_unsupported,Standing woody/perennial forage vegetation plus understory requires two vegetation populations
15499,2021,cover_annual,model_unsupported,Standing woody/perennial forage vegetation plus understory requires two vegetation populations
15499,2022,cover_annual,model_unsupported,Standing woody/perennial forage vegetation plus understory requires two vegetation populations
15499,2023,cover_annual,model_unsupported,Standing woody/perennial forage vegetation plus understory requires two vegetation populations
15499,2016,rice_one_dry,inapplicable,Cash crop is not rice
15499,2016,rice_two_dry,inapplicable,Cash crop is not rice
15499,2017,rice_one_dry,inapplicable,Cash crop is not rice
15499,2017,rice_two_dry,inapplicable,Cash crop is not rice
15499,2018,rice_one_dry,inapplicable,Cash crop is not rice
15499,2018,rice_two_dry,inapplicable,Cash crop is not rice
15499,2019,rice_one_dry,inapplicable,Cash crop is not rice
15499,2019,rice_two_dry,inapplicable,Cash crop is not rice
15499,2020,rice_one_dry,inapplicable,Cash crop is not rice
15499,2020,rice_two_dry,inapplicable,Cash crop is not rice
15499,2021,rice_one_dry,inapplicable,Cash crop is not rice
15499,2021,rice_two_dry,inapplicable,Cash crop is not rice
15499,2022,rice_one_dry,inapplicable,Cash crop is not rice
15499,2022,rice_two_dry,inapplicable,Cash crop is not rice
15499,2023,rice_one_dry,inapplicable,Cash crop is not rice
15499,2023,rice_two_dry,inapplicable,Cash crop is not rice
284301,2016,cover_annual,prepared,"Annual cover in a source-season window, trimmed only to preserve cash crops"
284301,2017,cover_annual,model_unsupported,Standing woody/perennial forage vegetation plus understory requires two vegetation populations
284301,2018,cover_annual,model_unsupported,Standing woody/perennial forage vegetation plus understory requires two vegetation populations
284301,2019,cover_annual,model_unsupported,Standing woody/perennial forage vegetation plus understory requires two vegetation populations
284301,2020,cover_annual,model_unsupported,Standing woody/perennial forage vegetation plus understory requires two vegetation populations
284301,2021,cover_annual,model_unsupported,Standing woody/perennial forage vegetation plus understory requires two vegetation populations
284301,2022,cover_annual,model_unsupported,Standing woody/perennial forage vegetation plus understory requires two vegetation populations
284301,2023,cover_annual,model_unsupported,Standing woody/perennial forage vegetation plus understory requires two vegetation populations
284301,2016,rice_one_dry,inapplicable,Cash crop is not rice
284301,2016,rice_two_dry,inapplicable,Cash crop is not rice
284301,2017,rice_one_dry,inapplicable,Cash crop is not rice
284301,2017,rice_two_dry,inapplicable,Cash crop is not rice
284301,2018,rice_one_dry,inapplicable,Cash crop is not rice
284301,2018,rice_two_dry,inapplicable,Cash crop is not rice
284301,2019,rice_one_dry,inapplicable,Cash crop is not rice
284301,2019,rice_two_dry,inapplicable,Cash crop is not rice
284301,2020,rice_one_dry,inapplicable,Cash crop is not rice
284301,2020,rice_two_dry,inapplicable,Cash crop is not rice
284301,2021,rice_one_dry,inapplicable,Cash crop is not rice
284301,2021,rice_two_dry,inapplicable,Cash crop is not rice
284301,2022,rice_one_dry,inapplicable,Cash crop is not rice
284301,2022,rice_two_dry,inapplicable,Cash crop is not rice
284301,2023,rice_one_dry,inapplicable,Cash crop is not rice
284301,2023,rice_two_dry,inapplicable,Cash crop is not rice
285241,2016,cover_annual,model_unsupported,Standing woody/perennial forage vegetation plus understory requires two vegetation populations
285241,2017,cover_annual,model_unsupported,Standing woody/perennial forage vegetation plus understory requires two vegetation populations
285241,2018,cover_annual,model_unsupported,Standing woody/perennial forage vegetation plus understory requires two vegetation populations
285241,2019,cover_annual,model_unsupported,Standing woody/perennial forage vegetation plus understory requires two vegetation populations
285241,2020,cover_annual,model_unsupported,Standing woody/perennial forage vegetation plus understory requires two vegetation populations
285241,2021,cover_annual,model_unsupported,Standing woody/perennial forage vegetation plus understory requires two vegetation populations
285241,2022,cover_annual,model_unsupported,Standing woody/perennial forage vegetation plus understory requires two vegetation populations
285241,2023,cover_annual,model_unsupported,Standing woody/perennial forage vegetation plus understory requires two vegetation populations
285241,2016,rice_one_dry,inapplicable,Cash crop is not rice
285241,2016,rice_two_dry,inapplicable,Cash crop is not rice
285241,2017,rice_one_dry,inapplicable,Cash crop is not rice
285241,2017,rice_two_dry,inapplicable,Cash crop is not rice
285241,2018,rice_one_dry,inapplicable,Cash crop is not rice
285241,2018,rice_two_dry,inapplicable,Cash crop is not rice
285241,2019,rice_one_dry,inapplicable,Cash crop is not rice
285241,2019,rice_two_dry,inapplicable,Cash crop is not rice
285241,2020,rice_one_dry,inapplicable,Cash crop is not rice
285241,2020,rice_two_dry,inapplicable,Cash crop is not rice
285241,2021,rice_one_dry,inapplicable,Cash crop is not rice
285241,2021,rice_two_dry,inapplicable,Cash crop is not rice
285241,2022,rice_one_dry,inapplicable,Cash crop is not rice
285241,2022,rice_two_dry,inapplicable,Cash crop is not rice
285241,2023,rice_one_dry,inapplicable,Cash crop is not rice
285241,2023,rice_two_dry,inapplicable,Cash crop is not rice
244878,2016,cover_annual,prepared,"Annual cover in a source-season window, trimmed only to preserve cash crops"
244878,2017,cover_annual,prepared,"Annual cover in a source-season window, trimmed only to preserve cash crops"
244878,2018,cover_annual,model_unsupported,Standing woody/perennial forage vegetation plus understory requires two vegetation populations
244878,2019,cover_annual,model_unsupported,Standing woody/perennial forage vegetation plus understory requires two vegetation populations
244878,2020,cover_annual,model_unsupported,Standing woody/perennial forage vegetation plus understory requires two vegetation populations
244878,2021,cover_annual,model_unsupported,Standing woody/perennial forage vegetation plus understory requires two vegetation populations
244878,2022,cover_annual,model_unsupported,Standing woody/perennial forage vegetation plus understory requires two vegetation populations
244878,2023,cover_annual,model_unsupported,Standing woody/perennial forage vegetation plus understory requires two vegetation populations
244878,2016,rice_one_dry,prepared,Recorded or source-inferred rice crop
244878,2016,rice_two_dry,prepared,Recorded or source-inferred rice crop
244878,2017,rice_one_dry,prepared,Recorded or source-inferred rice crop
244878,2017,rice_two_dry,prepared,Recorded or source-inferred rice crop
244878,2018,rice_one_dry,inapplicable,Cash crop is not rice
244878,2018,rice_two_dry,inapplicable,Cash crop is not rice
244878,2019,rice_one_dry,inapplicable,Cash crop is not rice
244878,2019,rice_two_dry,inapplicable,Cash crop is not rice
244878,2020,rice_one_dry,inapplicable,Cash crop is not rice
244878,2020,rice_two_dry,inapplicable,Cash crop is not rice
244878,2021,rice_one_dry,inapplicable,Cash crop is not rice
244878,2021,rice_two_dry,inapplicable,Cash crop is not rice
244878,2022,rice_one_dry,inapplicable,Cash crop is not rice
244878,2022,rice_two_dry,inapplicable,Cash crop is not rice
244878,2023,rice_one_dry,inapplicable,Cash crop is not rice
244878,2023,rice_two_dry,inapplicable,Cash crop is not rice
405606,2016,cover_annual,model_unsupported,Standing woody/perennial forage vegetation plus understory requires two vegetation populations
405606,2017,cover_annual,prepared,"Annual cover in a source-season window, trimmed only to preserve cash crops"
405606,2018,cover_annual,prepared,"Annual cover in a source-season window, trimmed only to preserve cash crops"
405606,2019,cover_annual,prepared,"Annual cover in a source-season window, trimmed only to preserve cash crops"
405606,2020,cover_annual,prepared,"Annual cover in a source-season window, trimmed only to preserve cash crops"
405606,2021,cover_annual,prepared,"Annual cover in a source-season window, trimmed only to preserve cash crops"
405606,2022,cover_annual,prepared,"Annual cover in a source-season window, trimmed only to preserve cash crops"
405606,2023,cover_annual,prepared,"Annual cover in a source-season window, trimmed only to preserve cash crops"
405606,2016,rice_one_dry,inapplicable,Cash crop is not rice
405606,2016,rice_two_dry,inapplicable,Cash crop is not rice
405606,2017,rice_one_dry,inapplicable,Cash crop is not rice
405606,2017,rice_two_dry,inapplicable,Cash crop is not rice
405606,2018,rice_one_dry,inapplicable,Cash crop is not rice
405606,2018,rice_two_dry,inapplicable,Cash crop is not rice
405606,2019,rice_one_dry,inapplicable,Cash crop is not rice
405606,2019,rice_two_dry,inapplicable,Cash crop is not rice
405606,2020,rice_one_dry,inapplicable,Cash crop is not rice
405606,2020,rice_two_dry,inapplicable,Cash crop is not rice
405606,2021,rice_one_dry,inapplicable,Cash crop is not rice
405606,2021,rice_two_dry,inapplicable,Cash crop is not rice
405606,2022,rice_one_dry,inapplicable,Cash crop is not rice
405606,2022,rice_two_dry,inapplicable,Cash crop is not rice
405606,2023,rice_one_dry,inapplicable,Cash crop is not rice
405606,2023,rice_two_dry,inapplicable,Cash crop is not rice
327124,2016,cover_annual,model_unsupported,Standing woody/perennial forage vegetation plus understory requires two vegetation populations
327124,2017,cover_annual,model_unsupported,Standing woody/perennial forage vegetation plus understory requires two vegetation populations
327124,2018,cover_annual,model_unsupported,Standing woody/perennial forage vegetation plus understory requires two vegetation populations
327124,2019,cover_annual,model_unsupported,Standing woody/perennial forage vegetation plus understory requires two vegetation populations
327124,2020,cover_annual,model_unsupported,Standing woody/perennial forage vegetation plus understory requires two vegetation populations
327124,2021,cover_annual,model_unsupported,Standing woody/perennial forage vegetation plus understory requires two vegetation populations
327124,2022,cover_annual,model_unsupported,Standing woody/perennial forage vegetation plus understory requires two vegetation populations
327124,2023,cover_annual,model_unsupported,Standing woody/perennial forage vegetation plus understory requires two vegetation populations
327124,2016,rice_one_dry,inapplicable,Cash crop is not rice
327124,2016,rice_two_dry,inapplicable,Cash crop is not rice
327124,2017,rice_one_dry,inapplicable,Cash crop is not rice
327124,2017,rice_two_dry,inapplicable,Cash crop is not rice
327124,2018,rice_one_dry,inapplicable,Cash crop is not rice
327124,2018,rice_two_dry,inapplicable,Cash crop is not rice
327124,2019,rice_one_dry,inapplicable,Cash crop is not rice
327124,2019,rice_two_dry,inapplicable,Cash crop is not rice
327124,2020,rice_one_dry,inapplicable,Cash crop is not rice
327124,2020,rice_two_dry,inapplicable,Cash crop is not rice
327124,2021,rice_one_dry,inapplicable,Cash crop is not rice
327124,2021,rice_two_dry,inapplicable,Cash crop is not rice
327124,2022,rice_one_dry,inapplicable,Cash crop is not rice
327124,2022,rice_two_dry,inapplicable,Cash crop is not rice
327124,2023,rice_one_dry,inapplicable,Cash crop is not rice
327124,2023,rice_two_dry,inapplicable,Cash crop is not rice
118038,2016,cover_annual,model_unsupported,Standing woody/perennial forage vegetation plus understory requires two vegetation populations
118038,2017,cover_annual,model_unsupported,Standing woody/perennial forage vegetation plus understory requires two vegetation populations
118038,2018,cover_annual,prepared,"Annual cover in a source-season window, trimmed only to preserve cash crops"
118038,2019,cover_annual,prepared,"Annual cover in a source-season window, trimmed only to preserve cash crops"
118038,2020,cover_annual,prepared,"Annual cover in a source-season window, trimmed only to preserve cash crops"
118038,2021,cover_annual,prepared,"Annual cover in a source-season window, trimmed only to preserve cash crops"
118038,2022,cover_annual,prepared,"Annual cover in a source-season window, trimmed only to preserve cash crops"
118038,2023,cover_annual,prepared,"Annual cover in a source-season window, trimmed only to preserve cash crops"
118038,2016,rice_one_dry,inapplicable,Cash crop is not rice
118038,2016,rice_two_dry,inapplicable,Cash crop is not rice
118038,2017,rice_one_dry,inapplicable,Cash crop is not rice
118038,2017,rice_two_dry,inapplicable,Cash crop is not rice
118038,2018,rice_one_dry,inapplicable,Cash crop is not rice
118038,2018,rice_two_dry,inapplicable,Cash crop is not rice
118038,2019,rice_one_dry,inapplicable,Cash crop is not rice
118038,2019,rice_two_dry,inapplicable,Cash crop is not rice
118038,2020,rice_one_dry,inapplicable,Cash crop is not rice
118038,2020,rice_two_dry,inapplicable,Cash crop is not rice
118038,2021,rice_one_dry,inapplicable,Cash crop is not rice
118038,2021,rice_two_dry,inapplicable,Cash crop is not rice
118038,2022,rice_one_dry,inapplicable,Cash crop is not rice
118038,2022,rice_two_dry,inapplicable,Cash crop is not rice
118038,2023,rice_one_dry,inapplicable,Cash crop is not rice
118038,2023,rice_two_dry,inapplicable,Cash crop is not rice
597240,2016,cover_annual,model_unsupported,Standing woody/perennial forage vegetation plus understory requires two vegetation populations
597240,2017,cover_annual,model_unsupported,Standing woody/perennial forage vegetation plus understory requires two vegetation populations
597240,2018,cover_annual,model_unsupported,Standing woody/perennial forage vegetation plus understory requires two vegetation populations
597240,2019,cover_annual,prepared,"Annual cover in a source-season window, trimmed only to preserve cash crops"
597240,2020,cover_annual,prepared,"Annual cover in a source-season window, trimmed only to preserve cash crops"
597240,2021,cover_annual,prepared,"Annual cover in a source-season window, trimmed only to preserve cash crops"
597240,2022,cover_annual,prepared,"Annual cover in a source-season window, trimmed only to preserve cash crops"
597240,2023,cover_annual,prepared,"Annual cover in a source-season window, trimmed only to preserve cash crops"
597240,2016,rice_one_dry,inapplicable,Cash crop is not rice
597240,2016,rice_two_dry,inapplicable,Cash crop is not rice
597240,2017,rice_one_dry,inapplicable,Cash crop is not rice
597240,2017,rice_two_dry,inapplicable,Cash crop is not rice
597240,2018,rice_one_dry,inapplicable,Cash crop is not rice
597240,2018,rice_two_dry,inapplicable,Cash crop is not rice
597240,2019,rice_one_dry,inapplicable,Cash crop is not rice
597240,2019,rice_two_dry,inapplicable,Cash crop is not rice
597240,2020,rice_one_dry,inapplicable,Cash crop is not rice
597240,2020,rice_two_dry,inapplicable,Cash crop is not rice
597240,2021,rice_one_dry,inapplicable,Cash crop is not rice
597240,2021,rice_two_dry,inapplicable,Cash crop is not rice
597240,2022,rice_one_dry,inapplicable,Cash crop is not rice
597240,2022,rice_two_dry,inapplicable,Cash crop is not rice
597240,2023,rice_one_dry,inapplicable,Cash crop is not rice
597240,2023,rice_two_dry,inapplicable,Cash crop is not rice
299613,2016,cover_annual,model_unsupported,Standing woody/perennial forage vegetation plus understory requires two vegetation populations
299613,2017,cover_annual,model_unsupported,Standing woody/perennial forage vegetation plus understory requires two vegetation populations
299613,2018,cover_annual,model_unsupported,Standing woody/perennial forage vegetation plus understory requires two vegetation populations
299613,2019,cover_annual,model_unsupported,Standing woody/perennial forage vegetation plus understory requires two vegetation populations
299613,2020,cover_annual,model_unsupported,Standing woody/perennial forage vegetation plus understory requires two vegetation populations
299613,2021,cover_annual,model_unsupported,Standing woody/perennial forage vegetation plus understory requires two vegetation populations
299613,2022,cover_annual,model_unsupported,Standing woody/perennial forage vegetation plus understory requires two vegetation populations
299613,2023,cover_annual,model_unsupported,Standing woody/perennial forage vegetation plus understory requires two vegetation populations
299613,2016,rice_one_dry,inapplicable,Cash crop is not rice
299613,2016,rice_two_dry,inapplicable,Cash crop is not rice
299613,2017,rice_one_dry,inapplicable,Cash crop is not rice
299613,2017,rice_two_dry,inapplicable,Cash crop is not rice
299613,2018,rice_one_dry,inapplicable,Cash crop is not rice
299613,2018,rice_two_dry,inapplicable,Cash crop is not rice
299613,2019,rice_one_dry,inapplicable,Cash crop is not rice
299613,2019,rice_two_dry,inapplicable,Cash crop is not rice
299613,2020,rice_one_dry,inapplicable,Cash crop is not rice
299613,2020,rice_two_dry,inapplicable,Cash crop is not rice
299613,2021,rice_one_dry,inapplicable,Cash crop is not rice
299613,2021,rice_two_dry,inapplicable,Cash crop is not rice
299613,2022,rice_one_dry,inapplicable,Cash crop is not rice
299613,2022,rice_two_dry,inapplicable,Cash crop is not rice
299613,2023,rice_one_dry,inapplicable,Cash crop is not rice
299613,2023,rice_two_dry,inapplicable,Cash crop is not rice
293793,2016,cover_annual,model_unsupported,Standing woody/perennial forage vegetation plus understory requires two vegetation populations
293793,2017,cover_annual,model_unsupported,Standing woody/perennial forage vegetation plus understory requires two vegetation populations
293793,2018,cover_annual,model_unsupported,Previous woody vegetation is not terminated before this annual crop; its pre-crop cover would require a second vegetation population
293793,2019,cover_annual,prepared,"Annual cover in a source-season window, trimmed only to preserve cash crops"
293793,2020,cover_annual,prepared,"Annual cover in a source-season window, trimmed only to preserve cash crops"
293793,2021,cover_annual,prepared,"Annual cover in a source-season window, trimmed only to preserve cash crops"
293793,2022,cover_annual,prepared,"Annual cover in a source-season window, trimmed only to preserve cash crops"
293793,2023,cover_annual,prepared,"Annual cover in a source-season window, trimmed only to preserve cash crops"
293793,2016,rice_one_dry,inapplicable,Cash crop is not rice
293793,2016,rice_two_dry,inapplicable,Cash crop is not rice
293793,2017,rice_one_dry,inapplicable,Cash crop is not rice
293793,2017,rice_two_dry,inapplicable,Cash crop is not rice
293793,2018,rice_one_dry,inapplicable,Cash crop is not rice
293793,2018,rice_two_dry,inapplicable,Cash crop is not rice
293793,2019,rice_one_dry,inapplicable,Cash crop is not rice
293793,2019,rice_two_dry,inapplicable,Cash crop is not rice
293793,2020,rice_one_dry,inapplicable,Cash crop is not rice
293793,2020,rice_two_dry,inapplicable,Cash crop is not rice
293793,2021,rice_one_dry,inapplicable,Cash crop is not rice
293793,2021,rice_two_dry,inapplicable,Cash crop is not rice
293793,2022,rice_one_dry,inapplicable,Cash crop is not rice
293793,2022,rice_two_dry,inapplicable,Cash crop is not rice
293793,2023,rice_one_dry,inapplicable,Cash crop is not rice
293793,2023,rice_two_dry,inapplicable,Cash crop is not rice
144461,2016,cover_annual,model_unsupported,Standing woody/perennial forage vegetation plus understory requires two vegetation populations
144461,2017,cover_annual,model_unsupported,Standing woody/perennial forage vegetation plus understory requires two vegetation populations
144461,2018,cover_annual,model_unsupported,Standing woody/perennial forage vegetation plus understory requires two vegetation populations
144461,2019,cover_annual,model_unsupported,Standing woody/perennial forage vegetation plus understory requires two vegetation populations
144461,2020,cover_annual,model_unsupported,Standing woody/perennial forage vegetation plus understory requires two vegetation populations
144461,2021,cover_annual,model_unsupported,Standing woody/perennial forage vegetation plus understory requires two vegetation populations
144461,2022,cover_annual,model_unsupported,Standing woody/perennial forage vegetation plus understory requires two vegetation populations
144461,2023,cover_annual,model_unsupported,Standing woody/perennial forage vegetation plus understory requires two vegetation populations
144461,2016,rice_one_dry,inapplicable,Cash crop is not rice
144461,2016,rice_two_dry,inapplicable,Cash crop is not rice
144461,2017,rice_one_dry,inapplicable,Cash crop is not rice
144461,2017,rice_two_dry,inapplicable,Cash crop is not rice
144461,2018,rice_one_dry,inapplicable,Cash crop is not rice
144461,2018,rice_two_dry,inapplicable,Cash crop is not rice
144461,2019,rice_one_dry,inapplicable,Cash crop is not rice
144461,2019,rice_two_dry,inapplicable,Cash crop is not rice
144461,2020,rice_one_dry,inapplicable,Cash crop is not rice
144461,2020,rice_two_dry,inapplicable,Cash crop is not rice
144461,2021,rice_one_dry,inapplicable,Cash crop is not rice
144461,2021,rice_two_dry,inapplicable,Cash crop is not rice
144461,2022,rice_one_dry,inapplicable,Cash crop is not rice
144461,2022,rice_two_dry,inapplicable,Cash crop is not rice
144461,2023,rice_one_dry,inapplicable,Cash crop is not rice
144461,2023,rice_two_dry,inapplicable,Cash crop is not rice
153154,2016,cover_annual,model_unsupported,Standing woody/perennial forage vegetation plus understory requires two vegetation populations
153154,2017,cover_annual,model_unsupported,Standing woody/perennial forage vegetation plus understory requires two vegetation populations
153154,2018,cover_annual,prepared,"Annual cover in a source-season window, trimmed only to preserve cash crops"
153154,2019,cover_annual,prepared,"Annual cover in a source-season window, trimmed only to preserve cash crops"
153154,2020,cover_annual,prepared,"Annual cover in a source-season window, trimmed only to preserve cash crops"
153154,2021,cover_annual,prepared,"Annual cover in a source-season window, trimmed only to preserve cash crops"
153154,2022,cover_annual,prepared,"Annual cover in a source-season window, trimmed only to preserve cash crops"
153154,2023,cover_annual,prepared,"Annual cover in a source-season window, trimmed only to preserve cash crops"
153154,2016,rice_one_dry,inapplicable,Cash crop is not rice
153154,2016,rice_two_dry,inapplicable,Cash crop is not rice
153154,2017,rice_one_dry,inapplicable,Cash crop is not rice
153154,2017,rice_two_dry,inapplicable,Cash crop is not rice
153154,2018,rice_one_dry,inapplicable,Cash crop is not rice
153154,2018,rice_two_dry,inapplicable,Cash crop is not rice
153154,2019,rice_one_dry,inapplicable,Cash crop is not rice
153154,2019,rice_two_dry,inapplicable,Cash crop is not rice
153154,2020,rice_one_dry,inapplicable,Cash crop is not rice
153154,2020,rice_two_dry,inapplicable,Cash crop is not rice
153154,2021,rice_one_dry,inapplicable,Cash crop is not rice
153154,2021,rice_two_dry,inapplicable,Cash crop is not rice
153154,2022,rice_one_dry,inapplicable,Cash crop is not rice
153154,2022,rice_two_dry,inapplicable,Cash crop is not rice
153154,2023,rice_one_dry,inapplicable,Cash crop is not rice
153154,2023,rice_two_dry,inapplicable,Cash crop is not rice
506467,2016,cover_annual,model_unsupported,Standing woody/perennial forage vegetation plus understory requires two vegetation populations
506467,2017,cover_annual,model_unsupported,Standing woody/perennial forage vegetation plus understory requires two vegetation populations
506467,2018,cover_annual,model_unsupported,Standing woody/perennial forage vegetation plus understory requires two vegetation populations
506467,2019,cover_annual,model_unsupported,Standing woody/perennial forage vegetation plus understory requires two vegetation populations
506467,2020,cover_annual,model_unsupported,Standing woody/perennial forage vegetation plus understory requires two vegetation populations
506467,2021,cover_annual,model_unsupported,Standing woody/perennial forage vegetation plus understory requires two vegetation populations
506467,2022,cover_annual,model_unsupported,Standing woody/perennial forage vegetation plus understory requires two vegetation populations
506467,2023,cover_annual,model_unsupported,Standing woody/perennial forage vegetation plus understory requires two vegetation populations
506467,2016,rice_one_dry,inapplicable,Cash crop is not rice
506467,2016,rice_two_dry,inapplicable,Cash crop is not rice
506467,2017,rice_one_dry,inapplicable,Cash crop is not rice
506467,2017,rice_two_dry,inapplicable,Cash crop is not rice
506467,2018,rice_one_dry,inapplicable,Cash crop is not rice
506467,2018,rice_two_dry,inapplicable,Cash crop is not rice
506467,2019,rice_one_dry,inapplicable,Cash crop is not rice
506467,2019,rice_two_dry,inapplicable,Cash crop is not rice
506467,2020,rice_one_dry,inapplicable,Cash crop is not rice
506467,2020,rice_two_dry,inapplicable,Cash crop is not rice
506467,2021,rice_one_dry,inapplicable,Cash crop is not rice
506467,2021,rice_two_dry,inapplicable,Cash crop is not rice
506467,2022,rice_one_dry,inapplicable,Cash crop is not rice
506467,2022,rice_two_dry,inapplicable,Cash crop is not rice
506467,2023,rice_one_dry,inapplicable,Cash crop is not rice
506467,2023,rice_two_dry,inapplicable,Cash crop is not rice
302976,2016,cover_annual,model_unsupported,Standing woody/perennial forage vegetation plus understory requires two vegetation populations
302976,2017,cover_annual,model_unsupported,Standing woody/perennial forage vegetation plus understory requires two vegetation populations
302976,2018,cover_annual,prepared,"Annual cover in a source-season window, trimmed only to preserve cash crops"
302976,2019,cover_annual,prepared,"Annual cover in a source-season window, trimmed only to preserve cash crops"
302976,2020,cover_annual,prepared,"Annual cover in a source-season window, trimmed only to preserve cash crops"
302976,2021,cover_annual,prepared,"Annual cover in a source-season window, trimmed only to preserve cash crops"
302976,2022,cover_annual,prepared,"Annual cover in a source-season window, trimmed only to preserve cash crops"
302976,2023,cover_annual,prepared,"Annual cover in a source-season window, trimmed only to preserve cash crops"
302976,2016,rice_one_dry,inapplicable,Cash crop is not rice
302976,2016,rice_two_dry,inapplicable,Cash crop is not rice
302976,2017,rice_one_dry,inapplicable,Cash crop is not rice
302976,2017,rice_two_dry,inapplicable,Cash crop is not rice
302976,2018,rice_one_dry,inapplicable,Cash crop is not rice
302976,2018,rice_two_dry,inapplicable,Cash crop is not rice
302976,2019,rice_one_dry,inapplicable,Cash crop is not rice
302976,2019,rice_two_dry,inapplicable,Cash crop is not rice
302976,2020,rice_one_dry,inapplicable,Cash crop is not rice
302976,2020,rice_two_dry,inapplicable,Cash crop is not rice
302976,2021,rice_one_dry,inapplicable,Cash crop is not rice
302976,2021,rice_two_dry,inapplicable,Cash crop is not rice
302976,2022,rice_one_dry,inapplicable,Cash crop is not rice
302976,2022,rice_two_dry,inapplicable,Cash crop is not rice
302976,2023,rice_one_dry,inapplicable,Cash crop is not rice
302976,2023,rice_two_dry,inapplicable,Cash crop is not rice
453786,2016,cover_annual,model_unsupported,Standing woody/perennial forage vegetation plus understory requires two vegetation populations
453786,2017,cover_annual,model_unsupported,Standing woody/perennial forage vegetation plus understory requires two vegetation populations
453786,2018,cover_annual,model_unsupported,Standing woody/perennial forage vegetation plus understory requires two vegetation populations
453786,2019,cover_annual,model_unsupported,Standing woody/perennial forage vegetation plus understory requires two vegetation populations
453786,2020,cover_annual,model_unsupported,Standing woody/perennial forage vegetation plus understory requires two vegetation populations
453786,2021,cover_annual,model_unsupported,Standing woody/perennial forage vegetation plus understory requires two vegetation populations
453786,2022,cover_annual,model_unsupported,Standing woody/perennial forage vegetation plus understory requires two vegetation populations
453786,2023,cover_annual,model_unsupported,Standing woody/perennial forage vegetation plus understory requires two vegetation populations
453786,2016,rice_one_dry,inapplicable,Cash crop is not rice
453786,2016,rice_two_dry,inapplicable,Cash crop is not rice
453786,2017,rice_one_dry,inapplicable,Cash crop is not rice
453786,2017,rice_two_dry,inapplicable,Cash crop is not rice
453786,2018,rice_one_dry,inapplicable,Cash crop is not rice
453786,2018,rice_two_dry,inapplicable,Cash crop is not rice
453786,2019,rice_one_dry,inapplicable,Cash crop is not rice
453786,2019,rice_two_dry,inapplicable,Cash crop is not rice
453786,2020,rice_one_dry,inapplicable,Cash crop is not rice
453786,2020,rice_two_dry,inapplicable,Cash crop is not rice
453786,2021,rice_one_dry,inapplicable,Cash crop is not rice
453786,2021,rice_two_dry,inapplicable,Cash crop is not rice
453786,2022,rice_one_dry,inapplicable,Cash crop is not rice
453786,2022,rice_two_dry,inapplicable,Cash crop is not rice
453786,2023,rice_one_dry,inapplicable,Cash crop is not rice
453786,2023,rice_two_dry,inapplicable,Cash crop is not rice
336904,2016,cover_annual,model_unsupported,Standing woody/perennial forage vegetation plus understory requires two vegetation populations
336904,2017,cover_annual,prepared,"Annual cover in a source-season window, trimmed only to preserve cash crops"
336904,2018,cover_annual,prepared,"Annual cover in a source-season window, trimmed only to preserve cash crops"
336904,2019,cover_annual,prepared,"Annual cover in a source-season window, trimmed only to preserve cash crops"
336904,2020,cover_annual,prepared,"Annual cover in a source-season window, trimmed only to preserve cash crops"
336904,2021,cover_annual,prepared,"Annual cover in a source-season window, trimmed only to preserve cash crops"
336904,2022,cover_annual,prepared,"Annual cover in a source-season window, trimmed only to preserve cash crops"
336904,2023,cover_annual,prepared,"Annual cover in a source-season window, trimmed only to preserve cash crops"
336904,2016,rice_one_dry,inapplicable,Cash crop is not rice
336904,2016,rice_two_dry,inapplicable,Cash crop is not rice
336904,2017,rice_one_dry,inapplicable,Cash crop is not rice
336904,2017,rice_two_dry,inapplicable,Cash crop is not rice
336904,2018,rice_one_dry,inapplicable,Cash crop is not rice
336904,2018,rice_two_dry,inapplicable,Cash crop is not rice
336904,2019,rice_one_dry,inapplicable,Cash crop is not rice
336904,2019,rice_two_dry,inapplicable,Cash crop is not rice
336904,2020,rice_one_dry,inapplicable,Cash crop is not rice
336904,2020,rice_two_dry,inapplicable,Cash crop is not rice
336904,2021,rice_one_dry,inapplicable,Cash crop is not rice
336904,2021,rice_two_dry,inapplicable,Cash crop is not rice
336904,2022,rice_one_dry,inapplicable,Cash crop is not rice
336904,2022,rice_two_dry,inapplicable,Cash crop is not rice
336904,2023,rice_one_dry,inapplicable,Cash crop is not rice
336904,2023,rice_two_dry,inapplicable,Cash crop is not rice
535040,2016,cover_annual,model_unsupported,Standing woody/perennial forage vegetation plus understory requires two vegetation populations
535040,2017,cover_annual,model_unsupported,Standing woody/perennial forage vegetation plus understory requires two vegetation populations
535040,2018,cover_annual,model_unsupported,Standing woody/perennial forage vegetation plus understory requires two vegetation populations
535040,2019,cover_annual,prepared,"Annual cover in a source-season window, trimmed only to preserve cash crops"
535040,2020,cover_annual,prepared,"Annual cover in a source-season window, trimmed only to preserve cash crops"
535040,2021,cover_annual,prepared,"Annual cover in a source-season window, trimmed only to preserve cash crops"
535040,2022,cover_annual,prepared,"Annual cover in a source-season window, trimmed only to preserve cash crops"
535040,2023,cover_annual,prepared,"Annual cover in a source-season window, trimmed only to preserve cash crops"
535040,2016,rice_one_dry,inapplicable,Cash crop is not rice
535040,2016,rice_two_dry,inapplicable,Cash crop is not rice
535040,2017,rice_one_dry,inapplicable,Cash crop is not rice
535040,2017,rice_two_dry,inapplicable,Cash crop is not rice
535040,2018,rice_one_dry,inapplicable,Cash crop is not rice
535040,2018,rice_two_dry,inapplicable,Cash crop is not rice
535040,2019,rice_one_dry,inapplicable,Cash crop is not rice
535040,2019,rice_two_dry,inapplicable,Cash crop is not rice
535040,2020,rice_one_dry,inapplicable,Cash crop is not rice
535040,2020,rice_two_dry,inapplicable,Cash crop is not rice
535040,2021,rice_one_dry,inapplicable,Cash crop is not rice
535040,2021,rice_two_dry,inapplicable,Cash crop is not rice
535040,2022,rice_one_dry,inapplicable,Cash crop is not rice
535040,2022,rice_two_dry,inapplicable,Cash crop is not rice
535040,2023,rice_one_dry,inapplicable,Cash crop is not rice
535040,2023,rice_two_dry,inapplicable,Cash crop is not rice
212287,2016,cover_annual,prepared,"Annual cover in a source-season window, trimmed only to preserve cash crops"
212287,2017,cover_annual,prepared,"Annual cover in a source-season window, trimmed only to preserve cash crops"
212287,2018,cover_annual,prepared,"Annual cover in a source-season window, trimmed only to preserve cash crops"
212287,2019,cover_annual,prepared,"Annual cover in a source-season window, trimmed only to preserve cash crops"
212287,2020,cover_annual,prepared,"Annual cover in a source-season window, trimmed only to preserve cash crops"
212287,2021,cover_annual,prepared,"Annual cover in a source-season window, trimmed only to preserve cash crops"
212287,2022,cover_annual,prepared,"Annual cover in a source-season window, trimmed only to preserve cash crops"
212287,2023,cover_annual,prepared,"Annual cover in a source-season window, trimmed only to preserve cash crops"
212287,2016,rice_one_dry,inapplicable,Cash crop is not rice
212287,2016,rice_two_dry,inapplicable,Cash crop is not rice
212287,2017,rice_one_dry,inapplicable,Cash crop is not rice
212287,2017,rice_two_dry,inapplicable,Cash crop is not rice
212287,2018,rice_one_dry,inapplicable,Cash crop is not rice
212287,2018,rice_two_dry,inapplicable,Cash crop is not rice
212287,2019,rice_one_dry,inapplicable,Cash crop is not rice
212287,2019,rice_two_dry,inapplicable,Cash crop is not rice
212287,2020,rice_one_dry,inapplicable,Cash crop is not rice
212287,2020,rice_two_dry,inapplicable,Cash crop is not rice
212287,2021,rice_one_dry,inapplicable,Cash crop is not rice
212287,2021,rice_two_dry,inapplicable,Cash crop is not rice
212287,2022,rice_one_dry,inapplicable,Cash crop is not rice
212287,2022,rice_two_dry,inapplicable,Cash crop is not rice
212287,2023,rice_one_dry,inapplicable,Cash crop is not rice
212287,2023,rice_two_dry,inapplicable,Cash crop is not rice
549173,2016,cover_annual,model_unsupported,Standing woody/perennial forage vegetation plus understory requires two vegetation populations
549173,2017,cover_annual,model_unsupported,Standing woody/perennial forage vegetation plus understory requires two vegetation populations
549173,2018,cover_annual,model_unsupported,Standing woody/perennial forage vegetation plus understory requires two vegetation populations
549173,2019,cover_annual,model_unsupported,Standing woody/perennial forage vegetation plus understory requires two vegetation populations
549173,2020,cover_annual,model_unsupported,Standing woody/perennial forage vegetation plus understory requires two vegetation populations
549173,2021,cover_annual,model_unsupported,Standing woody/perennial forage vegetation plus understory requires two vegetation populations
549173,2022,cover_annual,model_unsupported,Standing woody/perennial forage vegetation plus understory requires two vegetation populations
549173,2023,cover_annual,model_unsupported,Standing woody/perennial forage vegetation plus understory requires two vegetation populations
549173,2016,rice_one_dry,inapplicable,Cash crop is not rice
549173,2016,rice_two_dry,inapplicable,Cash crop is not rice
549173,2017,rice_one_dry,inapplicable,Cash crop is not rice
549173,2017,rice_two_dry,inapplicable,Cash crop is not rice
549173,2018,rice_one_dry,inapplicable,Cash crop is not rice
549173,2018,rice_two_dry,inapplicable,Cash crop is not rice
549173,2019,rice_one_dry,inapplicable,Cash crop is not rice
549173,2019,rice_two_dry,inapplicable,Cash crop is not rice
549173,2020,rice_one_dry,inapplicable,Cash crop is not rice
549173,2020,rice_two_dry,inapplicable,Cash crop is not rice
549173,2021,rice_one_dry,inapplicable,Cash crop is not rice
549173,2021,rice_two_dry,inapplicable,Cash crop is not rice
549173,2022,rice_one_dry,inapplicable,Cash crop is not rice
549173,2022,rice_two_dry,inapplicable,Cash crop is not rice
549173,2023,rice_one_dry,inapplicable,Cash crop is not rice
549173,2023,rice_two_dry,inapplicable,Cash crop is not rice
107465,2016,cover_annual,model_unsupported,Standing woody/perennial forage vegetation plus understory requires two vegetation populations
107465,2017,cover_annual,model_unsupported,Standing woody/perennial forage vegetation plus understory requires two vegetation populations
107465,2018,cover_annual,model_unsupported,Standing woody/perennial forage vegetation plus understory requires two vegetation populations
107465,2019,cover_annual,model_unsupported,Standing woody/perennial forage vegetation plus understory requires two vegetation populations
107465,2020,cover_annual,model_unsupported,Standing woody/perennial forage vegetation plus understory requires two vegetation populations
107465,2021,cover_annual,model_unsupported,Standing woody/perennial forage vegetation plus understory requires two vegetation populations
107465,2022,cover_annual,model_unsupported,Standing woody/perennial forage vegetation plus understory requires two vegetation populations
107465,2023,cover_annual,model_unsupported,Standing woody/perennial forage vegetation plus understory requires two vegetation populations
107465,2016,rice_one_dry,inapplicable,Cash crop is not rice
107465,2016,rice_two_dry,inapplicable,Cash crop is not rice
107465,2017,rice_one_dry,inapplicable,Cash crop is not rice
107465,2017,rice_two_dry,inapplicable,Cash crop is not rice
107465,2018,rice_one_dry,inapplicable,Cash crop is not rice
107465,2018,rice_two_dry,inapplicable,Cash crop is not rice
107465,2019,rice_one_dry,inapplicable,Cash crop is not rice
107465,2019,rice_two_dry,inapplicable,Cash crop is not rice
107465,2020,rice_one_dry,inapplicable,Cash crop is not rice
107465,2020,rice_two_dry,inapplicable,Cash crop is not rice
107465,2021,rice_one_dry,inapplicable,Cash crop is not rice
107465,2021,rice_two_dry,inapplicable,Cash crop is not rice
107465,2022,rice_one_dry,inapplicable,Cash crop is not rice
107465,2022,rice_two_dry,inapplicable,Cash crop is not rice
107465,2023,rice_one_dry,inapplicable,Cash crop is not rice
107465,2023,rice_two_dry,inapplicable,Cash crop is not rice
555182,2016,cover_annual,model_unsupported,Standing woody/perennial forage vegetation plus understory requires two vegetation populations
555182,2017,cover_annual,model_unsupported,Standing woody/perennial forage vegetation plus understory requires two vegetation populations
555182,2018,cover_annual,model_unsupported,Standing woody/perennial forage vegetation plus understory requires two vegetation populations
555182,2019,cover_annual,model_unsupported,Standing woody/perennial forage vegetation plus understory requires two vegetation populations
555182,2020,cover_annual,model_unsupported,Standing woody/perennial forage vegetation plus understory requires two vegetation populations
555182,2021,cover_annual,model_unsupported,Standing woody/perennial forage vegetation plus understory requires two vegetation populations
555182,2022,cover_annual,model_unsupported,Standing woody/perennial forage vegetation plus understory requires two vegetation populations
555182,2023,cover_annual,model_unsupported,Standing woody/perennial forage vegetation plus understory requires two vegetation populations
555182,2016,rice_one_dry,inapplicable,Cash crop is not rice
555182,2016,rice_two_dry,inapplicable,Cash crop is not rice
555182,2017,rice_one_dry,inapplicable,Cash crop is not rice
555182,2017,rice_two_dry,inapplicable,Cash crop is not rice
555182,2018,rice_one_dry,inapplicable,Cash crop is not rice
555182,2018,rice_two_dry,inapplicable,Cash crop is not rice
555182,2019,rice_one_dry,inapplicable,Cash crop is not rice
555182,2019,rice_two_dry,inapplicable,Cash crop is not rice
555182,2020,rice_one_dry,inapplicable,Cash crop is not rice
555182,2020,rice_two_dry,inapplicable,Cash crop is not rice
555182,2021,rice_one_dry,inapplicable,Cash crop is not rice
555182,2021,rice_two_dry,inapplicable,Cash crop is not rice
555182,2022,rice_one_dry,inapplicable,Cash crop is not rice
555182,2022,rice_two_dry,inapplicable,Cash crop is not rice
555182,2023,rice_one_dry,inapplicable,Cash crop is not rice
555182,2023,rice_two_dry,inapplicable,Cash crop is not rice
372700,2016,cover_annual,model_unsupported,Standing woody/perennial forage vegetation plus understory requires two vegetation populations
372700,2017,cover_annual,model_unsupported,Standing woody/perennial forage vegetation plus understory requires two vegetation populations
372700,2018,cover_annual,prepared,"Annual cover in a source-season window, trimmed only to preserve cash crops"
372700,2019,cover_annual,prepared,"Annual cover in a source-season window, trimmed only to preserve cash crops"
372700,2020,cover_annual,prepared,"Annual cover in a source-season window, trimmed only to preserve cash crops"
372700,2021,cover_annual,prepared,"Annual cover in a source-season window, trimmed only to preserve cash crops"
372700,2022,cover_annual,prepared,"Annual cover in a source-season window, trimmed only to preserve cash crops"
372700,2023,cover_annual,prepared,"Annual cover in a source-season window, trimmed only to preserve cash crops"
372700,2016,rice_one_dry,inapplicable,Cash crop is not rice
372700,2016,rice_two_dry,inapplicable,Cash crop is not rice
372700,2017,rice_one_dry,inapplicable,Cash crop is not rice
372700,2017,rice_two_dry,inapplicable,Cash crop is not rice
372700,2018,rice_one_dry,inapplicable,Cash crop is not rice
372700,2018,rice_two_dry,inapplicable,Cash crop is not rice
372700,2019,rice_one_dry,inapplicable,Cash crop is not rice
372700,2019,rice_two_dry,inapplicable,Cash crop is not rice
372700,2020,rice_one_dry,inapplicable,Cash crop is not rice
372700,2020,rice_two_dry,inapplicable,Cash crop is not rice
372700,2021,rice_one_dry,inapplicable,Cash crop is not rice
372700,2021,rice_two_dry,inapplicable,Cash crop is not rice
372700,2022,rice_one_dry,inapplicable,Cash crop is not rice
372700,2022,rice_two_dry,inapplicable,Cash crop is not rice
372700,2023,rice_one_dry,inapplicable,Cash crop is not rice
372700,2023,rice_two_dry,inapplicable,Cash crop is not rice
313780,2016,cover_annual,model_unsupported,Standing woody/perennial forage vegetation plus understory requires two vegetation populations
313780,2017,cover_annual,model_unsupported,Standing woody/perennial forage vegetation plus understory requires two vegetation populations
313780,2018,cover_annual,model_unsupported,Standing woody/perennial forage vegetation plus understory requires two vegetation populations
313780,2019,cover_annual,model_unsupported,Standing woody/perennial forage vegetation plus understory requires two vegetation populations
313780,2020,cover_annual,model_unsupported,Standing woody/perennial forage vegetation plus understory requires two vegetation populations
313780,2021,cover_annual,model_unsupported,Standing woody/perennial forage vegetation plus understory requires two vegetation populations
313780,2022,cover_annual,model_unsupported,Standing woody/perennial forage vegetation plus understory requires two vegetation populations
313780,2023,cover_annual,model_unsupported,Standing woody/perennial forage vegetation plus understory requires two vegetation populations
313780,2016,rice_one_dry,inapplicable,Cash crop is not rice
313780,2016,rice_two_dry,inapplicable,Cash crop is not rice
313780,2017,rice_one_dry,inapplicable,Cash crop is not rice
313780,2017,rice_two_dry,inapplicable,Cash crop is not rice
313780,2018,rice_one_dry,inapplicable,Cash crop is not rice
313780,2018,rice_two_dry,inapplicable,Cash crop is not rice
313780,2019,rice_one_dry,inapplicable,Cash crop is not rice
313780,2019,rice_two_dry,inapplicable,Cash crop is not rice
313780,2020,rice_one_dry,inapplicable,Cash crop is not rice
313780,2020,rice_two_dry,inapplicable,Cash crop is not rice
313780,2021,rice_one_dry,inapplicable,Cash crop is not rice
313780,2021,rice_two_dry,inapplicable,Cash crop is not rice
313780,2022,rice_one_dry,inapplicable,Cash crop is not rice
313780,2022,rice_two_dry,inapplicable,Cash crop is not rice
313780,2023,rice_one_dry,inapplicable,Cash crop is not rice
313780,2023,rice_two_dry,inapplicable,Cash crop is not rice
309355,2016,cover_annual,model_unsupported,Standing woody/perennial forage vegetation plus understory requires two vegetation populations
309355,2017,cover_annual,model_unsupported,Standing woody/perennial forage vegetation plus understory requires two vegetation populations
309355,2018,cover_annual,model_unsupported,Standing woody/perennial forage vegetation plus understory requires two vegetation populations
309355,2019,cover_annual,model_unsupported,Standing woody/perennial forage vegetation plus understory requires two vegetation populations
309355,2020,cover_annual,prepared,"Annual cover in a source-season window, trimmed only to preserve cash crops"
309355,2021,cover_annual,prepared,"Annual cover in a source-season window, trimmed only to preserve cash crops"
309355,2022,cover_annual,prepared,"Annual cover in a source-season window, trimmed only to preserve cash crops"
309355,2023,cover_annual,prepared,"Annual cover in a source-season window, trimmed only to preserve cash crops"
309355,2016,rice_one_dry,inapplicable,Cash crop is not rice
309355,2016,rice_two_dry,inapplicable,Cash crop is not rice
309355,2017,rice_one_dry,inapplicable,Cash crop is not rice
309355,2017,rice_two_dry,inapplicable,Cash crop is not rice
309355,2018,rice_one_dry,inapplicable,Cash crop is not rice
309355,2018,rice_two_dry,inapplicable,Cash crop is not rice
309355,2019,rice_one_dry,inapplicable,Cash crop is not rice
309355,2019,rice_two_dry,inapplicable,Cash crop is not rice
309355,2020,rice_one_dry,inapplicable,Cash crop is not rice
309355,2020,rice_two_dry,inapplicable,Cash crop is not rice
309355,2021,rice_one_dry,inapplicable,Cash crop is not rice
309355,2021,rice_two_dry,inapplicable,Cash crop is not rice
309355,2022,rice_one_dry,inapplicable,Cash crop is not rice
309355,2022,rice_two_dry,inapplicable,Cash crop is not rice
309355,2023,rice_one_dry,inapplicable,Cash crop is not rice
309355,2023,rice_two_dry,inapplicable,Cash crop is not rice
403505,2016,cover_annual,model_unsupported,Standing woody/perennial forage vegetation plus understory requires two vegetation populations
403505,2017,cover_annual,model_unsupported,Standing woody/perennial forage vegetation plus understory requires two vegetation populations
403505,2018,cover_annual,model_unsupported,Standing woody/perennial forage vegetation plus understory requires two vegetation populations
403505,2019,cover_annual,prepared,"Annual cover in a source-season window, trimmed only to preserve cash crops"
403505,2020,cover_annual,prepared,"Annual cover in a source-season window, trimmed only to preserve cash crops"
403505,2021,cover_annual,prepared,"Annual cover in a source-season window, trimmed only to preserve cash crops"
403505,2022,cover_annual,prepared,"Annual cover in a source-season window, trimmed only to preserve cash crops"
403505,2023,cover_annual,prepared,"Annual cover in a source-season window, trimmed only to preserve cash crops"
403505,2016,rice_one_dry,inapplicable,Cash crop is not rice
403505,2016,rice_two_dry,inapplicable,Cash crop is not rice
403505,2017,rice_one_dry,inapplicable,Cash crop is not rice
403505,2017,rice_two_dry,inapplicable,Cash crop is not rice
403505,2018,rice_one_dry,inapplicable,Cash crop is not rice
403505,2018,rice_two_dry,inapplicable,Cash crop is not rice
403505,2019,rice_one_dry,inapplicable,Cash crop is not rice
403505,2019,rice_two_dry,inapplicable,Cash crop is not rice
403505,2020,rice_one_dry,inapplicable,Cash crop is not rice
403505,2020,rice_two_dry,inapplicable,Cash crop is not rice
403505,2021,rice_one_dry,inapplicable,Cash crop is not rice
403505,2021,rice_two_dry,inapplicable,Cash crop is not rice
403505,2022,rice_one_dry,inapplicable,Cash crop is not rice
403505,2022,rice_two_dry,inapplicable,Cash crop is not rice
403505,2023,rice_one_dry,inapplicable,Cash crop is not rice
403505,2023,rice_two_dry,inapplicable,Cash crop is not rice
236386,2016,cover_annual,model_unsupported,Standing woody/perennial forage vegetation plus understory requires two vegetation populations
236386,2017,cover_annual,model_unsupported,Standing woody/perennial forage vegetation plus understory requires two vegetation populations
236386,2018,cover_annual,model_unsupported,Standing woody/perennial forage vegetation plus understory requires two vegetation populations
236386,2019,cover_annual,model_unsupported,Standing woody/perennial forage vegetation plus understory requires two vegetation populations
236386,2020,cover_annual,model_unsupported,Standing woody/perennial forage vegetation plus understory requires two vegetation populations
236386,2021,cover_annual,model_unsupported,Standing woody/perennial forage vegetation plus understory requires two vegetation populations
236386,2022,cover_annual,model_unsupported,Standing woody/perennial forage vegetation plus understory requires two vegetation populations
236386,2023,cover_annual,model_unsupported,Standing woody/perennial forage vegetation plus understory requires two vegetation populations
236386,2016,rice_one_dry,inapplicable,Cash crop is not rice
236386,2016,rice_two_dry,inapplicable,Cash crop is not rice
236386,2017,rice_one_dry,inapplicable,Cash crop is not rice
236386,2017,rice_two_dry,inapplicable,Cash crop is not rice
236386,2018,rice_one_dry,inapplicable,Cash crop is not rice
236386,2018,rice_two_dry,inapplicable,Cash crop is not rice
236386,2019,rice_one_dry,inapplicable,Cash crop is not rice
236386,2019,rice_two_dry,inapplicable,Cash crop is not rice
236386,2020,rice_one_dry,inapplicable,Cash crop is not rice
236386,2020,rice_two_dry,inapplicable,Cash crop is not rice
236386,2021,rice_one_dry,inapplicable,Cash crop is not rice
236386,2021,rice_two_dry,inapplicable,Cash crop is not rice
236386,2022,rice_one_dry,inapplicable,Cash crop is not rice
236386,2022,rice_two_dry,inapplicable,Cash crop is not rice
236386,2023,rice_one_dry,inapplicable,Cash crop is not rice
236386,2023,rice_two_dry,inapplicable,Cash crop is not rice
14956,2016,cover_annual,prepared,"Annual cover in a source-season window, trimmed only to preserve cash crops"
14956,2017,cover_annual,prepared,"Annual cover in a source-season window, trimmed only to preserve cash crops"
14956,2018,cover_annual,prepared,"Annual cover in a source-season window, trimmed only to preserve cash crops"
14956,2019,cover_annual,prepared,"Annual cover in a source-season window, trimmed only to preserve cash crops"
14956,2020,cover_annual,prepared,"Annual cover in a source-season window, trimmed only to preserve cash crops"
14956,2021,cover_annual,prepared,"Annual cover in a source-season window, trimmed only to preserve cash crops"
14956,2022,cover_annual,prepared,"Annual cover in a source-season window, trimmed only to preserve cash crops"
14956,2023,cover_annual,prepared,"Annual cover in a source-season window, trimmed only to preserve cash crops"
14956,2016,rice_one_dry,inapplicable,Cash crop is not rice
14956,2016,rice_two_dry,inapplicable,Cash crop is not rice
14956,2017,rice_one_dry,inapplicable,Cash crop is not rice
14956,2017,rice_two_dry,inapplicable,Cash crop is not rice
14956,2018,rice_one_dry,inapplicable,Cash crop is not rice
14956,2018,rice_two_dry,inapplicable,Cash crop is not rice
14956,2019,rice_one_dry,inapplicable,Cash crop is not rice
14956,2019,rice_two_dry,inapplicable,Cash crop is not rice
14956,2020,rice_one_dry,inapplicable,Cash crop is not rice
14956,2020,rice_two_dry,inapplicable,Cash crop is not rice
14956,2021,rice_one_dry,inapplicable,Cash crop is not rice
14956,2021,rice_two_dry,inapplicable,Cash crop is not rice
14956,2022,rice_one_dry,inapplicable,Cash crop is not rice
14956,2022,rice_two_dry,inapplicable,Cash crop is not rice
14956,2023,rice_one_dry,inapplicable,Cash crop is not rice
14956,2023,rice_two_dry,inapplicable,Cash crop is not rice
219229,2016,cover_annual,model_unsupported,Standing woody/perennial forage vegetation plus understory requires two vegetation populations
219229,2017,cover_annual,model_unsupported,Standing woody/perennial forage vegetation plus understory requires two vegetation populations
219229,2018,cover_annual,prepared,"Annual cover in a source-season window, trimmed only to preserve cash crops"
219229,2019,cover_annual,prepared,"Annual cover in a source-season window, trimmed only to preserve cash crops"
219229,2020,cover_annual,prepared,"Annual cover in a source-season window, trimmed only to preserve cash crops"
219229,2021,cover_annual,prepared,"Annual cover in a source-season window, trimmed only to preserve cash crops"
219229,2022,cover_annual,prepared,"Annual cover in a source-season window, trimmed only to preserve cash crops"
219229,2023,cover_annual,prepared,"Annual cover in a source-season window, trimmed only to preserve cash crops"
219229,2016,rice_one_dry,inapplicable,Cash crop is not rice
219229,2016,rice_two_dry,inapplicable,Cash crop is not rice
219229,2017,rice_one_dry,inapplicable,Cash crop is not rice
219229,2017,rice_two_dry,inapplicable,Cash crop is not rice
219229,2018,rice_one_dry,inapplicable,Cash crop is not rice
219229,2018,rice_two_dry,inapplicable,Cash crop is not rice
219229,2019,rice_one_dry,inapplicable,Cash crop is not rice
219229,2019,rice_two_dry,inapplicable,Cash crop is not rice
219229,2020,rice_one_dry,inapplicable,Cash crop is not rice
219229,2020,rice_two_dry,inapplicable,Cash crop is not rice
219229,2021,rice_one_dry,inapplicable,Cash crop is not rice
219229,2021,rice_two_dry,inapplicable,Cash crop is not rice
219229,2022,rice_one_dry,inapplicable,Cash crop is not rice
219229,2022,rice_two_dry,inapplicable,Cash crop is not rice
219229,2023,rice_one_dry,inapplicable,Cash crop is not rice
219229,2023,rice_two_dry,inapplicable,Cash crop is not rice
375119,2016,cover_annual,model_unsupported,Standing woody/perennial forage vegetation plus understory requires two vegetation populations
375119,2017,cover_annual,model_unsupported,Standing woody/perennial forage vegetation plus understory requires two vegetation populations
375119,2018,cover_annual,prepared,"Annual cover in a source-season window, trimmed only to preserve cash crops"
375119,2019,cover_annual,prepared,"Annual cover in a source-season window, trimmed only to preserve cash crops"
375119,2020,cover_annual,prepared,"Annual cover in a source-season window, trimmed only to preserve cash crops"
375119,2021,cover_annual,prepared,"Annual cover in a source-season window, trimmed only to preserve cash crops"
375119,2022,cover_annual,prepared,"Annual cover in a source-season window, trimmed only to preserve cash crops"
375119,2023,cover_annual,prepared,"Annual cover in a source-season window, trimmed only to preserve cash crops"
375119,2016,rice_one_dry,inapplicable,Cash crop is not rice
375119,2016,rice_two_dry,inapplicable,Cash crop is not rice
375119,2017,rice_one_dry,inapplicable,Cash crop is not rice
375119,2017,rice_two_dry,inapplicable,Cash crop is not rice
375119,2018,rice_one_dry,inapplicable,Cash crop is not rice
375119,2018,rice_two_dry,inapplicable,Cash crop is not rice
375119,2019,rice_one_dry,inapplicable,Cash crop is not rice
375119,2019,rice_two_dry,inapplicable,Cash crop is not rice
375119,2020,rice_one_dry,inapplicable,Cash crop is not rice
375119,2020,rice_two_dry,inapplicable,Cash crop is not rice
375119,2021,rice_one_dry,inapplicable,Cash crop is not rice
375119,2021,rice_two_dry,inapplicable,Cash crop is not rice
375119,2022,rice_one_dry,inapplicable,Cash crop is not rice
375119,2022,rice_two_dry,inapplicable,Cash crop is not rice
375119,2023,rice_one_dry,inapplicable,Cash crop is not rice
375119,2023,rice_two_dry,inapplicable,Cash crop is not rice
542872,2016,cover_annual,model_unsupported,Standing woody/perennial forage vegetation plus understory requires two vegetation populations
542872,2017,cover_annual,prepared,"Annual cover in a source-season window, trimmed only to preserve cash crops"
542872,2018,cover_annual,prepared,"Annual cover in a source-season window, trimmed only to preserve cash crops"
542872,2019,cover_annual,prepared,"Annual cover in a source-season window, trimmed only to preserve cash crops"
542872,2020,cover_annual,prepared,"Annual cover in a source-season window, trimmed only to preserve cash crops"
542872,2021,cover_annual,prepared,"Annual cover in a source-season window, trimmed only to preserve cash crops"
542872,2022,cover_annual,prepared,"Annual cover in a source-season window, trimmed only to preserve cash crops"
542872,2023,cover_annual,prepared,"Annual cover in a source-season window, trimmed only to preserve cash crops"
542872,2016,rice_one_dry,inapplicable,Cash crop is not rice
542872,2016,rice_two_dry,inapplicable,Cash crop is not rice
542872,2017,rice_one_dry,inapplicable,Cash crop is not rice
542872,2017,rice_two_dry,inapplicable,Cash crop is not rice
542872,2018,rice_one_dry,inapplicable,Cash crop is not rice
542872,2018,rice_two_dry,inapplicable,Cash crop is not rice
542872,2019,rice_one_dry,inapplicable,Cash crop is not rice
542872,2019,rice_two_dry,inapplicable,Cash crop is not rice
542872,2020,rice_one_dry,inapplicable,Cash crop is not rice
542872,2020,rice_two_dry,inapplicable,Cash crop is not rice
542872,2021,rice_one_dry,inapplicable,Cash crop is not rice
542872,2021,rice_two_dry,inapplicable,Cash crop is not rice
542872,2022,rice_one_dry,inapplicable,Cash crop is not rice
542872,2022,rice_two_dry,inapplicable,Cash crop is not rice
542872,2023,rice_one_dry,inapplicable,Cash crop is not rice
542872,2023,rice_two_dry,inapplicable,Cash crop is not rice
250488,2016,cover_annual,model_unsupported,Standing woody/perennial forage vegetation plus understory requires two vegetation populations
250488,2017,cover_annual,model_unsupported,Standing woody/perennial forage vegetation plus understory requires two vegetation populations
250488,2018,cover_annual,model_unsupported,Standing woody/perennial forage vegetation plus understory requires two vegetation populations
250488,2019,cover_annual,model_unsupported,Standing woody/perennial forage vegetation plus understory requires two vegetation populations
250488,2020,cover_annual,model_unsupported,Standing woody/perennial forage vegetation plus understory requires two vegetation populations
250488,2021,cover_annual,model_unsupported,Standing woody/perennial forage vegetation plus understory requires two vegetation populations
250488,2022,cover_annual,model_unsupported,Standing woody/perennial forage vegetation plus understory requires two vegetation populations
250488,2023,cover_annual,model_unsupported,Standing woody/perennial forage vegetation plus understory requires two vegetation populations
250488,2016,rice_one_dry,inapplicable,Cash crop is not rice
250488,2016,rice_two_dry,inapplicable,Cash crop is not rice
250488,2017,rice_one_dry,inapplicable,Cash crop is not rice
250488,2017,rice_two_dry,inapplicable,Cash crop is not rice
250488,2018,rice_one_dry,inapplicable,Cash crop is not rice
250488,2018,rice_two_dry,inapplicable,Cash crop is not rice
250488,2019,rice_one_dry,inapplicable,Cash crop is not rice
250488,2019,rice_two_dry,inapplicable,Cash crop is not rice
250488,2020,rice_one_dry,inapplicable,Cash crop is not rice
250488,2020,rice_two_dry,inapplicable,Cash crop is not rice
250488,2021,rice_one_dry,inapplicable,Cash crop is not rice
250488,2021,rice_two_dry,inapplicable,Cash crop is not rice
250488,2022,rice_one_dry,inapplicable,Cash crop is not rice
250488,2022,rice_two_dry,inapplicable,Cash crop is not rice
250488,2023,rice_one_dry,inapplicable,Cash crop is not rice
250488,2023,rice_two_dry,inapplicable,Cash crop is not rice
417431,2016,cover_annual,prepared,"Annual cover in a source-season window, trimmed only to preserve cash crops"
417431,2017,cover_annual,model_unsupported,Standing woody/perennial forage vegetation plus understory requires two vegetation populations
417431,2018,cover_annual,model_unsupported,Standing woody/perennial forage vegetation plus understory requires two vegetation populations
417431,2019,cover_annual,model_unsupported,Standing woody/perennial forage vegetation plus understory requires two vegetation populations
417431,2020,cover_annual,model_unsupported,Standing woody/perennial forage vegetation plus understory requires two vegetation populations
417431,2021,cover_annual,model_unsupported,Standing woody/perennial forage vegetation plus understory requires two vegetation populations
417431,2022,cover_annual,model_unsupported,Standing woody/perennial forage vegetation plus understory requires two vegetation populations
417431,2023,cover_annual,model_unsupported,Standing woody/perennial forage vegetation plus understory requires two vegetation populations
417431,2016,rice_one_dry,prepared,Recorded or source-inferred rice crop
417431,2016,rice_two_dry,prepared,Recorded or source-inferred rice crop
417431,2017,rice_one_dry,inapplicable,Cash crop is not rice
417431,2017,rice_two_dry,inapplicable,Cash crop is not rice
417431,2018,rice_one_dry,inapplicable,Cash crop is not rice
417431,2018,rice_two_dry,inapplicable,Cash crop is not rice
417431,2019,rice_one_dry,inapplicable,Cash crop is not rice
417431,2019,rice_two_dry,inapplicable,Cash crop is not rice
417431,2020,rice_one_dry,inapplicable,Cash crop is not rice
417431,2020,rice_two_dry,inapplicable,Cash crop is not rice
417431,2021,rice_one_dry,inapplicable,Cash crop is not rice
417431,2021,rice_two_dry,inapplicable,Cash crop is not rice
417431,2022,rice_one_dry,inapplicable,Cash crop is not rice
417431,2022,rice_two_dry,inapplicable,Cash crop is not rice
417431,2023,rice_one_dry,inapplicable,Cash crop is not rice
417431,2023,rice_two_dry,inapplicable,Cash crop is not rice
601779,2016,cover_annual,model_unsupported,Standing woody/perennial forage vegetation plus understory requires two vegetation populations
601779,2017,cover_annual,model_unsupported,Standing woody/perennial forage vegetation plus understory requires two vegetation populations
601779,2018,cover_annual,model_unsupported,Standing woody/perennial forage vegetation plus understory requires two vegetation populations
601779,2019,cover_annual,model_unsupported,Standing woody/perennial forage vegetation plus understory requires two vegetation populations
601779,2020,cover_annual,model_unsupported,Standing woody/perennial forage vegetation plus understory requires two vegetation populations
601779,2021,cover_annual,model_unsupported,Standing woody/perennial forage vegetation plus understory requires two vegetation populations
601779,2022,cover_annual,model_unsupported,Standing woody/perennial forage vegetation plus understory requires two vegetation populations
601779,2023,cover_annual,model_unsupported,Standing woody/perennial forage vegetation plus understory requires two vegetation populations
601779,2016,rice_one_dry,inapplicable,Cash crop is not rice
601779,2016,rice_two_dry,inapplicable,Cash crop is not rice
601779,2017,rice_one_dry,inapplicable,Cash crop is not rice
601779,2017,rice_two_dry,inapplicable,Cash crop is not rice
601779,2018,rice_one_dry,inapplicable,Cash crop is not rice
601779,2018,rice_two_dry,inapplicable,Cash crop is not rice
601779,2019,rice_one_dry,inapplicable,Cash crop is not rice
601779,2019,rice_two_dry,inapplicable,Cash crop is not rice
601779,2020,rice_one_dry,inapplicable,Cash crop is not rice
601779,2020,rice_two_dry,inapplicable,Cash crop is not rice
601779,2021,rice_one_dry,inapplicable,Cash crop is not rice
601779,2021,rice_two_dry,inapplicable,Cash crop is not rice
601779,2022,rice_one_dry,inapplicable,Cash crop is not rice
601779,2022,rice_two_dry,inapplicable,Cash crop is not rice
601779,2023,rice_one_dry,inapplicable,Cash crop is not rice
601779,2023,rice_two_dry,inapplicable,Cash crop is not rice
237955,2016,cover_annual,model_unsupported,Standing woody/perennial forage vegetation plus understory requires two vegetation populations
237955,2017,cover_annual,model_unsupported,Standing woody/perennial forage vegetation plus understory requires two vegetation populations
237955,2018,cover_annual,model_unsupported,Standing woody/perennial forage vegetation plus understory requires two vegetation populations
237955,2019,cover_annual,model_unsupported,Standing woody/perennial forage vegetation plus understory requires two vegetation populations
237955,2020,cover_annual,prepared,"Annual cover in a source-season window, trimmed only to preserve cash crops"
237955,2021,cover_annual,prepared,"Annual cover in a source-season window, trimmed only to preserve cash crops"
237955,2022,cover_annual,prepared,"Annual cover in a source-season window, trimmed only to preserve cash crops"
237955,2023,cover_annual,prepared,"Annual cover in a source-season window, trimmed only to preserve cash crops"
237955,2016,rice_one_dry,inapplicable,Cash crop is not rice
237955,2016,rice_two_dry,inapplicable,Cash crop is not rice
237955,2017,rice_one_dry,inapplicable,Cash crop is not rice
237955,2017,rice_two_dry,inapplicable,Cash crop is not rice
237955,2018,rice_one_dry,inapplicable,Cash crop is not rice
237955,2018,rice_two_dry,inapplicable,Cash crop is not rice
237955,2019,rice_one_dry,inapplicable,Cash crop is not rice
237955,2019,rice_two_dry,inapplicable,Cash crop is not rice
237955,2020,rice_one_dry,inapplicable,Cash crop is not rice
237955,2020,rice_two_dry,inapplicable,Cash crop is not rice
237955,2021,rice_one_dry,inapplicable,Cash crop is not rice
237955,2021,rice_two_dry,inapplicable,Cash crop is not rice
237955,2022,rice_one_dry,inapplicable,Cash crop is not rice
237955,2022,rice_two_dry,inapplicable,Cash crop is not rice
237955,2023,rice_one_dry,inapplicable,Cash crop is not rice
237955,2023,rice_two_dry,inapplicable,Cash crop is not rice
424527,2016,cover_annual,model_unsupported,Standing woody/perennial forage vegetation plus understory requires two vegetation populations
424527,2017,cover_annual,model_unsupported,Standing woody/perennial forage vegetation plus understory requires two vegetation populations
424527,2018,cover_annual,model_unsupported,Standing woody/perennial forage vegetation plus understory requires two vegetation populations
424527,2019,cover_annual,model_unsupported,Standing woody/perennial forage vegetation plus understory requires two vegetation populations
424527,2020,cover_annual,model_unsupported,Standing woody/perennial forage vegetation plus understory requires two vegetation populations
424527,2021,cover_annual,model_unsupported,Standing woody/perennial forage vegetation plus understory requires two vegetation populations
424527,2022,cover_annual,prepared,"Annual cover in a source-season window, trimmed only to preserve cash crops"
424527,2023,cover_annual,prepared,"Annual cover in a source-season window, trimmed only to preserve cash crops"
424527,2016,rice_one_dry,inapplicable,Cash crop is not rice
424527,2016,rice_two_dry,inapplicable,Cash crop is not rice
424527,2017,rice_one_dry,inapplicable,Cash crop is not rice
424527,2017,rice_two_dry,inapplicable,Cash crop is not rice
424527,2018,rice_one_dry,inapplicable,Cash crop is not rice
424527,2018,rice_two_dry,inapplicable,Cash crop is not rice
424527,2019,rice_one_dry,inapplicable,Cash crop is not rice
424527,2019,rice_two_dry,inapplicable,Cash crop is not rice
424527,2020,rice_one_dry,inapplicable,Cash crop is not rice
424527,2020,rice_two_dry,inapplicable,Cash crop is not rice
424527,2021,rice_one_dry,inapplicable,Cash crop is not rice
424527,2021,rice_two_dry,inapplicable,Cash crop is not rice
424527,2022,rice_one_dry,inapplicable,Cash crop is not rice
424527,2022,rice_two_dry,inapplicable,Cash crop is not rice
424527,2023,rice_one_dry,inapplicable,Cash crop is not rice
424527,2023,rice_two_dry,inapplicable,Cash crop is not rice
354196,2016,cover_annual,model_unsupported,Standing woody/perennial forage vegetation plus understory requires two vegetation populations
354196,2017,cover_annual,model_unsupported,Standing woody/perennial forage vegetation plus understory requires two vegetation populations
354196,2018,cover_annual,prepared,"Annual cover in a source-season window, trimmed only to preserve cash crops"
354196,2019,cover_annual,prepared,"Annual cover in a source-season window, trimmed only to preserve cash crops"
354196,2020,cover_annual,prepared,"Annual cover in a source-season window, trimmed only to preserve cash crops"
354196,2021,cover_annual,prepared,"Annual cover in a source-season window, trimmed only to preserve cash crops"
354196,2022,cover_annual,prepared,"Annual cover in a source-season window, trimmed only to preserve cash crops"
354196,2023,cover_annual,prepared,"Annual cover in a source-season window, trimmed only to preserve cash crops"
354196,2016,rice_one_dry,inapplicable,Cash crop is not rice
354196,2016,rice_two_dry,inapplicable,Cash crop is not rice
354196,2017,rice_one_dry,inapplicable,Cash crop is not rice
354196,2017,rice_two_dry,inapplicable,Cash crop is not rice
354196,2018,rice_one_dry,inapplicable,Cash crop is not rice
354196,2018,rice_two_dry,inapplicable,Cash crop is not rice
354196,2019,rice_one_dry,inapplicable,Cash crop is not rice
354196,2019,rice_two_dry,inapplicable,Cash crop is not rice
354196,2020,rice_one_dry,inapplicable,Cash crop is not rice
354196,2020,rice_two_dry,inapplicable,Cash crop is not rice
354196,2021,rice_one_dry,inapplicable,Cash crop is not rice
354196,2021,rice_two_dry,inapplicable,Cash crop is not rice
354196,2022,rice_one_dry,inapplicable,Cash crop is not rice
354196,2022,rice_two_dry,inapplicable,Cash crop is not rice
354196,2023,rice_one_dry,inapplicable,Cash crop is not rice
354196,2023,rice_two_dry,inapplicable,Cash crop is not rice
327540,2016,cover_annual,prepared,"Annual cover in a source-season window, trimmed only to preserve cash crops"
327540,2017,cover_annual,prepared,"Annual cover in a source-season window, trimmed only to preserve cash crops"
327540,2018,cover_annual,model_unsupported,Standing woody/perennial forage vegetation plus understory requires two vegetation populations
327540,2019,cover_annual,model_unsupported,Standing woody/perennial forage vegetation plus understory requires two vegetation populations
327540,2020,cover_annual,model_unsupported,Standing woody/perennial forage vegetation plus understory requires two vegetation populations
327540,2021,cover_annual,model_unsupported,Standing woody/perennial forage vegetation plus understory requires two vegetation populations
327540,2022,cover_annual,model_unsupported,Standing woody/perennial forage vegetation plus understory requires two vegetation populations
327540,2023,cover_annual,model_unsupported,Standing woody/perennial forage vegetation plus understory requires two vegetation populations
327540,2016,rice_one_dry,inapplicable,Cash crop is not rice
327540,2016,rice_two_dry,inapplicable,Cash crop is not rice
327540,2017,rice_one_dry,inapplicable,Cash crop is not rice
327540,2017,rice_two_dry,inapplicable,Cash crop is not rice
327540,2018,rice_one_dry,inapplicable,Cash crop is not rice
327540,2018,rice_two_dry,inapplicable,Cash crop is not rice
327540,2019,rice_one_dry,inapplicable,Cash crop is not rice
327540,2019,rice_two_dry,inapplicable,Cash crop is not rice
327540,2020,rice_one_dry,inapplicable,Cash crop is not rice
327540,2020,rice_two_dry,inapplicable,Cash crop is not rice
327540,2021,rice_one_dry,inapplicable,Cash crop is not rice
327540,2021,rice_two_dry,inapplicable,Cash crop is not rice
327540,2022,rice_one_dry,inapplicable,Cash crop is not rice
327540,2022,rice_two_dry,inapplicable,Cash crop is not rice
327540,2023,rice_one_dry,inapplicable,Cash crop is not rice
327540,2023,rice_two_dry,inapplicable,Cash crop is not rice
54800,2016,cover_annual,prepared,"Annual cover in a source-season window, trimmed only to preserve cash crops"
54800,2017,cover_annual,model_unsupported,Standing woody/perennial forage vegetation plus understory requires two vegetation populations
54800,2018,cover_annual,model_unsupported,Standing woody/perennial forage vegetation plus understory requires two vegetation populations
54800,2019,cover_annual,model_unsupported,Standing woody/perennial forage vegetation plus understory requires two vegetation populations
54800,2020,cover_annual,model_unsupported,Standing woody/perennial forage vegetation plus understory requires two vegetation populations
54800,2021,cover_annual,model_unsupported,Standing woody/perennial forage vegetation plus understory requires two vegetation populations
54800,2022,cover_annual,model_unsupported,Standing woody/perennial forage vegetation plus understory requires two vegetation populations
54800,2023,cover_annual,model_unsupported,Standing woody/perennial forage vegetation plus understory requires two vegetation populations
54800,2016,rice_one_dry,inapplicable,Cash crop is not rice
54800,2016,rice_two_dry,inapplicable,Cash crop is not rice
54800,2017,rice_one_dry,inapplicable,Cash crop is not rice
54800,2017,rice_two_dry,inapplicable,Cash crop is not rice
54800,2018,rice_one_dry,inapplicable,Cash crop is not rice
54800,2018,rice_two_dry,inapplicable,Cash crop is not rice
54800,2019,rice_one_dry,inapplicable,Cash crop is not rice
54800,2019,rice_two_dry,inapplicable,Cash crop is not rice
54800,2020,rice_one_dry,inapplicable,Cash crop is not rice
54800,2020,rice_two_dry,inapplicable,Cash crop is not rice
54800,2021,rice_one_dry,inapplicable,Cash crop is not rice
54800,2021,rice_two_dry,inapplicable,Cash crop is not rice
54800,2022,rice_one_dry,inapplicable,Cash crop is not rice
54800,2022,rice_two_dry,inapplicable,Cash crop is not rice
54800,2023,rice_one_dry,inapplicable,Cash crop is not rice
54800,2023,rice_two_dry,inapplicable,Cash crop is not rice
24366,2016,cover_annual,model_unsupported,Standing woody/perennial forage vegetation plus understory requires two vegetation populations
24366,2017,cover_annual,model_unsupported,Standing woody/perennial forage vegetation plus understory requires two vegetation populations
24366,2018,cover_annual,prepared,"Annual cover in a source-season window, trimmed only to preserve cash crops"
24366,2019,cover_annual,prepared,"Annual cover in a source-season window, trimmed only to preserve cash crops"
24366,2020,cover_annual,prepared,"Annual cover in a source-season window, trimmed only to preserve cash crops"
24366,2021,cover_annual,prepared,"Annual cover in a source-season window, trimmed only to preserve cash crops"
24366,2022,cover_annual,prepared,"Annual cover in a source-season window, trimmed only to preserve cash crops"
24366,2023,cover_annual,prepared,"Annual cover in a source-season window, trimmed only to preserve cash crops"
24366,2016,rice_one_dry,inapplicable,Cash crop is not rice
24366,2016,rice_two_dry,inapplicable,Cash crop is not rice
24366,2017,rice_one_dry,inapplicable,Cash crop is not rice
24366,2017,rice_two_dry,inapplicable,Cash crop is not rice
24366,2018,rice_one_dry,inapplicable,Cash crop is not rice
24366,2018,rice_two_dry,inapplicable,Cash crop is not rice
24366,2019,rice_one_dry,inapplicable,Cash crop is not rice
24366,2019,rice_two_dry,inapplicable,Cash crop is not rice
24366,2020,rice_one_dry,inapplicable,Cash crop is not rice
24366,2020,rice_two_dry,inapplicable,Cash crop is not rice
24366,2021,rice_one_dry,inapplicable,Cash crop is not rice
24366,2021,rice_two_dry,inapplicable,Cash crop is not rice
24366,2022,rice_one_dry,inapplicable,Cash crop is not rice
24366,2022,rice_two_dry,inapplicable,Cash crop is not rice
24366,2023,rice_one_dry,inapplicable,Cash crop is not rice
24366,2023,rice_two_dry,inapplicable,Cash crop is not rice
276098,2016,cover_annual,model_unsupported,Standing woody/perennial forage vegetation plus understory requires two vegetation populations
276098,2017,cover_annual,model_unsupported,Standing woody/perennial forage vegetation plus understory requires two vegetation populations
276098,2018,cover_annual,model_unsupported,Previous woody vegetation is not terminated before this annual crop; its pre-crop cover would require a second vegetation population
276098,2019,cover_annual,prepared,"Annual cover in a source-season window, trimmed only to preserve cash crops"
276098,2020,cover_annual,prepared,"Annual cover in a source-season window, trimmed only to preserve cash crops"
276098,2021,cover_annual,prepared,"Annual cover in a source-season window, trimmed only to preserve cash crops"
276098,2022,cover_annual,prepared,"Annual cover in a source-season window, trimmed only to preserve cash crops"
276098,2023,cover_annual,prepared,"Annual cover in a source-season window, trimmed only to preserve cash crops"
276098,2016,rice_one_dry,inapplicable,Cash crop is not rice
276098,2016,rice_two_dry,inapplicable,Cash crop is not rice
276098,2017,rice_one_dry,inapplicable,Cash crop is not rice
276098,2017,rice_two_dry,inapplicable,Cash crop is not rice
276098,2018,rice_one_dry,inapplicable,Cash crop is not rice
276098,2018,rice_two_dry,inapplicable,Cash crop is not rice
276098,2019,rice_one_dry,inapplicable,Cash crop is not rice
276098,2019,rice_two_dry,inapplicable,Cash crop is not rice
276098,2020,rice_one_dry,inapplicable,Cash crop is not rice
276098,2020,rice_two_dry,inapplicable,Cash crop is not rice
276098,2021,rice_one_dry,inapplicable,Cash crop is not rice
276098,2021,rice_two_dry,inapplicable,Cash crop is not rice
276098,2022,rice_one_dry,inapplicable,Cash crop is not rice
276098,2022,rice_two_dry,inapplicable,Cash crop is not rice
276098,2023,rice_one_dry,inapplicable,Cash crop is not rice
276098,2023,rice_two_dry,inapplicable,Cash crop is not rice
420047,2016,cover_annual,prepared,"Annual cover in a source-season window, trimmed only to preserve cash crops"
420047,2017,cover_annual,prepared,"Annual cover in a source-season window, trimmed only to preserve cash crops"
420047,2018,cover_annual,prepared,"Annual cover in a source-season window, trimmed only to preserve cash crops"
420047,2019,cover_annual,prepared,"Annual cover in a source-season window, trimmed only to preserve cash crops"
420047,2020,cover_annual,prepared,"Annual cover in a source-season window, trimmed only to preserve cash crops"
420047,2021,cover_annual,prepared,"Annual cover in a source-season window, trimmed only to preserve cash crops"
420047,2022,cover_annual,prepared,"Annual cover in a source-season window, trimmed only to preserve cash crops"
420047,2023,cover_annual,prepared,"Annual cover in a source-season window, trimmed only to preserve cash crops"
420047,2016,rice_one_dry,inapplicable,Cash crop is not rice
420047,2016,rice_two_dry,inapplicable,Cash crop is not rice
420047,2017,rice_one_dry,inapplicable,Cash crop is not rice
420047,2017,rice_two_dry,inapplicable,Cash crop is not rice
420047,2018,rice_one_dry,inapplicable,Cash crop is not rice
420047,2018,rice_two_dry,inapplicable,Cash crop is not rice
420047,2019,rice_one_dry,inapplicable,Cash crop is not rice
420047,2019,rice_two_dry,inapplicable,Cash crop is not rice
420047,2020,rice_one_dry,inapplicable,Cash crop is not rice
420047,2020,rice_two_dry,inapplicable,Cash crop is not rice
420047,2021,rice_one_dry,inapplicable,Cash crop is not rice
420047,2021,rice_two_dry,inapplicable,Cash crop is not rice
420047,2022,rice_one_dry,inapplicable,Cash crop is not rice
420047,2022,rice_two_dry,inapplicable,Cash crop is not rice
420047,2023,rice_one_dry,inapplicable,Cash crop is not rice
420047,2023,rice_two_dry,inapplicable,Cash crop is not rice
257423,2016,cover_annual,model_unsupported,Standing woody/perennial forage vegetation plus understory requires two vegetation populations
257423,2017,cover_annual,model_unsupported,Standing woody/perennial forage vegetation plus understory requires two vegetation populations
257423,2018,cover_annual,model_unsupported,Standing woody/perennial forage vegetation plus understory requires two vegetation populations
257423,2019,cover_annual,model_unsupported,Standing woody/perennial forage vegetation plus understory requires two vegetation populations
257423,2020,cover_annual,model_unsupported,Standing woody/perennial forage vegetation plus understory requires two vegetation populations
257423,2021,cover_annual,model_unsupported,Standing woody/perennial forage vegetation plus understory requires two vegetation populations
257423,2022,cover_annual,model_unsupported,Standing woody/perennial forage vegetation plus understory requires two vegetation populations
257423,2023,cover_annual,model_unsupported,Standing woody/perennial forage vegetation plus understory requires two vegetation populations
257423,2016,rice_one_dry,inapplicable,Cash crop is not rice
257423,2016,rice_two_dry,inapplicable,Cash crop is not rice
257423,2017,rice_one_dry,inapplicable,Cash crop is not rice
257423,2017,rice_two_dry,inapplicable,Cash crop is not rice
257423,2018,rice_one_dry,inapplicable,Cash crop is not rice
257423,2018,rice_two_dry,inapplicable,Cash crop is not rice
257423,2019,rice_one_dry,inapplicable,Cash crop is not rice
257423,2019,rice_two_dry,inapplicable,Cash crop is not rice
257423,2020,rice_one_dry,inapplicable,Cash crop is not rice
257423,2020,rice_two_dry,inapplicable,Cash crop is not rice
257423,2021,rice_one_dry,inapplicable,Cash crop is not rice
257423,2021,rice_two_dry,inapplicable,Cash crop is not rice
257423,2022,rice_one_dry,inapplicable,Cash crop is not rice
257423,2022,rice_two_dry,inapplicable,Cash crop is not rice
257423,2023,rice_one_dry,inapplicable,Cash crop is not rice
257423,2023,rice_two_dry,inapplicable,Cash crop is not rice
338040,2016,cover_annual,model_unsupported,Standing woody/perennial forage vegetation plus understory requires two vegetation populations
338040,2017,cover_annual,model_unsupported,Standing woody/perennial forage vegetation plus understory requires two vegetation populations
338040,2018,cover_annual,model_unsupported,Previous woody vegetation is not terminated before this annual crop; its pre-crop cover would require a second vegetation population
338040,2019,cover_annual,prepared,"Annual cover in a source-season window, trimmed only to preserve cash crops"
338040,2020,cover_annual,prepared,"Annual cover in a source-season window, trimmed only to preserve cash crops"
338040,2021,cover_annual,prepared,"Annual cover in a source-season window, trimmed only to preserve cash crops"
338040,2022,cover_annual,prepared,"Annual cover in a source-season window, trimmed only to preserve cash crops"
338040,2023,cover_annual,prepared,"Annual cover in a source-season window, trimmed only to preserve cash crops"
338040,2016,rice_one_dry,inapplicable,Cash crop is not rice
338040,2016,rice_two_dry,inapplicable,Cash crop is not rice
338040,2017,rice_one_dry,inapplicable,Cash crop is not rice
338040,2017,rice_two_dry,inapplicable,Cash crop is not rice
338040,2018,rice_one_dry,inapplicable,Cash crop is not rice
338040,2018,rice_two_dry,inapplicable,Cash crop is not rice
338040,2019,rice_one_dry,inapplicable,Cash crop is not rice
338040,2019,rice_two_dry,inapplicable,Cash crop is not rice
338040,2020,rice_one_dry,inapplicable,Cash crop is not rice
338040,2020,rice_two_dry,inapplicable,Cash crop is not rice
338040,2021,rice_one_dry,inapplicable,Cash crop is not rice
338040,2021,rice_two_dry,inapplicable,Cash crop is not rice
338040,2022,rice_one_dry,inapplicable,Cash crop is not rice
338040,2022,rice_two_dry,inapplicable,Cash crop is not rice
338040,2023,rice_one_dry,inapplicable,Cash crop is not rice
338040,2023,rice_two_dry,inapplicable,Cash crop is not rice
378874,2016,cover_annual,prepared,"Annual cover in a source-season window, trimmed only to preserve cash crops"
378874,2017,cover_annual,prepared,"Annual cover in a source-season window, trimmed only to preserve cash crops"
378874,2018,cover_annual,prepared,"Annual cover in a source-season window, trimmed only to preserve cash crops"
378874,2019,cover_annual,model_unsupported,Standing woody/perennial forage vegetation plus understory requires two vegetation populations
378874,2020,cover_annual,model_unsupported,Standing woody/perennial forage vegetation plus understory requires two vegetation populations
378874,2021,cover_annual,model_unsupported,Standing woody/perennial forage vegetation plus understory requires two vegetation populations
378874,2022,cover_annual,model_unsupported,Standing woody/perennial forage vegetation plus understory requires two vegetation populations
378874,2023,cover_annual,model_unsupported,Standing woody/perennial forage vegetation plus understory requires two vegetation populations
378874,2016,rice_one_dry,inapplicable,Cash crop is not rice
378874,2016,rice_two_dry,inapplicable,Cash crop is not rice
378874,2017,rice_one_dry,inapplicable,Cash crop is not rice
378874,2017,rice_two_dry,inapplicable,Cash crop is not rice
378874,2018,rice_one_dry,inapplicable,Cash crop is not rice
378874,2018,rice_two_dry,inapplicable,Cash crop is not rice
378874,2019,rice_one_dry,inapplicable,Cash crop is not rice
378874,2019,rice_two_dry,inapplicable,Cash crop is not rice
378874,2020,rice_one_dry,inapplicable,Cash crop is not rice
378874,2020,rice_two_dry,inapplicable,Cash crop is not rice
378874,2021,rice_one_dry,inapplicable,Cash crop is not rice
378874,2021,rice_two_dry,inapplicable,Cash crop is not rice
378874,2022,rice_one_dry,inapplicable,Cash crop is not rice
378874,2022,rice_two_dry,inapplicable,Cash crop is not rice
378874,2023,rice_one_dry,inapplicable,Cash crop is not rice
378874,2023,rice_two_dry,inapplicable,Cash crop is not rice
520659,2016,cover_annual,model_unsupported,Standing woody/perennial forage vegetation plus understory requires two vegetation populations
520659,2017,cover_annual,model_unsupported,Standing woody/perennial forage vegetation plus understory requires two vegetation populations
520659,2018,cover_annual,model_unsupported,Standing woody/perennial forage vegetation plus understory requires two vegetation populations
520659,2019,cover_annual,model_unsupported,Standing woody/perennial forage vegetation plus understory requires two vegetation populations
520659,2020,cover_annual,prepared,"Annual cover in a source-season window, trimmed only to preserve cash crops"
520659,2021,cover_annual,prepared,"Annual cover in a source-season window, trimmed only to preserve cash crops"
520659,2022,cover_annual,prepared,"Annual cover in a source-season window, trimmed only to preserve cash crops"
520659,2023,cover_annual,prepared,"Annual cover in a source-season window, trimmed only to preserve cash crops"
520659,2016,rice_one_dry,inapplicable,Cash crop is not rice
520659,2016,rice_two_dry,inapplicable,Cash crop is not rice
520659,2017,rice_one_dry,inapplicable,Cash crop is not rice
520659,2017,rice_two_dry,inapplicable,Cash crop is not rice
520659,2018,rice_one_dry,inapplicable,Cash crop is not rice
520659,2018,rice_two_dry,inapplicable,Cash crop is not rice
520659,2019,rice_one_dry,inapplicable,Cash crop is not rice
520659,2019,rice_two_dry,inapplicable,Cash crop is not rice
520659,2020,rice_one_dry,inapplicable,Cash crop is not rice
520659,2020,rice_two_dry,inapplicable,Cash crop is not rice
520659,2021,rice_one_dry,inapplicable,Cash crop is not rice
520659,2021,rice_two_dry,inapplicable,Cash crop is not rice
520659,2022,rice_one_dry,inapplicable,Cash crop is not rice
520659,2022,rice_two_dry,inapplicable,Cash crop is not rice
520659,2023,rice_one_dry,prepared,Recorded or source-inferred rice crop
520659,2023,rice_two_dry,prepared,Recorded or source-inferred rice crop
41669,2016,cover_annual,model_unsupported,Standing woody/perennial forage vegetation plus understory requires two vegetation populations
41669,2017,cover_annual,model_unsupported,Standing woody/perennial forage vegetation plus understory requires two vegetation populations
41669,2018,cover_annual,model_unsupported,Standing woody/perennial forage vegetation plus understory requires two vegetation populations
41669,2019,cover_annual,model_unsupported,Standing woody/perennial forage vegetation plus understory requires two vegetation populations
41669,2020,cover_annual,model_unsupported,Standing woody/perennial forage vegetation plus understory requires two vegetation populations
41669,2021,cover_annual,model_unsupported,Standing woody/perennial forage vegetation plus understory requires two vegetation populations
41669,2022,cover_annual,model_unsupported,Standing woody/perennial forage vegetation plus understory requires two vegetation populations
41669,2023,cover_annual,model_unsupported,Standing woody/perennial forage vegetation plus understory requires two vegetation populations
41669,2016,rice_one_dry,inapplicable,Cash crop is not rice
41669,2016,rice_two_dry,inapplicable,Cash crop is not rice
41669,2017,rice_one_dry,inapplicable,Cash crop is not rice
41669,2017,rice_two_dry,inapplicable,Cash crop is not rice
41669,2018,rice_one_dry,inapplicable,Cash crop is not rice
41669,2018,rice_two_dry,inapplicable,Cash crop is not rice
41669,2019,rice_one_dry,inapplicable,Cash crop is not rice
41669,2019,rice_two_dry,inapplicable,Cash crop is not rice
41669,2020,rice_one_dry,inapplicable,Cash crop is not rice
41669,2020,rice_two_dry,inapplicable,Cash crop is not rice
41669,2021,rice_one_dry,inapplicable,Cash crop is not rice
41669,2021,rice_two_dry,inapplicable,Cash crop is not rice
41669,2022,rice_one_dry,inapplicable,Cash crop is not rice
41669,2022,rice_two_dry,inapplicable,Cash crop is not rice
41669,2023,rice_one_dry,inapplicable,Cash crop is not rice
41669,2023,rice_two_dry,inapplicable,Cash crop is not rice
436143,2016,cover_annual,model_unsupported,Standing woody/perennial forage vegetation plus understory requires two vegetation populations
436143,2017,cover_annual,model_unsupported,Standing woody/perennial forage vegetation plus understory requires two vegetation populations
436143,2018,cover_annual,prepared,"Annual cover in a source-season window, trimmed only to preserve cash crops"
436143,2019,cover_annual,prepared,"Annual cover in a source-season window, trimmed only to preserve cash crops"
436143,2020,cover_annual,prepared,"Annual cover in a source-season window, trimmed only to preserve cash crops"
436143,2021,cover_annual,prepared,"Annual cover in a source-season window, trimmed only to preserve cash crops"
436143,2022,cover_annual,prepared,"Annual cover in a source-season window, trimmed only to preserve cash crops"
436143,2023,cover_annual,prepared,"Annual cover in a source-season window, trimmed only to preserve cash crops"
436143,2016,rice_one_dry,inapplicable,Cash crop is not rice
436143,2016,rice_two_dry,inapplicable,Cash crop is not rice
436143,2017,rice_one_dry,inapplicable,Cash crop is not rice
436143,2017,rice_two_dry,inapplicable,Cash crop is not rice
436143,2018,rice_one_dry,inapplicable,Cash crop is not rice
436143,2018,rice_two_dry,inapplicable,Cash crop is not rice
436143,2019,rice_one_dry,inapplicable,Cash crop is not rice
436143,2019,rice_two_dry,inapplicable,Cash crop is not rice
436143,2020,rice_one_dry,inapplicable,Cash crop is not rice
436143,2020,rice_two_dry,inapplicable,Cash crop is not rice
436143,2021,rice_one_dry,inapplicable,Cash crop is not rice
436143,2021,rice_two_dry,inapplicable,Cash crop is not rice
436143,2022,rice_one_dry,inapplicable,Cash crop is not rice
436143,2022,rice_two_dry,inapplicable,Cash crop is not rice
436143,2023,rice_one_dry,inapplicable,Cash crop is not rice
436143,2023,rice_two_dry,inapplicable,Cash crop is not rice
371139,2016,cover_annual,model_unsupported,Standing woody/perennial forage vegetation plus understory requires two vegetation populations
371139,2017,cover_annual,model_unsupported,Standing woody/perennial forage vegetation plus understory requires two vegetation populations
371139,2018,cover_annual,model_unsupported,Standing woody/perennial forage vegetation plus understory requires two vegetation populations
371139,2019,cover_annual,model_unsupported,Standing woody/perennial forage vegetation plus understory requires two vegetation populations
371139,2020,cover_annual,model_unsupported,Standing woody/perennial forage vegetation plus understory requires two vegetation populations
371139,2021,cover_annual,model_unsupported,Standing woody/perennial forage vegetation plus understory requires two vegetation populations
371139,2022,cover_annual,model_unsupported,Standing woody/perennial forage vegetation plus understory requires two vegetation populations
371139,2023,cover_annual,model_unsupported,Standing woody/perennial forage vegetation plus understory requires two vegetation populations
371139,2016,rice_one_dry,inapplicable,Cash crop is not rice
371139,2016,rice_two_dry,inapplicable,Cash crop is not rice
371139,2017,rice_one_dry,inapplicable,Cash crop is not rice
371139,2017,rice_two_dry,inapplicable,Cash crop is not rice
371139,2018,rice_one_dry,inapplicable,Cash crop is not rice
371139,2018,rice_two_dry,inapplicable,Cash crop is not rice
371139,2019,rice_one_dry,inapplicable,Cash crop is not rice
371139,2019,rice_two_dry,inapplicable,Cash crop is not rice
371139,2020,rice_one_dry,inapplicable,Cash crop is not rice
371139,2020,rice_two_dry,inapplicable,Cash crop is not rice
371139,2021,rice_one_dry,inapplicable,Cash crop is not rice
371139,2021,rice_two_dry,inapplicable,Cash crop is not rice
371139,2022,rice_one_dry,inapplicable,Cash crop is not rice
371139,2022,rice_two_dry,inapplicable,Cash crop is not rice
371139,2023,rice_one_dry,inapplicable,Cash crop is not rice
371139,2023,rice_two_dry,inapplicable,Cash crop is not rice
510456,2016,cover_annual,model_unsupported,Standing woody/perennial forage vegetation plus understory requires two vegetation populations
510456,2017,cover_annual,prepared,"Annual cover in a source-season window, trimmed only to preserve cash crops"
510456,2018,cover_annual,prepared,"Annual cover in a source-season window, trimmed only to preserve cash crops"
510456,2019,cover_annual,prepared,"Annual cover in a source-season window, trimmed only to preserve cash crops"
510456,2020,cover_annual,prepared,"Annual cover in a source-season window, trimmed only to preserve cash crops"
510456,2021,cover_annual,prepared,"Annual cover in a source-season window, trimmed only to preserve cash crops"
510456,2022,cover_annual,prepared,"Annual cover in a source-season window, trimmed only to preserve cash crops"
510456,2023,cover_annual,prepared,"Annual cover in a source-season window, trimmed only to preserve cash crops"
510456,2016,rice_one_dry,inapplicable,Cash crop is not rice
510456,2016,rice_two_dry,inapplicable,Cash crop is not rice
510456,2017,rice_one_dry,prepared,Recorded or source-inferred rice crop
510456,2017,rice_two_dry,prepared,Recorded or source-inferred rice crop
510456,2018,rice_one_dry,prepared,Recorded or source-inferred rice crop
510456,2018,rice_two_dry,prepared,Recorded or source-inferred rice crop
510456,2019,rice_one_dry,prepared,Recorded or source-inferred rice crop
510456,2019,rice_two_dry,prepared,Recorded or source-inferred rice crop
510456,2020,rice_one_dry,prepared,Recorded or source-inferred rice crop
510456,2020,rice_two_dry,prepared,Recorded or source-inferred rice crop
510456,2021,rice_one_dry,prepared,Recorded or source-inferred rice crop
510456,2021,rice_two_dry,prepared,Recorded or source-inferred rice crop
510456,2022,rice_one_dry,inapplicable,Cash crop is not rice
510456,2022,rice_two_dry,inapplicable,Cash crop is not rice
510456,2023,rice_one_dry,inapplicable,Cash crop is not rice
510456,2023,rice_two_dry,inapplicable,Cash crop is not rice
24007,2016,cover_annual,model_unsupported,Standing woody/perennial forage vegetation plus understory requires two vegetation populations
24007,2017,cover_annual,model_unsupported,Standing woody/perennial forage vegetation plus understory requires two vegetation populations
24007,2018,cover_annual,model_unsupported,Standing woody/perennial forage vegetation plus understory requires two vegetation populations
24007,2019,cover_annual,model_unsupported,Standing woody/perennial forage vegetation plus understory requires two vegetation populations
24007,2020,cover_annual,model_unsupported,Standing woody/perennial forage vegetation plus understory requires two vegetation populations
24007,2021,cover_annual,model_unsupported,Standing woody/perennial forage vegetation plus understory requires two vegetation populations
24007,2022,cover_annual,model_unsupported,Standing woody/perennial forage vegetation plus understory requires two vegetation populations
24007,2023,cover_annual,model_unsupported,Standing woody/perennial forage vegetation plus understory requires two vegetation populations
24007,2016,rice_one_dry,inapplicable,Cash crop is not rice
24007,2016,rice_two_dry,inapplicable,Cash crop is not rice
24007,2017,rice_one_dry,inapplicable,Cash crop is not rice
24007,2017,rice_two_dry,inapplicable,Cash crop is not rice
24007,2018,rice_one_dry,inapplicable,Cash crop is not rice
24007,2018,rice_two_dry,inapplicable,Cash crop is not rice
24007,2019,rice_one_dry,inapplicable,Cash crop is not rice
24007,2019,rice_two_dry,inapplicable,Cash crop is not rice
24007,2020,rice_one_dry,inapplicable,Cash crop is not rice
24007,2020,rice_two_dry,inapplicable,Cash crop is not rice
24007,2021,rice_one_dry,inapplicable,Cash crop is not rice
24007,2021,rice_two_dry,inapplicable,Cash crop is not rice
24007,2022,rice_one_dry,inapplicable,Cash crop is not rice
24007,2022,rice_two_dry,inapplicable,Cash crop is not rice
24007,2023,rice_one_dry,inapplicable,Cash crop is not rice
24007,2023,rice_two_dry,inapplicable,Cash crop is not rice
462857,2016,cover_annual,prepared,"Annual cover in a source-season window, trimmed only to preserve cash crops"
462857,2017,cover_annual,prepared,"Annual cover in a source-season window, trimmed only to preserve cash crops"
462857,2018,cover_annual,prepared,"Annual cover in a source-season window, trimmed only to preserve cash crops"
462857,2019,cover_annual,prepared,"Annual cover in a source-season window, trimmed only to preserve cash crops"
462857,2020,cover_annual,model_unsupported,Standing woody/perennial forage vegetation plus understory requires two vegetation populations
462857,2021,cover_annual,model_unsupported,Standing woody/perennial forage vegetation plus understory requires two vegetation populations
462857,2022,cover_annual,model_unsupported,Standing woody/perennial forage vegetation plus understory requires two vegetation populations
462857,2023,cover_annual,prepared,"Annual cover in a source-season window, trimmed only to preserve cash crops"
462857,2016,rice_one_dry,inapplicable,Cash crop is not rice
462857,2016,rice_two_dry,inapplicable,Cash crop is not rice
462857,2017,rice_one_dry,inapplicable,Cash crop is not rice
462857,2017,rice_two_dry,inapplicable,Cash crop is not rice
462857,2018,rice_one_dry,inapplicable,Cash crop is not rice
462857,2018,rice_two_dry,inapplicable,Cash crop is not rice
462857,2019,rice_one_dry,inapplicable,Cash crop is not rice
462857,2019,rice_two_dry,inapplicable,Cash crop is not rice
462857,2020,rice_one_dry,inapplicable,Cash crop is not rice
462857,2020,rice_two_dry,inapplicable,Cash crop is not rice
462857,2021,rice_one_dry,inapplicable,Cash crop is not rice
462857,2021,rice_two_dry,inapplicable,Cash crop is not rice
462857,2022,rice_one_dry,inapplicable,Cash crop is not rice
462857,2022,rice_two_dry,inapplicable,Cash crop is not rice
462857,2023,rice_one_dry,inapplicable,Cash crop is not rice
462857,2023,rice_two_dry,inapplicable,Cash crop is not rice
328163,2016,organic_substitution,prepared,Complete matched management reference and treatment
328163,2016,mineral_N_zero,prepared,Complete matched management reference and treatment
328163,2016,mineral_N_half,prepared,Complete matched management reference and treatment
328163,2016,mineral_N_one_half,prepared,Complete matched management reference and treatment
328163,2016,tillage_reduced,prepared,Complete matched management reference and treatment
328163,2016,tillage_zero,prepared,Complete matched management reference and treatment
328163,2017,organic_substitution,prepared,Complete matched management reference and treatment
328163,2017,mineral_N_zero,prepared,Complete matched management reference and treatment
328163,2017,mineral_N_half,prepared,Complete matched management reference and treatment
328163,2017,mineral_N_one_half,prepared,Complete matched management reference and treatment
328163,2017,tillage_reduced,prepared,Complete matched management reference and treatment
328163,2017,tillage_zero,prepared,Complete matched management reference and treatment
328163,2018,organic_substitution,prepared,Complete matched management reference and treatment
328163,2018,mineral_N_zero,prepared,Complete matched management reference and treatment
328163,2018,mineral_N_half,prepared,Complete matched management reference and treatment
328163,2018,mineral_N_one_half,prepared,Complete matched management reference and treatment
328163,2018,tillage_reduced,prepared,Complete matched management reference and treatment
328163,2018,tillage_zero,prepared,Complete matched management reference and treatment
328163,2019,organic_substitution,prepared,Complete matched management reference and treatment
328163,2019,mineral_N_zero,prepared,Complete matched management reference and treatment
328163,2019,mineral_N_half,prepared,Complete matched management reference and treatment
328163,2019,mineral_N_one_half,prepared,Complete matched management reference and treatment
328163,2019,tillage_reduced,prepared,Complete matched management reference and treatment
328163,2019,tillage_zero,prepared,Complete matched management reference and treatment
328163,2020,organic_substitution,prepared,Complete matched management reference and treatment
328163,2020,mineral_N_zero,prepared,Complete matched management reference and treatment
328163,2020,mineral_N_half,prepared,Complete matched management reference and treatment
328163,2020,mineral_N_one_half,prepared,Complete matched management reference and treatment
328163,2020,tillage_reduced,prepared,Complete matched management reference and treatment
328163,2020,tillage_zero,prepared,Complete matched management reference and treatment
328163,2021,organic_substitution,prepared,Complete matched management reference and treatment
328163,2021,mineral_N_zero,prepared,Complete matched management reference and treatment
328163,2021,mineral_N_half,prepared,Complete matched management reference and treatment
328163,2021,mineral_N_one_half,prepared,Complete matched management reference and treatment
328163,2021,tillage_reduced,prepared,Complete matched management reference and treatment
328163,2021,tillage_zero,prepared,Complete matched management reference and treatment
328163,2022,organic_substitution,prepared,Complete matched management reference and treatment
328163,2022,mineral_N_zero,prepared,Complete matched management reference and treatment
328163,2022,mineral_N_half,prepared,Complete matched management reference and treatment
328163,2022,mineral_N_one_half,prepared,Complete matched management reference and treatment
328163,2022,tillage_reduced,prepared,Complete matched management reference and treatment
328163,2022,tillage_zero,prepared,Complete matched management reference and treatment
328163,2023,organic_substitution,prepared,Complete matched management reference and treatment
328163,2023,mineral_N_zero,prepared,Complete matched management reference and treatment
328163,2023,mineral_N_half,prepared,Complete matched management reference and treatment
328163,2023,mineral_N_one_half,prepared,Complete matched management reference and treatment
328163,2023,tillage_reduced,prepared,Complete matched management reference and treatment
328163,2023,tillage_zero,prepared,Complete matched management reference and treatment
26336,2016,organic_substitution,prepared,Complete matched management reference and treatment
26336,2016,mineral_N_zero,prepared,Complete matched management reference and treatment
26336,2016,mineral_N_half,prepared,Complete matched management reference and treatment
26336,2016,mineral_N_one_half,prepared,Complete matched management reference and treatment
26336,2016,tillage_reduced,prepared,Complete matched management reference and treatment
26336,2016,tillage_zero,prepared,Complete matched management reference and treatment
26336,2017,organic_substitution,prepared,Complete matched management reference and treatment
26336,2017,mineral_N_zero,prepared,Complete matched management reference and treatment
26336,2017,mineral_N_half,prepared,Complete matched management reference and treatment
26336,2017,mineral_N_one_half,prepared,Complete matched management reference and treatment
26336,2017,tillage_reduced,prepared,Complete matched management reference and treatment
26336,2017,tillage_zero,prepared,Complete matched management reference and treatment
26336,2018,organic_substitution,prepared,Complete matched management reference and treatment
26336,2018,mineral_N_zero,prepared,Complete matched management reference and treatment
26336,2018,mineral_N_half,prepared,Complete matched management reference and treatment
26336,2018,mineral_N_one_half,prepared,Complete matched management reference and treatment
26336,2018,tillage_reduced,prepared,Complete matched management reference and treatment
26336,2018,tillage_zero,prepared,Complete matched management reference and treatment
26336,2019,organic_substitution,prepared,Complete matched management reference and treatment
26336,2019,mineral_N_zero,prepared,Complete matched management reference and treatment
26336,2019,mineral_N_half,prepared,Complete matched management reference and treatment
26336,2019,mineral_N_one_half,prepared,Complete matched management reference and treatment
26336,2019,tillage_reduced,prepared,Complete matched management reference and treatment
26336,2019,tillage_zero,prepared,Complete matched management reference and treatment
26336,2020,organic_substitution,prepared,Complete matched management reference and treatment
26336,2020,mineral_N_zero,prepared,Complete matched management reference and treatment
26336,2020,mineral_N_half,prepared,Complete matched management reference and treatment
26336,2020,mineral_N_one_half,prepared,Complete matched management reference and treatment
26336,2020,tillage_reduced,prepared,Complete matched management reference and treatment
26336,2020,tillage_zero,prepared,Complete matched management reference and treatment
26336,2021,organic_substitution,prepared,Complete matched management reference and treatment
26336,2021,mineral_N_zero,prepared,Complete matched management reference and treatment
26336,2021,mineral_N_half,prepared,Complete matched management reference and treatment
26336,2021,mineral_N_one_half,prepared,Complete matched management reference and treatment
26336,2021,tillage_reduced,prepared,Complete matched management reference and treatment
26336,2021,tillage_zero,prepared,Complete matched management reference and treatment
26336,2022,organic_substitution,prepared,Complete matched management reference and treatment
26336,2022,mineral_N_zero,prepared,Complete matched management reference and treatment
26336,2022,mineral_N_half,prepared,Complete matched management reference and treatment
26336,2022,mineral_N_one_half,prepared,Complete matched management reference and treatment
26336,2022,tillage_reduced,prepared,Complete matched management reference and treatment
26336,2022,tillage_zero,prepared,Complete matched management reference and treatment
26336,2023,organic_substitution,prepared,Complete matched management reference and treatment
26336,2023,mineral_N_zero,prepared,Complete matched management reference and treatment
26336,2023,mineral_N_half,prepared,Complete matched management reference and treatment
26336,2023,mineral_N_one_half,prepared,Complete matched management reference and treatment
26336,2023,tillage_reduced,prepared,Complete matched management reference and treatment
26336,2023,tillage_zero,prepared,Complete matched management reference and treatment
565118,2016,organic_substitution,prepared,Complete matched management reference and treatment
565118,2016,mineral_N_zero,prepared,Complete matched management reference and treatment
565118,2016,mineral_N_half,prepared,Complete matched management reference and treatment
565118,2016,mineral_N_one_half,prepared,Complete matched management reference and treatment
565118,2016,tillage_reduced,prepared,Complete matched management reference and treatment
565118,2016,tillage_zero,prepared,Complete matched management reference and treatment
565118,2017,organic_substitution,prepared,Complete matched management reference and treatment
565118,2017,mineral_N_zero,prepared,Complete matched management reference and treatment
565118,2017,mineral_N_half,prepared,Complete matched management reference and treatment
565118,2017,mineral_N_one_half,prepared,Complete matched management reference and treatment
565118,2017,tillage_reduced,prepared,Complete matched management reference and treatment
565118,2017,tillage_zero,prepared,Complete matched management reference and treatment
565118,2018,organic_substitution,prepared,Complete matched management reference and treatment
565118,2018,mineral_N_zero,prepared,Complete matched management reference and treatment
565118,2018,mineral_N_half,prepared,Complete matched management reference and treatment
565118,2018,mineral_N_one_half,prepared,Complete matched management reference and treatment
565118,2018,tillage_reduced,prepared,Complete matched management reference and treatment
565118,2018,tillage_zero,prepared,Complete matched management reference and treatment
565118,2019,organic_substitution,prepared,Complete matched management reference and treatment
565118,2019,mineral_N_zero,prepared,Complete matched management reference and treatment
565118,2019,mineral_N_half,prepared,Complete matched management reference and treatment
565118,2019,mineral_N_one_half,prepared,Complete matched management reference and treatment
565118,2019,tillage_reduced,prepared,Complete matched management reference and treatment
565118,2019,tillage_zero,prepared,Complete matched management reference and treatment
565118,2020,organic_substitution,prepared,Complete matched management reference and treatment
565118,2020,mineral_N_zero,prepared,Complete matched management reference and treatment
565118,2020,mineral_N_half,prepared,Complete matched management reference and treatment
565118,2020,mineral_N_one_half,prepared,Complete matched management reference and treatment
565118,2020,tillage_reduced,prepared,Complete matched management reference and treatment
565118,2020,tillage_zero,prepared,Complete matched management reference and treatment
565118,2021,organic_substitution,prepared,Complete matched management reference and treatment
565118,2021,mineral_N_zero,prepared,Complete matched management reference and treatment
565118,2021,mineral_N_half,prepared,Complete matched management reference and treatment
565118,2021,mineral_N_one_half,prepared,Complete matched management reference and treatment
565118,2021,tillage_reduced,prepared,Complete matched management reference and treatment
565118,2021,tillage_zero,prepared,Complete matched management reference and treatment
565118,2022,organic_substitution,prepared,Complete matched management reference and treatment
565118,2022,mineral_N_zero,prepared,Complete matched management reference and treatment
565118,2022,mineral_N_half,prepared,Complete matched management reference and treatment
565118,2022,mineral_N_one_half,prepared,Complete matched management reference and treatment
565118,2022,tillage_reduced,prepared,Complete matched management reference and treatment
565118,2022,tillage_zero,prepared,Complete matched management reference and treatment
565118,2023,organic_substitution,prepared,Complete matched management reference and treatment
565118,2023,mineral_N_zero,prepared,Complete matched management reference and treatment
565118,2023,mineral_N_half,prepared,Complete matched management reference and treatment
565118,2023,mineral_N_one_half,prepared,Complete matched management reference and treatment
565118,2023,tillage_reduced,prepared,Complete matched management reference and treatment
565118,2023,tillage_zero,prepared,Complete matched management reference and treatment
159849,2016,organic_substitution,prepared,Complete matched management reference and treatment
159849,2016,mineral_N_zero,prepared,Complete matched management reference and treatment
159849,2016,mineral_N_half,prepared,Complete matched management reference and treatment
159849,2016,mineral_N_one_half,prepared,Complete matched management reference and treatment
159849,2016,tillage_reduced,prepared,Complete matched management reference and treatment
159849,2016,tillage_zero,prepared,Complete matched management reference and treatment
159849,2017,organic_substitution,prepared,Complete matched management reference and treatment
159849,2017,mineral_N_zero,prepared,Complete matched management reference and treatment
159849,2017,mineral_N_half,prepared,Complete matched management reference and treatment
159849,2017,mineral_N_one_half,prepared,Complete matched management reference and treatment
159849,2017,tillage_reduced,prepared,Complete matched management reference and treatment
159849,2017,tillage_zero,prepared,Complete matched management reference and treatment
159849,2018,organic_substitution,prepared,Complete matched management reference and treatment
159849,2018,mineral_N_zero,prepared,Complete matched management reference and treatment
159849,2018,mineral_N_half,prepared,Complete matched management reference and treatment
159849,2018,mineral_N_one_half,prepared,Complete matched management reference and treatment
159849,2018,tillage_reduced,prepared,Complete matched management reference and treatment
159849,2018,tillage_zero,prepared,Complete matched management reference and treatment
159849,2019,organic_substitution,prepared,Complete matched management reference and treatment
159849,2019,mineral_N_zero,prepared,Complete matched management reference and treatment
159849,2019,mineral_N_half,prepared,Complete matched management reference and treatment
159849,2019,mineral_N_one_half,prepared,Complete matched management reference and treatment
159849,2019,tillage_reduced,prepared,Complete matched management reference and treatment
159849,2019,tillage_zero,prepared,Complete matched management reference and treatment
159849,2020,organic_substitution,prepared,Complete matched management reference and treatment
159849,2020,mineral_N_zero,prepared,Complete matched management reference and treatment
159849,2020,mineral_N_half,prepared,Complete matched management reference and treatment
159849,2020,mineral_N_one_half,prepared,Complete matched management reference and treatment
159849,2020,tillage_reduced,prepared,Complete matched management reference and treatment
159849,2020,tillage_zero,prepared,Complete matched management reference and treatment
159849,2021,organic_substitution,prepared,Complete matched management reference and treatment
159849,2021,mineral_N_zero,prepared,Complete matched management reference and treatment
159849,2021,mineral_N_half,prepared,Complete matched management reference and treatment
159849,2021,mineral_N_one_half,prepared,Complete matched management reference and treatment
159849,2021,tillage_reduced,prepared,Complete matched management reference and treatment
159849,2021,tillage_zero,prepared,Complete matched management reference and treatment
159849,2022,organic_substitution,prepared,Complete matched management reference and treatment
159849,2022,mineral_N_zero,prepared,Complete matched management reference and treatment
159849,2022,mineral_N_half,prepared,Complete matched management reference and treatment
159849,2022,mineral_N_one_half,prepared,Complete matched management reference and treatment
159849,2022,tillage_reduced,prepared,Complete matched management reference and treatment
159849,2022,tillage_zero,prepared,Complete matched management reference and treatment
159849,2023,organic_substitution,prepared,Complete matched management reference and treatment
159849,2023,mineral_N_zero,prepared,Complete matched management reference and treatment
159849,2023,mineral_N_half,prepared,Complete matched management reference and treatment
159849,2023,mineral_N_one_half,prepared,Complete matched management reference and treatment
159849,2023,tillage_reduced,prepared,Complete matched management reference and treatment
159849,2023,tillage_zero,prepared,Complete matched management reference and treatment
522375,2016,organic_substitution,prepared,Complete matched management reference and treatment
522375,2016,mineral_N_zero,prepared,Complete matched management reference and treatment
522375,2016,mineral_N_half,prepared,Complete matched management reference and treatment
522375,2016,mineral_N_one_half,prepared,Complete matched management reference and treatment
522375,2016,tillage_reduced,prepared,Complete matched management reference and treatment
522375,2016,tillage_zero,prepared,Complete matched management reference and treatment
522375,2017,organic_substitution,prepared,Complete matched management reference and treatment
522375,2017,mineral_N_zero,prepared,Complete matched management reference and treatment
522375,2017,mineral_N_half,prepared,Complete matched management reference and treatment
522375,2017,mineral_N_one_half,prepared,Complete matched management reference and treatment
522375,2017,tillage_reduced,prepared,Complete matched management reference and treatment
522375,2017,tillage_zero,prepared,Complete matched management reference and treatment
522375,2018,organic_substitution,prepared,Complete matched management reference and treatment
522375,2018,mineral_N_zero,prepared,Complete matched management reference and treatment
522375,2018,mineral_N_half,prepared,Complete matched management reference and treatment
522375,2018,mineral_N_one_half,prepared,Complete matched management reference and treatment
522375,2018,tillage_reduced,prepared,Complete matched management reference and treatment
522375,2018,tillage_zero,prepared,Complete matched management reference and treatment
522375,2019,organic_substitution,prepared,Complete matched management reference and treatment
522375,2019,mineral_N_zero,prepared,Complete matched management reference and treatment
522375,2019,mineral_N_half,prepared,Complete matched management reference and treatment
522375,2019,mineral_N_one_half,prepared,Complete matched management reference and treatment
522375,2019,tillage_reduced,prepared,Complete matched management reference and treatment
522375,2019,tillage_zero,prepared,Complete matched management reference and treatment
522375,2020,organic_substitution,prepared,Complete matched management reference and treatment
522375,2020,mineral_N_zero,prepared,Complete matched management reference and treatment
522375,2020,mineral_N_half,prepared,Complete matched management reference and treatment
522375,2020,mineral_N_one_half,prepared,Complete matched management reference and treatment
522375,2020,tillage_reduced,prepared,Complete matched management reference and treatment
522375,2020,tillage_zero,prepared,Complete matched management reference and treatment
522375,2021,organic_substitution,prepared,Complete matched management reference and treatment
522375,2021,mineral_N_zero,prepared,Complete matched management reference and treatment
522375,2021,mineral_N_half,prepared,Complete matched management reference and treatment
522375,2021,mineral_N_one_half,prepared,Complete matched management reference and treatment
522375,2021,tillage_reduced,prepared,Complete matched management reference and treatment
522375,2021,tillage_zero,prepared,Complete matched management reference and treatment
522375,2022,organic_substitution,prepared,Complete matched management reference and treatment
522375,2022,mineral_N_zero,prepared,Complete matched management reference and treatment
522375,2022,mineral_N_half,prepared,Complete matched management reference and treatment
522375,2022,mineral_N_one_half,prepared,Complete matched management reference and treatment
522375,2022,tillage_reduced,prepared,Complete matched management reference and treatment
522375,2022,tillage_zero,prepared,Complete matched management reference and treatment
522375,2023,organic_substitution,prepared,Complete matched management reference and treatment
522375,2023,mineral_N_zero,prepared,Complete matched management reference and treatment
522375,2023,mineral_N_half,prepared,Complete matched management reference and treatment
522375,2023,mineral_N_one_half,prepared,Complete matched management reference and treatment
522375,2023,tillage_reduced,prepared,Complete matched management reference and treatment
522375,2023,tillage_zero,prepared,Complete matched management reference and treatment
534243,2016,organic_substitution,prepared,Complete matched management reference and treatment
534243,2016,mineral_N_zero,prepared,Complete matched management reference and treatment
534243,2016,mineral_N_half,prepared,Complete matched management reference and treatment
534243,2016,mineral_N_one_half,prepared,Complete matched management reference and treatment
534243,2016,tillage_reduced,prepared,Complete matched management reference and treatment
534243,2016,tillage_zero,prepared,Complete matched management reference and treatment
534243,2017,organic_substitution,prepared,Complete matched management reference and treatment
534243,2017,mineral_N_zero,prepared,Complete matched management reference and treatment
534243,2017,mineral_N_half,prepared,Complete matched management reference and treatment
534243,2017,mineral_N_one_half,prepared,Complete matched management reference and treatment
534243,2017,tillage_reduced,prepared,Complete matched management reference and treatment
534243,2017,tillage_zero,prepared,Complete matched management reference and treatment
534243,2018,organic_substitution,prepared,Complete matched management reference and treatment
534243,2018,mineral_N_zero,prepared,Complete matched management reference and treatment
534243,2018,mineral_N_half,prepared,Complete matched management reference and treatment
534243,2018,mineral_N_one_half,prepared,Complete matched management reference and treatment
534243,2018,tillage_reduced,prepared,Complete matched management reference and treatment
534243,2018,tillage_zero,prepared,Complete matched management reference and treatment
534243,2019,organic_substitution,prepared,Complete matched management reference and treatment
534243,2019,mineral_N_zero,prepared,Complete matched management reference and treatment
534243,2019,mineral_N_half,prepared,Complete matched management reference and treatment
534243,2019,mineral_N_one_half,prepared,Complete matched management reference and treatment
534243,2019,tillage_reduced,prepared,Complete matched management reference and treatment
534243,2019,tillage_zero,prepared,Complete matched management reference and treatment
534243,2020,organic_substitution,prepared,Complete matched management reference and treatment
534243,2020,mineral_N_zero,prepared,Complete matched management reference and treatment
534243,2020,mineral_N_half,prepared,Complete matched management reference and treatment
534243,2020,mineral_N_one_half,prepared,Complete matched management reference and treatment
534243,2020,tillage_reduced,prepared,Complete matched management reference and treatment
534243,2020,tillage_zero,prepared,Complete matched management reference and treatment
534243,2021,organic_substitution,prepared,Complete matched management reference and treatment
534243,2021,mineral_N_zero,prepared,Complete matched management reference and treatment
534243,2021,mineral_N_half,prepared,Complete matched management reference and treatment
534243,2021,mineral_N_one_half,prepared,Complete matched management reference and treatment
534243,2021,tillage_reduced,prepared,Complete matched management reference and treatment
534243,2021,tillage_zero,prepared,Complete matched management reference and treatment
534243,2022,organic_substitution,prepared,Complete matched management reference and treatment
534243,2022,mineral_N_zero,prepared,Complete matched management reference and treatment
534243,2022,mineral_N_half,prepared,Complete matched management reference and treatment
534243,2022,mineral_N_one_half,prepared,Complete matched management reference and treatment
534243,2022,tillage_reduced,prepared,Complete matched management reference and treatment
534243,2022,tillage_zero,prepared,Complete matched management reference and treatment
534243,2023,organic_substitution,prepared,Complete matched management reference and treatment
534243,2023,mineral_N_zero,prepared,Complete matched management reference and treatment
534243,2023,mineral_N_half,prepared,Complete matched management reference and treatment
534243,2023,mineral_N_one_half,prepared,Complete matched management reference and treatment
534243,2023,tillage_reduced,prepared,Complete matched management reference and treatment
534243,2023,tillage_zero,prepared,Complete matched management reference and treatment
205678,2016,organic_substitution,prepared,Complete matched management reference and treatment
205678,2016,mineral_N_zero,prepared,Complete matched management reference and treatment
205678,2016,mineral_N_half,prepared,Complete matched management reference and treatment
205678,2016,mineral_N_one_half,prepared,Complete matched management reference and treatment
205678,2016,tillage_reduced,prepared,Complete matched management reference and treatment
205678,2016,tillage_zero,prepared,Complete matched management reference and treatment
205678,2017,organic_substitution,prepared,Complete matched management reference and treatment
205678,2017,mineral_N_zero,prepared,Complete matched management reference and treatment
205678,2017,mineral_N_half,prepared,Complete matched management reference and treatment
205678,2017,mineral_N_one_half,prepared,Complete matched management reference and treatment
205678,2017,tillage_reduced,prepared,Complete matched management reference and treatment
205678,2017,tillage_zero,prepared,Complete matched management reference and treatment
205678,2018,organic_substitution,prepared,Complete matched management reference and treatment
205678,2018,mineral_N_zero,prepared,Complete matched management reference and treatment
205678,2018,mineral_N_half,prepared,Complete matched management reference and treatment
205678,2018,mineral_N_one_half,prepared,Complete matched management reference and treatment
205678,2018,tillage_reduced,prepared,Complete matched management reference and treatment
205678,2018,tillage_zero,prepared,Complete matched management reference and treatment
205678,2019,organic_substitution,prepared,Complete matched management reference and treatment
205678,2019,mineral_N_zero,prepared,Complete matched management reference and treatment
205678,2019,mineral_N_half,prepared,Complete matched management reference and treatment
205678,2019,mineral_N_one_half,prepared,Complete matched management reference and treatment
205678,2019,tillage_reduced,prepared,Complete matched management reference and treatment
205678,2019,tillage_zero,prepared,Complete matched management reference and treatment
205678,2020,organic_substitution,prepared,Complete matched management reference and treatment
205678,2020,mineral_N_zero,prepared,Complete matched management reference and treatment
205678,2020,mineral_N_half,prepared,Complete matched management reference and treatment
205678,2020,mineral_N_one_half,prepared,Complete matched management reference and treatment
205678,2020,tillage_reduced,prepared,Complete matched management reference and treatment
205678,2020,tillage_zero,prepared,Complete matched management reference and treatment
205678,2021,organic_substitution,prepared,Complete matched management reference and treatment
205678,2021,mineral_N_zero,prepared,Complete matched management reference and treatment
205678,2021,mineral_N_half,prepared,Complete matched management reference and treatment
205678,2021,mineral_N_one_half,prepared,Complete matched management reference and treatment
205678,2021,tillage_reduced,prepared,Complete matched management reference and treatment
205678,2021,tillage_zero,prepared,Complete matched management reference and treatment
205678,2022,organic_substitution,prepared,Complete matched management reference and treatment
205678,2022,mineral_N_zero,prepared,Complete matched management reference and treatment
205678,2022,mineral_N_half,prepared,Complete matched management reference and treatment
205678,2022,mineral_N_one_half,prepared,Complete matched management reference and treatment
205678,2022,tillage_reduced,prepared,Complete matched management reference and treatment
205678,2022,tillage_zero,prepared,Complete matched management reference and treatment
205678,2023,organic_substitution,prepared,Complete matched management reference and treatment
205678,2023,mineral_N_zero,prepared,Complete matched management reference and treatment
205678,2023,mineral_N_half,prepared,Complete matched management reference and treatment
205678,2023,mineral_N_one_half,prepared,Complete matched management reference and treatment
205678,2023,tillage_reduced,prepared,Complete matched management reference and treatment
205678,2023,tillage_zero,prepared,Complete matched management reference and treatment
169473,2016,organic_substitution,prepared,Complete matched management reference and treatment
169473,2016,mineral_N_zero,prepared,Complete matched management reference and treatment
169473,2016,mineral_N_half,prepared,Complete matched management reference and treatment
169473,2016,mineral_N_one_half,prepared,Complete matched management reference and treatment
169473,2016,tillage_reduced,prepared,Complete matched management reference and treatment
169473,2016,tillage_zero,prepared,Complete matched management reference and treatment
169473,2017,organic_substitution,prepared,Complete matched management reference and treatment
169473,2017,mineral_N_zero,prepared,Complete matched management reference and treatment
169473,2017,mineral_N_half,prepared,Complete matched management reference and treatment
169473,2017,mineral_N_one_half,prepared,Complete matched management reference and treatment
169473,2017,tillage_reduced,prepared,Complete matched management reference and treatment
169473,2017,tillage_zero,prepared,Complete matched management reference and treatment
169473,2018,organic_substitution,prepared,Complete matched management reference and treatment
169473,2018,mineral_N_zero,prepared,Complete matched management reference and treatment
169473,2018,mineral_N_half,prepared,Complete matched management reference and treatment
169473,2018,mineral_N_one_half,prepared,Complete matched management reference and treatment
169473,2018,tillage_reduced,prepared,Complete matched management reference and treatment
169473,2018,tillage_zero,prepared,Complete matched management reference and treatment
169473,2019,organic_substitution,prepared,Complete matched management reference and treatment
169473,2019,mineral_N_zero,prepared,Complete matched management reference and treatment
169473,2019,mineral_N_half,prepared,Complete matched management reference and treatment
169473,2019,mineral_N_one_half,prepared,Complete matched management reference and treatment
169473,2019,tillage_reduced,prepared,Complete matched management reference and treatment
169473,2019,tillage_zero,prepared,Complete matched management reference and treatment
169473,2020,organic_substitution,prepared,Complete matched management reference and treatment
169473,2020,mineral_N_zero,prepared,Complete matched management reference and treatment
169473,2020,mineral_N_half,prepared,Complete matched management reference and treatment
169473,2020,mineral_N_one_half,prepared,Complete matched management reference and treatment
169473,2020,tillage_reduced,prepared,Complete matched management reference and treatment
169473,2020,tillage_zero,prepared,Complete matched management reference and treatment
169473,2021,organic_substitution,prepared,Complete matched management reference and treatment
169473,2021,mineral_N_zero,prepared,Complete matched management reference and treatment
169473,2021,mineral_N_half,prepared,Complete matched management reference and treatment
169473,2021,mineral_N_one_half,prepared,Complete matched management reference and treatment
169473,2021,tillage_reduced,prepared,Complete matched management reference and treatment
169473,2021,tillage_zero,prepared,Complete matched management reference and treatment
169473,2022,organic_substitution,prepared,Complete matched management reference and treatment
169473,2022,mineral_N_zero,prepared,Complete matched management reference and treatment
169473,2022,mineral_N_half,prepared,Complete matched management reference and treatment
169473,2022,mineral_N_one_half,prepared,Complete matched management reference and treatment
169473,2022,tillage_reduced,prepared,Complete matched management reference and treatment
169473,2022,tillage_zero,prepared,Complete matched management reference and treatment
169473,2023,organic_substitution,prepared,Complete matched management reference and treatment
169473,2023,mineral_N_zero,prepared,Complete matched management reference and treatment
169473,2023,mineral_N_half,prepared,Complete matched management reference and treatment
169473,2023,mineral_N_one_half,prepared,Complete matched management reference and treatment
169473,2023,tillage_reduced,prepared,Complete matched management reference and treatment
169473,2023,tillage_zero,prepared,Complete matched management reference and treatment
592578,2016,organic_substitution,prepared,Complete matched management reference and treatment
592578,2016,mineral_N_zero,prepared,Complete matched management reference and treatment
592578,2016,mineral_N_half,prepared,Complete matched management reference and treatment
592578,2016,mineral_N_one_half,prepared,Complete matched management reference and treatment
592578,2016,tillage_reduced,prepared,Complete matched management reference and treatment
592578,2016,tillage_zero,prepared,Complete matched management reference and treatment
592578,2017,organic_substitution,prepared,Complete matched management reference and treatment
592578,2017,mineral_N_zero,prepared,Complete matched management reference and treatment
592578,2017,mineral_N_half,prepared,Complete matched management reference and treatment
592578,2017,mineral_N_one_half,prepared,Complete matched management reference and treatment
592578,2017,tillage_reduced,prepared,Complete matched management reference and treatment
592578,2017,tillage_zero,prepared,Complete matched management reference and treatment
592578,2018,organic_substitution,prepared,Complete matched management reference and treatment
592578,2018,mineral_N_zero,prepared,Complete matched management reference and treatment
592578,2018,mineral_N_half,prepared,Complete matched management reference and treatment
592578,2018,mineral_N_one_half,prepared,Complete matched management reference and treatment
592578,2018,tillage_reduced,prepared,Complete matched management reference and treatment
592578,2018,tillage_zero,prepared,Complete matched management reference and treatment
592578,2019,organic_substitution,prepared,Complete matched management reference and treatment
592578,2019,mineral_N_zero,prepared,Complete matched management reference and treatment
592578,2019,mineral_N_half,prepared,Complete matched management reference and treatment
592578,2019,mineral_N_one_half,prepared,Complete matched management reference and treatment
592578,2019,tillage_reduced,prepared,Complete matched management reference and treatment
592578,2019,tillage_zero,prepared,Complete matched management reference and treatment
592578,2020,organic_substitution,prepared,Complete matched management reference and treatment
592578,2020,mineral_N_zero,prepared,Complete matched management reference and treatment
592578,2020,mineral_N_half,prepared,Complete matched management reference and treatment
592578,2020,mineral_N_one_half,prepared,Complete matched management reference and treatment
592578,2020,tillage_reduced,prepared,Complete matched management reference and treatment
592578,2020,tillage_zero,prepared,Complete matched management reference and treatment
592578,2021,organic_substitution,prepared,Complete matched management reference and treatment
592578,2021,mineral_N_zero,prepared,Complete matched management reference and treatment
592578,2021,mineral_N_half,prepared,Complete matched management reference and treatment
592578,2021,mineral_N_one_half,prepared,Complete matched management reference and treatment
592578,2021,tillage_reduced,prepared,Complete matched management reference and treatment
592578,2021,tillage_zero,prepared,Complete matched management reference and treatment
592578,2022,organic_substitution,prepared,Complete matched management reference and treatment
592578,2022,mineral_N_zero,prepared,Complete matched management reference and treatment
592578,2022,mineral_N_half,prepared,Complete matched management reference and treatment
592578,2022,mineral_N_one_half,prepared,Complete matched management reference and treatment
592578,2022,tillage_reduced,prepared,Complete matched management reference and treatment
592578,2022,tillage_zero,prepared,Complete matched management reference and treatment
592578,2023,organic_substitution,prepared,Complete matched management reference and treatment
592578,2023,mineral_N_zero,prepared,Complete matched management reference and treatment
592578,2023,mineral_N_half,prepared,Complete matched management reference and treatment
592578,2023,mineral_N_one_half,prepared,Complete matched management reference and treatment
592578,2023,tillage_reduced,prepared,Complete matched management reference and treatment
592578,2023,tillage_zero,prepared,Complete matched management reference and treatment
557284,2016,organic_substitution,prepared,Complete matched management reference and treatment
557284,2016,mineral_N_zero,prepared,Complete matched management reference and treatment
557284,2016,mineral_N_half,prepared,Complete matched management reference and treatment
557284,2016,mineral_N_one_half,prepared,Complete matched management reference and treatment
557284,2016,tillage_reduced,prepared,Complete matched management reference and treatment
557284,2016,tillage_zero,prepared,Complete matched management reference and treatment
557284,2017,organic_substitution,prepared,Complete matched management reference and treatment
557284,2017,mineral_N_zero,prepared,Complete matched management reference and treatment
557284,2017,mineral_N_half,prepared,Complete matched management reference and treatment
557284,2017,mineral_N_one_half,prepared,Complete matched management reference and treatment
557284,2017,tillage_reduced,prepared,Complete matched management reference and treatment
557284,2017,tillage_zero,prepared,Complete matched management reference and treatment
557284,2018,organic_substitution,prepared,Complete matched management reference and treatment
557284,2018,mineral_N_zero,prepared,Complete matched management reference and treatment
557284,2018,mineral_N_half,prepared,Complete matched management reference and treatment
557284,2018,mineral_N_one_half,prepared,Complete matched management reference and treatment
557284,2018,tillage_reduced,prepared,Complete matched management reference and treatment
557284,2018,tillage_zero,prepared,Complete matched management reference and treatment
557284,2019,organic_substitution,prepared,Complete matched management reference and treatment
557284,2019,mineral_N_zero,prepared,Complete matched management reference and treatment
557284,2019,mineral_N_half,prepared,Complete matched management reference and treatment
557284,2019,mineral_N_one_half,prepared,Complete matched management reference and treatment
557284,2019,tillage_reduced,prepared,Complete matched management reference and treatment
557284,2019,tillage_zero,prepared,Complete matched management reference and treatment
557284,2020,organic_substitution,prepared,Complete matched management reference and treatment
557284,2020,mineral_N_zero,prepared,Complete matched management reference and treatment
557284,2020,mineral_N_half,prepared,Complete matched management reference and treatment
557284,2020,mineral_N_one_half,prepared,Complete matched management reference and treatment
557284,2020,tillage_reduced,prepared,Complete matched management reference and treatment
557284,2020,tillage_zero,prepared,Complete matched management reference and treatment
557284,2021,organic_substitution,prepared,Complete matched management reference and treatment
557284,2021,mineral_N_zero,prepared,Complete matched management reference and treatment
557284,2021,mineral_N_half,prepared,Complete matched management reference and treatment
557284,2021,mineral_N_one_half,prepared,Complete matched management reference and treatment
557284,2021,tillage_reduced,prepared,Complete matched management reference and treatment
557284,2021,tillage_zero,prepared,Complete matched management reference and treatment
557284,2022,organic_substitution,prepared,Complete matched management reference and treatment
557284,2022,mineral_N_zero,prepared,Complete matched management reference and treatment
557284,2022,mineral_N_half,prepared,Complete matched management reference and treatment
557284,2022,mineral_N_one_half,prepared,Complete matched management reference and treatment
557284,2022,tillage_reduced,prepared,Complete matched management reference and treatment
557284,2022,tillage_zero,prepared,Complete matched management reference and treatment
557284,2023,organic_substitution,prepared,Complete matched management reference and treatment
557284,2023,mineral_N_zero,prepared,Complete matched management reference and treatment
557284,2023,mineral_N_half,prepared,Complete matched management reference and treatment
557284,2023,mineral_N_one_half,prepared,Complete matched management reference and treatment
557284,2023,tillage_reduced,prepared,Complete matched management reference and treatment
557284,2023,tillage_zero,prepared,Complete matched management reference and treatment
413887,2016,organic_substitution,prepared,Complete matched management reference and treatment
413887,2016,mineral_N_zero,prepared,Complete matched management reference and treatment
413887,2016,mineral_N_half,prepared,Complete matched management reference and treatment
413887,2016,mineral_N_one_half,prepared,Complete matched management reference and treatment
413887,2016,tillage_reduced,prepared,Complete matched management reference and treatment
413887,2016,tillage_zero,prepared,Complete matched management reference and treatment
413887,2017,organic_substitution,prepared,Complete matched management reference and treatment
413887,2017,mineral_N_zero,prepared,Complete matched management reference and treatment
413887,2017,mineral_N_half,prepared,Complete matched management reference and treatment
413887,2017,mineral_N_one_half,prepared,Complete matched management reference and treatment
413887,2017,tillage_reduced,prepared,Complete matched management reference and treatment
413887,2017,tillage_zero,prepared,Complete matched management reference and treatment
413887,2018,organic_substitution,prepared,Complete matched management reference and treatment
413887,2018,mineral_N_zero,prepared,Complete matched management reference and treatment
413887,2018,mineral_N_half,prepared,Complete matched management reference and treatment
413887,2018,mineral_N_one_half,prepared,Complete matched management reference and treatment
413887,2018,tillage_reduced,prepared,Complete matched management reference and treatment
413887,2018,tillage_zero,prepared,Complete matched management reference and treatment
413887,2019,organic_substitution,prepared,Complete matched management reference and treatment
413887,2019,mineral_N_zero,prepared,Complete matched management reference and treatment
413887,2019,mineral_N_half,prepared,Complete matched management reference and treatment
413887,2019,mineral_N_one_half,prepared,Complete matched management reference and treatment
413887,2019,tillage_reduced,prepared,Complete matched management reference and treatment
413887,2019,tillage_zero,prepared,Complete matched management reference and treatment
413887,2020,organic_substitution,prepared,Complete matched management reference and treatment
413887,2020,mineral_N_zero,prepared,Complete matched management reference and treatment
413887,2020,mineral_N_half,prepared,Complete matched management reference and treatment
413887,2020,mineral_N_one_half,prepared,Complete matched management reference and treatment
413887,2020,tillage_reduced,prepared,Complete matched management reference and treatment
413887,2020,tillage_zero,prepared,Complete matched management reference and treatment
413887,2021,organic_substitution,prepared,Complete matched management reference and treatment
413887,2021,mineral_N_zero,prepared,Complete matched management reference and treatment
413887,2021,mineral_N_half,prepared,Complete matched management reference and treatment
413887,2021,mineral_N_one_half,prepared,Complete matched management reference and treatment
413887,2021,tillage_reduced,prepared,Complete matched management reference and treatment
413887,2021,tillage_zero,prepared,Complete matched management reference and treatment
413887,2022,organic_substitution,prepared,Complete matched management reference and treatment
413887,2022,mineral_N_zero,prepared,Complete matched management reference and treatment
413887,2022,mineral_N_half,prepared,Complete matched management reference and treatment
413887,2022,mineral_N_one_half,prepared,Complete matched management reference and treatment
413887,2022,tillage_reduced,prepared,Complete matched management reference and treatment
413887,2022,tillage_zero,prepared,Complete matched management reference and treatment
413887,2023,organic_substitution,prepared,Complete matched management reference and treatment
413887,2023,mineral_N_zero,prepared,Complete matched management reference and treatment
413887,2023,mineral_N_half,prepared,Complete matched management reference and treatment
413887,2023,mineral_N_one_half,prepared,Complete matched management reference and treatment
413887,2023,tillage_reduced,prepared,Complete matched management reference and treatment
413887,2023,tillage_zero,prepared,Complete matched management reference and treatment
590334,2016,organic_substitution,prepared,Complete matched management reference and treatment
590334,2016,mineral_N_zero,prepared,Complete matched management reference and treatment
590334,2016,mineral_N_half,prepared,Complete matched management reference and treatment
590334,2016,mineral_N_one_half,prepared,Complete matched management reference and treatment
590334,2016,tillage_reduced,prepared,Complete matched management reference and treatment
590334,2016,tillage_zero,prepared,Complete matched management reference and treatment
590334,2017,organic_substitution,prepared,Complete matched management reference and treatment
590334,2017,mineral_N_zero,prepared,Complete matched management reference and treatment
590334,2017,mineral_N_half,prepared,Complete matched management reference and treatment
590334,2017,mineral_N_one_half,prepared,Complete matched management reference and treatment
590334,2017,tillage_reduced,prepared,Complete matched management reference and treatment
590334,2017,tillage_zero,prepared,Complete matched management reference and treatment
590334,2018,organic_substitution,prepared,Complete matched management reference and treatment
590334,2018,mineral_N_zero,prepared,Complete matched management reference and treatment
590334,2018,mineral_N_half,prepared,Complete matched management reference and treatment
590334,2018,mineral_N_one_half,prepared,Complete matched management reference and treatment
590334,2018,tillage_reduced,prepared,Complete matched management reference and treatment
590334,2018,tillage_zero,prepared,Complete matched management reference and treatment
590334,2019,organic_substitution,prepared,Complete matched management reference and treatment
590334,2019,mineral_N_zero,prepared,Complete matched management reference and treatment
590334,2019,mineral_N_half,prepared,Complete matched management reference and treatment
590334,2019,mineral_N_one_half,prepared,Complete matched management reference and treatment
590334,2019,tillage_reduced,prepared,Complete matched management reference and treatment
590334,2019,tillage_zero,prepared,Complete matched management reference and treatment
590334,2020,organic_substitution,prepared,Complete matched management reference and treatment
590334,2020,mineral_N_zero,prepared,Complete matched management reference and treatment
590334,2020,mineral_N_half,prepared,Complete matched management reference and treatment
590334,2020,mineral_N_one_half,prepared,Complete matched management reference and treatment
590334,2020,tillage_reduced,prepared,Complete matched management reference and treatment
590334,2020,tillage_zero,prepared,Complete matched management reference and treatment
590334,2021,organic_substitution,prepared,Complete matched management reference and treatment
590334,2021,mineral_N_zero,prepared,Complete matched management reference and treatment
590334,2021,mineral_N_half,prepared,Complete matched management reference and treatment
590334,2021,mineral_N_one_half,prepared,Complete matched management reference and treatment
590334,2021,tillage_reduced,prepared,Complete matched management reference and treatment
590334,2021,tillage_zero,prepared,Complete matched management reference and treatment
590334,2022,organic_substitution,prepared,Complete matched management reference and treatment
590334,2022,mineral_N_zero,prepared,Complete matched management reference and treatment
590334,2022,mineral_N_half,prepared,Complete matched management reference and treatment
590334,2022,mineral_N_one_half,prepared,Complete matched management reference and treatment
590334,2022,tillage_reduced,prepared,Complete matched management reference and treatment
590334,2022,tillage_zero,prepared,Complete matched management reference and treatment
590334,2023,organic_substitution,prepared,Complete matched management reference and treatment
590334,2023,mineral_N_zero,prepared,Complete matched management reference and treatment
590334,2023,mineral_N_half,prepared,Complete matched management reference and treatment
590334,2023,mineral_N_one_half,prepared,Complete matched management reference and treatment
590334,2023,tillage_reduced,prepared,Complete matched management reference and treatment
590334,2023,tillage_zero,prepared,Complete matched management reference and treatment
440393,2016,organic_substitution,prepared,Complete matched management reference and treatment
440393,2016,mineral_N_zero,prepared,Complete matched management reference and treatment
440393,2016,mineral_N_half,prepared,Complete matched management reference and treatment
440393,2016,mineral_N_one_half,prepared,Complete matched management reference and treatment
440393,2016,tillage_reduced,prepared,Complete matched management reference and treatment
440393,2016,tillage_zero,prepared,Complete matched management reference and treatment
440393,2017,organic_substitution,prepared,Complete matched management reference and treatment
440393,2017,mineral_N_zero,prepared,Complete matched management reference and treatment
440393,2017,mineral_N_half,prepared,Complete matched management reference and treatment
440393,2017,mineral_N_one_half,prepared,Complete matched management reference and treatment
440393,2017,tillage_reduced,prepared,Complete matched management reference and treatment
440393,2017,tillage_zero,prepared,Complete matched management reference and treatment
440393,2018,organic_substitution,prepared,Complete matched management reference and treatment
440393,2018,mineral_N_zero,prepared,Complete matched management reference and treatment
440393,2018,mineral_N_half,prepared,Complete matched management reference and treatment
440393,2018,mineral_N_one_half,prepared,Complete matched management reference and treatment
440393,2018,tillage_reduced,prepared,Complete matched management reference and treatment
440393,2018,tillage_zero,prepared,Complete matched management reference and treatment
440393,2019,organic_substitution,prepared,Complete matched management reference and treatment
440393,2019,mineral_N_zero,prepared,Complete matched management reference and treatment
440393,2019,mineral_N_half,prepared,Complete matched management reference and treatment
440393,2019,mineral_N_one_half,prepared,Complete matched management reference and treatment
440393,2019,tillage_reduced,prepared,Complete matched management reference and treatment
440393,2019,tillage_zero,prepared,Complete matched management reference and treatment
440393,2020,organic_substitution,prepared,Complete matched management reference and treatment
440393,2020,mineral_N_zero,prepared,Complete matched management reference and treatment
440393,2020,mineral_N_half,prepared,Complete matched management reference and treatment
440393,2020,mineral_N_one_half,prepared,Complete matched management reference and treatment
440393,2020,tillage_reduced,prepared,Complete matched management reference and treatment
440393,2020,tillage_zero,prepared,Complete matched management reference and treatment
440393,2021,organic_substitution,prepared,Complete matched management reference and treatment
440393,2021,mineral_N_zero,prepared,Complete matched management reference and treatment
440393,2021,mineral_N_half,prepared,Complete matched management reference and treatment
440393,2021,mineral_N_one_half,prepared,Complete matched management reference and treatment
440393,2021,tillage_reduced,prepared,Complete matched management reference and treatment
440393,2021,tillage_zero,prepared,Complete matched management reference and treatment
440393,2022,organic_substitution,prepared,Complete matched management reference and treatment
440393,2022,mineral_N_zero,prepared,Complete matched management reference and treatment
440393,2022,mineral_N_half,prepared,Complete matched management reference and treatment
440393,2022,mineral_N_one_half,prepared,Complete matched management reference and treatment
440393,2022,tillage_reduced,prepared,Complete matched management reference and treatment
440393,2022,tillage_zero,prepared,Complete matched management reference and treatment
440393,2023,organic_substitution,prepared,Complete matched management reference and treatment
440393,2023,mineral_N_zero,prepared,Complete matched management reference and treatment
440393,2023,mineral_N_half,prepared,Complete matched management reference and treatment
440393,2023,mineral_N_one_half,prepared,Complete matched management reference and treatment
440393,2023,tillage_reduced,prepared,Complete matched management reference and treatment
440393,2023,tillage_zero,prepared,Complete matched management reference and treatment
16073,2016,organic_substitution,prepared,Complete matched management reference and treatment
16073,2016,mineral_N_zero,prepared,Complete matched management reference and treatment
16073,2016,mineral_N_half,prepared,Complete matched management reference and treatment
16073,2016,mineral_N_one_half,prepared,Complete matched management reference and treatment
16073,2016,tillage_reduced,prepared,Complete matched management reference and treatment
16073,2016,tillage_zero,prepared,Complete matched management reference and treatment
16073,2017,organic_substitution,prepared,Complete matched management reference and treatment
16073,2017,mineral_N_zero,prepared,Complete matched management reference and treatment
16073,2017,mineral_N_half,prepared,Complete matched management reference and treatment
16073,2017,mineral_N_one_half,prepared,Complete matched management reference and treatment
16073,2017,tillage_reduced,prepared,Complete matched management reference and treatment
16073,2017,tillage_zero,prepared,Complete matched management reference and treatment
16073,2018,organic_substitution,prepared,Complete matched management reference and treatment
16073,2018,mineral_N_zero,prepared,Complete matched management reference and treatment
16073,2018,mineral_N_half,prepared,Complete matched management reference and treatment
16073,2018,mineral_N_one_half,prepared,Complete matched management reference and treatment
16073,2018,tillage_reduced,prepared,Complete matched management reference and treatment
16073,2018,tillage_zero,prepared,Complete matched management reference and treatment
16073,2019,organic_substitution,prepared,Complete matched management reference and treatment
16073,2019,mineral_N_zero,prepared,Complete matched management reference and treatment
16073,2019,mineral_N_half,prepared,Complete matched management reference and treatment
16073,2019,mineral_N_one_half,prepared,Complete matched management reference and treatment
16073,2019,tillage_reduced,prepared,Complete matched management reference and treatment
16073,2019,tillage_zero,prepared,Complete matched management reference and treatment
16073,2020,organic_substitution,prepared,Complete matched management reference and treatment
16073,2020,mineral_N_zero,prepared,Complete matched management reference and treatment
16073,2020,mineral_N_half,prepared,Complete matched management reference and treatment
16073,2020,mineral_N_one_half,prepared,Complete matched management reference and treatment
16073,2020,tillage_reduced,prepared,Complete matched management reference and treatment
16073,2020,tillage_zero,prepared,Complete matched management reference and treatment
16073,2021,organic_substitution,prepared,Complete matched management reference and treatment
16073,2021,mineral_N_zero,prepared,Complete matched management reference and treatment
16073,2021,mineral_N_half,prepared,Complete matched management reference and treatment
16073,2021,mineral_N_one_half,prepared,Complete matched management reference and treatment
16073,2021,tillage_reduced,prepared,Complete matched management reference and treatment
16073,2021,tillage_zero,prepared,Complete matched management reference and treatment
16073,2022,organic_substitution,prepared,Complete matched management reference and treatment
16073,2022,mineral_N_zero,prepared,Complete matched management reference and treatment
16073,2022,mineral_N_half,prepared,Complete matched management reference and treatment
16073,2022,mineral_N_one_half,prepared,Complete matched management reference and treatment
16073,2022,tillage_reduced,prepared,Complete matched management reference and treatment
16073,2022,tillage_zero,prepared,Complete matched management reference and treatment
16073,2023,organic_substitution,prepared,Complete matched management reference and treatment
16073,2023,mineral_N_zero,prepared,Complete matched management reference and treatment
16073,2023,mineral_N_half,prepared,Complete matched management reference and treatment
16073,2023,mineral_N_one_half,prepared,Complete matched management reference and treatment
16073,2023,tillage_reduced,prepared,Complete matched management reference and treatment
16073,2023,tillage_zero,prepared,Complete matched management reference and treatment
420343,2016,organic_substitution,prepared,Complete matched management reference and treatment
420343,2016,mineral_N_zero,prepared,Complete matched management reference and treatment
420343,2016,mineral_N_half,prepared,Complete matched management reference and treatment
420343,2016,mineral_N_one_half,prepared,Complete matched management reference and treatment
420343,2016,tillage_reduced,prepared,Complete matched management reference and treatment
420343,2016,tillage_zero,prepared,Complete matched management reference and treatment
420343,2017,organic_substitution,prepared,Complete matched management reference and treatment
420343,2017,mineral_N_zero,prepared,Complete matched management reference and treatment
420343,2017,mineral_N_half,prepared,Complete matched management reference and treatment
420343,2017,mineral_N_one_half,prepared,Complete matched management reference and treatment
420343,2017,tillage_reduced,prepared,Complete matched management reference and treatment
420343,2017,tillage_zero,prepared,Complete matched management reference and treatment
420343,2018,organic_substitution,prepared,Complete matched management reference and treatment
420343,2018,mineral_N_zero,prepared,Complete matched management reference and treatment
420343,2018,mineral_N_half,prepared,Complete matched management reference and treatment
420343,2018,mineral_N_one_half,prepared,Complete matched management reference and treatment
420343,2018,tillage_reduced,prepared,Complete matched management reference and treatment
420343,2018,tillage_zero,prepared,Complete matched management reference and treatment
420343,2019,organic_substitution,prepared,Complete matched management reference and treatment
420343,2019,mineral_N_zero,prepared,Complete matched management reference and treatment
420343,2019,mineral_N_half,prepared,Complete matched management reference and treatment
420343,2019,mineral_N_one_half,prepared,Complete matched management reference and treatment
420343,2019,tillage_reduced,prepared,Complete matched management reference and treatment
420343,2019,tillage_zero,prepared,Complete matched management reference and treatment
420343,2020,organic_substitution,prepared,Complete matched management reference and treatment
420343,2020,mineral_N_zero,prepared,Complete matched management reference and treatment
420343,2020,mineral_N_half,prepared,Complete matched management reference and treatment
420343,2020,mineral_N_one_half,prepared,Complete matched management reference and treatment
420343,2020,tillage_reduced,prepared,Complete matched management reference and treatment
420343,2020,tillage_zero,prepared,Complete matched management reference and treatment
420343,2021,organic_substitution,prepared,Complete matched management reference and treatment
420343,2021,mineral_N_zero,prepared,Complete matched management reference and treatment
420343,2021,mineral_N_half,prepared,Complete matched management reference and treatment
420343,2021,mineral_N_one_half,prepared,Complete matched management reference and treatment
420343,2021,tillage_reduced,prepared,Complete matched management reference and treatment
420343,2021,tillage_zero,prepared,Complete matched management reference and treatment
420343,2022,organic_substitution,prepared,Complete matched management reference and treatment
420343,2022,mineral_N_zero,prepared,Complete matched management reference and treatment
420343,2022,mineral_N_half,prepared,Complete matched management reference and treatment
420343,2022,mineral_N_one_half,prepared,Complete matched management reference and treatment
420343,2022,tillage_reduced,prepared,Complete matched management reference and treatment
420343,2022,tillage_zero,prepared,Complete matched management reference and treatment
420343,2023,organic_substitution,prepared,Complete matched management reference and treatment
420343,2023,mineral_N_zero,prepared,Complete matched management reference and treatment
420343,2023,mineral_N_half,prepared,Complete matched management reference and treatment
420343,2023,mineral_N_one_half,prepared,Complete matched management reference and treatment
420343,2023,tillage_reduced,prepared,Complete matched management reference and treatment
420343,2023,tillage_zero,prepared,Complete matched management reference and treatment
415399,2016,organic_substitution,prepared,Complete matched management reference and treatment
415399,2016,mineral_N_zero,prepared,Complete matched management reference and treatment
415399,2016,mineral_N_half,prepared,Complete matched management reference and treatment
415399,2016,mineral_N_one_half,prepared,Complete matched management reference and treatment
415399,2016,tillage_reduced,prepared,Complete matched management reference and treatment
415399,2016,tillage_zero,prepared,Complete matched management reference and treatment
415399,2017,organic_substitution,prepared,Complete matched management reference and treatment
415399,2017,mineral_N_zero,prepared,Complete matched management reference and treatment
415399,2017,mineral_N_half,prepared,Complete matched management reference and treatment
415399,2017,mineral_N_one_half,prepared,Complete matched management reference and treatment
415399,2017,tillage_reduced,prepared,Complete matched management reference and treatment
415399,2017,tillage_zero,prepared,Complete matched management reference and treatment
415399,2018,organic_substitution,prepared,Complete matched management reference and treatment
415399,2018,mineral_N_zero,prepared,Complete matched management reference and treatment
415399,2018,mineral_N_half,prepared,Complete matched management reference and treatment
415399,2018,mineral_N_one_half,prepared,Complete matched management reference and treatment
415399,2018,tillage_reduced,prepared,Complete matched management reference and treatment
415399,2018,tillage_zero,prepared,Complete matched management reference and treatment
415399,2019,organic_substitution,prepared,Complete matched management reference and treatment
415399,2019,mineral_N_zero,prepared,Complete matched management reference and treatment
415399,2019,mineral_N_half,prepared,Complete matched management reference and treatment
415399,2019,mineral_N_one_half,prepared,Complete matched management reference and treatment
415399,2019,tillage_reduced,prepared,Complete matched management reference and treatment
415399,2019,tillage_zero,prepared,Complete matched management reference and treatment
415399,2020,organic_substitution,prepared,Complete matched management reference and treatment
415399,2020,mineral_N_zero,prepared,Complete matched management reference and treatment
415399,2020,mineral_N_half,prepared,Complete matched management reference and treatment
415399,2020,mineral_N_one_half,prepared,Complete matched management reference and treatment
415399,2020,tillage_reduced,prepared,Complete matched management reference and treatment
415399,2020,tillage_zero,prepared,Complete matched management reference and treatment
415399,2021,organic_substitution,prepared,Complete matched management reference and treatment
415399,2021,mineral_N_zero,prepared,Complete matched management reference and treatment
415399,2021,mineral_N_half,prepared,Complete matched management reference and treatment
415399,2021,mineral_N_one_half,prepared,Complete matched management reference and treatment
415399,2021,tillage_reduced,prepared,Complete matched management reference and treatment
415399,2021,tillage_zero,prepared,Complete matched management reference and treatment
415399,2022,organic_substitution,prepared,Complete matched management reference and treatment
415399,2022,mineral_N_zero,prepared,Complete matched management reference and treatment
415399,2022,mineral_N_half,prepared,Complete matched management reference and treatment
415399,2022,mineral_N_one_half,prepared,Complete matched management reference and treatment
415399,2022,tillage_reduced,prepared,Complete matched management reference and treatment
415399,2022,tillage_zero,prepared,Complete matched management reference and treatment
415399,2023,organic_substitution,prepared,Complete matched management reference and treatment
415399,2023,mineral_N_zero,prepared,Complete matched management reference and treatment
415399,2023,mineral_N_half,prepared,Complete matched management reference and treatment
415399,2023,mineral_N_one_half,prepared,Complete matched management reference and treatment
415399,2023,tillage_reduced,prepared,Complete matched management reference and treatment
415399,2023,tillage_zero,prepared,Complete matched management reference and treatment
132390,2016,organic_substitution,prepared,Complete matched management reference and treatment
132390,2016,mineral_N_zero,prepared,Complete matched management reference and treatment
132390,2016,mineral_N_half,prepared,Complete matched management reference and treatment
132390,2016,mineral_N_one_half,prepared,Complete matched management reference and treatment
132390,2016,tillage_reduced,prepared,Complete matched management reference and treatment
132390,2016,tillage_zero,prepared,Complete matched management reference and treatment
132390,2017,organic_substitution,prepared,Complete matched management reference and treatment
132390,2017,mineral_N_zero,prepared,Complete matched management reference and treatment
132390,2017,mineral_N_half,prepared,Complete matched management reference and treatment
132390,2017,mineral_N_one_half,prepared,Complete matched management reference and treatment
132390,2017,tillage_reduced,prepared,Complete matched management reference and treatment
132390,2017,tillage_zero,prepared,Complete matched management reference and treatment
132390,2018,organic_substitution,prepared,Complete matched management reference and treatment
132390,2018,mineral_N_zero,prepared,Complete matched management reference and treatment
132390,2018,mineral_N_half,prepared,Complete matched management reference and treatment
132390,2018,mineral_N_one_half,prepared,Complete matched management reference and treatment
132390,2018,tillage_reduced,prepared,Complete matched management reference and treatment
132390,2018,tillage_zero,prepared,Complete matched management reference and treatment
132390,2019,organic_substitution,prepared,Complete matched management reference and treatment
132390,2019,mineral_N_zero,prepared,Complete matched management reference and treatment
132390,2019,mineral_N_half,prepared,Complete matched management reference and treatment
132390,2019,mineral_N_one_half,prepared,Complete matched management reference and treatment
132390,2019,tillage_reduced,prepared,Complete matched management reference and treatment
132390,2019,tillage_zero,prepared,Complete matched management reference and treatment
132390,2020,organic_substitution,prepared,Complete matched management reference and treatment
132390,2020,mineral_N_zero,prepared,Complete matched management reference and treatment
132390,2020,mineral_N_half,prepared,Complete matched management reference and treatment
132390,2020,mineral_N_one_half,prepared,Complete matched management reference and treatment
132390,2020,tillage_reduced,prepared,Complete matched management reference and treatment
132390,2020,tillage_zero,prepared,Complete matched management reference and treatment
132390,2021,organic_substitution,prepared,Complete matched management reference and treatment
132390,2021,mineral_N_zero,prepared,Complete matched management reference and treatment
132390,2021,mineral_N_half,prepared,Complete matched management reference and treatment
132390,2021,mineral_N_one_half,prepared,Complete matched management reference and treatment
132390,2021,tillage_reduced,prepared,Complete matched management reference and treatment
132390,2021,tillage_zero,prepared,Complete matched management reference and treatment
132390,2022,organic_substitution,prepared,Complete matched management reference and treatment
132390,2022,mineral_N_zero,prepared,Complete matched management reference and treatment
132390,2022,mineral_N_half,prepared,Complete matched management reference and treatment
132390,2022,mineral_N_one_half,prepared,Complete matched management reference and treatment
132390,2022,tillage_reduced,prepared,Complete matched management reference and treatment
132390,2022,tillage_zero,prepared,Complete matched management reference and treatment
132390,2023,organic_substitution,prepared,Complete matched management reference and treatment
132390,2023,mineral_N_zero,prepared,Complete matched management reference and treatment
132390,2023,mineral_N_half,prepared,Complete matched management reference and treatment
132390,2023,mineral_N_one_half,prepared,Complete matched management reference and treatment
132390,2023,tillage_reduced,prepared,Complete matched management reference and treatment
132390,2023,tillage_zero,prepared,Complete matched management reference and treatment
514070,2016,organic_substitution,prepared,Complete matched management reference and treatment
514070,2016,mineral_N_zero,prepared,Complete matched management reference and treatment
514070,2016,mineral_N_half,prepared,Complete matched management reference and treatment
514070,2016,mineral_N_one_half,prepared,Complete matched management reference and treatment
514070,2016,tillage_reduced,prepared,Complete matched management reference and treatment
514070,2016,tillage_zero,prepared,Complete matched management reference and treatment
514070,2017,organic_substitution,prepared,Complete matched management reference and treatment
514070,2017,mineral_N_zero,prepared,Complete matched management reference and treatment
514070,2017,mineral_N_half,prepared,Complete matched management reference and treatment
514070,2017,mineral_N_one_half,prepared,Complete matched management reference and treatment
514070,2017,tillage_reduced,prepared,Complete matched management reference and treatment
514070,2017,tillage_zero,prepared,Complete matched management reference and treatment
514070,2018,organic_substitution,prepared,Complete matched management reference and treatment
514070,2018,mineral_N_zero,prepared,Complete matched management reference and treatment
514070,2018,mineral_N_half,prepared,Complete matched management reference and treatment
514070,2018,mineral_N_one_half,prepared,Complete matched management reference and treatment
514070,2018,tillage_reduced,prepared,Complete matched management reference and treatment
514070,2018,tillage_zero,prepared,Complete matched management reference and treatment
514070,2019,organic_substitution,prepared,Complete matched management reference and treatment
514070,2019,mineral_N_zero,prepared,Complete matched management reference and treatment
514070,2019,mineral_N_half,prepared,Complete matched management reference and treatment
514070,2019,mineral_N_one_half,prepared,Complete matched management reference and treatment
514070,2019,tillage_reduced,prepared,Complete matched management reference and treatment
514070,2019,tillage_zero,prepared,Complete matched management reference and treatment
514070,2020,organic_substitution,prepared,Complete matched management reference and treatment
514070,2020,mineral_N_zero,prepared,Complete matched management reference and treatment
514070,2020,mineral_N_half,prepared,Complete matched management reference and treatment
514070,2020,mineral_N_one_half,prepared,Complete matched management reference and treatment
514070,2020,tillage_reduced,prepared,Complete matched management reference and treatment
514070,2020,tillage_zero,prepared,Complete matched management reference and treatment
514070,2021,organic_substitution,prepared,Complete matched management reference and treatment
514070,2021,mineral_N_zero,prepared,Complete matched management reference and treatment
514070,2021,mineral_N_half,prepared,Complete matched management reference and treatment
514070,2021,mineral_N_one_half,prepared,Complete matched management reference and treatment
514070,2021,tillage_reduced,prepared,Complete matched management reference and treatment
514070,2021,tillage_zero,prepared,Complete matched management reference and treatment
514070,2022,organic_substitution,prepared,Complete matched management reference and treatment
514070,2022,mineral_N_zero,prepared,Complete matched management reference and treatment
514070,2022,mineral_N_half,prepared,Complete matched management reference and treatment
514070,2022,mineral_N_one_half,prepared,Complete matched management reference and treatment
514070,2022,tillage_reduced,prepared,Complete matched management reference and treatment
514070,2022,tillage_zero,prepared,Complete matched management reference and treatment
514070,2023,organic_substitution,prepared,Complete matched management reference and treatment
514070,2023,mineral_N_zero,prepared,Complete matched management reference and treatment
514070,2023,mineral_N_half,prepared,Complete matched management reference and treatment
514070,2023,mineral_N_one_half,prepared,Complete matched management reference and treatment
514070,2023,tillage_reduced,prepared,Complete matched management reference and treatment
514070,2023,tillage_zero,prepared,Complete matched management reference and treatment
52519,2016,organic_substitution,prepared,Complete matched management reference and treatment
52519,2016,mineral_N_zero,prepared,Complete matched management reference and treatment
52519,2016,mineral_N_half,prepared,Complete matched management reference and treatment
52519,2016,mineral_N_one_half,prepared,Complete matched management reference and treatment
52519,2016,tillage_reduced,prepared,Complete matched management reference and treatment
52519,2016,tillage_zero,prepared,Complete matched management reference and treatment
52519,2017,organic_substitution,prepared,Complete matched management reference and treatment
52519,2017,mineral_N_zero,prepared,Complete matched management reference and treatment
52519,2017,mineral_N_half,prepared,Complete matched management reference and treatment
52519,2017,mineral_N_one_half,prepared,Complete matched management reference and treatment
52519,2017,tillage_reduced,prepared,Complete matched management reference and treatment
52519,2017,tillage_zero,prepared,Complete matched management reference and treatment
52519,2018,organic_substitution,prepared,Complete matched management reference and treatment
52519,2018,mineral_N_zero,prepared,Complete matched management reference and treatment
52519,2018,mineral_N_half,prepared,Complete matched management reference and treatment
52519,2018,mineral_N_one_half,prepared,Complete matched management reference and treatment
52519,2018,tillage_reduced,prepared,Complete matched management reference and treatment
52519,2018,tillage_zero,prepared,Complete matched management reference and treatment
52519,2019,organic_substitution,prepared,Complete matched management reference and treatment
52519,2019,mineral_N_zero,prepared,Complete matched management reference and treatment
52519,2019,mineral_N_half,prepared,Complete matched management reference and treatment
52519,2019,mineral_N_one_half,prepared,Complete matched management reference and treatment
52519,2019,tillage_reduced,prepared,Complete matched management reference and treatment
52519,2019,tillage_zero,prepared,Complete matched management reference and treatment
52519,2020,organic_substitution,prepared,Complete matched management reference and treatment
52519,2020,mineral_N_zero,prepared,Complete matched management reference and treatment
52519,2020,mineral_N_half,prepared,Complete matched management reference and treatment
52519,2020,mineral_N_one_half,prepared,Complete matched management reference and treatment
52519,2020,tillage_reduced,prepared,Complete matched management reference and treatment
52519,2020,tillage_zero,prepared,Complete matched management reference and treatment
52519,2021,organic_substitution,prepared,Complete matched management reference and treatment
52519,2021,mineral_N_zero,prepared,Complete matched management reference and treatment
52519,2021,mineral_N_half,prepared,Complete matched management reference and treatment
52519,2021,mineral_N_one_half,prepared,Complete matched management reference and treatment
52519,2021,tillage_reduced,prepared,Complete matched management reference and treatment
52519,2021,tillage_zero,prepared,Complete matched management reference and treatment
52519,2022,organic_substitution,prepared,Complete matched management reference and treatment
52519,2022,mineral_N_zero,prepared,Complete matched management reference and treatment
52519,2022,mineral_N_half,prepared,Complete matched management reference and treatment
52519,2022,mineral_N_one_half,prepared,Complete matched management reference and treatment
52519,2022,tillage_reduced,prepared,Complete matched management reference and treatment
52519,2022,tillage_zero,prepared,Complete matched management reference and treatment
52519,2023,organic_substitution,prepared,Complete matched management reference and treatment
52519,2023,mineral_N_zero,prepared,Complete matched management reference and treatment
52519,2023,mineral_N_half,prepared,Complete matched management reference and treatment
52519,2023,mineral_N_one_half,prepared,Complete matched management reference and treatment
52519,2023,tillage_reduced,prepared,Complete matched management reference and treatment
52519,2023,tillage_zero,prepared,Complete matched management reference and treatment
90,2016,organic_substitution,prepared,Complete matched management reference and treatment
90,2016,mineral_N_zero,prepared,Complete matched management reference and treatment
90,2016,mineral_N_half,prepared,Complete matched management reference and treatment
90,2016,mineral_N_one_half,prepared,Complete matched management reference and treatment
90,2016,tillage_reduced,prepared,Complete matched management reference and treatment
90,2016,tillage_zero,prepared,Complete matched management reference and treatment
90,2017,organic_substitution,prepared,Complete matched management reference and treatment
90,2017,mineral_N_zero,prepared,Complete matched management reference and treatment
90,2017,mineral_N_half,prepared,Complete matched management reference and treatment
90,2017,mineral_N_one_half,prepared,Complete matched management reference and treatment
90,2017,tillage_reduced,prepared,Complete matched management reference and treatment
90,2017,tillage_zero,prepared,Complete matched management reference and treatment
90,2018,organic_substitution,prepared,Complete matched management reference and treatment
90,2018,mineral_N_zero,prepared,Complete matched management reference and treatment
90,2018,mineral_N_half,prepared,Complete matched management reference and treatment
90,2018,mineral_N_one_half,prepared,Complete matched management reference and treatment
90,2018,tillage_reduced,prepared,Complete matched management reference and treatment
90,2018,tillage_zero,prepared,Complete matched management reference and treatment
90,2019,organic_substitution,prepared,Complete matched management reference and treatment
90,2019,mineral_N_zero,prepared,Complete matched management reference and treatment
90,2019,mineral_N_half,prepared,Complete matched management reference and treatment
90,2019,mineral_N_one_half,prepared,Complete matched management reference and treatment
90,2019,tillage_reduced,prepared,Complete matched management reference and treatment
90,2019,tillage_zero,prepared,Complete matched management reference and treatment
90,2020,organic_substitution,prepared,Complete matched management reference and treatment
90,2020,mineral_N_zero,prepared,Complete matched management reference and treatment
90,2020,mineral_N_half,prepared,Complete matched management reference and treatment
90,2020,mineral_N_one_half,prepared,Complete matched management reference and treatment
90,2020,tillage_reduced,prepared,Complete matched management reference and treatment
90,2020,tillage_zero,prepared,Complete matched management reference and treatment
90,2021,organic_substitution,prepared,Complete matched management reference and treatment
90,2021,mineral_N_zero,prepared,Complete matched management reference and treatment
90,2021,mineral_N_half,prepared,Complete matched management reference and treatment
90,2021,mineral_N_one_half,prepared,Complete matched management reference and treatment
90,2021,tillage_reduced,prepared,Complete matched management reference and treatment
90,2021,tillage_zero,prepared,Complete matched management reference and treatment
90,2022,organic_substitution,prepared,Complete matched management reference and treatment
90,2022,mineral_N_zero,prepared,Complete matched management reference and treatment
90,2022,mineral_N_half,prepared,Complete matched management reference and treatment
90,2022,mineral_N_one_half,prepared,Complete matched management reference and treatment
90,2022,tillage_reduced,prepared,Complete matched management reference and treatment
90,2022,tillage_zero,prepared,Complete matched management reference and treatment
90,2023,organic_substitution,prepared,Complete matched management reference and treatment
90,2023,mineral_N_zero,prepared,Complete matched management reference and treatment
90,2023,mineral_N_half,prepared,Complete matched management reference and treatment
90,2023,mineral_N_one_half,prepared,Complete matched management reference and treatment
90,2023,tillage_reduced,prepared,Complete matched management reference and treatment
90,2023,tillage_zero,prepared,Complete matched management reference and treatment
248496,2016,organic_substitution,prepared,Complete matched management reference and treatment
248496,2016,mineral_N_zero,prepared,Complete matched management reference and treatment
248496,2016,mineral_N_half,prepared,Complete matched management reference and treatment
248496,2016,mineral_N_one_half,prepared,Complete matched management reference and treatment
248496,2016,tillage_reduced,prepared,Complete matched management reference and treatment
248496,2016,tillage_zero,prepared,Complete matched management reference and treatment
248496,2017,organic_substitution,prepared,Complete matched management reference and treatment
248496,2017,mineral_N_zero,prepared,Complete matched management reference and treatment
248496,2017,mineral_N_half,prepared,Complete matched management reference and treatment
248496,2017,mineral_N_one_half,prepared,Complete matched management reference and treatment
248496,2017,tillage_reduced,prepared,Complete matched management reference and treatment
248496,2017,tillage_zero,prepared,Complete matched management reference and treatment
248496,2018,organic_substitution,prepared,Complete matched management reference and treatment
248496,2018,mineral_N_zero,prepared,Complete matched management reference and treatment
248496,2018,mineral_N_half,prepared,Complete matched management reference and treatment
248496,2018,mineral_N_one_half,prepared,Complete matched management reference and treatment
248496,2018,tillage_reduced,prepared,Complete matched management reference and treatment
248496,2018,tillage_zero,prepared,Complete matched management reference and treatment
248496,2019,organic_substitution,prepared,Complete matched management reference and treatment
248496,2019,mineral_N_zero,prepared,Complete matched management reference and treatment
248496,2019,mineral_N_half,prepared,Complete matched management reference and treatment
248496,2019,mineral_N_one_half,prepared,Complete matched management reference and treatment
248496,2019,tillage_reduced,prepared,Complete matched management reference and treatment
248496,2019,tillage_zero,prepared,Complete matched management reference and treatment
248496,2020,organic_substitution,prepared,Complete matched management reference and treatment
248496,2020,mineral_N_zero,prepared,Complete matched management reference and treatment
248496,2020,mineral_N_half,prepared,Complete matched management reference and treatment
248496,2020,mineral_N_one_half,prepared,Complete matched management reference and treatment
248496,2020,tillage_reduced,prepared,Complete matched management reference and treatment
248496,2020,tillage_zero,prepared,Complete matched management reference and treatment
248496,2021,organic_substitution,prepared,Complete matched management reference and treatment
248496,2021,mineral_N_zero,prepared,Complete matched management reference and treatment
248496,2021,mineral_N_half,prepared,Complete matched management reference and treatment
248496,2021,mineral_N_one_half,prepared,Complete matched management reference and treatment
248496,2021,tillage_reduced,prepared,Complete matched management reference and treatment
248496,2021,tillage_zero,prepared,Complete matched management reference and treatment
248496,2022,organic_substitution,prepared,Complete matched management reference and treatment
248496,2022,mineral_N_zero,prepared,Complete matched management reference and treatment
248496,2022,mineral_N_half,prepared,Complete matched management reference and treatment
248496,2022,mineral_N_one_half,prepared,Complete matched management reference and treatment
248496,2022,tillage_reduced,prepared,Complete matched management reference and treatment
248496,2022,tillage_zero,prepared,Complete matched management reference and treatment
248496,2023,organic_substitution,prepared,Complete matched management reference and treatment
248496,2023,mineral_N_zero,prepared,Complete matched management reference and treatment
248496,2023,mineral_N_half,prepared,Complete matched management reference and treatment
248496,2023,mineral_N_one_half,prepared,Complete matched management reference and treatment
248496,2023,tillage_reduced,prepared,Complete matched management reference and treatment
248496,2023,tillage_zero,prepared,Complete matched management reference and treatment
332581,2016,organic_substitution,prepared,Complete matched management reference and treatment
332581,2016,mineral_N_zero,prepared,Complete matched management reference and treatment
332581,2016,mineral_N_half,prepared,Complete matched management reference and treatment
332581,2016,mineral_N_one_half,prepared,Complete matched management reference and treatment
332581,2016,tillage_reduced,prepared,Complete matched management reference and treatment
332581,2016,tillage_zero,prepared,Complete matched management reference and treatment
332581,2017,organic_substitution,prepared,Complete matched management reference and treatment
332581,2017,mineral_N_zero,prepared,Complete matched management reference and treatment
332581,2017,mineral_N_half,prepared,Complete matched management reference and treatment
332581,2017,mineral_N_one_half,prepared,Complete matched management reference and treatment
332581,2017,tillage_reduced,prepared,Complete matched management reference and treatment
332581,2017,tillage_zero,prepared,Complete matched management reference and treatment
332581,2018,organic_substitution,prepared,Complete matched management reference and treatment
332581,2018,mineral_N_zero,prepared,Complete matched management reference and treatment
332581,2018,mineral_N_half,prepared,Complete matched management reference and treatment
332581,2018,mineral_N_one_half,prepared,Complete matched management reference and treatment
332581,2018,tillage_reduced,prepared,Complete matched management reference and treatment
332581,2018,tillage_zero,prepared,Complete matched management reference and treatment
332581,2019,organic_substitution,prepared,Complete matched management reference and treatment
332581,2019,mineral_N_zero,prepared,Complete matched management reference and treatment
332581,2019,mineral_N_half,prepared,Complete matched management reference and treatment
332581,2019,mineral_N_one_half,prepared,Complete matched management reference and treatment
332581,2019,tillage_reduced,prepared,Complete matched management reference and treatment
332581,2019,tillage_zero,prepared,Complete matched management reference and treatment
332581,2020,organic_substitution,prepared,Complete matched management reference and treatment
332581,2020,mineral_N_zero,prepared,Complete matched management reference and treatment
332581,2020,mineral_N_half,prepared,Complete matched management reference and treatment
332581,2020,mineral_N_one_half,prepared,Complete matched management reference and treatment
332581,2020,tillage_reduced,prepared,Complete matched management reference and treatment
332581,2020,tillage_zero,prepared,Complete matched management reference and treatment
332581,2021,organic_substitution,prepared,Complete matched management reference and treatment
332581,2021,mineral_N_zero,prepared,Complete matched management reference and treatment
332581,2021,mineral_N_half,prepared,Complete matched management reference and treatment
332581,2021,mineral_N_one_half,prepared,Complete matched management reference and treatment
332581,2021,tillage_reduced,prepared,Complete matched management reference and treatment
332581,2021,tillage_zero,prepared,Complete matched management reference and treatment
332581,2022,organic_substitution,prepared,Complete matched management reference and treatment
332581,2022,mineral_N_zero,prepared,Complete matched management reference and treatment
332581,2022,mineral_N_half,prepared,Complete matched management reference and treatment
332581,2022,mineral_N_one_half,prepared,Complete matched management reference and treatment
332581,2022,tillage_reduced,prepared,Complete matched management reference and treatment
332581,2022,tillage_zero,prepared,Complete matched management reference and treatment
332581,2023,organic_substitution,prepared,Complete matched management reference and treatment
332581,2023,mineral_N_zero,prepared,Complete matched management reference and treatment
332581,2023,mineral_N_half,prepared,Complete matched management reference and treatment
332581,2023,mineral_N_one_half,prepared,Complete matched management reference and treatment
332581,2023,tillage_reduced,prepared,Complete matched management reference and treatment
332581,2023,tillage_zero,prepared,Complete matched management reference and treatment
296871,2016,organic_substitution,prepared,Complete matched management reference and treatment
296871,2016,mineral_N_zero,prepared,Complete matched management reference and treatment
296871,2016,mineral_N_half,prepared,Complete matched management reference and treatment
296871,2016,mineral_N_one_half,prepared,Complete matched management reference and treatment
296871,2016,tillage_reduced,prepared,Complete matched management reference and treatment
296871,2016,tillage_zero,prepared,Complete matched management reference and treatment
296871,2017,organic_substitution,prepared,Complete matched management reference and treatment
296871,2017,mineral_N_zero,prepared,Complete matched management reference and treatment
296871,2017,mineral_N_half,prepared,Complete matched management reference and treatment
296871,2017,mineral_N_one_half,prepared,Complete matched management reference and treatment
296871,2017,tillage_reduced,prepared,Complete matched management reference and treatment
296871,2017,tillage_zero,prepared,Complete matched management reference and treatment
296871,2018,organic_substitution,prepared,Complete matched management reference and treatment
296871,2018,mineral_N_zero,prepared,Complete matched management reference and treatment
296871,2018,mineral_N_half,prepared,Complete matched management reference and treatment
296871,2018,mineral_N_one_half,prepared,Complete matched management reference and treatment
296871,2018,tillage_reduced,prepared,Complete matched management reference and treatment
296871,2018,tillage_zero,prepared,Complete matched management reference and treatment
296871,2019,organic_substitution,prepared,Complete matched management reference and treatment
296871,2019,mineral_N_zero,prepared,Complete matched management reference and treatment
296871,2019,mineral_N_half,prepared,Complete matched management reference and treatment
296871,2019,mineral_N_one_half,prepared,Complete matched management reference and treatment
296871,2019,tillage_reduced,prepared,Complete matched management reference and treatment
296871,2019,tillage_zero,prepared,Complete matched management reference and treatment
296871,2020,organic_substitution,prepared,Complete matched management reference and treatment
296871,2020,mineral_N_zero,prepared,Complete matched management reference and treatment
296871,2020,mineral_N_half,prepared,Complete matched management reference and treatment
296871,2020,mineral_N_one_half,prepared,Complete matched management reference and treatment
296871,2020,tillage_reduced,prepared,Complete matched management reference and treatment
296871,2020,tillage_zero,prepared,Complete matched management reference and treatment
296871,2021,organic_substitution,prepared,Complete matched management reference and treatment
296871,2021,mineral_N_zero,prepared,Complete matched management reference and treatment
296871,2021,mineral_N_half,prepared,Complete matched management reference and treatment
296871,2021,mineral_N_one_half,prepared,Complete matched management reference and treatment
296871,2021,tillage_reduced,prepared,Complete matched management reference and treatment
296871,2021,tillage_zero,prepared,Complete matched management reference and treatment
296871,2022,organic_substitution,prepared,Complete matched management reference and treatment
296871,2022,mineral_N_zero,prepared,Complete matched management reference and treatment
296871,2022,mineral_N_half,prepared,Complete matched management reference and treatment
296871,2022,mineral_N_one_half,prepared,Complete matched management reference and treatment
296871,2022,tillage_reduced,prepared,Complete matched management reference and treatment
296871,2022,tillage_zero,prepared,Complete matched management reference and treatment
296871,2023,organic_substitution,prepared,Complete matched management reference and treatment
296871,2023,mineral_N_zero,prepared,Complete matched management reference and treatment
296871,2023,mineral_N_half,prepared,Complete matched management reference and treatment
296871,2023,mineral_N_one_half,prepared,Complete matched management reference and treatment
296871,2023,tillage_reduced,prepared,Complete matched management reference and treatment
296871,2023,tillage_zero,prepared,Complete matched management reference and treatment
488132,2016,organic_substitution,prepared,Complete matched management reference and treatment
488132,2016,mineral_N_zero,prepared,Complete matched management reference and treatment
488132,2016,mineral_N_half,prepared,Complete matched management reference and treatment
488132,2016,mineral_N_one_half,prepared,Complete matched management reference and treatment
488132,2016,tillage_reduced,prepared,Complete matched management reference and treatment
488132,2016,tillage_zero,prepared,Complete matched management reference and treatment
488132,2017,organic_substitution,prepared,Complete matched management reference and treatment
488132,2017,mineral_N_zero,prepared,Complete matched management reference and treatment
488132,2017,mineral_N_half,prepared,Complete matched management reference and treatment
488132,2017,mineral_N_one_half,prepared,Complete matched management reference and treatment
488132,2017,tillage_reduced,prepared,Complete matched management reference and treatment
488132,2017,tillage_zero,prepared,Complete matched management reference and treatment
488132,2018,organic_substitution,prepared,Complete matched management reference and treatment
488132,2018,mineral_N_zero,prepared,Complete matched management reference and treatment
488132,2018,mineral_N_half,prepared,Complete matched management reference and treatment
488132,2018,mineral_N_one_half,prepared,Complete matched management reference and treatment
488132,2018,tillage_reduced,prepared,Complete matched management reference and treatment
488132,2018,tillage_zero,prepared,Complete matched management reference and treatment
488132,2019,organic_substitution,prepared,Complete matched management reference and treatment
488132,2019,mineral_N_zero,prepared,Complete matched management reference and treatment
488132,2019,mineral_N_half,prepared,Complete matched management reference and treatment
488132,2019,mineral_N_one_half,prepared,Complete matched management reference and treatment
488132,2019,tillage_reduced,prepared,Complete matched management reference and treatment
488132,2019,tillage_zero,prepared,Complete matched management reference and treatment
488132,2020,organic_substitution,prepared,Complete matched management reference and treatment
488132,2020,mineral_N_zero,prepared,Complete matched management reference and treatment
488132,2020,mineral_N_half,prepared,Complete matched management reference and treatment
488132,2020,mineral_N_one_half,prepared,Complete matched management reference and treatment
488132,2020,tillage_reduced,prepared,Complete matched management reference and treatment
488132,2020,tillage_zero,prepared,Complete matched management reference and treatment
488132,2021,organic_substitution,prepared,Complete matched management reference and treatment
488132,2021,mineral_N_zero,prepared,Complete matched management reference and treatment
488132,2021,mineral_N_half,prepared,Complete matched management reference and treatment
488132,2021,mineral_N_one_half,prepared,Complete matched management reference and treatment
488132,2021,tillage_reduced,prepared,Complete matched management reference and treatment
488132,2021,tillage_zero,prepared,Complete matched management reference and treatment
488132,2022,organic_substitution,prepared,Complete matched management reference and treatment
488132,2022,mineral_N_zero,prepared,Complete matched management reference and treatment
488132,2022,mineral_N_half,prepared,Complete matched management reference and treatment
488132,2022,mineral_N_one_half,prepared,Complete matched management reference and treatment
488132,2022,tillage_reduced,prepared,Complete matched management reference and treatment
488132,2022,tillage_zero,prepared,Complete matched management reference and treatment
488132,2023,organic_substitution,prepared,Complete matched management reference and treatment
488132,2023,mineral_N_zero,prepared,Complete matched management reference and treatment
488132,2023,mineral_N_half,prepared,Complete matched management reference and treatment
488132,2023,mineral_N_one_half,prepared,Complete matched management reference and treatment
488132,2023,tillage_reduced,prepared,Complete matched management reference and treatment
488132,2023,tillage_zero,prepared,Complete matched management reference and treatment
589918,2016,organic_substitution,prepared,Complete matched management reference and treatment
589918,2016,mineral_N_zero,prepared,Complete matched management reference and treatment
589918,2016,mineral_N_half,prepared,Complete matched management reference and treatment
589918,2016,mineral_N_one_half,prepared,Complete matched management reference and treatment
589918,2016,tillage_reduced,prepared,Complete matched management reference and treatment
589918,2016,tillage_zero,prepared,Complete matched management reference and treatment
589918,2017,organic_substitution,prepared,Complete matched management reference and treatment
589918,2017,mineral_N_zero,prepared,Complete matched management reference and treatment
589918,2017,mineral_N_half,prepared,Complete matched management reference and treatment
589918,2017,mineral_N_one_half,prepared,Complete matched management reference and treatment
589918,2017,tillage_reduced,prepared,Complete matched management reference and treatment
589918,2017,tillage_zero,prepared,Complete matched management reference and treatment
589918,2018,organic_substitution,prepared,Complete matched management reference and treatment
589918,2018,mineral_N_zero,prepared,Complete matched management reference and treatment
589918,2018,mineral_N_half,prepared,Complete matched management reference and treatment
589918,2018,mineral_N_one_half,prepared,Complete matched management reference and treatment
589918,2018,tillage_reduced,prepared,Complete matched management reference and treatment
589918,2018,tillage_zero,prepared,Complete matched management reference and treatment
589918,2019,organic_substitution,prepared,Complete matched management reference and treatment
589918,2019,mineral_N_zero,prepared,Complete matched management reference and treatment
589918,2019,mineral_N_half,prepared,Complete matched management reference and treatment
589918,2019,mineral_N_one_half,prepared,Complete matched management reference and treatment
589918,2019,tillage_reduced,prepared,Complete matched management reference and treatment
589918,2019,tillage_zero,prepared,Complete matched management reference and treatment
589918,2020,organic_substitution,prepared,Complete matched management reference and treatment
589918,2020,mineral_N_zero,prepared,Complete matched management reference and treatment
589918,2020,mineral_N_half,prepared,Complete matched management reference and treatment
589918,2020,mineral_N_one_half,prepared,Complete matched management reference and treatment
589918,2020,tillage_reduced,prepared,Complete matched management reference and treatment
589918,2020,tillage_zero,prepared,Complete matched management reference and treatment
589918,2021,organic_substitution,prepared,Complete matched management reference and treatment
589918,2021,mineral_N_zero,prepared,Complete matched management reference and treatment
589918,2021,mineral_N_half,prepared,Complete matched management reference and treatment
589918,2021,mineral_N_one_half,prepared,Complete matched management reference and treatment
589918,2021,tillage_reduced,prepared,Complete matched management reference and treatment
589918,2021,tillage_zero,prepared,Complete matched management reference and treatment
589918,2022,organic_substitution,prepared,Complete matched management reference and treatment
589918,2022,mineral_N_zero,prepared,Complete matched management reference and treatment
589918,2022,mineral_N_half,prepared,Complete matched management reference and treatment
589918,2022,mineral_N_one_half,prepared,Complete matched management reference and treatment
589918,2022,tillage_reduced,prepared,Complete matched management reference and treatment
589918,2022,tillage_zero,prepared,Complete matched management reference and treatment
589918,2023,organic_substitution,prepared,Complete matched management reference and treatment
589918,2023,mineral_N_zero,prepared,Complete matched management reference and treatment
589918,2023,mineral_N_half,prepared,Complete matched management reference and treatment
589918,2023,mineral_N_one_half,prepared,Complete matched management reference and treatment
589918,2023,tillage_reduced,prepared,Complete matched management reference and treatment
589918,2023,tillage_zero,prepared,Complete matched management reference and treatment
142350,2016,organic_substitution,prepared,Complete matched management reference and treatment
142350,2016,mineral_N_zero,prepared,Complete matched management reference and treatment
142350,2016,mineral_N_half,prepared,Complete matched management reference and treatment
142350,2016,mineral_N_one_half,prepared,Complete matched management reference and treatment
142350,2016,tillage_reduced,prepared,Complete matched management reference and treatment
142350,2016,tillage_zero,prepared,Complete matched management reference and treatment
142350,2017,organic_substitution,prepared,Complete matched management reference and treatment
142350,2017,mineral_N_zero,prepared,Complete matched management reference and treatment
142350,2017,mineral_N_half,prepared,Complete matched management reference and treatment
142350,2017,mineral_N_one_half,prepared,Complete matched management reference and treatment
142350,2017,tillage_reduced,prepared,Complete matched management reference and treatment
142350,2017,tillage_zero,prepared,Complete matched management reference and treatment
142350,2018,organic_substitution,prepared,Complete matched management reference and treatment
142350,2018,mineral_N_zero,prepared,Complete matched management reference and treatment
142350,2018,mineral_N_half,prepared,Complete matched management reference and treatment
142350,2018,mineral_N_one_half,prepared,Complete matched management reference and treatment
142350,2018,tillage_reduced,prepared,Complete matched management reference and treatment
142350,2018,tillage_zero,prepared,Complete matched management reference and treatment
142350,2019,organic_substitution,prepared,Complete matched management reference and treatment
142350,2019,mineral_N_zero,prepared,Complete matched management reference and treatment
142350,2019,mineral_N_half,prepared,Complete matched management reference and treatment
142350,2019,mineral_N_one_half,prepared,Complete matched management reference and treatment
142350,2019,tillage_reduced,prepared,Complete matched management reference and treatment
142350,2019,tillage_zero,prepared,Complete matched management reference and treatment
142350,2020,organic_substitution,prepared,Complete matched management reference and treatment
142350,2020,mineral_N_zero,prepared,Complete matched management reference and treatment
142350,2020,mineral_N_half,prepared,Complete matched management reference and treatment
142350,2020,mineral_N_one_half,prepared,Complete matched management reference and treatment
142350,2020,tillage_reduced,prepared,Complete matched management reference and treatment
142350,2020,tillage_zero,prepared,Complete matched management reference and treatment
142350,2021,organic_substitution,prepared,Complete matched management reference and treatment
142350,2021,mineral_N_zero,prepared,Complete matched management reference and treatment
142350,2021,mineral_N_half,prepared,Complete matched management reference and treatment
142350,2021,mineral_N_one_half,prepared,Complete matched management reference and treatment
142350,2021,tillage_reduced,prepared,Complete matched management reference and treatment
142350,2021,tillage_zero,prepared,Complete matched management reference and treatment
142350,2022,organic_substitution,prepared,Complete matched management reference and treatment
142350,2022,mineral_N_zero,prepared,Complete matched management reference and treatment
142350,2022,mineral_N_half,prepared,Complete matched management reference and treatment
142350,2022,mineral_N_one_half,prepared,Complete matched management reference and treatment
142350,2022,tillage_reduced,prepared,Complete matched management reference and treatment
142350,2022,tillage_zero,prepared,Complete matched management reference and treatment
142350,2023,organic_substitution,prepared,Complete matched management reference and treatment
142350,2023,mineral_N_zero,prepared,Complete matched management reference and treatment
142350,2023,mineral_N_half,prepared,Complete matched management reference and treatment
142350,2023,mineral_N_one_half,prepared,Complete matched management reference and treatment
142350,2023,tillage_reduced,prepared,Complete matched management reference and treatment
142350,2023,tillage_zero,prepared,Complete matched management reference and treatment
535358,2016,organic_substitution,prepared,Complete matched management reference and treatment
535358,2016,mineral_N_zero,prepared,Complete matched management reference and treatment
535358,2016,mineral_N_half,prepared,Complete matched management reference and treatment
535358,2016,mineral_N_one_half,prepared,Complete matched management reference and treatment
535358,2016,tillage_reduced,prepared,Complete matched management reference and treatment
535358,2016,tillage_zero,prepared,Complete matched management reference and treatment
535358,2017,organic_substitution,prepared,Complete matched management reference and treatment
535358,2017,mineral_N_zero,prepared,Complete matched management reference and treatment
535358,2017,mineral_N_half,prepared,Complete matched management reference and treatment
535358,2017,mineral_N_one_half,prepared,Complete matched management reference and treatment
535358,2017,tillage_reduced,prepared,Complete matched management reference and treatment
535358,2017,tillage_zero,prepared,Complete matched management reference and treatment
535358,2018,organic_substitution,prepared,Complete matched management reference and treatment
535358,2018,mineral_N_zero,prepared,Complete matched management reference and treatment
535358,2018,mineral_N_half,prepared,Complete matched management reference and treatment
535358,2018,mineral_N_one_half,prepared,Complete matched management reference and treatment
535358,2018,tillage_reduced,prepared,Complete matched management reference and treatment
535358,2018,tillage_zero,prepared,Complete matched management reference and treatment
535358,2019,organic_substitution,prepared,Complete matched management reference and treatment
535358,2019,mineral_N_zero,prepared,Complete matched management reference and treatment
535358,2019,mineral_N_half,prepared,Complete matched management reference and treatment
535358,2019,mineral_N_one_half,prepared,Complete matched management reference and treatment
535358,2019,tillage_reduced,prepared,Complete matched management reference and treatment
535358,2019,tillage_zero,prepared,Complete matched management reference and treatment
535358,2020,organic_substitution,prepared,Complete matched management reference and treatment
535358,2020,mineral_N_zero,prepared,Complete matched management reference and treatment
535358,2020,mineral_N_half,prepared,Complete matched management reference and treatment
535358,2020,mineral_N_one_half,prepared,Complete matched management reference and treatment
535358,2020,tillage_reduced,prepared,Complete matched management reference and treatment
535358,2020,tillage_zero,prepared,Complete matched management reference and treatment
535358,2021,organic_substitution,prepared,Complete matched management reference and treatment
535358,2021,mineral_N_zero,prepared,Complete matched management reference and treatment
535358,2021,mineral_N_half,prepared,Complete matched management reference and treatment
535358,2021,mineral_N_one_half,prepared,Complete matched management reference and treatment
535358,2021,tillage_reduced,prepared,Complete matched management reference and treatment
535358,2021,tillage_zero,prepared,Complete matched management reference and treatment
535358,2022,organic_substitution,prepared,Complete matched management reference and treatment
535358,2022,mineral_N_zero,prepared,Complete matched management reference and treatment
535358,2022,mineral_N_half,prepared,Complete matched management reference and treatment
535358,2022,mineral_N_one_half,prepared,Complete matched management reference and treatment
535358,2022,tillage_reduced,prepared,Complete matched management reference and treatment
535358,2022,tillage_zero,prepared,Complete matched management reference and treatment
535358,2023,organic_substitution,prepared,Complete matched management reference and treatment
535358,2023,mineral_N_zero,prepared,Complete matched management reference and treatment
535358,2023,mineral_N_half,prepared,Complete matched management reference and treatment
535358,2023,mineral_N_one_half,prepared,Complete matched management reference and treatment
535358,2023,tillage_reduced,prepared,Complete matched management reference and treatment
535358,2023,tillage_zero,prepared,Complete matched management reference and treatment
321992,2016,organic_substitution,prepared,Complete matched management reference and treatment
321992,2016,mineral_N_zero,prepared,Complete matched management reference and treatment
321992,2016,mineral_N_half,prepared,Complete matched management reference and treatment
321992,2016,mineral_N_one_half,prepared,Complete matched management reference and treatment
321992,2016,tillage_reduced,prepared,Complete matched management reference and treatment
321992,2016,tillage_zero,prepared,Complete matched management reference and treatment
321992,2017,organic_substitution,prepared,Complete matched management reference and treatment
321992,2017,mineral_N_zero,prepared,Complete matched management reference and treatment
321992,2017,mineral_N_half,prepared,Complete matched management reference and treatment
321992,2017,mineral_N_one_half,prepared,Complete matched management reference and treatment
321992,2017,tillage_reduced,prepared,Complete matched management reference and treatment
321992,2017,tillage_zero,prepared,Complete matched management reference and treatment
321992,2018,organic_substitution,prepared,Complete matched management reference and treatment
321992,2018,mineral_N_zero,prepared,Complete matched management reference and treatment
321992,2018,mineral_N_half,prepared,Complete matched management reference and treatment
321992,2018,mineral_N_one_half,prepared,Complete matched management reference and treatment
321992,2018,tillage_reduced,prepared,Complete matched management reference and treatment
321992,2018,tillage_zero,prepared,Complete matched management reference and treatment
321992,2019,organic_substitution,prepared,Complete matched management reference and treatment
321992,2019,mineral_N_zero,prepared,Complete matched management reference and treatment
321992,2019,mineral_N_half,prepared,Complete matched management reference and treatment
321992,2019,mineral_N_one_half,prepared,Complete matched management reference and treatment
321992,2019,tillage_reduced,prepared,Complete matched management reference and treatment
321992,2019,tillage_zero,prepared,Complete matched management reference and treatment
321992,2020,organic_substitution,prepared,Complete matched management reference and treatment
321992,2020,mineral_N_zero,prepared,Complete matched management reference and treatment
321992,2020,mineral_N_half,prepared,Complete matched management reference and treatment
321992,2020,mineral_N_one_half,prepared,Complete matched management reference and treatment
321992,2020,tillage_reduced,prepared,Complete matched management reference and treatment
321992,2020,tillage_zero,prepared,Complete matched management reference and treatment
321992,2021,organic_substitution,prepared,Complete matched management reference and treatment
321992,2021,mineral_N_zero,prepared,Complete matched management reference and treatment
321992,2021,mineral_N_half,prepared,Complete matched management reference and treatment
321992,2021,mineral_N_one_half,prepared,Complete matched management reference and treatment
321992,2021,tillage_reduced,prepared,Complete matched management reference and treatment
321992,2021,tillage_zero,prepared,Complete matched management reference and treatment
321992,2022,organic_substitution,prepared,Complete matched management reference and treatment
321992,2022,mineral_N_zero,prepared,Complete matched management reference and treatment
321992,2022,mineral_N_half,prepared,Complete matched management reference and treatment
321992,2022,mineral_N_one_half,prepared,Complete matched management reference and treatment
321992,2022,tillage_reduced,prepared,Complete matched management reference and treatment
321992,2022,tillage_zero,prepared,Complete matched management reference and treatment
321992,2023,organic_substitution,prepared,Complete matched management reference and treatment
321992,2023,mineral_N_zero,prepared,Complete matched management reference and treatment
321992,2023,mineral_N_half,prepared,Complete matched management reference and treatment
321992,2023,mineral_N_one_half,prepared,Complete matched management reference and treatment
321992,2023,tillage_reduced,prepared,Complete matched management reference and treatment
321992,2023,tillage_zero,prepared,Complete matched management reference and treatment
589581,2016,organic_substitution,prepared,Complete matched management reference and treatment
589581,2016,mineral_N_zero,prepared,Complete matched management reference and treatment
589581,2016,mineral_N_half,prepared,Complete matched management reference and treatment
589581,2016,mineral_N_one_half,prepared,Complete matched management reference and treatment
589581,2016,tillage_reduced,prepared,Complete matched management reference and treatment
589581,2016,tillage_zero,prepared,Complete matched management reference and treatment
589581,2017,organic_substitution,prepared,Complete matched management reference and treatment
589581,2017,mineral_N_zero,prepared,Complete matched management reference and treatment
589581,2017,mineral_N_half,prepared,Complete matched management reference and treatment
589581,2017,mineral_N_one_half,prepared,Complete matched management reference and treatment
589581,2017,tillage_reduced,prepared,Complete matched management reference and treatment
589581,2017,tillage_zero,prepared,Complete matched management reference and treatment
589581,2018,organic_substitution,prepared,Complete matched management reference and treatment
589581,2018,mineral_N_zero,prepared,Complete matched management reference and treatment
589581,2018,mineral_N_half,prepared,Complete matched management reference and treatment
589581,2018,mineral_N_one_half,prepared,Complete matched management reference and treatment
589581,2018,tillage_reduced,prepared,Complete matched management reference and treatment
589581,2018,tillage_zero,prepared,Complete matched management reference and treatment
589581,2019,organic_substitution,prepared,Complete matched management reference and treatment
589581,2019,mineral_N_zero,prepared,Complete matched management reference and treatment
589581,2019,mineral_N_half,prepared,Complete matched management reference and treatment
589581,2019,mineral_N_one_half,prepared,Complete matched management reference and treatment
589581,2019,tillage_reduced,prepared,Complete matched management reference and treatment
589581,2019,tillage_zero,prepared,Complete matched management reference and treatment
589581,2020,organic_substitution,prepared,Complete matched management reference and treatment
589581,2020,mineral_N_zero,prepared,Complete matched management reference and treatment
589581,2020,mineral_N_half,prepared,Complete matched management reference and treatment
589581,2020,mineral_N_one_half,prepared,Complete matched management reference and treatment
589581,2020,tillage_reduced,prepared,Complete matched management reference and treatment
589581,2020,tillage_zero,prepared,Complete matched management reference and treatment
589581,2021,organic_substitution,prepared,Complete matched management reference and treatment
589581,2021,mineral_N_zero,prepared,Complete matched management reference and treatment
589581,2021,mineral_N_half,prepared,Complete matched management reference and treatment
589581,2021,mineral_N_one_half,prepared,Complete matched management reference and treatment
589581,2021,tillage_reduced,prepared,Complete matched management reference and treatment
589581,2021,tillage_zero,prepared,Complete matched management reference and treatment
589581,2022,organic_substitution,prepared,Complete matched management reference and treatment
589581,2022,mineral_N_zero,prepared,Complete matched management reference and treatment
589581,2022,mineral_N_half,prepared,Complete matched management reference and treatment
589581,2022,mineral_N_one_half,prepared,Complete matched management reference and treatment
589581,2022,tillage_reduced,prepared,Complete matched management reference and treatment
589581,2022,tillage_zero,prepared,Complete matched management reference and treatment
589581,2023,organic_substitution,prepared,Complete matched management reference and treatment
589581,2023,mineral_N_zero,prepared,Complete matched management reference and treatment
589581,2023,mineral_N_half,prepared,Complete matched management reference and treatment
589581,2023,mineral_N_one_half,prepared,Complete matched management reference and treatment
589581,2023,tillage_reduced,prepared,Complete matched management reference and treatment
589581,2023,tillage_zero,prepared,Complete matched management reference and treatment
590073,2016,organic_substitution,prepared,Complete matched management reference and treatment
590073,2016,mineral_N_zero,prepared,Complete matched management reference and treatment
590073,2016,mineral_N_half,prepared,Complete matched management reference and treatment
590073,2016,mineral_N_one_half,prepared,Complete matched management reference and treatment
590073,2016,tillage_reduced,prepared,Complete matched management reference and treatment
590073,2016,tillage_zero,prepared,Complete matched management reference and treatment
590073,2017,organic_substitution,prepared,Complete matched management reference and treatment
590073,2017,mineral_N_zero,prepared,Complete matched management reference and treatment
590073,2017,mineral_N_half,prepared,Complete matched management reference and treatment
590073,2017,mineral_N_one_half,prepared,Complete matched management reference and treatment
590073,2017,tillage_reduced,prepared,Complete matched management reference and treatment
590073,2017,tillage_zero,prepared,Complete matched management reference and treatment
590073,2018,organic_substitution,prepared,Complete matched management reference and treatment
590073,2018,mineral_N_zero,prepared,Complete matched management reference and treatment
590073,2018,mineral_N_half,prepared,Complete matched management reference and treatment
590073,2018,mineral_N_one_half,prepared,Complete matched management reference and treatment
590073,2018,tillage_reduced,prepared,Complete matched management reference and treatment
590073,2018,tillage_zero,prepared,Complete matched management reference and treatment
590073,2019,organic_substitution,prepared,Complete matched management reference and treatment
590073,2019,mineral_N_zero,prepared,Complete matched management reference and treatment
590073,2019,mineral_N_half,prepared,Complete matched management reference and treatment
590073,2019,mineral_N_one_half,prepared,Complete matched management reference and treatment
590073,2019,tillage_reduced,prepared,Complete matched management reference and treatment
590073,2019,tillage_zero,prepared,Complete matched management reference and treatment
590073,2020,organic_substitution,prepared,Complete matched management reference and treatment
590073,2020,mineral_N_zero,prepared,Complete matched management reference and treatment
590073,2020,mineral_N_half,prepared,Complete matched management reference and treatment
590073,2020,mineral_N_one_half,prepared,Complete matched management reference and treatment
590073,2020,tillage_reduced,prepared,Complete matched management reference and treatment
590073,2020,tillage_zero,prepared,Complete matched management reference and treatment
590073,2021,organic_substitution,prepared,Complete matched management reference and treatment
590073,2021,mineral_N_zero,prepared,Complete matched management reference and treatment
590073,2021,mineral_N_half,prepared,Complete matched management reference and treatment
590073,2021,mineral_N_one_half,prepared,Complete matched management reference and treatment
590073,2021,tillage_reduced,prepared,Complete matched management reference and treatment
590073,2021,tillage_zero,prepared,Complete matched management reference and treatment
590073,2022,organic_substitution,prepared,Complete matched management reference and treatment
590073,2022,mineral_N_zero,prepared,Complete matched management reference and treatment
590073,2022,mineral_N_half,prepared,Complete matched management reference and treatment
590073,2022,mineral_N_one_half,prepared,Complete matched management reference and treatment
590073,2022,tillage_reduced,prepared,Complete matched management reference and treatment
590073,2022,tillage_zero,prepared,Complete matched management reference and treatment
590073,2023,organic_substitution,prepared,Complete matched management reference and treatment
590073,2023,mineral_N_zero,prepared,Complete matched management reference and treatment
590073,2023,mineral_N_half,prepared,Complete matched management reference and treatment
590073,2023,mineral_N_one_half,prepared,Complete matched management reference and treatment
590073,2023,tillage_reduced,prepared,Complete matched management reference and treatment
590073,2023,tillage_zero,prepared,Complete matched management reference and treatment
437146,2016,organic_substitution,prepared,Complete matched management reference and treatment
437146,2016,mineral_N_zero,prepared,Complete matched management reference and treatment
437146,2016,mineral_N_half,prepared,Complete matched management reference and treatment
437146,2016,mineral_N_one_half,prepared,Complete matched management reference and treatment
437146,2016,tillage_reduced,prepared,Complete matched management reference and treatment
437146,2016,tillage_zero,prepared,Complete matched management reference and treatment
437146,2017,organic_substitution,prepared,Complete matched management reference and treatment
437146,2017,mineral_N_zero,prepared,Complete matched management reference and treatment
437146,2017,mineral_N_half,prepared,Complete matched management reference and treatment
437146,2017,mineral_N_one_half,prepared,Complete matched management reference and treatment
437146,2017,tillage_reduced,prepared,Complete matched management reference and treatment
437146,2017,tillage_zero,prepared,Complete matched management reference and treatment
437146,2018,organic_substitution,prepared,Complete matched management reference and treatment
437146,2018,mineral_N_zero,prepared,Complete matched management reference and treatment
437146,2018,mineral_N_half,prepared,Complete matched management reference and treatment
437146,2018,mineral_N_one_half,prepared,Complete matched management reference and treatment
437146,2018,tillage_reduced,prepared,Complete matched management reference and treatment
437146,2018,tillage_zero,prepared,Complete matched management reference and treatment
437146,2019,organic_substitution,prepared,Complete matched management reference and treatment
437146,2019,mineral_N_zero,prepared,Complete matched management reference and treatment
437146,2019,mineral_N_half,prepared,Complete matched management reference and treatment
437146,2019,mineral_N_one_half,prepared,Complete matched management reference and treatment
437146,2019,tillage_reduced,prepared,Complete matched management reference and treatment
437146,2019,tillage_zero,prepared,Complete matched management reference and treatment
437146,2020,organic_substitution,prepared,Complete matched management reference and treatment
437146,2020,mineral_N_zero,prepared,Complete matched management reference and treatment
437146,2020,mineral_N_half,prepared,Complete matched management reference and treatment
437146,2020,mineral_N_one_half,prepared,Complete matched management reference and treatment
437146,2020,tillage_reduced,prepared,Complete matched management reference and treatment
437146,2020,tillage_zero,prepared,Complete matched management reference and treatment
437146,2021,organic_substitution,prepared,Complete matched management reference and treatment
437146,2021,mineral_N_zero,prepared,Complete matched management reference and treatment
437146,2021,mineral_N_half,prepared,Complete matched management reference and treatment
437146,2021,mineral_N_one_half,prepared,Complete matched management reference and treatment
437146,2021,tillage_reduced,prepared,Complete matched management reference and treatment
437146,2021,tillage_zero,prepared,Complete matched management reference and treatment
437146,2022,organic_substitution,prepared,Complete matched management reference and treatment
437146,2022,mineral_N_zero,prepared,Complete matched management reference and treatment
437146,2022,mineral_N_half,prepared,Complete matched management reference and treatment
437146,2022,mineral_N_one_half,prepared,Complete matched management reference and treatment
437146,2022,tillage_reduced,prepared,Complete matched management reference and treatment
437146,2022,tillage_zero,prepared,Complete matched management reference and treatment
437146,2023,organic_substitution,prepared,Complete matched management reference and treatment
437146,2023,mineral_N_zero,prepared,Complete matched management reference and treatment
437146,2023,mineral_N_half,prepared,Complete matched management reference and treatment
437146,2023,mineral_N_one_half,prepared,Complete matched management reference and treatment
437146,2023,tillage_reduced,prepared,Complete matched management reference and treatment
437146,2023,tillage_zero,prepared,Complete matched management reference and treatment
14,2016,organic_substitution,prepared,Complete matched management reference and treatment
14,2016,mineral_N_zero,prepared,Complete matched management reference and treatment
14,2016,mineral_N_half,prepared,Complete matched management reference and treatment
14,2016,mineral_N_one_half,prepared,Complete matched management reference and treatment
14,2016,tillage_reduced,prepared,Complete matched management reference and treatment
14,2016,tillage_zero,prepared,Complete matched management reference and treatment
14,2017,organic_substitution,prepared,Complete matched management reference and treatment
14,2017,mineral_N_zero,prepared,Complete matched management reference and treatment
14,2017,mineral_N_half,prepared,Complete matched management reference and treatment
14,2017,mineral_N_one_half,prepared,Complete matched management reference and treatment
14,2017,tillage_reduced,prepared,Complete matched management reference and treatment
14,2017,tillage_zero,prepared,Complete matched management reference and treatment
14,2018,organic_substitution,prepared,Complete matched management reference and treatment
14,2018,mineral_N_zero,prepared,Complete matched management reference and treatment
14,2018,mineral_N_half,prepared,Complete matched management reference and treatment
14,2018,mineral_N_one_half,prepared,Complete matched management reference and treatment
14,2018,tillage_reduced,prepared,Complete matched management reference and treatment
14,2018,tillage_zero,prepared,Complete matched management reference and treatment
14,2019,organic_substitution,prepared,Complete matched management reference and treatment
14,2019,mineral_N_zero,prepared,Complete matched management reference and treatment
14,2019,mineral_N_half,prepared,Complete matched management reference and treatment
14,2019,mineral_N_one_half,prepared,Complete matched management reference and treatment
14,2019,tillage_reduced,prepared,Complete matched management reference and treatment
14,2019,tillage_zero,prepared,Complete matched management reference and treatment
14,2020,organic_substitution,prepared,Complete matched management reference and treatment
14,2020,mineral_N_zero,prepared,Complete matched management reference and treatment
14,2020,mineral_N_half,prepared,Complete matched management reference and treatment
14,2020,mineral_N_one_half,prepared,Complete matched management reference and treatment
14,2020,tillage_reduced,prepared,Complete matched management reference and treatment
14,2020,tillage_zero,prepared,Complete matched management reference and treatment
14,2021,organic_substitution,prepared,Complete matched management reference and treatment
14,2021,mineral_N_zero,prepared,Complete matched management reference and treatment
14,2021,mineral_N_half,prepared,Complete matched management reference and treatment
14,2021,mineral_N_one_half,prepared,Complete matched management reference and treatment
14,2021,tillage_reduced,prepared,Complete matched management reference and treatment
14,2021,tillage_zero,prepared,Complete matched management reference and treatment
14,2022,organic_substitution,prepared,Complete matched management reference and treatment
14,2022,mineral_N_zero,prepared,Complete matched management reference and treatment
14,2022,mineral_N_half,prepared,Complete matched management reference and treatment
14,2022,mineral_N_one_half,prepared,Complete matched management reference and treatment
14,2022,tillage_reduced,prepared,Complete matched management reference and treatment
14,2022,tillage_zero,prepared,Complete matched management reference and treatment
14,2023,organic_substitution,prepared,Complete matched management reference and treatment
14,2023,mineral_N_zero,prepared,Complete matched management reference and treatment
14,2023,mineral_N_half,prepared,Complete matched management reference and treatment
14,2023,mineral_N_one_half,prepared,Complete matched management reference and treatment
14,2023,tillage_reduced,prepared,Complete matched management reference and treatment
14,2023,tillage_zero,prepared,Complete matched management reference and treatment
96038,2016,organic_substitution,prepared,Complete matched management reference and treatment
96038,2016,mineral_N_zero,prepared,Complete matched management reference and treatment
96038,2016,mineral_N_half,prepared,Complete matched management reference and treatment
96038,2016,mineral_N_one_half,prepared,Complete matched management reference and treatment
96038,2016,tillage_reduced,prepared,Complete matched management reference and treatment
96038,2016,tillage_zero,prepared,Complete matched management reference and treatment
96038,2017,organic_substitution,prepared,Complete matched management reference and treatment
96038,2017,mineral_N_zero,prepared,Complete matched management reference and treatment
96038,2017,mineral_N_half,prepared,Complete matched management reference and treatment
96038,2017,mineral_N_one_half,prepared,Complete matched management reference and treatment
96038,2017,tillage_reduced,prepared,Complete matched management reference and treatment
96038,2017,tillage_zero,prepared,Complete matched management reference and treatment
96038,2018,organic_substitution,prepared,Complete matched management reference and treatment
96038,2018,mineral_N_zero,prepared,Complete matched management reference and treatment
96038,2018,mineral_N_half,prepared,Complete matched management reference and treatment
96038,2018,mineral_N_one_half,prepared,Complete matched management reference and treatment
96038,2018,tillage_reduced,prepared,Complete matched management reference and treatment
96038,2018,tillage_zero,prepared,Complete matched management reference and treatment
96038,2019,organic_substitution,prepared,Complete matched management reference and treatment
96038,2019,mineral_N_zero,prepared,Complete matched management reference and treatment
96038,2019,mineral_N_half,prepared,Complete matched management reference and treatment
96038,2019,mineral_N_one_half,prepared,Complete matched management reference and treatment
96038,2019,tillage_reduced,prepared,Complete matched management reference and treatment
96038,2019,tillage_zero,prepared,Complete matched management reference and treatment
96038,2020,organic_substitution,prepared,Complete matched management reference and treatment
96038,2020,mineral_N_zero,prepared,Complete matched management reference and treatment
96038,2020,mineral_N_half,prepared,Complete matched management reference and treatment
96038,2020,mineral_N_one_half,prepared,Complete matched management reference and treatment
96038,2020,tillage_reduced,prepared,Complete matched management reference and treatment
96038,2020,tillage_zero,prepared,Complete matched management reference and treatment
96038,2021,organic_substitution,prepared,Complete matched management reference and treatment
96038,2021,mineral_N_zero,prepared,Complete matched management reference and treatment
96038,2021,mineral_N_half,prepared,Complete matched management reference and treatment
96038,2021,mineral_N_one_half,prepared,Complete matched management reference and treatment
96038,2021,tillage_reduced,prepared,Complete matched management reference and treatment
96038,2021,tillage_zero,prepared,Complete matched management reference and treatment
96038,2022,organic_substitution,prepared,Complete matched management reference and treatment
96038,2022,mineral_N_zero,prepared,Complete matched management reference and treatment
96038,2022,mineral_N_half,prepared,Complete matched management reference and treatment
96038,2022,mineral_N_one_half,prepared,Complete matched management reference and treatment
96038,2022,tillage_reduced,prepared,Complete matched management reference and treatment
96038,2022,tillage_zero,prepared,Complete matched management reference and treatment
96038,2023,organic_substitution,prepared,Complete matched management reference and treatment
96038,2023,mineral_N_zero,prepared,Complete matched management reference and treatment
96038,2023,mineral_N_half,prepared,Complete matched management reference and treatment
96038,2023,mineral_N_one_half,prepared,Complete matched management reference and treatment
96038,2023,tillage_reduced,prepared,Complete matched management reference and treatment
96038,2023,tillage_zero,prepared,Complete matched management reference and treatment
155097,2016,organic_substitution,prepared,Complete matched management reference and treatment
155097,2016,mineral_N_zero,prepared,Complete matched management reference and treatment
155097,2016,mineral_N_half,prepared,Complete matched management reference and treatment
155097,2016,mineral_N_one_half,prepared,Complete matched management reference and treatment
155097,2016,tillage_reduced,prepared,Complete matched management reference and treatment
155097,2016,tillage_zero,prepared,Complete matched management reference and treatment
155097,2017,organic_substitution,prepared,Complete matched management reference and treatment
155097,2017,mineral_N_zero,prepared,Complete matched management reference and treatment
155097,2017,mineral_N_half,prepared,Complete matched management reference and treatment
155097,2017,mineral_N_one_half,prepared,Complete matched management reference and treatment
155097,2017,tillage_reduced,prepared,Complete matched management reference and treatment
155097,2017,tillage_zero,prepared,Complete matched management reference and treatment
155097,2018,organic_substitution,prepared,Complete matched management reference and treatment
155097,2018,mineral_N_zero,prepared,Complete matched management reference and treatment
155097,2018,mineral_N_half,prepared,Complete matched management reference and treatment
155097,2018,mineral_N_one_half,prepared,Complete matched management reference and treatment
155097,2018,tillage_reduced,prepared,Complete matched management reference and treatment
155097,2018,tillage_zero,prepared,Complete matched management reference and treatment
155097,2019,organic_substitution,prepared,Complete matched management reference and treatment
155097,2019,mineral_N_zero,prepared,Complete matched management reference and treatment
155097,2019,mineral_N_half,prepared,Complete matched management reference and treatment
155097,2019,mineral_N_one_half,prepared,Complete matched management reference and treatment
155097,2019,tillage_reduced,prepared,Complete matched management reference and treatment
155097,2019,tillage_zero,prepared,Complete matched management reference and treatment
155097,2020,organic_substitution,prepared,Complete matched management reference and treatment
155097,2020,mineral_N_zero,prepared,Complete matched management reference and treatment
155097,2020,mineral_N_half,prepared,Complete matched management reference and treatment
155097,2020,mineral_N_one_half,prepared,Complete matched management reference and treatment
155097,2020,tillage_reduced,prepared,Complete matched management reference and treatment
155097,2020,tillage_zero,prepared,Complete matched management reference and treatment
155097,2021,organic_substitution,prepared,Complete matched management reference and treatment
155097,2021,mineral_N_zero,prepared,Complete matched management reference and treatment
155097,2021,mineral_N_half,prepared,Complete matched management reference and treatment
155097,2021,mineral_N_one_half,prepared,Complete matched management reference and treatment
155097,2021,tillage_reduced,prepared,Complete matched management reference and treatment
155097,2021,tillage_zero,prepared,Complete matched management reference and treatment
155097,2022,organic_substitution,prepared,Complete matched management reference and treatment
155097,2022,mineral_N_zero,prepared,Complete matched management reference and treatment
155097,2022,mineral_N_half,prepared,Complete matched management reference and treatment
155097,2022,mineral_N_one_half,prepared,Complete matched management reference and treatment
155097,2022,tillage_reduced,prepared,Complete matched management reference and treatment
155097,2022,tillage_zero,prepared,Complete matched management reference and treatment
155097,2023,organic_substitution,prepared,Complete matched management reference and treatment
155097,2023,mineral_N_zero,prepared,Complete matched management reference and treatment
155097,2023,mineral_N_half,prepared,Complete matched management reference and treatment
155097,2023,mineral_N_one_half,prepared,Complete matched management reference and treatment
155097,2023,tillage_reduced,prepared,Complete matched management reference and treatment
155097,2023,tillage_zero,prepared,Complete matched management reference and treatment
30934,2016,organic_substitution,prepared,Complete matched management reference and treatment
30934,2016,mineral_N_zero,prepared,Complete matched management reference and treatment
30934,2016,mineral_N_half,prepared,Complete matched management reference and treatment
30934,2016,mineral_N_one_half,prepared,Complete matched management reference and treatment
30934,2016,tillage_reduced,prepared,Complete matched management reference and treatment
30934,2016,tillage_zero,prepared,Complete matched management reference and treatment
30934,2017,organic_substitution,prepared,Complete matched management reference and treatment
30934,2017,mineral_N_zero,prepared,Complete matched management reference and treatment
30934,2017,mineral_N_half,prepared,Complete matched management reference and treatment
30934,2017,mineral_N_one_half,prepared,Complete matched management reference and treatment
30934,2017,tillage_reduced,prepared,Complete matched management reference and treatment
30934,2017,tillage_zero,prepared,Complete matched management reference and treatment
30934,2018,organic_substitution,prepared,Complete matched management reference and treatment
30934,2018,mineral_N_zero,prepared,Complete matched management reference and treatment
30934,2018,mineral_N_half,prepared,Complete matched management reference and treatment
30934,2018,mineral_N_one_half,prepared,Complete matched management reference and treatment
30934,2018,tillage_reduced,prepared,Complete matched management reference and treatment
30934,2018,tillage_zero,prepared,Complete matched management reference and treatment
30934,2019,organic_substitution,prepared,Complete matched management reference and treatment
30934,2019,mineral_N_zero,prepared,Complete matched management reference and treatment
30934,2019,mineral_N_half,prepared,Complete matched management reference and treatment
30934,2019,mineral_N_one_half,prepared,Complete matched management reference and treatment
30934,2019,tillage_reduced,prepared,Complete matched management reference and treatment
30934,2019,tillage_zero,prepared,Complete matched management reference and treatment
30934,2020,organic_substitution,prepared,Complete matched management reference and treatment
30934,2020,mineral_N_zero,prepared,Complete matched management reference and treatment
30934,2020,mineral_N_half,prepared,Complete matched management reference and treatment
30934,2020,mineral_N_one_half,prepared,Complete matched management reference and treatment
30934,2020,tillage_reduced,prepared,Complete matched management reference and treatment
30934,2020,tillage_zero,prepared,Complete matched management reference and treatment
30934,2021,organic_substitution,prepared,Complete matched management reference and treatment
30934,2021,mineral_N_zero,prepared,Complete matched management reference and treatment
30934,2021,mineral_N_half,prepared,Complete matched management reference and treatment
30934,2021,mineral_N_one_half,prepared,Complete matched management reference and treatment
30934,2021,tillage_reduced,prepared,Complete matched management reference and treatment
30934,2021,tillage_zero,prepared,Complete matched management reference and treatment
30934,2022,organic_substitution,prepared,Complete matched management reference and treatment
30934,2022,mineral_N_zero,prepared,Complete matched management reference and treatment
30934,2022,mineral_N_half,prepared,Complete matched management reference and treatment
30934,2022,mineral_N_one_half,prepared,Complete matched management reference and treatment
30934,2022,tillage_reduced,prepared,Complete matched management reference and treatment
30934,2022,tillage_zero,prepared,Complete matched management reference and treatment
30934,2023,organic_substitution,prepared,Complete matched management reference and treatment
30934,2023,mineral_N_zero,prepared,Complete matched management reference and treatment
30934,2023,mineral_N_half,prepared,Complete matched management reference and treatment
30934,2023,mineral_N_one_half,prepared,Complete matched management reference and treatment
30934,2023,tillage_reduced,prepared,Complete matched management reference and treatment
30934,2023,tillage_zero,prepared,Complete matched management reference and treatment
32528,2016,organic_substitution,prepared,Complete matched management reference and treatment
32528,2016,mineral_N_zero,prepared,Complete matched management reference and treatment
32528,2016,mineral_N_half,prepared,Complete matched management reference and treatment
32528,2016,mineral_N_one_half,prepared,Complete matched management reference and treatment
32528,2016,tillage_reduced,prepared,Complete matched management reference and treatment
32528,2016,tillage_zero,prepared,Complete matched management reference and treatment
32528,2017,organic_substitution,prepared,Complete matched management reference and treatment
32528,2017,mineral_N_zero,prepared,Complete matched management reference and treatment
32528,2017,mineral_N_half,prepared,Complete matched management reference and treatment
32528,2017,mineral_N_one_half,prepared,Complete matched management reference and treatment
32528,2017,tillage_reduced,prepared,Complete matched management reference and treatment
32528,2017,tillage_zero,prepared,Complete matched management reference and treatment
32528,2018,organic_substitution,prepared,Complete matched management reference and treatment
32528,2018,mineral_N_zero,prepared,Complete matched management reference and treatment
32528,2018,mineral_N_half,prepared,Complete matched management reference and treatment
32528,2018,mineral_N_one_half,prepared,Complete matched management reference and treatment
32528,2018,tillage_reduced,prepared,Complete matched management reference and treatment
32528,2018,tillage_zero,prepared,Complete matched management reference and treatment
32528,2019,organic_substitution,prepared,Complete matched management reference and treatment
32528,2019,mineral_N_zero,prepared,Complete matched management reference and treatment
32528,2019,mineral_N_half,prepared,Complete matched management reference and treatment
32528,2019,mineral_N_one_half,prepared,Complete matched management reference and treatment
32528,2019,tillage_reduced,prepared,Complete matched management reference and treatment
32528,2019,tillage_zero,prepared,Complete matched management reference and treatment
32528,2020,organic_substitution,prepared,Complete matched management reference and treatment
32528,2020,mineral_N_zero,prepared,Complete matched management reference and treatment
32528,2020,mineral_N_half,prepared,Complete matched management reference and treatment
32528,2020,mineral_N_one_half,prepared,Complete matched management reference and treatment
32528,2020,tillage_reduced,prepared,Complete matched management reference and treatment
32528,2020,tillage_zero,prepared,Complete matched management reference and treatment
32528,2021,organic_substitution,prepared,Complete matched management reference and treatment
32528,2021,mineral_N_zero,prepared,Complete matched management reference and treatment
32528,2021,mineral_N_half,prepared,Complete matched management reference and treatment
32528,2021,mineral_N_one_half,prepared,Complete matched management reference and treatment
32528,2021,tillage_reduced,prepared,Complete matched management reference and treatment
32528,2021,tillage_zero,prepared,Complete matched management reference and treatment
32528,2022,organic_substitution,prepared,Complete matched management reference and treatment
32528,2022,mineral_N_zero,prepared,Complete matched management reference and treatment
32528,2022,mineral_N_half,prepared,Complete matched management reference and treatment
32528,2022,mineral_N_one_half,prepared,Complete matched management reference and treatment
32528,2022,tillage_reduced,prepared,Complete matched management reference and treatment
32528,2022,tillage_zero,prepared,Complete matched management reference and treatment
32528,2023,organic_substitution,prepared,Complete matched management reference and treatment
32528,2023,mineral_N_zero,prepared,Complete matched management reference and treatment
32528,2023,mineral_N_half,prepared,Complete matched management reference and treatment
32528,2023,mineral_N_one_half,prepared,Complete matched management reference and treatment
32528,2023,tillage_reduced,prepared,Complete matched management reference and treatment
32528,2023,tillage_zero,prepared,Complete matched management reference and treatment
469135,2016,organic_substitution,prepared,Complete matched management reference and treatment
469135,2016,mineral_N_zero,prepared,Complete matched management reference and treatment
469135,2016,mineral_N_half,prepared,Complete matched management reference and treatment
469135,2016,mineral_N_one_half,prepared,Complete matched management reference and treatment
469135,2016,tillage_reduced,prepared,Complete matched management reference and treatment
469135,2016,tillage_zero,prepared,Complete matched management reference and treatment
469135,2017,organic_substitution,prepared,Complete matched management reference and treatment
469135,2017,mineral_N_zero,prepared,Complete matched management reference and treatment
469135,2017,mineral_N_half,prepared,Complete matched management reference and treatment
469135,2017,mineral_N_one_half,prepared,Complete matched management reference and treatment
469135,2017,tillage_reduced,prepared,Complete matched management reference and treatment
469135,2017,tillage_zero,prepared,Complete matched management reference and treatment
469135,2018,organic_substitution,prepared,Complete matched management reference and treatment
469135,2018,mineral_N_zero,prepared,Complete matched management reference and treatment
469135,2018,mineral_N_half,prepared,Complete matched management reference and treatment
469135,2018,mineral_N_one_half,prepared,Complete matched management reference and treatment
469135,2018,tillage_reduced,prepared,Complete matched management reference and treatment
469135,2018,tillage_zero,prepared,Complete matched management reference and treatment
469135,2019,organic_substitution,prepared,Complete matched management reference and treatment
469135,2019,mineral_N_zero,prepared,Complete matched management reference and treatment
469135,2019,mineral_N_half,prepared,Complete matched management reference and treatment
469135,2019,mineral_N_one_half,prepared,Complete matched management reference and treatment
469135,2019,tillage_reduced,prepared,Complete matched management reference and treatment
469135,2019,tillage_zero,prepared,Complete matched management reference and treatment
469135,2020,organic_substitution,prepared,Complete matched management reference and treatment
469135,2020,mineral_N_zero,prepared,Complete matched management reference and treatment
469135,2020,mineral_N_half,prepared,Complete matched management reference and treatment
469135,2020,mineral_N_one_half,prepared,Complete matched management reference and treatment
469135,2020,tillage_reduced,prepared,Complete matched management reference and treatment
469135,2020,tillage_zero,prepared,Complete matched management reference and treatment
469135,2021,organic_substitution,prepared,Complete matched management reference and treatment
469135,2021,mineral_N_zero,prepared,Complete matched management reference and treatment
469135,2021,mineral_N_half,prepared,Complete matched management reference and treatment
469135,2021,mineral_N_one_half,prepared,Complete matched management reference and treatment
469135,2021,tillage_reduced,prepared,Complete matched management reference and treatment
469135,2021,tillage_zero,prepared,Complete matched management reference and treatment
469135,2022,organic_substitution,prepared,Complete matched management reference and treatment
469135,2022,mineral_N_zero,prepared,Complete matched management reference and treatment
469135,2022,mineral_N_half,prepared,Complete matched management reference and treatment
469135,2022,mineral_N_one_half,prepared,Complete matched management reference and treatment
469135,2022,tillage_reduced,prepared,Complete matched management reference and treatment
469135,2022,tillage_zero,prepared,Complete matched management reference and treatment
469135,2023,organic_substitution,prepared,Complete matched management reference and treatment
469135,2023,mineral_N_zero,prepared,Complete matched management reference and treatment
469135,2023,mineral_N_half,prepared,Complete matched management reference and treatment
469135,2023,mineral_N_one_half,prepared,Complete matched management reference and treatment
469135,2023,tillage_reduced,prepared,Complete matched management reference and treatment
469135,2023,tillage_zero,prepared,Complete matched management reference and treatment
357428,2016,organic_substitution,prepared,Complete matched management reference and treatment
357428,2016,mineral_N_zero,prepared,Complete matched management reference and treatment
357428,2016,mineral_N_half,prepared,Complete matched management reference and treatment
357428,2016,mineral_N_one_half,prepared,Complete matched management reference and treatment
357428,2016,tillage_reduced,prepared,Complete matched management reference and treatment
357428,2016,tillage_zero,prepared,Complete matched management reference and treatment
357428,2017,organic_substitution,prepared,Complete matched management reference and treatment
357428,2017,mineral_N_zero,prepared,Complete matched management reference and treatment
357428,2017,mineral_N_half,prepared,Complete matched management reference and treatment
357428,2017,mineral_N_one_half,prepared,Complete matched management reference and treatment
357428,2017,tillage_reduced,prepared,Complete matched management reference and treatment
357428,2017,tillage_zero,prepared,Complete matched management reference and treatment
357428,2018,organic_substitution,prepared,Complete matched management reference and treatment
357428,2018,mineral_N_zero,prepared,Complete matched management reference and treatment
357428,2018,mineral_N_half,prepared,Complete matched management reference and treatment
357428,2018,mineral_N_one_half,prepared,Complete matched management reference and treatment
357428,2018,tillage_reduced,prepared,Complete matched management reference and treatment
357428,2018,tillage_zero,prepared,Complete matched management reference and treatment
357428,2019,organic_substitution,prepared,Complete matched management reference and treatment
357428,2019,mineral_N_zero,prepared,Complete matched management reference and treatment
357428,2019,mineral_N_half,prepared,Complete matched management reference and treatment
357428,2019,mineral_N_one_half,prepared,Complete matched management reference and treatment
357428,2019,tillage_reduced,prepared,Complete matched management reference and treatment
357428,2019,tillage_zero,prepared,Complete matched management reference and treatment
357428,2020,organic_substitution,prepared,Complete matched management reference and treatment
357428,2020,mineral_N_zero,prepared,Complete matched management reference and treatment
357428,2020,mineral_N_half,prepared,Complete matched management reference and treatment
357428,2020,mineral_N_one_half,prepared,Complete matched management reference and treatment
357428,2020,tillage_reduced,prepared,Complete matched management reference and treatment
357428,2020,tillage_zero,prepared,Complete matched management reference and treatment
357428,2021,organic_substitution,prepared,Complete matched management reference and treatment
357428,2021,mineral_N_zero,prepared,Complete matched management reference and treatment
357428,2021,mineral_N_half,prepared,Complete matched management reference and treatment
357428,2021,mineral_N_one_half,prepared,Complete matched management reference and treatment
357428,2021,tillage_reduced,prepared,Complete matched management reference and treatment
357428,2021,tillage_zero,prepared,Complete matched management reference and treatment
357428,2022,organic_substitution,prepared,Complete matched management reference and treatment
357428,2022,mineral_N_zero,prepared,Complete matched management reference and treatment
357428,2022,mineral_N_half,prepared,Complete matched management reference and treatment
357428,2022,mineral_N_one_half,prepared,Complete matched management reference and treatment
357428,2022,tillage_reduced,prepared,Complete matched management reference and treatment
357428,2022,tillage_zero,prepared,Complete matched management reference and treatment
357428,2023,organic_substitution,prepared,Complete matched management reference and treatment
357428,2023,mineral_N_zero,prepared,Complete matched management reference and treatment
357428,2023,mineral_N_half,prepared,Complete matched management reference and treatment
357428,2023,mineral_N_one_half,prepared,Complete matched management reference and treatment
357428,2023,tillage_reduced,prepared,Complete matched management reference and treatment
357428,2023,tillage_zero,prepared,Complete matched management reference and treatment
472163,2016,organic_substitution,prepared,Complete matched management reference and treatment
472163,2016,mineral_N_zero,prepared,Complete matched management reference and treatment
472163,2016,mineral_N_half,prepared,Complete matched management reference and treatment
472163,2016,mineral_N_one_half,prepared,Complete matched management reference and treatment
472163,2016,tillage_reduced,prepared,Complete matched management reference and treatment
472163,2016,tillage_zero,prepared,Complete matched management reference and treatment
472163,2017,organic_substitution,prepared,Complete matched management reference and treatment
472163,2017,mineral_N_zero,prepared,Complete matched management reference and treatment
472163,2017,mineral_N_half,prepared,Complete matched management reference and treatment
472163,2017,mineral_N_one_half,prepared,Complete matched management reference and treatment
472163,2017,tillage_reduced,prepared,Complete matched management reference and treatment
472163,2017,tillage_zero,prepared,Complete matched management reference and treatment
472163,2018,organic_substitution,prepared,Complete matched management reference and treatment
472163,2018,mineral_N_zero,prepared,Complete matched management reference and treatment
472163,2018,mineral_N_half,prepared,Complete matched management reference and treatment
472163,2018,mineral_N_one_half,prepared,Complete matched management reference and treatment
472163,2018,tillage_reduced,prepared,Complete matched management reference and treatment
472163,2018,tillage_zero,prepared,Complete matched management reference and treatment
472163,2019,organic_substitution,prepared,Complete matched management reference and treatment
472163,2019,mineral_N_zero,prepared,Complete matched management reference and treatment
472163,2019,mineral_N_half,prepared,Complete matched management reference and treatment
472163,2019,mineral_N_one_half,prepared,Complete matched management reference and treatment
472163,2019,tillage_reduced,prepared,Complete matched management reference and treatment
472163,2019,tillage_zero,prepared,Complete matched management reference and treatment
472163,2020,organic_substitution,prepared,Complete matched management reference and treatment
472163,2020,mineral_N_zero,prepared,Complete matched management reference and treatment
472163,2020,mineral_N_half,prepared,Complete matched management reference and treatment
472163,2020,mineral_N_one_half,prepared,Complete matched management reference and treatment
472163,2020,tillage_reduced,prepared,Complete matched management reference and treatment
472163,2020,tillage_zero,prepared,Complete matched management reference and treatment
472163,2021,organic_substitution,prepared,Complete matched management reference and treatment
472163,2021,mineral_N_zero,prepared,Complete matched management reference and treatment
472163,2021,mineral_N_half,prepared,Complete matched management reference and treatment
472163,2021,mineral_N_one_half,prepared,Complete matched management reference and treatment
472163,2021,tillage_reduced,prepared,Complete matched management reference and treatment
472163,2021,tillage_zero,prepared,Complete matched management reference and treatment
472163,2022,organic_substitution,prepared,Complete matched management reference and treatment
472163,2022,mineral_N_zero,prepared,Complete matched management reference and treatment
472163,2022,mineral_N_half,prepared,Complete matched management reference and treatment
472163,2022,mineral_N_one_half,prepared,Complete matched management reference and treatment
472163,2022,tillage_reduced,prepared,Complete matched management reference and treatment
472163,2022,tillage_zero,prepared,Complete matched management reference and treatment
472163,2023,organic_substitution,prepared,Complete matched management reference and treatment
472163,2023,mineral_N_zero,prepared,Complete matched management reference and treatment
472163,2023,mineral_N_half,prepared,Complete matched management reference and treatment
472163,2023,mineral_N_one_half,prepared,Complete matched management reference and treatment
472163,2023,tillage_reduced,prepared,Complete matched management reference and treatment
472163,2023,tillage_zero,prepared,Complete matched management reference and treatment
329357,2016,organic_substitution,prepared,Complete matched management reference and treatment
329357,2016,mineral_N_zero,prepared,Complete matched management reference and treatment
329357,2016,mineral_N_half,prepared,Complete matched management reference and treatment
329357,2016,mineral_N_one_half,prepared,Complete matched management reference and treatment
329357,2016,tillage_reduced,prepared,Complete matched management reference and treatment
329357,2016,tillage_zero,prepared,Complete matched management reference and treatment
329357,2017,organic_substitution,prepared,Complete matched management reference and treatment
329357,2017,mineral_N_zero,prepared,Complete matched management reference and treatment
329357,2017,mineral_N_half,prepared,Complete matched management reference and treatment
329357,2017,mineral_N_one_half,prepared,Complete matched management reference and treatment
329357,2017,tillage_reduced,prepared,Complete matched management reference and treatment
329357,2017,tillage_zero,prepared,Complete matched management reference and treatment
329357,2018,organic_substitution,prepared,Complete matched management reference and treatment
329357,2018,mineral_N_zero,prepared,Complete matched management reference and treatment
329357,2018,mineral_N_half,prepared,Complete matched management reference and treatment
329357,2018,mineral_N_one_half,prepared,Complete matched management reference and treatment
329357,2018,tillage_reduced,prepared,Complete matched management reference and treatment
329357,2018,tillage_zero,prepared,Complete matched management reference and treatment
329357,2019,organic_substitution,prepared,Complete matched management reference and treatment
329357,2019,mineral_N_zero,prepared,Complete matched management reference and treatment
329357,2019,mineral_N_half,prepared,Complete matched management reference and treatment
329357,2019,mineral_N_one_half,prepared,Complete matched management reference and treatment
329357,2019,tillage_reduced,prepared,Complete matched management reference and treatment
329357,2019,tillage_zero,prepared,Complete matched management reference and treatment
329357,2020,organic_substitution,prepared,Complete matched management reference and treatment
329357,2020,mineral_N_zero,prepared,Complete matched management reference and treatment
329357,2020,mineral_N_half,prepared,Complete matched management reference and treatment
329357,2020,mineral_N_one_half,prepared,Complete matched management reference and treatment
329357,2020,tillage_reduced,prepared,Complete matched management reference and treatment
329357,2020,tillage_zero,prepared,Complete matched management reference and treatment
329357,2021,organic_substitution,prepared,Complete matched management reference and treatment
329357,2021,mineral_N_zero,prepared,Complete matched management reference and treatment
329357,2021,mineral_N_half,prepared,Complete matched management reference and treatment
329357,2021,mineral_N_one_half,prepared,Complete matched management reference and treatment
329357,2021,tillage_reduced,prepared,Complete matched management reference and treatment
329357,2021,tillage_zero,prepared,Complete matched management reference and treatment
329357,2022,organic_substitution,prepared,Complete matched management reference and treatment
329357,2022,mineral_N_zero,prepared,Complete matched management reference and treatment
329357,2022,mineral_N_half,prepared,Complete matched management reference and treatment
329357,2022,mineral_N_one_half,prepared,Complete matched management reference and treatment
329357,2022,tillage_reduced,prepared,Complete matched management reference and treatment
329357,2022,tillage_zero,prepared,Complete matched management reference and treatment
329357,2023,organic_substitution,prepared,Complete matched management reference and treatment
329357,2023,mineral_N_zero,prepared,Complete matched management reference and treatment
329357,2023,mineral_N_half,prepared,Complete matched management reference and treatment
329357,2023,mineral_N_one_half,prepared,Complete matched management reference and treatment
329357,2023,tillage_reduced,prepared,Complete matched management reference and treatment
329357,2023,tillage_zero,prepared,Complete matched management reference and treatment
152256,2016,organic_substitution,prepared,Complete matched management reference and treatment
152256,2016,mineral_N_zero,prepared,Complete matched management reference and treatment
152256,2016,mineral_N_half,prepared,Complete matched management reference and treatment
152256,2016,mineral_N_one_half,prepared,Complete matched management reference and treatment
152256,2016,tillage_reduced,prepared,Complete matched management reference and treatment
152256,2016,tillage_zero,prepared,Complete matched management reference and treatment
152256,2017,organic_substitution,prepared,Complete matched management reference and treatment
152256,2017,mineral_N_zero,prepared,Complete matched management reference and treatment
152256,2017,mineral_N_half,prepared,Complete matched management reference and treatment
152256,2017,mineral_N_one_half,prepared,Complete matched management reference and treatment
152256,2017,tillage_reduced,prepared,Complete matched management reference and treatment
152256,2017,tillage_zero,prepared,Complete matched management reference and treatment
152256,2018,organic_substitution,prepared,Complete matched management reference and treatment
152256,2018,mineral_N_zero,prepared,Complete matched management reference and treatment
152256,2018,mineral_N_half,prepared,Complete matched management reference and treatment
152256,2018,mineral_N_one_half,prepared,Complete matched management reference and treatment
152256,2018,tillage_reduced,prepared,Complete matched management reference and treatment
152256,2018,tillage_zero,prepared,Complete matched management reference and treatment
152256,2019,organic_substitution,prepared,Complete matched management reference and treatment
152256,2019,mineral_N_zero,prepared,Complete matched management reference and treatment
152256,2019,mineral_N_half,prepared,Complete matched management reference and treatment
152256,2019,mineral_N_one_half,prepared,Complete matched management reference and treatment
152256,2019,tillage_reduced,prepared,Complete matched management reference and treatment
152256,2019,tillage_zero,prepared,Complete matched management reference and treatment
152256,2020,organic_substitution,prepared,Complete matched management reference and treatment
152256,2020,mineral_N_zero,prepared,Complete matched management reference and treatment
152256,2020,mineral_N_half,prepared,Complete matched management reference and treatment
152256,2020,mineral_N_one_half,prepared,Complete matched management reference and treatment
152256,2020,tillage_reduced,prepared,Complete matched management reference and treatment
152256,2020,tillage_zero,prepared,Complete matched management reference and treatment
152256,2021,organic_substitution,prepared,Complete matched management reference and treatment
152256,2021,mineral_N_zero,prepared,Complete matched management reference and treatment
152256,2021,mineral_N_half,prepared,Complete matched management reference and treatment
152256,2021,mineral_N_one_half,prepared,Complete matched management reference and treatment
152256,2021,tillage_reduced,prepared,Complete matched management reference and treatment
152256,2021,tillage_zero,prepared,Complete matched management reference and treatment
152256,2022,organic_substitution,prepared,Complete matched management reference and treatment
152256,2022,mineral_N_zero,prepared,Complete matched management reference and treatment
152256,2022,mineral_N_half,prepared,Complete matched management reference and treatment
152256,2022,mineral_N_one_half,prepared,Complete matched management reference and treatment
152256,2022,tillage_reduced,prepared,Complete matched management reference and treatment
152256,2022,tillage_zero,prepared,Complete matched management reference and treatment
152256,2023,organic_substitution,prepared,Complete matched management reference and treatment
152256,2023,mineral_N_zero,prepared,Complete matched management reference and treatment
152256,2023,mineral_N_half,prepared,Complete matched management reference and treatment
152256,2023,mineral_N_one_half,prepared,Complete matched management reference and treatment
152256,2023,tillage_reduced,prepared,Complete matched management reference and treatment
152256,2023,tillage_zero,prepared,Complete matched management reference and treatment
89752,2016,organic_substitution,prepared,Complete matched management reference and treatment
89752,2016,mineral_N_zero,prepared,Complete matched management reference and treatment
89752,2016,mineral_N_half,prepared,Complete matched management reference and treatment
89752,2016,mineral_N_one_half,prepared,Complete matched management reference and treatment
89752,2016,tillage_reduced,prepared,Complete matched management reference and treatment
89752,2016,tillage_zero,prepared,Complete matched management reference and treatment
89752,2017,organic_substitution,prepared,Complete matched management reference and treatment
89752,2017,mineral_N_zero,prepared,Complete matched management reference and treatment
89752,2017,mineral_N_half,prepared,Complete matched management reference and treatment
89752,2017,mineral_N_one_half,prepared,Complete matched management reference and treatment
89752,2017,tillage_reduced,prepared,Complete matched management reference and treatment
89752,2017,tillage_zero,prepared,Complete matched management reference and treatment
89752,2018,organic_substitution,prepared,Complete matched management reference and treatment
89752,2018,mineral_N_zero,prepared,Complete matched management reference and treatment
89752,2018,mineral_N_half,prepared,Complete matched management reference and treatment
89752,2018,mineral_N_one_half,prepared,Complete matched management reference and treatment
89752,2018,tillage_reduced,prepared,Complete matched management reference and treatment
89752,2018,tillage_zero,prepared,Complete matched management reference and treatment
89752,2019,organic_substitution,prepared,Complete matched management reference and treatment
89752,2019,mineral_N_zero,prepared,Complete matched management reference and treatment
89752,2019,mineral_N_half,prepared,Complete matched management reference and treatment
89752,2019,mineral_N_one_half,prepared,Complete matched management reference and treatment
89752,2019,tillage_reduced,prepared,Complete matched management reference and treatment
89752,2019,tillage_zero,prepared,Complete matched management reference and treatment
89752,2020,organic_substitution,prepared,Complete matched management reference and treatment
89752,2020,mineral_N_zero,prepared,Complete matched management reference and treatment
89752,2020,mineral_N_half,prepared,Complete matched management reference and treatment
89752,2020,mineral_N_one_half,prepared,Complete matched management reference and treatment
89752,2020,tillage_reduced,prepared,Complete matched management reference and treatment
89752,2020,tillage_zero,prepared,Complete matched management reference and treatment
89752,2021,organic_substitution,prepared,Complete matched management reference and treatment
89752,2021,mineral_N_zero,prepared,Complete matched management reference and treatment
89752,2021,mineral_N_half,prepared,Complete matched management reference and treatment
89752,2021,mineral_N_one_half,prepared,Complete matched management reference and treatment
89752,2021,tillage_reduced,prepared,Complete matched management reference and treatment
89752,2021,tillage_zero,prepared,Complete matched management reference and treatment
89752,2022,organic_substitution,prepared,Complete matched management reference and treatment
89752,2022,mineral_N_zero,prepared,Complete matched management reference and treatment
89752,2022,mineral_N_half,prepared,Complete matched management reference and treatment
89752,2022,mineral_N_one_half,prepared,Complete matched management reference and treatment
89752,2022,tillage_reduced,prepared,Complete matched management reference and treatment
89752,2022,tillage_zero,prepared,Complete matched management reference and treatment
89752,2023,organic_substitution,prepared,Complete matched management reference and treatment
89752,2023,mineral_N_zero,prepared,Complete matched management reference and treatment
89752,2023,mineral_N_half,prepared,Complete matched management reference and treatment
89752,2023,mineral_N_one_half,prepared,Complete matched management reference and treatment
89752,2023,tillage_reduced,prepared,Complete matched management reference and treatment
89752,2023,tillage_zero,prepared,Complete matched management reference and treatment
362135,2016,organic_substitution,prepared,Complete matched management reference and treatment
362135,2016,mineral_N_zero,prepared,Complete matched management reference and treatment
362135,2016,mineral_N_half,prepared,Complete matched management reference and treatment
362135,2016,mineral_N_one_half,prepared,Complete matched management reference and treatment
362135,2016,tillage_reduced,prepared,Complete matched management reference and treatment
362135,2016,tillage_zero,prepared,Complete matched management reference and treatment
362135,2017,organic_substitution,prepared,Complete matched management reference and treatment
362135,2017,mineral_N_zero,prepared,Complete matched management reference and treatment
362135,2017,mineral_N_half,prepared,Complete matched management reference and treatment
362135,2017,mineral_N_one_half,prepared,Complete matched management reference and treatment
362135,2017,tillage_reduced,prepared,Complete matched management reference and treatment
362135,2017,tillage_zero,prepared,Complete matched management reference and treatment
362135,2018,organic_substitution,prepared,Complete matched management reference and treatment
362135,2018,mineral_N_zero,prepared,Complete matched management reference and treatment
362135,2018,mineral_N_half,prepared,Complete matched management reference and treatment
362135,2018,mineral_N_one_half,prepared,Complete matched management reference and treatment
362135,2018,tillage_reduced,prepared,Complete matched management reference and treatment
362135,2018,tillage_zero,prepared,Complete matched management reference and treatment
362135,2019,organic_substitution,prepared,Complete matched management reference and treatment
362135,2019,mineral_N_zero,prepared,Complete matched management reference and treatment
362135,2019,mineral_N_half,prepared,Complete matched management reference and treatment
362135,2019,mineral_N_one_half,prepared,Complete matched management reference and treatment
362135,2019,tillage_reduced,prepared,Complete matched management reference and treatment
362135,2019,tillage_zero,prepared,Complete matched management reference and treatment
362135,2020,organic_substitution,prepared,Complete matched management reference and treatment
362135,2020,mineral_N_zero,prepared,Complete matched management reference and treatment
362135,2020,mineral_N_half,prepared,Complete matched management reference and treatment
362135,2020,mineral_N_one_half,prepared,Complete matched management reference and treatment
362135,2020,tillage_reduced,prepared,Complete matched management reference and treatment
362135,2020,tillage_zero,prepared,Complete matched management reference and treatment
362135,2021,organic_substitution,prepared,Complete matched management reference and treatment
362135,2021,mineral_N_zero,prepared,Complete matched management reference and treatment
362135,2021,mineral_N_half,prepared,Complete matched management reference and treatment
362135,2021,mineral_N_one_half,prepared,Complete matched management reference and treatment
362135,2021,tillage_reduced,prepared,Complete matched management reference and treatment
362135,2021,tillage_zero,prepared,Complete matched management reference and treatment
362135,2022,organic_substitution,prepared,Complete matched management reference and treatment
362135,2022,mineral_N_zero,prepared,Complete matched management reference and treatment
362135,2022,mineral_N_half,prepared,Complete matched management reference and treatment
362135,2022,mineral_N_one_half,prepared,Complete matched management reference and treatment
362135,2022,tillage_reduced,prepared,Complete matched management reference and treatment
362135,2022,tillage_zero,prepared,Complete matched management reference and treatment
362135,2023,organic_substitution,prepared,Complete matched management reference and treatment
362135,2023,mineral_N_zero,prepared,Complete matched management reference and treatment
362135,2023,mineral_N_half,prepared,Complete matched management reference and treatment
362135,2023,mineral_N_one_half,prepared,Complete matched management reference and treatment
362135,2023,tillage_reduced,prepared,Complete matched management reference and treatment
362135,2023,tillage_zero,prepared,Complete matched management reference and treatment
594379,2016,organic_substitution,prepared,Complete matched management reference and treatment
594379,2016,mineral_N_zero,prepared,Complete matched management reference and treatment
594379,2016,mineral_N_half,prepared,Complete matched management reference and treatment
594379,2016,mineral_N_one_half,prepared,Complete matched management reference and treatment
594379,2016,tillage_reduced,prepared,Complete matched management reference and treatment
594379,2016,tillage_zero,prepared,Complete matched management reference and treatment
594379,2017,organic_substitution,prepared,Complete matched management reference and treatment
594379,2017,mineral_N_zero,prepared,Complete matched management reference and treatment
594379,2017,mineral_N_half,prepared,Complete matched management reference and treatment
594379,2017,mineral_N_one_half,prepared,Complete matched management reference and treatment
594379,2017,tillage_reduced,prepared,Complete matched management reference and treatment
594379,2017,tillage_zero,prepared,Complete matched management reference and treatment
594379,2018,organic_substitution,prepared,Complete matched management reference and treatment
594379,2018,mineral_N_zero,prepared,Complete matched management reference and treatment
594379,2018,mineral_N_half,prepared,Complete matched management reference and treatment
594379,2018,mineral_N_one_half,prepared,Complete matched management reference and treatment
594379,2018,tillage_reduced,prepared,Complete matched management reference and treatment
594379,2018,tillage_zero,prepared,Complete matched management reference and treatment
594379,2019,organic_substitution,prepared,Complete matched management reference and treatment
594379,2019,mineral_N_zero,prepared,Complete matched management reference and treatment
594379,2019,mineral_N_half,prepared,Complete matched management reference and treatment
594379,2019,mineral_N_one_half,prepared,Complete matched management reference and treatment
594379,2019,tillage_reduced,prepared,Complete matched management reference and treatment
594379,2019,tillage_zero,prepared,Complete matched management reference and treatment
594379,2020,organic_substitution,prepared,Complete matched management reference and treatment
594379,2020,mineral_N_zero,prepared,Complete matched management reference and treatment
594379,2020,mineral_N_half,prepared,Complete matched management reference and treatment
594379,2020,mineral_N_one_half,prepared,Complete matched management reference and treatment
594379,2020,tillage_reduced,prepared,Complete matched management reference and treatment
594379,2020,tillage_zero,prepared,Complete matched management reference and treatment
594379,2021,organic_substitution,prepared,Complete matched management reference and treatment
594379,2021,mineral_N_zero,prepared,Complete matched management reference and treatment
594379,2021,mineral_N_half,prepared,Complete matched management reference and treatment
594379,2021,mineral_N_one_half,prepared,Complete matched management reference and treatment
594379,2021,tillage_reduced,prepared,Complete matched management reference and treatment
594379,2021,tillage_zero,prepared,Complete matched management reference and treatment
594379,2022,organic_substitution,prepared,Complete matched management reference and treatment
594379,2022,mineral_N_zero,prepared,Complete matched management reference and treatment
594379,2022,mineral_N_half,prepared,Complete matched management reference and treatment
594379,2022,mineral_N_one_half,prepared,Complete matched management reference and treatment
594379,2022,tillage_reduced,prepared,Complete matched management reference and treatment
594379,2022,tillage_zero,prepared,Complete matched management reference and treatment
594379,2023,organic_substitution,prepared,Complete matched management reference and treatment
594379,2023,mineral_N_zero,prepared,Complete matched management reference and treatment
594379,2023,mineral_N_half,prepared,Complete matched management reference and treatment
594379,2023,mineral_N_one_half,prepared,Complete matched management reference and treatment
594379,2023,tillage_reduced,prepared,Complete matched management reference and treatment
594379,2023,tillage_zero,prepared,Complete matched management reference and treatment
429989,2016,organic_substitution,prepared,Complete matched management reference and treatment
429989,2016,mineral_N_zero,prepared,Complete matched management reference and treatment
429989,2016,mineral_N_half,prepared,Complete matched management reference and treatment
429989,2016,mineral_N_one_half,prepared,Complete matched management reference and treatment
429989,2016,tillage_reduced,prepared,Complete matched management reference and treatment
429989,2016,tillage_zero,prepared,Complete matched management reference and treatment
429989,2017,organic_substitution,prepared,Complete matched management reference and treatment
429989,2017,mineral_N_zero,prepared,Complete matched management reference and treatment
429989,2017,mineral_N_half,prepared,Complete matched management reference and treatment
429989,2017,mineral_N_one_half,prepared,Complete matched management reference and treatment
429989,2017,tillage_reduced,prepared,Complete matched management reference and treatment
429989,2017,tillage_zero,prepared,Complete matched management reference and treatment
429989,2018,organic_substitution,prepared,Complete matched management reference and treatment
429989,2018,mineral_N_zero,prepared,Complete matched management reference and treatment
429989,2018,mineral_N_half,prepared,Complete matched management reference and treatment
429989,2018,mineral_N_one_half,prepared,Complete matched management reference and treatment
429989,2018,tillage_reduced,prepared,Complete matched management reference and treatment
429989,2018,tillage_zero,prepared,Complete matched management reference and treatment
429989,2019,organic_substitution,prepared,Complete matched management reference and treatment
429989,2019,mineral_N_zero,prepared,Complete matched management reference and treatment
429989,2019,mineral_N_half,prepared,Complete matched management reference and treatment
429989,2019,mineral_N_one_half,prepared,Complete matched management reference and treatment
429989,2019,tillage_reduced,prepared,Complete matched management reference and treatment
429989,2019,tillage_zero,prepared,Complete matched management reference and treatment
429989,2020,organic_substitution,prepared,Complete matched management reference and treatment
429989,2020,mineral_N_zero,prepared,Complete matched management reference and treatment
429989,2020,mineral_N_half,prepared,Complete matched management reference and treatment
429989,2020,mineral_N_one_half,prepared,Complete matched management reference and treatment
429989,2020,tillage_reduced,prepared,Complete matched management reference and treatment
429989,2020,tillage_zero,prepared,Complete matched management reference and treatment
429989,2021,organic_substitution,prepared,Complete matched management reference and treatment
429989,2021,mineral_N_zero,prepared,Complete matched management reference and treatment
429989,2021,mineral_N_half,prepared,Complete matched management reference and treatment
429989,2021,mineral_N_one_half,prepared,Complete matched management reference and treatment
429989,2021,tillage_reduced,prepared,Complete matched management reference and treatment
429989,2021,tillage_zero,prepared,Complete matched management reference and treatment
429989,2022,organic_substitution,prepared,Complete matched management reference and treatment
429989,2022,mineral_N_zero,prepared,Complete matched management reference and treatment
429989,2022,mineral_N_half,prepared,Complete matched management reference and treatment
429989,2022,mineral_N_one_half,prepared,Complete matched management reference and treatment
429989,2022,tillage_reduced,prepared,Complete matched management reference and treatment
429989,2022,tillage_zero,prepared,Complete matched management reference and treatment
429989,2023,organic_substitution,prepared,Complete matched management reference and treatment
429989,2023,mineral_N_zero,prepared,Complete matched management reference and treatment
429989,2023,mineral_N_half,prepared,Complete matched management reference and treatment
429989,2023,mineral_N_one_half,prepared,Complete matched management reference and treatment
429989,2023,tillage_reduced,prepared,Complete matched management reference and treatment
429989,2023,tillage_zero,prepared,Complete matched management reference and treatment
102480,2016,organic_substitution,prepared,Complete matched management reference and treatment
102480,2016,mineral_N_zero,prepared,Complete matched management reference and treatment
102480,2016,mineral_N_half,prepared,Complete matched management reference and treatment
102480,2016,mineral_N_one_half,prepared,Complete matched management reference and treatment
102480,2016,tillage_reduced,prepared,Complete matched management reference and treatment
102480,2016,tillage_zero,prepared,Complete matched management reference and treatment
102480,2017,organic_substitution,prepared,Complete matched management reference and treatment
102480,2017,mineral_N_zero,prepared,Complete matched management reference and treatment
102480,2017,mineral_N_half,prepared,Complete matched management reference and treatment
102480,2017,mineral_N_one_half,prepared,Complete matched management reference and treatment
102480,2017,tillage_reduced,prepared,Complete matched management reference and treatment
102480,2017,tillage_zero,prepared,Complete matched management reference and treatment
102480,2018,organic_substitution,prepared,Complete matched management reference and treatment
102480,2018,mineral_N_zero,prepared,Complete matched management reference and treatment
102480,2018,mineral_N_half,prepared,Complete matched management reference and treatment
102480,2018,mineral_N_one_half,prepared,Complete matched management reference and treatment
102480,2018,tillage_reduced,prepared,Complete matched management reference and treatment
102480,2018,tillage_zero,prepared,Complete matched management reference and treatment
102480,2019,organic_substitution,prepared,Complete matched management reference and treatment
102480,2019,mineral_N_zero,prepared,Complete matched management reference and treatment
102480,2019,mineral_N_half,prepared,Complete matched management reference and treatment
102480,2019,mineral_N_one_half,prepared,Complete matched management reference and treatment
102480,2019,tillage_reduced,prepared,Complete matched management reference and treatment
102480,2019,tillage_zero,prepared,Complete matched management reference and treatment
102480,2020,organic_substitution,prepared,Complete matched management reference and treatment
102480,2020,mineral_N_zero,prepared,Complete matched management reference and treatment
102480,2020,mineral_N_half,prepared,Complete matched management reference and treatment
102480,2020,mineral_N_one_half,prepared,Complete matched management reference and treatment
102480,2020,tillage_reduced,prepared,Complete matched management reference and treatment
102480,2020,tillage_zero,prepared,Complete matched management reference and treatment
102480,2021,organic_substitution,prepared,Complete matched management reference and treatment
102480,2021,mineral_N_zero,prepared,Complete matched management reference and treatment
102480,2021,mineral_N_half,prepared,Complete matched management reference and treatment
102480,2021,mineral_N_one_half,prepared,Complete matched management reference and treatment
102480,2021,tillage_reduced,prepared,Complete matched management reference and treatment
102480,2021,tillage_zero,prepared,Complete matched management reference and treatment
102480,2022,organic_substitution,prepared,Complete matched management reference and treatment
102480,2022,mineral_N_zero,prepared,Complete matched management reference and treatment
102480,2022,mineral_N_half,prepared,Complete matched management reference and treatment
102480,2022,mineral_N_one_half,prepared,Complete matched management reference and treatment
102480,2022,tillage_reduced,prepared,Complete matched management reference and treatment
102480,2022,tillage_zero,prepared,Complete matched management reference and treatment
102480,2023,organic_substitution,prepared,Complete matched management reference and treatment
102480,2023,mineral_N_zero,prepared,Complete matched management reference and treatment
102480,2023,mineral_N_half,prepared,Complete matched management reference and treatment
102480,2023,mineral_N_one_half,prepared,Complete matched management reference and treatment
102480,2023,tillage_reduced,prepared,Complete matched management reference and treatment
102480,2023,tillage_zero,prepared,Complete matched management reference and treatment
28809,2016,organic_substitution,prepared,Complete matched management reference and treatment
28809,2016,mineral_N_zero,prepared,Complete matched management reference and treatment
28809,2016,mineral_N_half,prepared,Complete matched management reference and treatment
28809,2016,mineral_N_one_half,prepared,Complete matched management reference and treatment
28809,2016,tillage_reduced,prepared,Complete matched management reference and treatment
28809,2016,tillage_zero,prepared,Complete matched management reference and treatment
28809,2017,organic_substitution,prepared,Complete matched management reference and treatment
28809,2017,mineral_N_zero,prepared,Complete matched management reference and treatment
28809,2017,mineral_N_half,prepared,Complete matched management reference and treatment
28809,2017,mineral_N_one_half,prepared,Complete matched management reference and treatment
28809,2017,tillage_reduced,prepared,Complete matched management reference and treatment
28809,2017,tillage_zero,prepared,Complete matched management reference and treatment
28809,2018,organic_substitution,prepared,Complete matched management reference and treatment
28809,2018,mineral_N_zero,prepared,Complete matched management reference and treatment
28809,2018,mineral_N_half,prepared,Complete matched management reference and treatment
28809,2018,mineral_N_one_half,prepared,Complete matched management reference and treatment
28809,2018,tillage_reduced,prepared,Complete matched management reference and treatment
28809,2018,tillage_zero,prepared,Complete matched management reference and treatment
28809,2019,organic_substitution,prepared,Complete matched management reference and treatment
28809,2019,mineral_N_zero,prepared,Complete matched management reference and treatment
28809,2019,mineral_N_half,prepared,Complete matched management reference and treatment
28809,2019,mineral_N_one_half,prepared,Complete matched management reference and treatment
28809,2019,tillage_reduced,prepared,Complete matched management reference and treatment
28809,2019,tillage_zero,prepared,Complete matched management reference and treatment
28809,2020,organic_substitution,prepared,Complete matched management reference and treatment
28809,2020,mineral_N_zero,prepared,Complete matched management reference and treatment
28809,2020,mineral_N_half,prepared,Complete matched management reference and treatment
28809,2020,mineral_N_one_half,prepared,Complete matched management reference and treatment
28809,2020,tillage_reduced,prepared,Complete matched management reference and treatment
28809,2020,tillage_zero,prepared,Complete matched management reference and treatment
28809,2021,organic_substitution,prepared,Complete matched management reference and treatment
28809,2021,mineral_N_zero,prepared,Complete matched management reference and treatment
28809,2021,mineral_N_half,prepared,Complete matched management reference and treatment
28809,2021,mineral_N_one_half,prepared,Complete matched management reference and treatment
28809,2021,tillage_reduced,prepared,Complete matched management reference and treatment
28809,2021,tillage_zero,prepared,Complete matched management reference and treatment
28809,2022,organic_substitution,prepared,Complete matched management reference and treatment
28809,2022,mineral_N_zero,prepared,Complete matched management reference and treatment
28809,2022,mineral_N_half,prepared,Complete matched management reference and treatment
28809,2022,mineral_N_one_half,prepared,Complete matched management reference and treatment
28809,2022,tillage_reduced,prepared,Complete matched management reference and treatment
28809,2022,tillage_zero,prepared,Complete matched management reference and treatment
28809,2023,organic_substitution,prepared,Complete matched management reference and treatment
28809,2023,mineral_N_zero,prepared,Complete matched management reference and treatment
28809,2023,mineral_N_half,prepared,Complete matched management reference and treatment
28809,2023,mineral_N_one_half,prepared,Complete matched management reference and treatment
28809,2023,tillage_reduced,prepared,Complete matched management reference and treatment
28809,2023,tillage_zero,prepared,Complete matched management reference and treatment
405184,2016,organic_substitution,prepared,Complete matched management reference and treatment
405184,2016,mineral_N_zero,prepared,Complete matched management reference and treatment
405184,2016,mineral_N_half,prepared,Complete matched management reference and treatment
405184,2016,mineral_N_one_half,prepared,Complete matched management reference and treatment
405184,2016,tillage_reduced,prepared,Complete matched management reference and treatment
405184,2016,tillage_zero,prepared,Complete matched management reference and treatment
405184,2017,organic_substitution,prepared,Complete matched management reference and treatment
405184,2017,mineral_N_zero,prepared,Complete matched management reference and treatment
405184,2017,mineral_N_half,prepared,Complete matched management reference and treatment
405184,2017,mineral_N_one_half,prepared,Complete matched management reference and treatment
405184,2017,tillage_reduced,prepared,Complete matched management reference and treatment
405184,2017,tillage_zero,prepared,Complete matched management reference and treatment
405184,2018,organic_substitution,prepared,Complete matched management reference and treatment
405184,2018,mineral_N_zero,prepared,Complete matched management reference and treatment
405184,2018,mineral_N_half,prepared,Complete matched management reference and treatment
405184,2018,mineral_N_one_half,prepared,Complete matched management reference and treatment
405184,2018,tillage_reduced,prepared,Complete matched management reference and treatment
405184,2018,tillage_zero,prepared,Complete matched management reference and treatment
405184,2019,organic_substitution,prepared,Complete matched management reference and treatment
405184,2019,mineral_N_zero,prepared,Complete matched management reference and treatment
405184,2019,mineral_N_half,prepared,Complete matched management reference and treatment
405184,2019,mineral_N_one_half,prepared,Complete matched management reference and treatment
405184,2019,tillage_reduced,prepared,Complete matched management reference and treatment
405184,2019,tillage_zero,prepared,Complete matched management reference and treatment
405184,2020,organic_substitution,prepared,Complete matched management reference and treatment
405184,2020,mineral_N_zero,prepared,Complete matched management reference and treatment
405184,2020,mineral_N_half,prepared,Complete matched management reference and treatment
405184,2020,mineral_N_one_half,prepared,Complete matched management reference and treatment
405184,2020,tillage_reduced,prepared,Complete matched management reference and treatment
405184,2020,tillage_zero,prepared,Complete matched management reference and treatment
405184,2021,organic_substitution,prepared,Complete matched management reference and treatment
405184,2021,mineral_N_zero,prepared,Complete matched management reference and treatment
405184,2021,mineral_N_half,prepared,Complete matched management reference and treatment
405184,2021,mineral_N_one_half,prepared,Complete matched management reference and treatment
405184,2021,tillage_reduced,prepared,Complete matched management reference and treatment
405184,2021,tillage_zero,prepared,Complete matched management reference and treatment
405184,2022,organic_substitution,prepared,Complete matched management reference and treatment
405184,2022,mineral_N_zero,prepared,Complete matched management reference and treatment
405184,2022,mineral_N_half,prepared,Complete matched management reference and treatment
405184,2022,mineral_N_one_half,prepared,Complete matched management reference and treatment
405184,2022,tillage_reduced,prepared,Complete matched management reference and treatment
405184,2022,tillage_zero,prepared,Complete matched management reference and treatment
405184,2023,organic_substitution,prepared,Complete matched management reference and treatment
405184,2023,mineral_N_zero,prepared,Complete matched management reference and treatment
405184,2023,mineral_N_half,prepared,Complete matched management reference and treatment
405184,2023,mineral_N_one_half,prepared,Complete matched management reference and treatment
405184,2023,tillage_reduced,prepared,Complete matched management reference and treatment
405184,2023,tillage_zero,prepared,Complete matched management reference and treatment
330822,2016,organic_substitution,prepared,Complete matched management reference and treatment
330822,2016,mineral_N_zero,prepared,Complete matched management reference and treatment
330822,2016,mineral_N_half,prepared,Complete matched management reference and treatment
330822,2016,mineral_N_one_half,prepared,Complete matched management reference and treatment
330822,2016,tillage_reduced,prepared,Complete matched management reference and treatment
330822,2016,tillage_zero,prepared,Complete matched management reference and treatment
330822,2017,organic_substitution,prepared,Complete matched management reference and treatment
330822,2017,mineral_N_zero,prepared,Complete matched management reference and treatment
330822,2017,mineral_N_half,prepared,Complete matched management reference and treatment
330822,2017,mineral_N_one_half,prepared,Complete matched management reference and treatment
330822,2017,tillage_reduced,prepared,Complete matched management reference and treatment
330822,2017,tillage_zero,prepared,Complete matched management reference and treatment
330822,2018,organic_substitution,prepared,Complete matched management reference and treatment
330822,2018,mineral_N_zero,prepared,Complete matched management reference and treatment
330822,2018,mineral_N_half,prepared,Complete matched management reference and treatment
330822,2018,mineral_N_one_half,prepared,Complete matched management reference and treatment
330822,2018,tillage_reduced,prepared,Complete matched management reference and treatment
330822,2018,tillage_zero,prepared,Complete matched management reference and treatment
330822,2019,organic_substitution,prepared,Complete matched management reference and treatment
330822,2019,mineral_N_zero,prepared,Complete matched management reference and treatment
330822,2019,mineral_N_half,prepared,Complete matched management reference and treatment
330822,2019,mineral_N_one_half,prepared,Complete matched management reference and treatment
330822,2019,tillage_reduced,prepared,Complete matched management reference and treatment
330822,2019,tillage_zero,prepared,Complete matched management reference and treatment
330822,2020,organic_substitution,prepared,Complete matched management reference and treatment
330822,2020,mineral_N_zero,prepared,Complete matched management reference and treatment
330822,2020,mineral_N_half,prepared,Complete matched management reference and treatment
330822,2020,mineral_N_one_half,prepared,Complete matched management reference and treatment
330822,2020,tillage_reduced,prepared,Complete matched management reference and treatment
330822,2020,tillage_zero,prepared,Complete matched management reference and treatment
330822,2021,organic_substitution,prepared,Complete matched management reference and treatment
330822,2021,mineral_N_zero,prepared,Complete matched management reference and treatment
330822,2021,mineral_N_half,prepared,Complete matched management reference and treatment
330822,2021,mineral_N_one_half,prepared,Complete matched management reference and treatment
330822,2021,tillage_reduced,prepared,Complete matched management reference and treatment
330822,2021,tillage_zero,prepared,Complete matched management reference and treatment
330822,2022,organic_substitution,prepared,Complete matched management reference and treatment
330822,2022,mineral_N_zero,prepared,Complete matched management reference and treatment
330822,2022,mineral_N_half,prepared,Complete matched management reference and treatment
330822,2022,mineral_N_one_half,prepared,Complete matched management reference and treatment
330822,2022,tillage_reduced,prepared,Complete matched management reference and treatment
330822,2022,tillage_zero,prepared,Complete matched management reference and treatment
330822,2023,organic_substitution,prepared,Complete matched management reference and treatment
330822,2023,mineral_N_zero,prepared,Complete matched management reference and treatment
330822,2023,mineral_N_half,prepared,Complete matched management reference and treatment
330822,2023,mineral_N_one_half,prepared,Complete matched management reference and treatment
330822,2023,tillage_reduced,prepared,Complete matched management reference and treatment
330822,2023,tillage_zero,prepared,Complete matched management reference and treatment
15499,2016,organic_substitution,prepared,Complete matched management reference and treatment
15499,2016,mineral_N_zero,prepared,Complete matched management reference and treatment
15499,2016,mineral_N_half,prepared,Complete matched management reference and treatment
15499,2016,mineral_N_one_half,prepared,Complete matched management reference and treatment
15499,2016,tillage_reduced,prepared,Complete matched management reference and treatment
15499,2016,tillage_zero,prepared,Complete matched management reference and treatment
15499,2017,organic_substitution,prepared,Complete matched management reference and treatment
15499,2017,mineral_N_zero,prepared,Complete matched management reference and treatment
15499,2017,mineral_N_half,prepared,Complete matched management reference and treatment
15499,2017,mineral_N_one_half,prepared,Complete matched management reference and treatment
15499,2017,tillage_reduced,prepared,Complete matched management reference and treatment
15499,2017,tillage_zero,prepared,Complete matched management reference and treatment
15499,2018,organic_substitution,prepared,Complete matched management reference and treatment
15499,2018,mineral_N_zero,prepared,Complete matched management reference and treatment
15499,2018,mineral_N_half,prepared,Complete matched management reference and treatment
15499,2018,mineral_N_one_half,prepared,Complete matched management reference and treatment
15499,2018,tillage_reduced,prepared,Complete matched management reference and treatment
15499,2018,tillage_zero,prepared,Complete matched management reference and treatment
15499,2019,organic_substitution,prepared,Complete matched management reference and treatment
15499,2019,mineral_N_zero,prepared,Complete matched management reference and treatment
15499,2019,mineral_N_half,prepared,Complete matched management reference and treatment
15499,2019,mineral_N_one_half,prepared,Complete matched management reference and treatment
15499,2019,tillage_reduced,prepared,Complete matched management reference and treatment
15499,2019,tillage_zero,prepared,Complete matched management reference and treatment
15499,2020,organic_substitution,prepared,Complete matched management reference and treatment
15499,2020,mineral_N_zero,prepared,Complete matched management reference and treatment
15499,2020,mineral_N_half,prepared,Complete matched management reference and treatment
15499,2020,mineral_N_one_half,prepared,Complete matched management reference and treatment
15499,2020,tillage_reduced,prepared,Complete matched management reference and treatment
15499,2020,tillage_zero,prepared,Complete matched management reference and treatment
15499,2021,organic_substitution,prepared,Complete matched management reference and treatment
15499,2021,mineral_N_zero,prepared,Complete matched management reference and treatment
15499,2021,mineral_N_half,prepared,Complete matched management reference and treatment
15499,2021,mineral_N_one_half,prepared,Complete matched management reference and treatment
15499,2021,tillage_reduced,prepared,Complete matched management reference and treatment
15499,2021,tillage_zero,prepared,Complete matched management reference and treatment
15499,2022,organic_substitution,prepared,Complete matched management reference and treatment
15499,2022,mineral_N_zero,prepared,Complete matched management reference and treatment
15499,2022,mineral_N_half,prepared,Complete matched management reference and treatment
15499,2022,mineral_N_one_half,prepared,Complete matched management reference and treatment
15499,2022,tillage_reduced,prepared,Complete matched management reference and treatment
15499,2022,tillage_zero,prepared,Complete matched management reference and treatment
15499,2023,organic_substitution,prepared,Complete matched management reference and treatment
15499,2023,mineral_N_zero,prepared,Complete matched management reference and treatment
15499,2023,mineral_N_half,prepared,Complete matched management reference and treatment
15499,2023,mineral_N_one_half,prepared,Complete matched management reference and treatment
15499,2023,tillage_reduced,prepared,Complete matched management reference and treatment
15499,2023,tillage_zero,prepared,Complete matched management reference and treatment
284301,2016,organic_substitution,prepared,Complete matched management reference and treatment
284301,2016,mineral_N_zero,prepared,Complete matched management reference and treatment
284301,2016,mineral_N_half,prepared,Complete matched management reference and treatment
284301,2016,mineral_N_one_half,prepared,Complete matched management reference and treatment
284301,2016,tillage_reduced,prepared,Complete matched management reference and treatment
284301,2016,tillage_zero,prepared,Complete matched management reference and treatment
284301,2017,organic_substitution,prepared,Complete matched management reference and treatment
284301,2017,mineral_N_zero,prepared,Complete matched management reference and treatment
284301,2017,mineral_N_half,prepared,Complete matched management reference and treatment
284301,2017,mineral_N_one_half,prepared,Complete matched management reference and treatment
284301,2017,tillage_reduced,prepared,Complete matched management reference and treatment
284301,2017,tillage_zero,prepared,Complete matched management reference and treatment
284301,2018,organic_substitution,prepared,Complete matched management reference and treatment
284301,2018,mineral_N_zero,prepared,Complete matched management reference and treatment
284301,2018,mineral_N_half,prepared,Complete matched management reference and treatment
284301,2018,mineral_N_one_half,prepared,Complete matched management reference and treatment
284301,2018,tillage_reduced,prepared,Complete matched management reference and treatment
284301,2018,tillage_zero,prepared,Complete matched management reference and treatment
284301,2019,organic_substitution,prepared,Complete matched management reference and treatment
284301,2019,mineral_N_zero,prepared,Complete matched management reference and treatment
284301,2019,mineral_N_half,prepared,Complete matched management reference and treatment
284301,2019,mineral_N_one_half,prepared,Complete matched management reference and treatment
284301,2019,tillage_reduced,prepared,Complete matched management reference and treatment
284301,2019,tillage_zero,prepared,Complete matched management reference and treatment
284301,2020,organic_substitution,prepared,Complete matched management reference and treatment
284301,2020,mineral_N_zero,prepared,Complete matched management reference and treatment
284301,2020,mineral_N_half,prepared,Complete matched management reference and treatment
284301,2020,mineral_N_one_half,prepared,Complete matched management reference and treatment
284301,2020,tillage_reduced,prepared,Complete matched management reference and treatment
284301,2020,tillage_zero,prepared,Complete matched management reference and treatment
284301,2021,organic_substitution,prepared,Complete matched management reference and treatment
284301,2021,mineral_N_zero,prepared,Complete matched management reference and treatment
284301,2021,mineral_N_half,prepared,Complete matched management reference and treatment
284301,2021,mineral_N_one_half,prepared,Complete matched management reference and treatment
284301,2021,tillage_reduced,prepared,Complete matched management reference and treatment
284301,2021,tillage_zero,prepared,Complete matched management reference and treatment
284301,2022,organic_substitution,prepared,Complete matched management reference and treatment
284301,2022,mineral_N_zero,prepared,Complete matched management reference and treatment
284301,2022,mineral_N_half,prepared,Complete matched management reference and treatment
284301,2022,mineral_N_one_half,prepared,Complete matched management reference and treatment
284301,2022,tillage_reduced,prepared,Complete matched management reference and treatment
284301,2022,tillage_zero,prepared,Complete matched management reference and treatment
284301,2023,organic_substitution,prepared,Complete matched management reference and treatment
284301,2023,mineral_N_zero,prepared,Complete matched management reference and treatment
284301,2023,mineral_N_half,prepared,Complete matched management reference and treatment
284301,2023,mineral_N_one_half,prepared,Complete matched management reference and treatment
284301,2023,tillage_reduced,prepared,Complete matched management reference and treatment
284301,2023,tillage_zero,prepared,Complete matched management reference and treatment
285241,2016,organic_substitution,prepared,Complete matched management reference and treatment
285241,2016,mineral_N_zero,prepared,Complete matched management reference and treatment
285241,2016,mineral_N_half,prepared,Complete matched management reference and treatment
285241,2016,mineral_N_one_half,prepared,Complete matched management reference and treatment
285241,2016,tillage_reduced,prepared,Complete matched management reference and treatment
285241,2016,tillage_zero,prepared,Complete matched management reference and treatment
285241,2017,organic_substitution,prepared,Complete matched management reference and treatment
285241,2017,mineral_N_zero,prepared,Complete matched management reference and treatment
285241,2017,mineral_N_half,prepared,Complete matched management reference and treatment
285241,2017,mineral_N_one_half,prepared,Complete matched management reference and treatment
285241,2017,tillage_reduced,prepared,Complete matched management reference and treatment
285241,2017,tillage_zero,prepared,Complete matched management reference and treatment
285241,2018,organic_substitution,prepared,Complete matched management reference and treatment
285241,2018,mineral_N_zero,prepared,Complete matched management reference and treatment
285241,2018,mineral_N_half,prepared,Complete matched management reference and treatment
285241,2018,mineral_N_one_half,prepared,Complete matched management reference and treatment
285241,2018,tillage_reduced,prepared,Complete matched management reference and treatment
285241,2018,tillage_zero,prepared,Complete matched management reference and treatment
285241,2019,organic_substitution,prepared,Complete matched management reference and treatment
285241,2019,mineral_N_zero,prepared,Complete matched management reference and treatment
285241,2019,mineral_N_half,prepared,Complete matched management reference and treatment
285241,2019,mineral_N_one_half,prepared,Complete matched management reference and treatment
285241,2019,tillage_reduced,prepared,Complete matched management reference and treatment
285241,2019,tillage_zero,prepared,Complete matched management reference and treatment
285241,2020,organic_substitution,prepared,Complete matched management reference and treatment
285241,2020,mineral_N_zero,prepared,Complete matched management reference and treatment
285241,2020,mineral_N_half,prepared,Complete matched management reference and treatment
285241,2020,mineral_N_one_half,prepared,Complete matched management reference and treatment
285241,2020,tillage_reduced,prepared,Complete matched management reference and treatment
285241,2020,tillage_zero,prepared,Complete matched management reference and treatment
285241,2021,organic_substitution,prepared,Complete matched management reference and treatment
285241,2021,mineral_N_zero,prepared,Complete matched management reference and treatment
285241,2021,mineral_N_half,prepared,Complete matched management reference and treatment
285241,2021,mineral_N_one_half,prepared,Complete matched management reference and treatment
285241,2021,tillage_reduced,prepared,Complete matched management reference and treatment
285241,2021,tillage_zero,prepared,Complete matched management reference and treatment
285241,2022,organic_substitution,prepared,Complete matched management reference and treatment
285241,2022,mineral_N_zero,prepared,Complete matched management reference and treatment
285241,2022,mineral_N_half,prepared,Complete matched management reference and treatment
285241,2022,mineral_N_one_half,prepared,Complete matched management reference and treatment
285241,2022,tillage_reduced,prepared,Complete matched management reference and treatment
285241,2022,tillage_zero,prepared,Complete matched management reference and treatment
285241,2023,organic_substitution,prepared,Complete matched management reference and treatment
285241,2023,mineral_N_zero,prepared,Complete matched management reference and treatment
285241,2023,mineral_N_half,prepared,Complete matched management reference and treatment
285241,2023,mineral_N_one_half,prepared,Complete matched management reference and treatment
285241,2023,tillage_reduced,prepared,Complete matched management reference and treatment
285241,2023,tillage_zero,prepared,Complete matched management reference and treatment
244878,2016,organic_substitution,prepared,Complete matched management reference and treatment
244878,2016,mineral_N_zero,prepared,Complete matched management reference and treatment
244878,2016,mineral_N_half,prepared,Complete matched management reference and treatment
244878,2016,mineral_N_one_half,prepared,Complete matched management reference and treatment
244878,2016,tillage_reduced,prepared,Complete matched management reference and treatment
244878,2016,tillage_zero,prepared,Complete matched management reference and treatment
244878,2017,organic_substitution,prepared,Complete matched management reference and treatment
244878,2017,mineral_N_zero,prepared,Complete matched management reference and treatment
244878,2017,mineral_N_half,prepared,Complete matched management reference and treatment
244878,2017,mineral_N_one_half,prepared,Complete matched management reference and treatment
244878,2017,tillage_reduced,prepared,Complete matched management reference and treatment
244878,2017,tillage_zero,prepared,Complete matched management reference and treatment
244878,2018,organic_substitution,prepared,Complete matched management reference and treatment
244878,2018,mineral_N_zero,prepared,Complete matched management reference and treatment
244878,2018,mineral_N_half,prepared,Complete matched management reference and treatment
244878,2018,mineral_N_one_half,prepared,Complete matched management reference and treatment
244878,2018,tillage_reduced,prepared,Complete matched management reference and treatment
244878,2018,tillage_zero,prepared,Complete matched management reference and treatment
244878,2019,organic_substitution,prepared,Complete matched management reference and treatment
244878,2019,mineral_N_zero,prepared,Complete matched management reference and treatment
244878,2019,mineral_N_half,prepared,Complete matched management reference and treatment
244878,2019,mineral_N_one_half,prepared,Complete matched management reference and treatment
244878,2019,tillage_reduced,prepared,Complete matched management reference and treatment
244878,2019,tillage_zero,prepared,Complete matched management reference and treatment
244878,2020,organic_substitution,prepared,Complete matched management reference and treatment
244878,2020,mineral_N_zero,prepared,Complete matched management reference and treatment
244878,2020,mineral_N_half,prepared,Complete matched management reference and treatment
244878,2020,mineral_N_one_half,prepared,Complete matched management reference and treatment
244878,2020,tillage_reduced,prepared,Complete matched management reference and treatment
244878,2020,tillage_zero,prepared,Complete matched management reference and treatment
244878,2021,organic_substitution,prepared,Complete matched management reference and treatment
244878,2021,mineral_N_zero,prepared,Complete matched management reference and treatment
244878,2021,mineral_N_half,prepared,Complete matched management reference and treatment
244878,2021,mineral_N_one_half,prepared,Complete matched management reference and treatment
244878,2021,tillage_reduced,prepared,Complete matched management reference and treatment
244878,2021,tillage_zero,prepared,Complete matched management reference and treatment
244878,2022,organic_substitution,prepared,Complete matched management reference and treatment
244878,2022,mineral_N_zero,prepared,Complete matched management reference and treatment
244878,2022,mineral_N_half,prepared,Complete matched management reference and treatment
244878,2022,mineral_N_one_half,prepared,Complete matched management reference and treatment
244878,2022,tillage_reduced,prepared,Complete matched management reference and treatment
244878,2022,tillage_zero,prepared,Complete matched management reference and treatment
244878,2023,organic_substitution,prepared,Complete matched management reference and treatment
244878,2023,mineral_N_zero,prepared,Complete matched management reference and treatment
244878,2023,mineral_N_half,prepared,Complete matched management reference and treatment
244878,2023,mineral_N_one_half,prepared,Complete matched management reference and treatment
244878,2023,tillage_reduced,prepared,Complete matched management reference and treatment
244878,2023,tillage_zero,prepared,Complete matched management reference and treatment
405606,2016,organic_substitution,prepared,Complete matched management reference and treatment
405606,2016,mineral_N_zero,prepared,Complete matched management reference and treatment
405606,2016,mineral_N_half,prepared,Complete matched management reference and treatment
405606,2016,mineral_N_one_half,prepared,Complete matched management reference and treatment
405606,2016,tillage_reduced,prepared,Complete matched management reference and treatment
405606,2016,tillage_zero,prepared,Complete matched management reference and treatment
405606,2017,organic_substitution,prepared,Complete matched management reference and treatment
405606,2017,mineral_N_zero,prepared,Complete matched management reference and treatment
405606,2017,mineral_N_half,prepared,Complete matched management reference and treatment
405606,2017,mineral_N_one_half,prepared,Complete matched management reference and treatment
405606,2017,tillage_reduced,prepared,Complete matched management reference and treatment
405606,2017,tillage_zero,prepared,Complete matched management reference and treatment
405606,2018,organic_substitution,prepared,Complete matched management reference and treatment
405606,2018,mineral_N_zero,prepared,Complete matched management reference and treatment
405606,2018,mineral_N_half,prepared,Complete matched management reference and treatment
405606,2018,mineral_N_one_half,prepared,Complete matched management reference and treatment
405606,2018,tillage_reduced,prepared,Complete matched management reference and treatment
405606,2018,tillage_zero,prepared,Complete matched management reference and treatment
405606,2019,organic_substitution,prepared,Complete matched management reference and treatment
405606,2019,mineral_N_zero,prepared,Complete matched management reference and treatment
405606,2019,mineral_N_half,prepared,Complete matched management reference and treatment
405606,2019,mineral_N_one_half,prepared,Complete matched management reference and treatment
405606,2019,tillage_reduced,prepared,Complete matched management reference and treatment
405606,2019,tillage_zero,prepared,Complete matched management reference and treatment
405606,2020,organic_substitution,prepared,Complete matched management reference and treatment
405606,2020,mineral_N_zero,prepared,Complete matched management reference and treatment
405606,2020,mineral_N_half,prepared,Complete matched management reference and treatment
405606,2020,mineral_N_one_half,prepared,Complete matched management reference and treatment
405606,2020,tillage_reduced,prepared,Complete matched management reference and treatment
405606,2020,tillage_zero,prepared,Complete matched management reference and treatment
405606,2021,organic_substitution,prepared,Complete matched management reference and treatment
405606,2021,mineral_N_zero,prepared,Complete matched management reference and treatment
405606,2021,mineral_N_half,prepared,Complete matched management reference and treatment
405606,2021,mineral_N_one_half,prepared,Complete matched management reference and treatment
405606,2021,tillage_reduced,prepared,Complete matched management reference and treatment
405606,2021,tillage_zero,prepared,Complete matched management reference and treatment
405606,2022,organic_substitution,prepared,Complete matched management reference and treatment
405606,2022,mineral_N_zero,prepared,Complete matched management reference and treatment
405606,2022,mineral_N_half,prepared,Complete matched management reference and treatment
405606,2022,mineral_N_one_half,prepared,Complete matched management reference and treatment
405606,2022,tillage_reduced,prepared,Complete matched management reference and treatment
405606,2022,tillage_zero,prepared,Complete matched management reference and treatment
405606,2023,organic_substitution,prepared,Complete matched management reference and treatment
405606,2023,mineral_N_zero,prepared,Complete matched management reference and treatment
405606,2023,mineral_N_half,prepared,Complete matched management reference and treatment
405606,2023,mineral_N_one_half,prepared,Complete matched management reference and treatment
405606,2023,tillage_reduced,prepared,Complete matched management reference and treatment
405606,2023,tillage_zero,prepared,Complete matched management reference and treatment
327124,2016,organic_substitution,prepared,Complete matched management reference and treatment
327124,2016,mineral_N_zero,prepared,Complete matched management reference and treatment
327124,2016,mineral_N_half,prepared,Complete matched management reference and treatment
327124,2016,mineral_N_one_half,prepared,Complete matched management reference and treatment
327124,2016,tillage_reduced,prepared,Complete matched management reference and treatment
327124,2016,tillage_zero,prepared,Complete matched management reference and treatment
327124,2017,organic_substitution,prepared,Complete matched management reference and treatment
327124,2017,mineral_N_zero,prepared,Complete matched management reference and treatment
327124,2017,mineral_N_half,prepared,Complete matched management reference and treatment
327124,2017,mineral_N_one_half,prepared,Complete matched management reference and treatment
327124,2017,tillage_reduced,prepared,Complete matched management reference and treatment
327124,2017,tillage_zero,prepared,Complete matched management reference and treatment
327124,2018,organic_substitution,prepared,Complete matched management reference and treatment
327124,2018,mineral_N_zero,prepared,Complete matched management reference and treatment
327124,2018,mineral_N_half,prepared,Complete matched management reference and treatment
327124,2018,mineral_N_one_half,prepared,Complete matched management reference and treatment
327124,2018,tillage_reduced,prepared,Complete matched management reference and treatment
327124,2018,tillage_zero,prepared,Complete matched management reference and treatment
327124,2019,organic_substitution,prepared,Complete matched management reference and treatment
327124,2019,mineral_N_zero,prepared,Complete matched management reference and treatment
327124,2019,mineral_N_half,prepared,Complete matched management reference and treatment
327124,2019,mineral_N_one_half,prepared,Complete matched management reference and treatment
327124,2019,tillage_reduced,prepared,Complete matched management reference and treatment
327124,2019,tillage_zero,prepared,Complete matched management reference and treatment
327124,2020,organic_substitution,prepared,Complete matched management reference and treatment
327124,2020,mineral_N_zero,prepared,Complete matched management reference and treatment
327124,2020,mineral_N_half,prepared,Complete matched management reference and treatment
327124,2020,mineral_N_one_half,prepared,Complete matched management reference and treatment
327124,2020,tillage_reduced,prepared,Complete matched management reference and treatment
327124,2020,tillage_zero,prepared,Complete matched management reference and treatment
327124,2021,organic_substitution,prepared,Complete matched management reference and treatment
327124,2021,mineral_N_zero,prepared,Complete matched management reference and treatment
327124,2021,mineral_N_half,prepared,Complete matched management reference and treatment
327124,2021,mineral_N_one_half,prepared,Complete matched management reference and treatment
327124,2021,tillage_reduced,prepared,Complete matched management reference and treatment
327124,2021,tillage_zero,prepared,Complete matched management reference and treatment
327124,2022,organic_substitution,prepared,Complete matched management reference and treatment
327124,2022,mineral_N_zero,prepared,Complete matched management reference and treatment
327124,2022,mineral_N_half,prepared,Complete matched management reference and treatment
327124,2022,mineral_N_one_half,prepared,Complete matched management reference and treatment
327124,2022,tillage_reduced,prepared,Complete matched management reference and treatment
327124,2022,tillage_zero,prepared,Complete matched management reference and treatment
327124,2023,organic_substitution,prepared,Complete matched management reference and treatment
327124,2023,mineral_N_zero,prepared,Complete matched management reference and treatment
327124,2023,mineral_N_half,prepared,Complete matched management reference and treatment
327124,2023,mineral_N_one_half,prepared,Complete matched management reference and treatment
327124,2023,tillage_reduced,prepared,Complete matched management reference and treatment
327124,2023,tillage_zero,prepared,Complete matched management reference and treatment
118038,2016,organic_substitution,prepared,Complete matched management reference and treatment
118038,2016,mineral_N_zero,prepared,Complete matched management reference and treatment
118038,2016,mineral_N_half,prepared,Complete matched management reference and treatment
118038,2016,mineral_N_one_half,prepared,Complete matched management reference and treatment
118038,2016,tillage_reduced,prepared,Complete matched management reference and treatment
118038,2016,tillage_zero,prepared,Complete matched management reference and treatment
118038,2017,organic_substitution,prepared,Complete matched management reference and treatment
118038,2017,mineral_N_zero,prepared,Complete matched management reference and treatment
118038,2017,mineral_N_half,prepared,Complete matched management reference and treatment
118038,2017,mineral_N_one_half,prepared,Complete matched management reference and treatment
118038,2017,tillage_reduced,prepared,Complete matched management reference and treatment
118038,2017,tillage_zero,prepared,Complete matched management reference and treatment
118038,2018,organic_substitution,prepared,Complete matched management reference and treatment
118038,2018,mineral_N_zero,prepared,Complete matched management reference and treatment
118038,2018,mineral_N_half,prepared,Complete matched management reference and treatment
118038,2018,mineral_N_one_half,prepared,Complete matched management reference and treatment
118038,2018,tillage_reduced,prepared,Complete matched management reference and treatment
118038,2018,tillage_zero,prepared,Complete matched management reference and treatment
118038,2019,organic_substitution,prepared,Complete matched management reference and treatment
118038,2019,mineral_N_zero,prepared,Complete matched management reference and treatment
118038,2019,mineral_N_half,prepared,Complete matched management reference and treatment
118038,2019,mineral_N_one_half,prepared,Complete matched management reference and treatment
118038,2019,tillage_reduced,prepared,Complete matched management reference and treatment
118038,2019,tillage_zero,prepared,Complete matched management reference and treatment
118038,2020,organic_substitution,prepared,Complete matched management reference and treatment
118038,2020,mineral_N_zero,prepared,Complete matched management reference and treatment
118038,2020,mineral_N_half,prepared,Complete matched management reference and treatment
118038,2020,mineral_N_one_half,prepared,Complete matched management reference and treatment
118038,2020,tillage_reduced,prepared,Complete matched management reference and treatment
118038,2020,tillage_zero,prepared,Complete matched management reference and treatment
118038,2021,organic_substitution,prepared,Complete matched management reference and treatment
118038,2021,mineral_N_zero,prepared,Complete matched management reference and treatment
118038,2021,mineral_N_half,prepared,Complete matched management reference and treatment
118038,2021,mineral_N_one_half,prepared,Complete matched management reference and treatment
118038,2021,tillage_reduced,prepared,Complete matched management reference and treatment
118038,2021,tillage_zero,prepared,Complete matched management reference and treatment
118038,2022,organic_substitution,prepared,Complete matched management reference and treatment
118038,2022,mineral_N_zero,prepared,Complete matched management reference and treatment
118038,2022,mineral_N_half,prepared,Complete matched management reference and treatment
118038,2022,mineral_N_one_half,prepared,Complete matched management reference and treatment
118038,2022,tillage_reduced,prepared,Complete matched management reference and treatment
118038,2022,tillage_zero,prepared,Complete matched management reference and treatment
118038,2023,organic_substitution,prepared,Complete matched management reference and treatment
118038,2023,mineral_N_zero,prepared,Complete matched management reference and treatment
118038,2023,mineral_N_half,prepared,Complete matched management reference and treatment
118038,2023,mineral_N_one_half,prepared,Complete matched management reference and treatment
118038,2023,tillage_reduced,prepared,Complete matched management reference and treatment
118038,2023,tillage_zero,prepared,Complete matched management reference and treatment
597240,2016,organic_substitution,prepared,Complete matched management reference and treatment
597240,2016,mineral_N_zero,prepared,Complete matched management reference and treatment
597240,2016,mineral_N_half,prepared,Complete matched management reference and treatment
597240,2016,mineral_N_one_half,prepared,Complete matched management reference and treatment
597240,2016,tillage_reduced,prepared,Complete matched management reference and treatment
597240,2016,tillage_zero,prepared,Complete matched management reference and treatment
597240,2017,organic_substitution,prepared,Complete matched management reference and treatment
597240,2017,mineral_N_zero,prepared,Complete matched management reference and treatment
597240,2017,mineral_N_half,prepared,Complete matched management reference and treatment
597240,2017,mineral_N_one_half,prepared,Complete matched management reference and treatment
597240,2017,tillage_reduced,prepared,Complete matched management reference and treatment
597240,2017,tillage_zero,prepared,Complete matched management reference and treatment
597240,2018,organic_substitution,prepared,Complete matched management reference and treatment
597240,2018,mineral_N_zero,prepared,Complete matched management reference and treatment
597240,2018,mineral_N_half,prepared,Complete matched management reference and treatment
597240,2018,mineral_N_one_half,prepared,Complete matched management reference and treatment
597240,2018,tillage_reduced,prepared,Complete matched management reference and treatment
597240,2018,tillage_zero,prepared,Complete matched management reference and treatment
597240,2019,organic_substitution,prepared,Complete matched management reference and treatment
597240,2019,mineral_N_zero,prepared,Complete matched management reference and treatment
597240,2019,mineral_N_half,prepared,Complete matched management reference and treatment
597240,2019,mineral_N_one_half,prepared,Complete matched management reference and treatment
597240,2019,tillage_reduced,prepared,Complete matched management reference and treatment
597240,2019,tillage_zero,prepared,Complete matched management reference and treatment
597240,2020,organic_substitution,prepared,Complete matched management reference and treatment
597240,2020,mineral_N_zero,prepared,Complete matched management reference and treatment
597240,2020,mineral_N_half,prepared,Complete matched management reference and treatment
597240,2020,mineral_N_one_half,prepared,Complete matched management reference and treatment
597240,2020,tillage_reduced,prepared,Complete matched management reference and treatment
597240,2020,tillage_zero,prepared,Complete matched management reference and treatment
597240,2021,organic_substitution,prepared,Complete matched management reference and treatment
597240,2021,mineral_N_zero,prepared,Complete matched management reference and treatment
597240,2021,mineral_N_half,prepared,Complete matched management reference and treatment
597240,2021,mineral_N_one_half,prepared,Complete matched management reference and treatment
597240,2021,tillage_reduced,prepared,Complete matched management reference and treatment
597240,2021,tillage_zero,prepared,Complete matched management reference and treatment
597240,2022,organic_substitution,prepared,Complete matched management reference and treatment
597240,2022,mineral_N_zero,prepared,Complete matched management reference and treatment
597240,2022,mineral_N_half,prepared,Complete matched management reference and treatment
597240,2022,mineral_N_one_half,prepared,Complete matched management reference and treatment
597240,2022,tillage_reduced,prepared,Complete matched management reference and treatment
597240,2022,tillage_zero,prepared,Complete matched management reference and treatment
597240,2023,organic_substitution,prepared,Complete matched management reference and treatment
597240,2023,mineral_N_zero,prepared,Complete matched management reference and treatment
597240,2023,mineral_N_half,prepared,Complete matched management reference and treatment
597240,2023,mineral_N_one_half,prepared,Complete matched management reference and treatment
597240,2023,tillage_reduced,prepared,Complete matched management reference and treatment
597240,2023,tillage_zero,prepared,Complete matched management reference and treatment
299613,2016,organic_substitution,prepared,Complete matched management reference and treatment
299613,2016,mineral_N_zero,prepared,Complete matched management reference and treatment
299613,2016,mineral_N_half,prepared,Complete matched management reference and treatment
299613,2016,mineral_N_one_half,prepared,Complete matched management reference and treatment
299613,2016,tillage_reduced,prepared,Complete matched management reference and treatment
299613,2016,tillage_zero,prepared,Complete matched management reference and treatment
299613,2017,organic_substitution,prepared,Complete matched management reference and treatment
299613,2017,mineral_N_zero,prepared,Complete matched management reference and treatment
299613,2017,mineral_N_half,prepared,Complete matched management reference and treatment
299613,2017,mineral_N_one_half,prepared,Complete matched management reference and treatment
299613,2017,tillage_reduced,prepared,Complete matched management reference and treatment
299613,2017,tillage_zero,prepared,Complete matched management reference and treatment
299613,2018,organic_substitution,prepared,Complete matched management reference and treatment
299613,2018,mineral_N_zero,prepared,Complete matched management reference and treatment
299613,2018,mineral_N_half,prepared,Complete matched management reference and treatment
299613,2018,mineral_N_one_half,prepared,Complete matched management reference and treatment
299613,2018,tillage_reduced,prepared,Complete matched management reference and treatment
299613,2018,tillage_zero,prepared,Complete matched management reference and treatment
299613,2019,organic_substitution,prepared,Complete matched management reference and treatment
299613,2019,mineral_N_zero,prepared,Complete matched management reference and treatment
299613,2019,mineral_N_half,prepared,Complete matched management reference and treatment
299613,2019,mineral_N_one_half,prepared,Complete matched management reference and treatment
299613,2019,tillage_reduced,prepared,Complete matched management reference and treatment
299613,2019,tillage_zero,prepared,Complete matched management reference and treatment
299613,2020,organic_substitution,prepared,Complete matched management reference and treatment
299613,2020,mineral_N_zero,prepared,Complete matched management reference and treatment
299613,2020,mineral_N_half,prepared,Complete matched management reference and treatment
299613,2020,mineral_N_one_half,prepared,Complete matched management reference and treatment
299613,2020,tillage_reduced,prepared,Complete matched management reference and treatment
299613,2020,tillage_zero,prepared,Complete matched management reference and treatment
299613,2021,organic_substitution,prepared,Complete matched management reference and treatment
299613,2021,mineral_N_zero,prepared,Complete matched management reference and treatment
299613,2021,mineral_N_half,prepared,Complete matched management reference and treatment
299613,2021,mineral_N_one_half,prepared,Complete matched management reference and treatment
299613,2021,tillage_reduced,prepared,Complete matched management reference and treatment
299613,2021,tillage_zero,prepared,Complete matched management reference and treatment
299613,2022,organic_substitution,prepared,Complete matched management reference and treatment
299613,2022,mineral_N_zero,prepared,Complete matched management reference and treatment
299613,2022,mineral_N_half,prepared,Complete matched management reference and treatment
299613,2022,mineral_N_one_half,prepared,Complete matched management reference and treatment
299613,2022,tillage_reduced,prepared,Complete matched management reference and treatment
299613,2022,tillage_zero,prepared,Complete matched management reference and treatment
299613,2023,organic_substitution,prepared,Complete matched management reference and treatment
299613,2023,mineral_N_zero,prepared,Complete matched management reference and treatment
299613,2023,mineral_N_half,prepared,Complete matched management reference and treatment
299613,2023,mineral_N_one_half,prepared,Complete matched management reference and treatment
299613,2023,tillage_reduced,prepared,Complete matched management reference and treatment
299613,2023,tillage_zero,prepared,Complete matched management reference and treatment
293793,2016,organic_substitution,prepared,Complete matched management reference and treatment
293793,2016,mineral_N_zero,prepared,Complete matched management reference and treatment
293793,2016,mineral_N_half,prepared,Complete matched management reference and treatment
293793,2016,mineral_N_one_half,prepared,Complete matched management reference and treatment
293793,2016,tillage_reduced,prepared,Complete matched management reference and treatment
293793,2016,tillage_zero,prepared,Complete matched management reference and treatment
293793,2017,organic_substitution,prepared,Complete matched management reference and treatment
293793,2017,mineral_N_zero,prepared,Complete matched management reference and treatment
293793,2017,mineral_N_half,prepared,Complete matched management reference and treatment
293793,2017,mineral_N_one_half,prepared,Complete matched management reference and treatment
293793,2017,tillage_reduced,prepared,Complete matched management reference and treatment
293793,2017,tillage_zero,prepared,Complete matched management reference and treatment
293793,2018,organic_substitution,prepared,Complete matched management reference and treatment
293793,2018,mineral_N_zero,prepared,Complete matched management reference and treatment
293793,2018,mineral_N_half,prepared,Complete matched management reference and treatment
293793,2018,mineral_N_one_half,prepared,Complete matched management reference and treatment
293793,2018,tillage_reduced,prepared,Complete matched management reference and treatment
293793,2018,tillage_zero,prepared,Complete matched management reference and treatment
293793,2019,organic_substitution,prepared,Complete matched management reference and treatment
293793,2019,mineral_N_zero,prepared,Complete matched management reference and treatment
293793,2019,mineral_N_half,prepared,Complete matched management reference and treatment
293793,2019,mineral_N_one_half,prepared,Complete matched management reference and treatment
293793,2019,tillage_reduced,prepared,Complete matched management reference and treatment
293793,2019,tillage_zero,prepared,Complete matched management reference and treatment
293793,2020,organic_substitution,prepared,Complete matched management reference and treatment
293793,2020,mineral_N_zero,prepared,Complete matched management reference and treatment
293793,2020,mineral_N_half,prepared,Complete matched management reference and treatment
293793,2020,mineral_N_one_half,prepared,Complete matched management reference and treatment
293793,2020,tillage_reduced,prepared,Complete matched management reference and treatment
293793,2020,tillage_zero,prepared,Complete matched management reference and treatment
293793,2021,organic_substitution,prepared,Complete matched management reference and treatment
293793,2021,mineral_N_zero,prepared,Complete matched management reference and treatment
293793,2021,mineral_N_half,prepared,Complete matched management reference and treatment
293793,2021,mineral_N_one_half,prepared,Complete matched management reference and treatment
293793,2021,tillage_reduced,prepared,Complete matched management reference and treatment
293793,2021,tillage_zero,prepared,Complete matched management reference and treatment
293793,2022,organic_substitution,prepared,Complete matched management reference and treatment
293793,2022,mineral_N_zero,prepared,Complete matched management reference and treatment
293793,2022,mineral_N_half,prepared,Complete matched management reference and treatment
293793,2022,mineral_N_one_half,prepared,Complete matched management reference and treatment
293793,2022,tillage_reduced,prepared,Complete matched management reference and treatment
293793,2022,tillage_zero,prepared,Complete matched management reference and treatment
293793,2023,organic_substitution,prepared,Complete matched management reference and treatment
293793,2023,mineral_N_zero,prepared,Complete matched management reference and treatment
293793,2023,mineral_N_half,prepared,Complete matched management reference and treatment
293793,2023,mineral_N_one_half,prepared,Complete matched management reference and treatment
293793,2023,tillage_reduced,prepared,Complete matched management reference and treatment
293793,2023,tillage_zero,prepared,Complete matched management reference and treatment
144461,2016,organic_substitution,prepared,Complete matched management reference and treatment
144461,2016,mineral_N_zero,prepared,Complete matched management reference and treatment
144461,2016,mineral_N_half,prepared,Complete matched management reference and treatment
144461,2016,mineral_N_one_half,prepared,Complete matched management reference and treatment
144461,2016,tillage_reduced,prepared,Complete matched management reference and treatment
144461,2016,tillage_zero,prepared,Complete matched management reference and treatment
144461,2017,organic_substitution,prepared,Complete matched management reference and treatment
144461,2017,mineral_N_zero,prepared,Complete matched management reference and treatment
144461,2017,mineral_N_half,prepared,Complete matched management reference and treatment
144461,2017,mineral_N_one_half,prepared,Complete matched management reference and treatment
144461,2017,tillage_reduced,prepared,Complete matched management reference and treatment
144461,2017,tillage_zero,prepared,Complete matched management reference and treatment
144461,2018,organic_substitution,prepared,Complete matched management reference and treatment
144461,2018,mineral_N_zero,prepared,Complete matched management reference and treatment
144461,2018,mineral_N_half,prepared,Complete matched management reference and treatment
144461,2018,mineral_N_one_half,prepared,Complete matched management reference and treatment
144461,2018,tillage_reduced,prepared,Complete matched management reference and treatment
144461,2018,tillage_zero,prepared,Complete matched management reference and treatment
144461,2019,organic_substitution,prepared,Complete matched management reference and treatment
144461,2019,mineral_N_zero,prepared,Complete matched management reference and treatment
144461,2019,mineral_N_half,prepared,Complete matched management reference and treatment
144461,2019,mineral_N_one_half,prepared,Complete matched management reference and treatment
144461,2019,tillage_reduced,prepared,Complete matched management reference and treatment
144461,2019,tillage_zero,prepared,Complete matched management reference and treatment
144461,2020,organic_substitution,prepared,Complete matched management reference and treatment
144461,2020,mineral_N_zero,prepared,Complete matched management reference and treatment
144461,2020,mineral_N_half,prepared,Complete matched management reference and treatment
144461,2020,mineral_N_one_half,prepared,Complete matched management reference and treatment
144461,2020,tillage_reduced,prepared,Complete matched management reference and treatment
144461,2020,tillage_zero,prepared,Complete matched management reference and treatment
144461,2021,organic_substitution,prepared,Complete matched management reference and treatment
144461,2021,mineral_N_zero,prepared,Complete matched management reference and treatment
144461,2021,mineral_N_half,prepared,Complete matched management reference and treatment
144461,2021,mineral_N_one_half,prepared,Complete matched management reference and treatment
144461,2021,tillage_reduced,prepared,Complete matched management reference and treatment
144461,2021,tillage_zero,prepared,Complete matched management reference and treatment
144461,2022,organic_substitution,prepared,Complete matched management reference and treatment
144461,2022,mineral_N_zero,prepared,Complete matched management reference and treatment
144461,2022,mineral_N_half,prepared,Complete matched management reference and treatment
144461,2022,mineral_N_one_half,prepared,Complete matched management reference and treatment
144461,2022,tillage_reduced,prepared,Complete matched management reference and treatment
144461,2022,tillage_zero,prepared,Complete matched management reference and treatment
144461,2023,organic_substitution,prepared,Complete matched management reference and treatment
144461,2023,mineral_N_zero,prepared,Complete matched management reference and treatment
144461,2023,mineral_N_half,prepared,Complete matched management reference and treatment
144461,2023,mineral_N_one_half,prepared,Complete matched management reference and treatment
144461,2023,tillage_reduced,prepared,Complete matched management reference and treatment
144461,2023,tillage_zero,prepared,Complete matched management reference and treatment
153154,2016,organic_substitution,prepared,Complete matched management reference and treatment
153154,2016,mineral_N_zero,prepared,Complete matched management reference and treatment
153154,2016,mineral_N_half,prepared,Complete matched management reference and treatment
153154,2016,mineral_N_one_half,prepared,Complete matched management reference and treatment
153154,2016,tillage_reduced,prepared,Complete matched management reference and treatment
153154,2016,tillage_zero,prepared,Complete matched management reference and treatment
153154,2017,organic_substitution,prepared,Complete matched management reference and treatment
153154,2017,mineral_N_zero,prepared,Complete matched management reference and treatment
153154,2017,mineral_N_half,prepared,Complete matched management reference and treatment
153154,2017,mineral_N_one_half,prepared,Complete matched management reference and treatment
153154,2017,tillage_reduced,prepared,Complete matched management reference and treatment
153154,2017,tillage_zero,prepared,Complete matched management reference and treatment
153154,2018,organic_substitution,prepared,Complete matched management reference and treatment
153154,2018,mineral_N_zero,prepared,Complete matched management reference and treatment
153154,2018,mineral_N_half,prepared,Complete matched management reference and treatment
153154,2018,mineral_N_one_half,prepared,Complete matched management reference and treatment
153154,2018,tillage_reduced,prepared,Complete matched management reference and treatment
153154,2018,tillage_zero,prepared,Complete matched management reference and treatment
153154,2019,organic_substitution,prepared,Complete matched management reference and treatment
153154,2019,mineral_N_zero,prepared,Complete matched management reference and treatment
153154,2019,mineral_N_half,prepared,Complete matched management reference and treatment
153154,2019,mineral_N_one_half,prepared,Complete matched management reference and treatment
153154,2019,tillage_reduced,prepared,Complete matched management reference and treatment
153154,2019,tillage_zero,prepared,Complete matched management reference and treatment
153154,2020,organic_substitution,prepared,Complete matched management reference and treatment
153154,2020,mineral_N_zero,prepared,Complete matched management reference and treatment
153154,2020,mineral_N_half,prepared,Complete matched management reference and treatment
153154,2020,mineral_N_one_half,prepared,Complete matched management reference and treatment
153154,2020,tillage_reduced,prepared,Complete matched management reference and treatment
153154,2020,tillage_zero,prepared,Complete matched management reference and treatment
153154,2021,organic_substitution,prepared,Complete matched management reference and treatment
153154,2021,mineral_N_zero,prepared,Complete matched management reference and treatment
153154,2021,mineral_N_half,prepared,Complete matched management reference and treatment
153154,2021,mineral_N_one_half,prepared,Complete matched management reference and treatment
153154,2021,tillage_reduced,prepared,Complete matched management reference and treatment
153154,2021,tillage_zero,prepared,Complete matched management reference and treatment
153154,2022,organic_substitution,prepared,Complete matched management reference and treatment
153154,2022,mineral_N_zero,prepared,Complete matched management reference and treatment
153154,2022,mineral_N_half,prepared,Complete matched management reference and treatment
153154,2022,mineral_N_one_half,prepared,Complete matched management reference and treatment
153154,2022,tillage_reduced,prepared,Complete matched management reference and treatment
153154,2022,tillage_zero,prepared,Complete matched management reference and treatment
153154,2023,organic_substitution,prepared,Complete matched management reference and treatment
153154,2023,mineral_N_zero,prepared,Complete matched management reference and treatment
153154,2023,mineral_N_half,prepared,Complete matched management reference and treatment
153154,2023,mineral_N_one_half,prepared,Complete matched management reference and treatment
153154,2023,tillage_reduced,prepared,Complete matched management reference and treatment
153154,2023,tillage_zero,prepared,Complete matched management reference and treatment
506467,2016,organic_substitution,prepared,Complete matched management reference and treatment
506467,2016,mineral_N_zero,prepared,Complete matched management reference and treatment
506467,2016,mineral_N_half,prepared,Complete matched management reference and treatment
506467,2016,mineral_N_one_half,prepared,Complete matched management reference and treatment
506467,2016,tillage_reduced,prepared,Complete matched management reference and treatment
506467,2016,tillage_zero,prepared,Complete matched management reference and treatment
506467,2017,organic_substitution,prepared,Complete matched management reference and treatment
506467,2017,mineral_N_zero,prepared,Complete matched management reference and treatment
506467,2017,mineral_N_half,prepared,Complete matched management reference and treatment
506467,2017,mineral_N_one_half,prepared,Complete matched management reference and treatment
506467,2017,tillage_reduced,prepared,Complete matched management reference and treatment
506467,2017,tillage_zero,prepared,Complete matched management reference and treatment
506467,2018,organic_substitution,prepared,Complete matched management reference and treatment
506467,2018,mineral_N_zero,prepared,Complete matched management reference and treatment
506467,2018,mineral_N_half,prepared,Complete matched management reference and treatment
506467,2018,mineral_N_one_half,prepared,Complete matched management reference and treatment
506467,2018,tillage_reduced,prepared,Complete matched management reference and treatment
506467,2018,tillage_zero,prepared,Complete matched management reference and treatment
506467,2019,organic_substitution,prepared,Complete matched management reference and treatment
506467,2019,mineral_N_zero,prepared,Complete matched management reference and treatment
506467,2019,mineral_N_half,prepared,Complete matched management reference and treatment
506467,2019,mineral_N_one_half,prepared,Complete matched management reference and treatment
506467,2019,tillage_reduced,prepared,Complete matched management reference and treatment
506467,2019,tillage_zero,prepared,Complete matched management reference and treatment
506467,2020,organic_substitution,prepared,Complete matched management reference and treatment
506467,2020,mineral_N_zero,prepared,Complete matched management reference and treatment
506467,2020,mineral_N_half,prepared,Complete matched management reference and treatment
506467,2020,mineral_N_one_half,prepared,Complete matched management reference and treatment
506467,2020,tillage_reduced,prepared,Complete matched management reference and treatment
506467,2020,tillage_zero,prepared,Complete matched management reference and treatment
506467,2021,organic_substitution,prepared,Complete matched management reference and treatment
506467,2021,mineral_N_zero,prepared,Complete matched management reference and treatment
506467,2021,mineral_N_half,prepared,Complete matched management reference and treatment
506467,2021,mineral_N_one_half,prepared,Complete matched management reference and treatment
506467,2021,tillage_reduced,prepared,Complete matched management reference and treatment
506467,2021,tillage_zero,prepared,Complete matched management reference and treatment
506467,2022,organic_substitution,prepared,Complete matched management reference and treatment
506467,2022,mineral_N_zero,prepared,Complete matched management reference and treatment
506467,2022,mineral_N_half,prepared,Complete matched management reference and treatment
506467,2022,mineral_N_one_half,prepared,Complete matched management reference and treatment
506467,2022,tillage_reduced,prepared,Complete matched management reference and treatment
506467,2022,tillage_zero,prepared,Complete matched management reference and treatment
506467,2023,organic_substitution,prepared,Complete matched management reference and treatment
506467,2023,mineral_N_zero,prepared,Complete matched management reference and treatment
506467,2023,mineral_N_half,prepared,Complete matched management reference and treatment
506467,2023,mineral_N_one_half,prepared,Complete matched management reference and treatment
506467,2023,tillage_reduced,prepared,Complete matched management reference and treatment
506467,2023,tillage_zero,prepared,Complete matched management reference and treatment
302976,2016,organic_substitution,prepared,Complete matched management reference and treatment
302976,2016,mineral_N_zero,prepared,Complete matched management reference and treatment
302976,2016,mineral_N_half,prepared,Complete matched management reference and treatment
302976,2016,mineral_N_one_half,prepared,Complete matched management reference and treatment
302976,2016,tillage_reduced,prepared,Complete matched management reference and treatment
302976,2016,tillage_zero,prepared,Complete matched management reference and treatment
302976,2017,organic_substitution,prepared,Complete matched management reference and treatment
302976,2017,mineral_N_zero,prepared,Complete matched management reference and treatment
302976,2017,mineral_N_half,prepared,Complete matched management reference and treatment
302976,2017,mineral_N_one_half,prepared,Complete matched management reference and treatment
302976,2017,tillage_reduced,prepared,Complete matched management reference and treatment
302976,2017,tillage_zero,prepared,Complete matched management reference and treatment
302976,2018,organic_substitution,prepared,Complete matched management reference and treatment
302976,2018,mineral_N_zero,prepared,Complete matched management reference and treatment
302976,2018,mineral_N_half,prepared,Complete matched management reference and treatment
302976,2018,mineral_N_one_half,prepared,Complete matched management reference and treatment
302976,2018,tillage_reduced,prepared,Complete matched management reference and treatment
302976,2018,tillage_zero,prepared,Complete matched management reference and treatment
302976,2019,organic_substitution,prepared,Complete matched management reference and treatment
302976,2019,mineral_N_zero,prepared,Complete matched management reference and treatment
302976,2019,mineral_N_half,prepared,Complete matched management reference and treatment
302976,2019,mineral_N_one_half,prepared,Complete matched management reference and treatment
302976,2019,tillage_reduced,prepared,Complete matched management reference and treatment
302976,2019,tillage_zero,prepared,Complete matched management reference and treatment
302976,2020,organic_substitution,prepared,Complete matched management reference and treatment
302976,2020,mineral_N_zero,prepared,Complete matched management reference and treatment
302976,2020,mineral_N_half,prepared,Complete matched management reference and treatment
302976,2020,mineral_N_one_half,prepared,Complete matched management reference and treatment
302976,2020,tillage_reduced,prepared,Complete matched management reference and treatment
302976,2020,tillage_zero,prepared,Complete matched management reference and treatment
302976,2021,organic_substitution,prepared,Complete matched management reference and treatment
302976,2021,mineral_N_zero,prepared,Complete matched management reference and treatment
302976,2021,mineral_N_half,prepared,Complete matched management reference and treatment
302976,2021,mineral_N_one_half,prepared,Complete matched management reference and treatment
302976,2021,tillage_reduced,prepared,Complete matched management reference and treatment
302976,2021,tillage_zero,prepared,Complete matched management reference and treatment
302976,2022,organic_substitution,prepared,Complete matched management reference and treatment
302976,2022,mineral_N_zero,prepared,Complete matched management reference and treatment
302976,2022,mineral_N_half,prepared,Complete matched management reference and treatment
302976,2022,mineral_N_one_half,prepared,Complete matched management reference and treatment
302976,2022,tillage_reduced,prepared,Complete matched management reference and treatment
302976,2022,tillage_zero,prepared,Complete matched management reference and treatment
302976,2023,organic_substitution,prepared,Complete matched management reference and treatment
302976,2023,mineral_N_zero,prepared,Complete matched management reference and treatment
302976,2023,mineral_N_half,prepared,Complete matched management reference and treatment
302976,2023,mineral_N_one_half,prepared,Complete matched management reference and treatment
302976,2023,tillage_reduced,prepared,Complete matched management reference and treatment
302976,2023,tillage_zero,prepared,Complete matched management reference and treatment
453786,2016,organic_substitution,prepared,Complete matched management reference and treatment
453786,2016,mineral_N_zero,prepared,Complete matched management reference and treatment
453786,2016,mineral_N_half,prepared,Complete matched management reference and treatment
453786,2016,mineral_N_one_half,prepared,Complete matched management reference and treatment
453786,2016,tillage_reduced,prepared,Complete matched management reference and treatment
453786,2016,tillage_zero,prepared,Complete matched management reference and treatment
453786,2017,organic_substitution,prepared,Complete matched management reference and treatment
453786,2017,mineral_N_zero,prepared,Complete matched management reference and treatment
453786,2017,mineral_N_half,prepared,Complete matched management reference and treatment
453786,2017,mineral_N_one_half,prepared,Complete matched management reference and treatment
453786,2017,tillage_reduced,prepared,Complete matched management reference and treatment
453786,2017,tillage_zero,prepared,Complete matched management reference and treatment
453786,2018,organic_substitution,prepared,Complete matched management reference and treatment
453786,2018,mineral_N_zero,prepared,Complete matched management reference and treatment
453786,2018,mineral_N_half,prepared,Complete matched management reference and treatment
453786,2018,mineral_N_one_half,prepared,Complete matched management reference and treatment
453786,2018,tillage_reduced,prepared,Complete matched management reference and treatment
453786,2018,tillage_zero,prepared,Complete matched management reference and treatment
453786,2019,organic_substitution,prepared,Complete matched management reference and treatment
453786,2019,mineral_N_zero,prepared,Complete matched management reference and treatment
453786,2019,mineral_N_half,prepared,Complete matched management reference and treatment
453786,2019,mineral_N_one_half,prepared,Complete matched management reference and treatment
453786,2019,tillage_reduced,prepared,Complete matched management reference and treatment
453786,2019,tillage_zero,prepared,Complete matched management reference and treatment
453786,2020,organic_substitution,prepared,Complete matched management reference and treatment
453786,2020,mineral_N_zero,prepared,Complete matched management reference and treatment
453786,2020,mineral_N_half,prepared,Complete matched management reference and treatment
453786,2020,mineral_N_one_half,prepared,Complete matched management reference and treatment
453786,2020,tillage_reduced,prepared,Complete matched management reference and treatment
453786,2020,tillage_zero,prepared,Complete matched management reference and treatment
453786,2021,organic_substitution,prepared,Complete matched management reference and treatment
453786,2021,mineral_N_zero,prepared,Complete matched management reference and treatment
453786,2021,mineral_N_half,prepared,Complete matched management reference and treatment
453786,2021,mineral_N_one_half,prepared,Complete matched management reference and treatment
453786,2021,tillage_reduced,prepared,Complete matched management reference and treatment
453786,2021,tillage_zero,prepared,Complete matched management reference and treatment
453786,2022,organic_substitution,prepared,Complete matched management reference and treatment
453786,2022,mineral_N_zero,prepared,Complete matched management reference and treatment
453786,2022,mineral_N_half,prepared,Complete matched management reference and treatment
453786,2022,mineral_N_one_half,prepared,Complete matched management reference and treatment
453786,2022,tillage_reduced,prepared,Complete matched management reference and treatment
453786,2022,tillage_zero,prepared,Complete matched management reference and treatment
453786,2023,organic_substitution,prepared,Complete matched management reference and treatment
453786,2023,mineral_N_zero,prepared,Complete matched management reference and treatment
453786,2023,mineral_N_half,prepared,Complete matched management reference and treatment
453786,2023,mineral_N_one_half,prepared,Complete matched management reference and treatment
453786,2023,tillage_reduced,prepared,Complete matched management reference and treatment
453786,2023,tillage_zero,prepared,Complete matched management reference and treatment
336904,2016,organic_substitution,prepared,Complete matched management reference and treatment
336904,2016,mineral_N_zero,prepared,Complete matched management reference and treatment
336904,2016,mineral_N_half,prepared,Complete matched management reference and treatment
336904,2016,mineral_N_one_half,prepared,Complete matched management reference and treatment
336904,2016,tillage_reduced,prepared,Complete matched management reference and treatment
336904,2016,tillage_zero,prepared,Complete matched management reference and treatment
336904,2017,organic_substitution,prepared,Complete matched management reference and treatment
336904,2017,mineral_N_zero,prepared,Complete matched management reference and treatment
336904,2017,mineral_N_half,prepared,Complete matched management reference and treatment
336904,2017,mineral_N_one_half,prepared,Complete matched management reference and treatment
336904,2017,tillage_reduced,prepared,Complete matched management reference and treatment
336904,2017,tillage_zero,prepared,Complete matched management reference and treatment
336904,2018,organic_substitution,prepared,Complete matched management reference and treatment
336904,2018,mineral_N_zero,prepared,Complete matched management reference and treatment
336904,2018,mineral_N_half,prepared,Complete matched management reference and treatment
336904,2018,mineral_N_one_half,prepared,Complete matched management reference and treatment
336904,2018,tillage_reduced,prepared,Complete matched management reference and treatment
336904,2018,tillage_zero,prepared,Complete matched management reference and treatment
336904,2019,organic_substitution,prepared,Complete matched management reference and treatment
336904,2019,mineral_N_zero,prepared,Complete matched management reference and treatment
336904,2019,mineral_N_half,prepared,Complete matched management reference and treatment
336904,2019,mineral_N_one_half,prepared,Complete matched management reference and treatment
336904,2019,tillage_reduced,prepared,Complete matched management reference and treatment
336904,2019,tillage_zero,prepared,Complete matched management reference and treatment
336904,2020,organic_substitution,prepared,Complete matched management reference and treatment
336904,2020,mineral_N_zero,prepared,Complete matched management reference and treatment
336904,2020,mineral_N_half,prepared,Complete matched management reference and treatment
336904,2020,mineral_N_one_half,prepared,Complete matched management reference and treatment
336904,2020,tillage_reduced,prepared,Complete matched management reference and treatment
336904,2020,tillage_zero,prepared,Complete matched management reference and treatment
336904,2021,organic_substitution,prepared,Complete matched management reference and treatment
336904,2021,mineral_N_zero,prepared,Complete matched management reference and treatment
336904,2021,mineral_N_half,prepared,Complete matched management reference and treatment
336904,2021,mineral_N_one_half,prepared,Complete matched management reference and treatment
336904,2021,tillage_reduced,prepared,Complete matched management reference and treatment
336904,2021,tillage_zero,prepared,Complete matched management reference and treatment
336904,2022,organic_substitution,prepared,Complete matched management reference and treatment
336904,2022,mineral_N_zero,prepared,Complete matched management reference and treatment
336904,2022,mineral_N_half,prepared,Complete matched management reference and treatment
336904,2022,mineral_N_one_half,prepared,Complete matched management reference and treatment
336904,2022,tillage_reduced,prepared,Complete matched management reference and treatment
336904,2022,tillage_zero,prepared,Complete matched management reference and treatment
336904,2023,organic_substitution,prepared,Complete matched management reference and treatment
336904,2023,mineral_N_zero,prepared,Complete matched management reference and treatment
336904,2023,mineral_N_half,prepared,Complete matched management reference and treatment
336904,2023,mineral_N_one_half,prepared,Complete matched management reference and treatment
336904,2023,tillage_reduced,prepared,Complete matched management reference and treatment
336904,2023,tillage_zero,prepared,Complete matched management reference and treatment
535040,2016,organic_substitution,prepared,Complete matched management reference and treatment
535040,2016,mineral_N_zero,prepared,Complete matched management reference and treatment
535040,2016,mineral_N_half,prepared,Complete matched management reference and treatment
535040,2016,mineral_N_one_half,prepared,Complete matched management reference and treatment
535040,2016,tillage_reduced,prepared,Complete matched management reference and treatment
535040,2016,tillage_zero,prepared,Complete matched management reference and treatment
535040,2017,organic_substitution,prepared,Complete matched management reference and treatment
535040,2017,mineral_N_zero,prepared,Complete matched management reference and treatment
535040,2017,mineral_N_half,prepared,Complete matched management reference and treatment
535040,2017,mineral_N_one_half,prepared,Complete matched management reference and treatment
535040,2017,tillage_reduced,prepared,Complete matched management reference and treatment
535040,2017,tillage_zero,prepared,Complete matched management reference and treatment
535040,2018,organic_substitution,prepared,Complete matched management reference and treatment
535040,2018,mineral_N_zero,prepared,Complete matched management reference and treatment
535040,2018,mineral_N_half,prepared,Complete matched management reference and treatment
535040,2018,mineral_N_one_half,prepared,Complete matched management reference and treatment
535040,2018,tillage_reduced,prepared,Complete matched management reference and treatment
535040,2018,tillage_zero,prepared,Complete matched management reference and treatment
535040,2019,organic_substitution,prepared,Complete matched management reference and treatment
535040,2019,mineral_N_zero,prepared,Complete matched management reference and treatment
535040,2019,mineral_N_half,prepared,Complete matched management reference and treatment
535040,2019,mineral_N_one_half,prepared,Complete matched management reference and treatment
535040,2019,tillage_reduced,prepared,Complete matched management reference and treatment
535040,2019,tillage_zero,prepared,Complete matched management reference and treatment
535040,2020,organic_substitution,prepared,Complete matched management reference and treatment
535040,2020,mineral_N_zero,prepared,Complete matched management reference and treatment
535040,2020,mineral_N_half,prepared,Complete matched management reference and treatment
535040,2020,mineral_N_one_half,prepared,Complete matched management reference and treatment
535040,2020,tillage_reduced,prepared,Complete matched management reference and treatment
535040,2020,tillage_zero,prepared,Complete matched management reference and treatment
535040,2021,organic_substitution,prepared,Complete matched management reference and treatment
535040,2021,mineral_N_zero,prepared,Complete matched management reference and treatment
535040,2021,mineral_N_half,prepared,Complete matched management reference and treatment
535040,2021,mineral_N_one_half,prepared,Complete matched management reference and treatment
535040,2021,tillage_reduced,prepared,Complete matched management reference and treatment
535040,2021,tillage_zero,prepared,Complete matched management reference and treatment
535040,2022,organic_substitution,prepared,Complete matched management reference and treatment
535040,2022,mineral_N_zero,prepared,Complete matched management reference and treatment
535040,2022,mineral_N_half,prepared,Complete matched management reference and treatment
535040,2022,mineral_N_one_half,prepared,Complete matched management reference and treatment
535040,2022,tillage_reduced,prepared,Complete matched management reference and treatment
535040,2022,tillage_zero,prepared,Complete matched management reference and treatment
535040,2023,organic_substitution,prepared,Complete matched management reference and treatment
535040,2023,mineral_N_zero,prepared,Complete matched management reference and treatment
535040,2023,mineral_N_half,prepared,Complete matched management reference and treatment
535040,2023,mineral_N_one_half,prepared,Complete matched management reference and treatment
535040,2023,tillage_reduced,prepared,Complete matched management reference and treatment
535040,2023,tillage_zero,prepared,Complete matched management reference and treatment
212287,2016,organic_substitution,prepared,Complete matched management reference and treatment
212287,2016,mineral_N_zero,prepared,Complete matched management reference and treatment
212287,2016,mineral_N_half,prepared,Complete matched management reference and treatment
212287,2016,mineral_N_one_half,prepared,Complete matched management reference and treatment
212287,2016,tillage_reduced,prepared,Complete matched management reference and treatment
212287,2016,tillage_zero,prepared,Complete matched management reference and treatment
212287,2017,organic_substitution,prepared,Complete matched management reference and treatment
212287,2017,mineral_N_zero,prepared,Complete matched management reference and treatment
212287,2017,mineral_N_half,prepared,Complete matched management reference and treatment
212287,2017,mineral_N_one_half,prepared,Complete matched management reference and treatment
212287,2017,tillage_reduced,prepared,Complete matched management reference and treatment
212287,2017,tillage_zero,prepared,Complete matched management reference and treatment
212287,2018,organic_substitution,prepared,Complete matched management reference and treatment
212287,2018,mineral_N_zero,prepared,Complete matched management reference and treatment
212287,2018,mineral_N_half,prepared,Complete matched management reference and treatment
212287,2018,mineral_N_one_half,prepared,Complete matched management reference and treatment
212287,2018,tillage_reduced,prepared,Complete matched management reference and treatment
212287,2018,tillage_zero,prepared,Complete matched management reference and treatment
212287,2019,organic_substitution,prepared,Complete matched management reference and treatment
212287,2019,mineral_N_zero,prepared,Complete matched management reference and treatment
212287,2019,mineral_N_half,prepared,Complete matched management reference and treatment
212287,2019,mineral_N_one_half,prepared,Complete matched management reference and treatment
212287,2019,tillage_reduced,prepared,Complete matched management reference and treatment
212287,2019,tillage_zero,prepared,Complete matched management reference and treatment
212287,2020,organic_substitution,prepared,Complete matched management reference and treatment
212287,2020,mineral_N_zero,prepared,Complete matched management reference and treatment
212287,2020,mineral_N_half,prepared,Complete matched management reference and treatment
212287,2020,mineral_N_one_half,prepared,Complete matched management reference and treatment
212287,2020,tillage_reduced,prepared,Complete matched management reference and treatment
212287,2020,tillage_zero,prepared,Complete matched management reference and treatment
212287,2021,organic_substitution,prepared,Complete matched management reference and treatment
212287,2021,mineral_N_zero,prepared,Complete matched management reference and treatment
212287,2021,mineral_N_half,prepared,Complete matched management reference and treatment
212287,2021,mineral_N_one_half,prepared,Complete matched management reference and treatment
212287,2021,tillage_reduced,prepared,Complete matched management reference and treatment
212287,2021,tillage_zero,prepared,Complete matched management reference and treatment
212287,2022,organic_substitution,prepared,Complete matched management reference and treatment
212287,2022,mineral_N_zero,prepared,Complete matched management reference and treatment
212287,2022,mineral_N_half,prepared,Complete matched management reference and treatment
212287,2022,mineral_N_one_half,prepared,Complete matched management reference and treatment
212287,2022,tillage_reduced,prepared,Complete matched management reference and treatment
212287,2022,tillage_zero,prepared,Complete matched management reference and treatment
212287,2023,organic_substitution,prepared,Complete matched management reference and treatment
212287,2023,mineral_N_zero,prepared,Complete matched management reference and treatment
212287,2023,mineral_N_half,prepared,Complete matched management reference and treatment
212287,2023,mineral_N_one_half,prepared,Complete matched management reference and treatment
212287,2023,tillage_reduced,prepared,Complete matched management reference and treatment
212287,2023,tillage_zero,prepared,Complete matched management reference and treatment
549173,2016,organic_substitution,prepared,Complete matched management reference and treatment
549173,2016,mineral_N_zero,prepared,Complete matched management reference and treatment
549173,2016,mineral_N_half,prepared,Complete matched management reference and treatment
549173,2016,mineral_N_one_half,prepared,Complete matched management reference and treatment
549173,2016,tillage_reduced,prepared,Complete matched management reference and treatment
549173,2016,tillage_zero,prepared,Complete matched management reference and treatment
549173,2017,organic_substitution,prepared,Complete matched management reference and treatment
549173,2017,mineral_N_zero,prepared,Complete matched management reference and treatment
549173,2017,mineral_N_half,prepared,Complete matched management reference and treatment
549173,2017,mineral_N_one_half,prepared,Complete matched management reference and treatment
549173,2017,tillage_reduced,prepared,Complete matched management reference and treatment
549173,2017,tillage_zero,prepared,Complete matched management reference and treatment
549173,2018,organic_substitution,prepared,Complete matched management reference and treatment
549173,2018,mineral_N_zero,prepared,Complete matched management reference and treatment
549173,2018,mineral_N_half,prepared,Complete matched management reference and treatment
549173,2018,mineral_N_one_half,prepared,Complete matched management reference and treatment
549173,2018,tillage_reduced,prepared,Complete matched management reference and treatment
549173,2018,tillage_zero,prepared,Complete matched management reference and treatment
549173,2019,organic_substitution,prepared,Complete matched management reference and treatment
549173,2019,mineral_N_zero,prepared,Complete matched management reference and treatment
549173,2019,mineral_N_half,prepared,Complete matched management reference and treatment
549173,2019,mineral_N_one_half,prepared,Complete matched management reference and treatment
549173,2019,tillage_reduced,prepared,Complete matched management reference and treatment
549173,2019,tillage_zero,prepared,Complete matched management reference and treatment
549173,2020,organic_substitution,prepared,Complete matched management reference and treatment
549173,2020,mineral_N_zero,prepared,Complete matched management reference and treatment
549173,2020,mineral_N_half,prepared,Complete matched management reference and treatment
549173,2020,mineral_N_one_half,prepared,Complete matched management reference and treatment
549173,2020,tillage_reduced,prepared,Complete matched management reference and treatment
549173,2020,tillage_zero,prepared,Complete matched management reference and treatment
549173,2021,organic_substitution,prepared,Complete matched management reference and treatment
549173,2021,mineral_N_zero,prepared,Complete matched management reference and treatment
549173,2021,mineral_N_half,prepared,Complete matched management reference and treatment
549173,2021,mineral_N_one_half,prepared,Complete matched management reference and treatment
549173,2021,tillage_reduced,prepared,Complete matched management reference and treatment
549173,2021,tillage_zero,prepared,Complete matched management reference and treatment
549173,2022,organic_substitution,prepared,Complete matched management reference and treatment
549173,2022,mineral_N_zero,prepared,Complete matched management reference and treatment
549173,2022,mineral_N_half,prepared,Complete matched management reference and treatment
549173,2022,mineral_N_one_half,prepared,Complete matched management reference and treatment
549173,2022,tillage_reduced,prepared,Complete matched management reference and treatment
549173,2022,tillage_zero,prepared,Complete matched management reference and treatment
549173,2023,organic_substitution,prepared,Complete matched management reference and treatment
549173,2023,mineral_N_zero,prepared,Complete matched management reference and treatment
549173,2023,mineral_N_half,prepared,Complete matched management reference and treatment
549173,2023,mineral_N_one_half,prepared,Complete matched management reference and treatment
549173,2023,tillage_reduced,prepared,Complete matched management reference and treatment
549173,2023,tillage_zero,prepared,Complete matched management reference and treatment
107465,2016,organic_substitution,prepared,Complete matched management reference and treatment
107465,2016,mineral_N_zero,prepared,Complete matched management reference and treatment
107465,2016,mineral_N_half,prepared,Complete matched management reference and treatment
107465,2016,mineral_N_one_half,prepared,Complete matched management reference and treatment
107465,2016,tillage_reduced,prepared,Complete matched management reference and treatment
107465,2016,tillage_zero,prepared,Complete matched management reference and treatment
107465,2017,organic_substitution,prepared,Complete matched management reference and treatment
107465,2017,mineral_N_zero,prepared,Complete matched management reference and treatment
107465,2017,mineral_N_half,prepared,Complete matched management reference and treatment
107465,2017,mineral_N_one_half,prepared,Complete matched management reference and treatment
107465,2017,tillage_reduced,prepared,Complete matched management reference and treatment
107465,2017,tillage_zero,prepared,Complete matched management reference and treatment
107465,2018,organic_substitution,prepared,Complete matched management reference and treatment
107465,2018,mineral_N_zero,prepared,Complete matched management reference and treatment
107465,2018,mineral_N_half,prepared,Complete matched management reference and treatment
107465,2018,mineral_N_one_half,prepared,Complete matched management reference and treatment
107465,2018,tillage_reduced,prepared,Complete matched management reference and treatment
107465,2018,tillage_zero,prepared,Complete matched management reference and treatment
107465,2019,organic_substitution,prepared,Complete matched management reference and treatment
107465,2019,mineral_N_zero,prepared,Complete matched management reference and treatment
107465,2019,mineral_N_half,prepared,Complete matched management reference and treatment
107465,2019,mineral_N_one_half,prepared,Complete matched management reference and treatment
107465,2019,tillage_reduced,prepared,Complete matched management reference and treatment
107465,2019,tillage_zero,prepared,Complete matched management reference and treatment
107465,2020,organic_substitution,prepared,Complete matched management reference and treatment
107465,2020,mineral_N_zero,prepared,Complete matched management reference and treatment
107465,2020,mineral_N_half,prepared,Complete matched management reference and treatment
107465,2020,mineral_N_one_half,prepared,Complete matched management reference and treatment
107465,2020,tillage_reduced,prepared,Complete matched management reference and treatment
107465,2020,tillage_zero,prepared,Complete matched management reference and treatment
107465,2021,organic_substitution,prepared,Complete matched management reference and treatment
107465,2021,mineral_N_zero,prepared,Complete matched management reference and treatment
107465,2021,mineral_N_half,prepared,Complete matched management reference and treatment
107465,2021,mineral_N_one_half,prepared,Complete matched management reference and treatment
107465,2021,tillage_reduced,prepared,Complete matched management reference and treatment
107465,2021,tillage_zero,prepared,Complete matched management reference and treatment
107465,2022,organic_substitution,prepared,Complete matched management reference and treatment
107465,2022,mineral_N_zero,prepared,Complete matched management reference and treatment
107465,2022,mineral_N_half,prepared,Complete matched management reference and treatment
107465,2022,mineral_N_one_half,prepared,Complete matched management reference and treatment
107465,2022,tillage_reduced,prepared,Complete matched management reference and treatment
107465,2022,tillage_zero,prepared,Complete matched management reference and treatment
107465,2023,organic_substitution,prepared,Complete matched management reference and treatment
107465,2023,mineral_N_zero,prepared,Complete matched management reference and treatment
107465,2023,mineral_N_half,prepared,Complete matched management reference and treatment
107465,2023,mineral_N_one_half,prepared,Complete matched management reference and treatment
107465,2023,tillage_reduced,prepared,Complete matched management reference and treatment
107465,2023,tillage_zero,prepared,Complete matched management reference and treatment
555182,2016,organic_substitution,prepared,Complete matched management reference and treatment
555182,2016,mineral_N_zero,prepared,Complete matched management reference and treatment
555182,2016,mineral_N_half,prepared,Complete matched management reference and treatment
555182,2016,mineral_N_one_half,prepared,Complete matched management reference and treatment
555182,2016,tillage_reduced,prepared,Complete matched management reference and treatment
555182,2016,tillage_zero,prepared,Complete matched management reference and treatment
555182,2017,organic_substitution,prepared,Complete matched management reference and treatment
555182,2017,mineral_N_zero,prepared,Complete matched management reference and treatment
555182,2017,mineral_N_half,prepared,Complete matched management reference and treatment
555182,2017,mineral_N_one_half,prepared,Complete matched management reference and treatment
555182,2017,tillage_reduced,prepared,Complete matched management reference and treatment
555182,2017,tillage_zero,prepared,Complete matched management reference and treatment
555182,2018,organic_substitution,prepared,Complete matched management reference and treatment
555182,2018,mineral_N_zero,prepared,Complete matched management reference and treatment
555182,2018,mineral_N_half,prepared,Complete matched management reference and treatment
555182,2018,mineral_N_one_half,prepared,Complete matched management reference and treatment
555182,2018,tillage_reduced,prepared,Complete matched management reference and treatment
555182,2018,tillage_zero,prepared,Complete matched management reference and treatment
555182,2019,organic_substitution,prepared,Complete matched management reference and treatment
555182,2019,mineral_N_zero,prepared,Complete matched management reference and treatment
555182,2019,mineral_N_half,prepared,Complete matched management reference and treatment
555182,2019,mineral_N_one_half,prepared,Complete matched management reference and treatment
555182,2019,tillage_reduced,prepared,Complete matched management reference and treatment
555182,2019,tillage_zero,prepared,Complete matched management reference and treatment
555182,2020,organic_substitution,prepared,Complete matched management reference and treatment
555182,2020,mineral_N_zero,prepared,Complete matched management reference and treatment
555182,2020,mineral_N_half,prepared,Complete matched management reference and treatment
555182,2020,mineral_N_one_half,prepared,Complete matched management reference and treatment
555182,2020,tillage_reduced,prepared,Complete matched management reference and treatment
555182,2020,tillage_zero,prepared,Complete matched management reference and treatment
555182,2021,organic_substitution,prepared,Complete matched management reference and treatment
555182,2021,mineral_N_zero,prepared,Complete matched management reference and treatment
555182,2021,mineral_N_half,prepared,Complete matched management reference and treatment
555182,2021,mineral_N_one_half,prepared,Complete matched management reference and treatment
555182,2021,tillage_reduced,prepared,Complete matched management reference and treatment
555182,2021,tillage_zero,prepared,Complete matched management reference and treatment
555182,2022,organic_substitution,prepared,Complete matched management reference and treatment
555182,2022,mineral_N_zero,prepared,Complete matched management reference and treatment
555182,2022,mineral_N_half,prepared,Complete matched management reference and treatment
555182,2022,mineral_N_one_half,prepared,Complete matched management reference and treatment
555182,2022,tillage_reduced,prepared,Complete matched management reference and treatment
555182,2022,tillage_zero,prepared,Complete matched management reference and treatment
555182,2023,organic_substitution,prepared,Complete matched management reference and treatment
555182,2023,mineral_N_zero,prepared,Complete matched management reference and treatment
555182,2023,mineral_N_half,prepared,Complete matched management reference and treatment
555182,2023,mineral_N_one_half,prepared,Complete matched management reference and treatment
555182,2023,tillage_reduced,prepared,Complete matched management reference and treatment
555182,2023,tillage_zero,prepared,Complete matched management reference and treatment
372700,2016,organic_substitution,prepared,Complete matched management reference and treatment
372700,2016,mineral_N_zero,prepared,Complete matched management reference and treatment
372700,2016,mineral_N_half,prepared,Complete matched management reference and treatment
372700,2016,mineral_N_one_half,prepared,Complete matched management reference and treatment
372700,2016,tillage_reduced,prepared,Complete matched management reference and treatment
372700,2016,tillage_zero,prepared,Complete matched management reference and treatment
372700,2017,organic_substitution,prepared,Complete matched management reference and treatment
372700,2017,mineral_N_zero,prepared,Complete matched management reference and treatment
372700,2017,mineral_N_half,prepared,Complete matched management reference and treatment
372700,2017,mineral_N_one_half,prepared,Complete matched management reference and treatment
372700,2017,tillage_reduced,prepared,Complete matched management reference and treatment
372700,2017,tillage_zero,prepared,Complete matched management reference and treatment
372700,2018,organic_substitution,prepared,Complete matched management reference and treatment
372700,2018,mineral_N_zero,prepared,Complete matched management reference and treatment
372700,2018,mineral_N_half,prepared,Complete matched management reference and treatment
372700,2018,mineral_N_one_half,prepared,Complete matched management reference and treatment
372700,2018,tillage_reduced,prepared,Complete matched management reference and treatment
372700,2018,tillage_zero,prepared,Complete matched management reference and treatment
372700,2019,organic_substitution,prepared,Complete matched management reference and treatment
372700,2019,mineral_N_zero,prepared,Complete matched management reference and treatment
372700,2019,mineral_N_half,prepared,Complete matched management reference and treatment
372700,2019,mineral_N_one_half,prepared,Complete matched management reference and treatment
372700,2019,tillage_reduced,prepared,Complete matched management reference and treatment
372700,2019,tillage_zero,prepared,Complete matched management reference and treatment
372700,2020,organic_substitution,prepared,Complete matched management reference and treatment
372700,2020,mineral_N_zero,prepared,Complete matched management reference and treatment
372700,2020,mineral_N_half,prepared,Complete matched management reference and treatment
372700,2020,mineral_N_one_half,prepared,Complete matched management reference and treatment
372700,2020,tillage_reduced,prepared,Complete matched management reference and treatment
372700,2020,tillage_zero,prepared,Complete matched management reference and treatment
372700,2021,organic_substitution,prepared,Complete matched management reference and treatment
372700,2021,mineral_N_zero,prepared,Complete matched management reference and treatment
372700,2021,mineral_N_half,prepared,Complete matched management reference and treatment
372700,2021,mineral_N_one_half,prepared,Complete matched management reference and treatment
372700,2021,tillage_reduced,prepared,Complete matched management reference and treatment
372700,2021,tillage_zero,prepared,Complete matched management reference and treatment
372700,2022,organic_substitution,prepared,Complete matched management reference and treatment
372700,2022,mineral_N_zero,prepared,Complete matched management reference and treatment
372700,2022,mineral_N_half,prepared,Complete matched management reference and treatment
372700,2022,mineral_N_one_half,prepared,Complete matched management reference and treatment
372700,2022,tillage_reduced,prepared,Complete matched management reference and treatment
372700,2022,tillage_zero,prepared,Complete matched management reference and treatment
372700,2023,organic_substitution,prepared,Complete matched management reference and treatment
372700,2023,mineral_N_zero,prepared,Complete matched management reference and treatment
372700,2023,mineral_N_half,prepared,Complete matched management reference and treatment
372700,2023,mineral_N_one_half,prepared,Complete matched management reference and treatment
372700,2023,tillage_reduced,prepared,Complete matched management reference and treatment
372700,2023,tillage_zero,prepared,Complete matched management reference and treatment
313780,2016,organic_substitution,prepared,Complete matched management reference and treatment
313780,2016,mineral_N_zero,prepared,Complete matched management reference and treatment
313780,2016,mineral_N_half,prepared,Complete matched management reference and treatment
313780,2016,mineral_N_one_half,prepared,Complete matched management reference and treatment
313780,2016,tillage_reduced,prepared,Complete matched management reference and treatment
313780,2016,tillage_zero,prepared,Complete matched management reference and treatment
313780,2017,organic_substitution,prepared,Complete matched management reference and treatment
313780,2017,mineral_N_zero,prepared,Complete matched management reference and treatment
313780,2017,mineral_N_half,prepared,Complete matched management reference and treatment
313780,2017,mineral_N_one_half,prepared,Complete matched management reference and treatment
313780,2017,tillage_reduced,prepared,Complete matched management reference and treatment
313780,2017,tillage_zero,prepared,Complete matched management reference and treatment
313780,2018,organic_substitution,prepared,Complete matched management reference and treatment
313780,2018,mineral_N_zero,prepared,Complete matched management reference and treatment
313780,2018,mineral_N_half,prepared,Complete matched management reference and treatment
313780,2018,mineral_N_one_half,prepared,Complete matched management reference and treatment
313780,2018,tillage_reduced,prepared,Complete matched management reference and treatment
313780,2018,tillage_zero,prepared,Complete matched management reference and treatment
313780,2019,organic_substitution,prepared,Complete matched management reference and treatment
313780,2019,mineral_N_zero,prepared,Complete matched management reference and treatment
313780,2019,mineral_N_half,prepared,Complete matched management reference and treatment
313780,2019,mineral_N_one_half,prepared,Complete matched management reference and treatment
313780,2019,tillage_reduced,prepared,Complete matched management reference and treatment
313780,2019,tillage_zero,prepared,Complete matched management reference and treatment
313780,2020,organic_substitution,prepared,Complete matched management reference and treatment
313780,2020,mineral_N_zero,prepared,Complete matched management reference and treatment
313780,2020,mineral_N_half,prepared,Complete matched management reference and treatment
313780,2020,mineral_N_one_half,prepared,Complete matched management reference and treatment
313780,2020,tillage_reduced,prepared,Complete matched management reference and treatment
313780,2020,tillage_zero,prepared,Complete matched management reference and treatment
313780,2021,organic_substitution,prepared,Complete matched management reference and treatment
313780,2021,mineral_N_zero,prepared,Complete matched management reference and treatment
313780,2021,mineral_N_half,prepared,Complete matched management reference and treatment
313780,2021,mineral_N_one_half,prepared,Complete matched management reference and treatment
313780,2021,tillage_reduced,prepared,Complete matched management reference and treatment
313780,2021,tillage_zero,prepared,Complete matched management reference and treatment
313780,2022,organic_substitution,prepared,Complete matched management reference and treatment
313780,2022,mineral_N_zero,prepared,Complete matched management reference and treatment
313780,2022,mineral_N_half,prepared,Complete matched management reference and treatment
313780,2022,mineral_N_one_half,prepared,Complete matched management reference and treatment
313780,2022,tillage_reduced,prepared,Complete matched management reference and treatment
313780,2022,tillage_zero,prepared,Complete matched management reference and treatment
313780,2023,organic_substitution,prepared,Complete matched management reference and treatment
313780,2023,mineral_N_zero,prepared,Complete matched management reference and treatment
313780,2023,mineral_N_half,prepared,Complete matched management reference and treatment
313780,2023,mineral_N_one_half,prepared,Complete matched management reference and treatment
313780,2023,tillage_reduced,prepared,Complete matched management reference and treatment
313780,2023,tillage_zero,prepared,Complete matched management reference and treatment
309355,2016,organic_substitution,prepared,Complete matched management reference and treatment
309355,2016,mineral_N_zero,prepared,Complete matched management reference and treatment
309355,2016,mineral_N_half,prepared,Complete matched management reference and treatment
309355,2016,mineral_N_one_half,prepared,Complete matched management reference and treatment
309355,2016,tillage_reduced,prepared,Complete matched management reference and treatment
309355,2016,tillage_zero,prepared,Complete matched management reference and treatment
309355,2017,organic_substitution,prepared,Complete matched management reference and treatment
309355,2017,mineral_N_zero,prepared,Complete matched management reference and treatment
309355,2017,mineral_N_half,prepared,Complete matched management reference and treatment
309355,2017,mineral_N_one_half,prepared,Complete matched management reference and treatment
309355,2017,tillage_reduced,prepared,Complete matched management reference and treatment
309355,2017,tillage_zero,prepared,Complete matched management reference and treatment
309355,2018,organic_substitution,prepared,Complete matched management reference and treatment
309355,2018,mineral_N_zero,prepared,Complete matched management reference and treatment
309355,2018,mineral_N_half,prepared,Complete matched management reference and treatment
309355,2018,mineral_N_one_half,prepared,Complete matched management reference and treatment
309355,2018,tillage_reduced,prepared,Complete matched management reference and treatment
309355,2018,tillage_zero,prepared,Complete matched management reference and treatment
309355,2019,organic_substitution,prepared,Complete matched management reference and treatment
309355,2019,mineral_N_zero,prepared,Complete matched management reference and treatment
309355,2019,mineral_N_half,prepared,Complete matched management reference and treatment
309355,2019,mineral_N_one_half,prepared,Complete matched management reference and treatment
309355,2019,tillage_reduced,prepared,Complete matched management reference and treatment
309355,2019,tillage_zero,prepared,Complete matched management reference and treatment
309355,2020,organic_substitution,prepared,Complete matched management reference and treatment
309355,2020,mineral_N_zero,prepared,Complete matched management reference and treatment
309355,2020,mineral_N_half,prepared,Complete matched management reference and treatment
309355,2020,mineral_N_one_half,prepared,Complete matched management reference and treatment
309355,2020,tillage_reduced,prepared,Complete matched management reference and treatment
309355,2020,tillage_zero,prepared,Complete matched management reference and treatment
309355,2021,organic_substitution,prepared,Complete matched management reference and treatment
309355,2021,mineral_N_zero,prepared,Complete matched management reference and treatment
309355,2021,mineral_N_half,prepared,Complete matched management reference and treatment
309355,2021,mineral_N_one_half,prepared,Complete matched management reference and treatment
309355,2021,tillage_reduced,prepared,Complete matched management reference and treatment
309355,2021,tillage_zero,prepared,Complete matched management reference and treatment
309355,2022,organic_substitution,prepared,Complete matched management reference and treatment
309355,2022,mineral_N_zero,prepared,Complete matched management reference and treatment
309355,2022,mineral_N_half,prepared,Complete matched management reference and treatment
309355,2022,mineral_N_one_half,prepared,Complete matched management reference and treatment
309355,2022,tillage_reduced,prepared,Complete matched management reference and treatment
309355,2022,tillage_zero,prepared,Complete matched management reference and treatment
309355,2023,organic_substitution,prepared,Complete matched management reference and treatment
309355,2023,mineral_N_zero,prepared,Complete matched management reference and treatment
309355,2023,mineral_N_half,prepared,Complete matched management reference and treatment
309355,2023,mineral_N_one_half,prepared,Complete matched management reference and treatment
309355,2023,tillage_reduced,prepared,Complete matched management reference and treatment
309355,2023,tillage_zero,prepared,Complete matched management reference and treatment
403505,2016,organic_substitution,prepared,Complete matched management reference and treatment
403505,2016,mineral_N_zero,prepared,Complete matched management reference and treatment
403505,2016,mineral_N_half,prepared,Complete matched management reference and treatment
403505,2016,mineral_N_one_half,prepared,Complete matched management reference and treatment
403505,2016,tillage_reduced,prepared,Complete matched management reference and treatment
403505,2016,tillage_zero,prepared,Complete matched management reference and treatment
403505,2017,organic_substitution,prepared,Complete matched management reference and treatment
403505,2017,mineral_N_zero,prepared,Complete matched management reference and treatment
403505,2017,mineral_N_half,prepared,Complete matched management reference and treatment
403505,2017,mineral_N_one_half,prepared,Complete matched management reference and treatment
403505,2017,tillage_reduced,prepared,Complete matched management reference and treatment
403505,2017,tillage_zero,prepared,Complete matched management reference and treatment
403505,2018,organic_substitution,prepared,Complete matched management reference and treatment
403505,2018,mineral_N_zero,prepared,Complete matched management reference and treatment
403505,2018,mineral_N_half,prepared,Complete matched management reference and treatment
403505,2018,mineral_N_one_half,prepared,Complete matched management reference and treatment
403505,2018,tillage_reduced,prepared,Complete matched management reference and treatment
403505,2018,tillage_zero,prepared,Complete matched management reference and treatment
403505,2019,organic_substitution,prepared,Complete matched management reference and treatment
403505,2019,mineral_N_zero,prepared,Complete matched management reference and treatment
403505,2019,mineral_N_half,prepared,Complete matched management reference and treatment
403505,2019,mineral_N_one_half,prepared,Complete matched management reference and treatment
403505,2019,tillage_reduced,prepared,Complete matched management reference and treatment
403505,2019,tillage_zero,prepared,Complete matched management reference and treatment
403505,2020,organic_substitution,prepared,Complete matched management reference and treatment
403505,2020,mineral_N_zero,prepared,Complete matched management reference and treatment
403505,2020,mineral_N_half,prepared,Complete matched management reference and treatment
403505,2020,mineral_N_one_half,prepared,Complete matched management reference and treatment
403505,2020,tillage_reduced,prepared,Complete matched management reference and treatment
403505,2020,tillage_zero,prepared,Complete matched management reference and treatment
403505,2021,organic_substitution,prepared,Complete matched management reference and treatment
403505,2021,mineral_N_zero,prepared,Complete matched management reference and treatment
403505,2021,mineral_N_half,prepared,Complete matched management reference and treatment
403505,2021,mineral_N_one_half,prepared,Complete matched management reference and treatment
403505,2021,tillage_reduced,prepared,Complete matched management reference and treatment
403505,2021,tillage_zero,prepared,Complete matched management reference and treatment
403505,2022,organic_substitution,prepared,Complete matched management reference and treatment
403505,2022,mineral_N_zero,prepared,Complete matched management reference and treatment
403505,2022,mineral_N_half,prepared,Complete matched management reference and treatment
403505,2022,mineral_N_one_half,prepared,Complete matched management reference and treatment
403505,2022,tillage_reduced,prepared,Complete matched management reference and treatment
403505,2022,tillage_zero,prepared,Complete matched management reference and treatment
403505,2023,organic_substitution,prepared,Complete matched management reference and treatment
403505,2023,mineral_N_zero,prepared,Complete matched management reference and treatment
403505,2023,mineral_N_half,prepared,Complete matched management reference and treatment
403505,2023,mineral_N_one_half,prepared,Complete matched management reference and treatment
403505,2023,tillage_reduced,prepared,Complete matched management reference and treatment
403505,2023,tillage_zero,prepared,Complete matched management reference and treatment
236386,2016,organic_substitution,prepared,Complete matched management reference and treatment
236386,2016,mineral_N_zero,prepared,Complete matched management reference and treatment
236386,2016,mineral_N_half,prepared,Complete matched management reference and treatment
236386,2016,mineral_N_one_half,prepared,Complete matched management reference and treatment
236386,2016,tillage_reduced,prepared,Complete matched management reference and treatment
236386,2016,tillage_zero,prepared,Complete matched management reference and treatment
236386,2017,organic_substitution,prepared,Complete matched management reference and treatment
236386,2017,mineral_N_zero,prepared,Complete matched management reference and treatment
236386,2017,mineral_N_half,prepared,Complete matched management reference and treatment
236386,2017,mineral_N_one_half,prepared,Complete matched management reference and treatment
236386,2017,tillage_reduced,prepared,Complete matched management reference and treatment
236386,2017,tillage_zero,prepared,Complete matched management reference and treatment
236386,2018,organic_substitution,prepared,Complete matched management reference and treatment
236386,2018,mineral_N_zero,prepared,Complete matched management reference and treatment
236386,2018,mineral_N_half,prepared,Complete matched management reference and treatment
236386,2018,mineral_N_one_half,prepared,Complete matched management reference and treatment
236386,2018,tillage_reduced,prepared,Complete matched management reference and treatment
236386,2018,tillage_zero,prepared,Complete matched management reference and treatment
236386,2019,organic_substitution,prepared,Complete matched management reference and treatment
236386,2019,mineral_N_zero,prepared,Complete matched management reference and treatment
236386,2019,mineral_N_half,prepared,Complete matched management reference and treatment
236386,2019,mineral_N_one_half,prepared,Complete matched management reference and treatment
236386,2019,tillage_reduced,prepared,Complete matched management reference and treatment
236386,2019,tillage_zero,prepared,Complete matched management reference and treatment
236386,2020,organic_substitution,prepared,Complete matched management reference and treatment
236386,2020,mineral_N_zero,prepared,Complete matched management reference and treatment
236386,2020,mineral_N_half,prepared,Complete matched management reference and treatment
236386,2020,mineral_N_one_half,prepared,Complete matched management reference and treatment
236386,2020,tillage_reduced,prepared,Complete matched management reference and treatment
236386,2020,tillage_zero,prepared,Complete matched management reference and treatment
236386,2021,organic_substitution,prepared,Complete matched management reference and treatment
236386,2021,mineral_N_zero,prepared,Complete matched management reference and treatment
236386,2021,mineral_N_half,prepared,Complete matched management reference and treatment
236386,2021,mineral_N_one_half,prepared,Complete matched management reference and treatment
236386,2021,tillage_reduced,prepared,Complete matched management reference and treatment
236386,2021,tillage_zero,prepared,Complete matched management reference and treatment
236386,2022,organic_substitution,prepared,Complete matched management reference and treatment
236386,2022,mineral_N_zero,prepared,Complete matched management reference and treatment
236386,2022,mineral_N_half,prepared,Complete matched management reference and treatment
236386,2022,mineral_N_one_half,prepared,Complete matched management reference and treatment
236386,2022,tillage_reduced,prepared,Complete matched management reference and treatment
236386,2022,tillage_zero,prepared,Complete matched management reference and treatment
236386,2023,organic_substitution,prepared,Complete matched management reference and treatment
236386,2023,mineral_N_zero,prepared,Complete matched management reference and treatment
236386,2023,mineral_N_half,prepared,Complete matched management reference and treatment
236386,2023,mineral_N_one_half,prepared,Complete matched management reference and treatment
236386,2023,tillage_reduced,prepared,Complete matched management reference and treatment
236386,2023,tillage_zero,prepared,Complete matched management reference and treatment
14956,2016,organic_substitution,prepared,Complete matched management reference and treatment
14956,2016,mineral_N_zero,prepared,Complete matched management reference and treatment
14956,2016,mineral_N_half,prepared,Complete matched management reference and treatment
14956,2016,mineral_N_one_half,prepared,Complete matched management reference and treatment
14956,2016,tillage_reduced,prepared,Complete matched management reference and treatment
14956,2016,tillage_zero,prepared,Complete matched management reference and treatment
14956,2017,organic_substitution,prepared,Complete matched management reference and treatment
14956,2017,mineral_N_zero,prepared,Complete matched management reference and treatment
14956,2017,mineral_N_half,prepared,Complete matched management reference and treatment
14956,2017,mineral_N_one_half,prepared,Complete matched management reference and treatment
14956,2017,tillage_reduced,prepared,Complete matched management reference and treatment
14956,2017,tillage_zero,prepared,Complete matched management reference and treatment
14956,2018,organic_substitution,prepared,Complete matched management reference and treatment
14956,2018,mineral_N_zero,prepared,Complete matched management reference and treatment
14956,2018,mineral_N_half,prepared,Complete matched management reference and treatment
14956,2018,mineral_N_one_half,prepared,Complete matched management reference and treatment
14956,2018,tillage_reduced,prepared,Complete matched management reference and treatment
14956,2018,tillage_zero,prepared,Complete matched management reference and treatment
14956,2019,organic_substitution,prepared,Complete matched management reference and treatment
14956,2019,mineral_N_zero,prepared,Complete matched management reference and treatment
14956,2019,mineral_N_half,prepared,Complete matched management reference and treatment
14956,2019,mineral_N_one_half,prepared,Complete matched management reference and treatment
14956,2019,tillage_reduced,prepared,Complete matched management reference and treatment
14956,2019,tillage_zero,prepared,Complete matched management reference and treatment
14956,2020,organic_substitution,prepared,Complete matched management reference and treatment
14956,2020,mineral_N_zero,prepared,Complete matched management reference and treatment
14956,2020,mineral_N_half,prepared,Complete matched management reference and treatment
14956,2020,mineral_N_one_half,prepared,Complete matched management reference and treatment
14956,2020,tillage_reduced,prepared,Complete matched management reference and treatment
14956,2020,tillage_zero,prepared,Complete matched management reference and treatment
14956,2021,organic_substitution,prepared,Complete matched management reference and treatment
14956,2021,mineral_N_zero,prepared,Complete matched management reference and treatment
14956,2021,mineral_N_half,prepared,Complete matched management reference and treatment
14956,2021,mineral_N_one_half,prepared,Complete matched management reference and treatment
14956,2021,tillage_reduced,prepared,Complete matched management reference and treatment
14956,2021,tillage_zero,prepared,Complete matched management reference and treatment
14956,2022,organic_substitution,prepared,Complete matched management reference and treatment
14956,2022,mineral_N_zero,prepared,Complete matched management reference and treatment
14956,2022,mineral_N_half,prepared,Complete matched management reference and treatment
14956,2022,mineral_N_one_half,prepared,Complete matched management reference and treatment
14956,2022,tillage_reduced,prepared,Complete matched management reference and treatment
14956,2022,tillage_zero,prepared,Complete matched management reference and treatment
14956,2023,organic_substitution,prepared,Complete matched management reference and treatment
14956,2023,mineral_N_zero,prepared,Complete matched management reference and treatment
14956,2023,mineral_N_half,prepared,Complete matched management reference and treatment
14956,2023,mineral_N_one_half,prepared,Complete matched management reference and treatment
14956,2023,tillage_reduced,prepared,Complete matched management reference and treatment
14956,2023,tillage_zero,prepared,Complete matched management reference and treatment
219229,2016,organic_substitution,prepared,Complete matched management reference and treatment
219229,2016,mineral_N_zero,prepared,Complete matched management reference and treatment
219229,2016,mineral_N_half,prepared,Complete matched management reference and treatment
219229,2016,mineral_N_one_half,prepared,Complete matched management reference and treatment
219229,2016,tillage_reduced,prepared,Complete matched management reference and treatment
219229,2016,tillage_zero,prepared,Complete matched management reference and treatment
219229,2017,organic_substitution,prepared,Complete matched management reference and treatment
219229,2017,mineral_N_zero,prepared,Complete matched management reference and treatment
219229,2017,mineral_N_half,prepared,Complete matched management reference and treatment
219229,2017,mineral_N_one_half,prepared,Complete matched management reference and treatment
219229,2017,tillage_reduced,prepared,Complete matched management reference and treatment
219229,2017,tillage_zero,prepared,Complete matched management reference and treatment
219229,2018,organic_substitution,prepared,Complete matched management reference and treatment
219229,2018,mineral_N_zero,prepared,Complete matched management reference and treatment
219229,2018,mineral_N_half,prepared,Complete matched management reference and treatment
219229,2018,mineral_N_one_half,prepared,Complete matched management reference and treatment
219229,2018,tillage_reduced,prepared,Complete matched management reference and treatment
219229,2018,tillage_zero,prepared,Complete matched management reference and treatment
219229,2019,organic_substitution,prepared,Complete matched management reference and treatment
219229,2019,mineral_N_zero,prepared,Complete matched management reference and treatment
219229,2019,mineral_N_half,prepared,Complete matched management reference and treatment
219229,2019,mineral_N_one_half,prepared,Complete matched management reference and treatment
219229,2019,tillage_reduced,prepared,Complete matched management reference and treatment
219229,2019,tillage_zero,prepared,Complete matched management reference and treatment
219229,2020,organic_substitution,prepared,Complete matched management reference and treatment
219229,2020,mineral_N_zero,prepared,Complete matched management reference and treatment
219229,2020,mineral_N_half,prepared,Complete matched management reference and treatment
219229,2020,mineral_N_one_half,prepared,Complete matched management reference and treatment
219229,2020,tillage_reduced,prepared,Complete matched management reference and treatment
219229,2020,tillage_zero,prepared,Complete matched management reference and treatment
219229,2021,organic_substitution,prepared,Complete matched management reference and treatment
219229,2021,mineral_N_zero,prepared,Complete matched management reference and treatment
219229,2021,mineral_N_half,prepared,Complete matched management reference and treatment
219229,2021,mineral_N_one_half,prepared,Complete matched management reference and treatment
219229,2021,tillage_reduced,prepared,Complete matched management reference and treatment
219229,2021,tillage_zero,prepared,Complete matched management reference and treatment
219229,2022,organic_substitution,prepared,Complete matched management reference and treatment
219229,2022,mineral_N_zero,prepared,Complete matched management reference and treatment
219229,2022,mineral_N_half,prepared,Complete matched management reference and treatment
219229,2022,mineral_N_one_half,prepared,Complete matched management reference and treatment
219229,2022,tillage_reduced,prepared,Complete matched management reference and treatment
219229,2022,tillage_zero,prepared,Complete matched management reference and treatment
219229,2023,organic_substitution,prepared,Complete matched management reference and treatment
219229,2023,mineral_N_zero,prepared,Complete matched management reference and treatment
219229,2023,mineral_N_half,prepared,Complete matched management reference and treatment
219229,2023,mineral_N_one_half,prepared,Complete matched management reference and treatment
219229,2023,tillage_reduced,prepared,Complete matched management reference and treatment
219229,2023,tillage_zero,prepared,Complete matched management reference and treatment
375119,2016,organic_substitution,prepared,Complete matched management reference and treatment
375119,2016,mineral_N_zero,prepared,Complete matched management reference and treatment
375119,2016,mineral_N_half,prepared,Complete matched management reference and treatment
375119,2016,mineral_N_one_half,prepared,Complete matched management reference and treatment
375119,2016,tillage_reduced,prepared,Complete matched management reference and treatment
375119,2016,tillage_zero,prepared,Complete matched management reference and treatment
375119,2017,organic_substitution,prepared,Complete matched management reference and treatment
375119,2017,mineral_N_zero,prepared,Complete matched management reference and treatment
375119,2017,mineral_N_half,prepared,Complete matched management reference and treatment
375119,2017,mineral_N_one_half,prepared,Complete matched management reference and treatment
375119,2017,tillage_reduced,prepared,Complete matched management reference and treatment
375119,2017,tillage_zero,prepared,Complete matched management reference and treatment
375119,2018,organic_substitution,prepared,Complete matched management reference and treatment
375119,2018,mineral_N_zero,prepared,Complete matched management reference and treatment
375119,2018,mineral_N_half,prepared,Complete matched management reference and treatment
375119,2018,mineral_N_one_half,prepared,Complete matched management reference and treatment
375119,2018,tillage_reduced,prepared,Complete matched management reference and treatment
375119,2018,tillage_zero,prepared,Complete matched management reference and treatment
375119,2019,organic_substitution,prepared,Complete matched management reference and treatment
375119,2019,mineral_N_zero,prepared,Complete matched management reference and treatment
375119,2019,mineral_N_half,prepared,Complete matched management reference and treatment
375119,2019,mineral_N_one_half,prepared,Complete matched management reference and treatment
375119,2019,tillage_reduced,prepared,Complete matched management reference and treatment
375119,2019,tillage_zero,prepared,Complete matched management reference and treatment
375119,2020,organic_substitution,prepared,Complete matched management reference and treatment
375119,2020,mineral_N_zero,prepared,Complete matched management reference and treatment
375119,2020,mineral_N_half,prepared,Complete matched management reference and treatment
375119,2020,mineral_N_one_half,prepared,Complete matched management reference and treatment
375119,2020,tillage_reduced,prepared,Complete matched management reference and treatment
375119,2020,tillage_zero,prepared,Complete matched management reference and treatment
375119,2021,organic_substitution,prepared,Complete matched management reference and treatment
375119,2021,mineral_N_zero,prepared,Complete matched management reference and treatment
375119,2021,mineral_N_half,prepared,Complete matched management reference and treatment
375119,2021,mineral_N_one_half,prepared,Complete matched management reference and treatment
375119,2021,tillage_reduced,prepared,Complete matched management reference and treatment
375119,2021,tillage_zero,prepared,Complete matched management reference and treatment
375119,2022,organic_substitution,prepared,Complete matched management reference and treatment
375119,2022,mineral_N_zero,prepared,Complete matched management reference and treatment
375119,2022,mineral_N_half,prepared,Complete matched management reference and treatment
375119,2022,mineral_N_one_half,prepared,Complete matched management reference and treatment
375119,2022,tillage_reduced,prepared,Complete matched management reference and treatment
375119,2022,tillage_zero,prepared,Complete matched management reference and treatment
375119,2023,organic_substitution,prepared,Complete matched management reference and treatment
375119,2023,mineral_N_zero,prepared,Complete matched management reference and treatment
375119,2023,mineral_N_half,prepared,Complete matched management reference and treatment
375119,2023,mineral_N_one_half,prepared,Complete matched management reference and treatment
375119,2023,tillage_reduced,prepared,Complete matched management reference and treatment
375119,2023,tillage_zero,prepared,Complete matched management reference and treatment
542872,2016,organic_substitution,prepared,Complete matched management reference and treatment
542872,2016,mineral_N_zero,prepared,Complete matched management reference and treatment
542872,2016,mineral_N_half,prepared,Complete matched management reference and treatment
542872,2016,mineral_N_one_half,prepared,Complete matched management reference and treatment
542872,2016,tillage_reduced,prepared,Complete matched management reference and treatment
542872,2016,tillage_zero,prepared,Complete matched management reference and treatment
542872,2017,organic_substitution,prepared,Complete matched management reference and treatment
542872,2017,mineral_N_zero,prepared,Complete matched management reference and treatment
542872,2017,mineral_N_half,prepared,Complete matched management reference and treatment
542872,2017,mineral_N_one_half,prepared,Complete matched management reference and treatment
542872,2017,tillage_reduced,prepared,Complete matched management reference and treatment
542872,2017,tillage_zero,prepared,Complete matched management reference and treatment
542872,2018,organic_substitution,prepared,Complete matched management reference and treatment
542872,2018,mineral_N_zero,prepared,Complete matched management reference and treatment
542872,2018,mineral_N_half,prepared,Complete matched management reference and treatment
542872,2018,mineral_N_one_half,prepared,Complete matched management reference and treatment
542872,2018,tillage_reduced,prepared,Complete matched management reference and treatment
542872,2018,tillage_zero,prepared,Complete matched management reference and treatment
542872,2019,organic_substitution,prepared,Complete matched management reference and treatment
542872,2019,mineral_N_zero,prepared,Complete matched management reference and treatment
542872,2019,mineral_N_half,prepared,Complete matched management reference and treatment
542872,2019,mineral_N_one_half,prepared,Complete matched management reference and treatment
542872,2019,tillage_reduced,prepared,Complete matched management reference and treatment
542872,2019,tillage_zero,prepared,Complete matched management reference and treatment
542872,2020,organic_substitution,prepared,Complete matched management reference and treatment
542872,2020,mineral_N_zero,prepared,Complete matched management reference and treatment
542872,2020,mineral_N_half,prepared,Complete matched management reference and treatment
542872,2020,mineral_N_one_half,prepared,Complete matched management reference and treatment
542872,2020,tillage_reduced,prepared,Complete matched management reference and treatment
542872,2020,tillage_zero,prepared,Complete matched management reference and treatment
542872,2021,organic_substitution,prepared,Complete matched management reference and treatment
542872,2021,mineral_N_zero,prepared,Complete matched management reference and treatment
542872,2021,mineral_N_half,prepared,Complete matched management reference and treatment
542872,2021,mineral_N_one_half,prepared,Complete matched management reference and treatment
542872,2021,tillage_reduced,prepared,Complete matched management reference and treatment
542872,2021,tillage_zero,prepared,Complete matched management reference and treatment
542872,2022,organic_substitution,prepared,Complete matched management reference and treatment
542872,2022,mineral_N_zero,prepared,Complete matched management reference and treatment
542872,2022,mineral_N_half,prepared,Complete matched management reference and treatment
542872,2022,mineral_N_one_half,prepared,Complete matched management reference and treatment
542872,2022,tillage_reduced,prepared,Complete matched management reference and treatment
542872,2022,tillage_zero,prepared,Complete matched management reference and treatment
542872,2023,organic_substitution,prepared,Complete matched management reference and treatment
542872,2023,mineral_N_zero,prepared,Complete matched management reference and treatment
542872,2023,mineral_N_half,prepared,Complete matched management reference and treatment
542872,2023,mineral_N_one_half,prepared,Complete matched management reference and treatment
542872,2023,tillage_reduced,prepared,Complete matched management reference and treatment
542872,2023,tillage_zero,prepared,Complete matched management reference and treatment
250488,2016,organic_substitution,prepared,Complete matched management reference and treatment
250488,2016,mineral_N_zero,prepared,Complete matched management reference and treatment
250488,2016,mineral_N_half,prepared,Complete matched management reference and treatment
250488,2016,mineral_N_one_half,prepared,Complete matched management reference and treatment
250488,2016,tillage_reduced,prepared,Complete matched management reference and treatment
250488,2016,tillage_zero,prepared,Complete matched management reference and treatment
250488,2017,organic_substitution,prepared,Complete matched management reference and treatment
250488,2017,mineral_N_zero,prepared,Complete matched management reference and treatment
250488,2017,mineral_N_half,prepared,Complete matched management reference and treatment
250488,2017,mineral_N_one_half,prepared,Complete matched management reference and treatment
250488,2017,tillage_reduced,prepared,Complete matched management reference and treatment
250488,2017,tillage_zero,prepared,Complete matched management reference and treatment
250488,2018,organic_substitution,prepared,Complete matched management reference and treatment
250488,2018,mineral_N_zero,prepared,Complete matched management reference and treatment
250488,2018,mineral_N_half,prepared,Complete matched management reference and treatment
250488,2018,mineral_N_one_half,prepared,Complete matched management reference and treatment
250488,2018,tillage_reduced,prepared,Complete matched management reference and treatment
250488,2018,tillage_zero,prepared,Complete matched management reference and treatment
250488,2019,organic_substitution,prepared,Complete matched management reference and treatment
250488,2019,mineral_N_zero,prepared,Complete matched management reference and treatment
250488,2019,mineral_N_half,prepared,Complete matched management reference and treatment
250488,2019,mineral_N_one_half,prepared,Complete matched management reference and treatment
250488,2019,tillage_reduced,prepared,Complete matched management reference and treatment
250488,2019,tillage_zero,prepared,Complete matched management reference and treatment
250488,2020,organic_substitution,prepared,Complete matched management reference and treatment
250488,2020,mineral_N_zero,prepared,Complete matched management reference and treatment
250488,2020,mineral_N_half,prepared,Complete matched management reference and treatment
250488,2020,mineral_N_one_half,prepared,Complete matched management reference and treatment
250488,2020,tillage_reduced,prepared,Complete matched management reference and treatment
250488,2020,tillage_zero,prepared,Complete matched management reference and treatment
250488,2021,organic_substitution,prepared,Complete matched management reference and treatment
250488,2021,mineral_N_zero,prepared,Complete matched management reference and treatment
250488,2021,mineral_N_half,prepared,Complete matched management reference and treatment
250488,2021,mineral_N_one_half,prepared,Complete matched management reference and treatment
250488,2021,tillage_reduced,prepared,Complete matched management reference and treatment
250488,2021,tillage_zero,prepared,Complete matched management reference and treatment
250488,2022,organic_substitution,prepared,Complete matched management reference and treatment
250488,2022,mineral_N_zero,prepared,Complete matched management reference and treatment
250488,2022,mineral_N_half,prepared,Complete matched management reference and treatment
250488,2022,mineral_N_one_half,prepared,Complete matched management reference and treatment
250488,2022,tillage_reduced,prepared,Complete matched management reference and treatment
250488,2022,tillage_zero,prepared,Complete matched management reference and treatment
250488,2023,organic_substitution,prepared,Complete matched management reference and treatment
250488,2023,mineral_N_zero,prepared,Complete matched management reference and treatment
250488,2023,mineral_N_half,prepared,Complete matched management reference and treatment
250488,2023,mineral_N_one_half,prepared,Complete matched management reference and treatment
250488,2023,tillage_reduced,prepared,Complete matched management reference and treatment
250488,2023,tillage_zero,prepared,Complete matched management reference and treatment
417431,2016,organic_substitution,prepared,Complete matched management reference and treatment
417431,2016,mineral_N_zero,prepared,Complete matched management reference and treatment
417431,2016,mineral_N_half,prepared,Complete matched management reference and treatment
417431,2016,mineral_N_one_half,prepared,Complete matched management reference and treatment
417431,2016,tillage_reduced,prepared,Complete matched management reference and treatment
417431,2016,tillage_zero,prepared,Complete matched management reference and treatment
417431,2017,organic_substitution,prepared,Complete matched management reference and treatment
417431,2017,mineral_N_zero,prepared,Complete matched management reference and treatment
417431,2017,mineral_N_half,prepared,Complete matched management reference and treatment
417431,2017,mineral_N_one_half,prepared,Complete matched management reference and treatment
417431,2017,tillage_reduced,prepared,Complete matched management reference and treatment
417431,2017,tillage_zero,prepared,Complete matched management reference and treatment
417431,2018,organic_substitution,prepared,Complete matched management reference and treatment
417431,2018,mineral_N_zero,prepared,Complete matched management reference and treatment
417431,2018,mineral_N_half,prepared,Complete matched management reference and treatment
417431,2018,mineral_N_one_half,prepared,Complete matched management reference and treatment
417431,2018,tillage_reduced,prepared,Complete matched management reference and treatment
417431,2018,tillage_zero,prepared,Complete matched management reference and treatment
417431,2019,organic_substitution,prepared,Complete matched management reference and treatment
417431,2019,mineral_N_zero,prepared,Complete matched management reference and treatment
417431,2019,mineral_N_half,prepared,Complete matched management reference and treatment
417431,2019,mineral_N_one_half,prepared,Complete matched management reference and treatment
417431,2019,tillage_reduced,prepared,Complete matched management reference and treatment
417431,2019,tillage_zero,prepared,Complete matched management reference and treatment
417431,2020,organic_substitution,prepared,Complete matched management reference and treatment
417431,2020,mineral_N_zero,prepared,Complete matched management reference and treatment
417431,2020,mineral_N_half,prepared,Complete matched management reference and treatment
417431,2020,mineral_N_one_half,prepared,Complete matched management reference and treatment
417431,2020,tillage_reduced,prepared,Complete matched management reference and treatment
417431,2020,tillage_zero,prepared,Complete matched management reference and treatment
417431,2021,organic_substitution,prepared,Complete matched management reference and treatment
417431,2021,mineral_N_zero,prepared,Complete matched management reference and treatment
417431,2021,mineral_N_half,prepared,Complete matched management reference and treatment
417431,2021,mineral_N_one_half,prepared,Complete matched management reference and treatment
417431,2021,tillage_reduced,prepared,Complete matched management reference and treatment
417431,2021,tillage_zero,prepared,Complete matched management reference and treatment
417431,2022,organic_substitution,prepared,Complete matched management reference and treatment
417431,2022,mineral_N_zero,prepared,Complete matched management reference and treatment
417431,2022,mineral_N_half,prepared,Complete matched management reference and treatment
417431,2022,mineral_N_one_half,prepared,Complete matched management reference and treatment
417431,2022,tillage_reduced,prepared,Complete matched management reference and treatment
417431,2022,tillage_zero,prepared,Complete matched management reference and treatment
417431,2023,organic_substitution,prepared,Complete matched management reference and treatment
417431,2023,mineral_N_zero,prepared,Complete matched management reference and treatment
417431,2023,mineral_N_half,prepared,Complete matched management reference and treatment
417431,2023,mineral_N_one_half,prepared,Complete matched management reference and treatment
417431,2023,tillage_reduced,prepared,Complete matched management reference and treatment
417431,2023,tillage_zero,prepared,Complete matched management reference and treatment
601779,2016,organic_substitution,prepared,Complete matched management reference and treatment
601779,2016,mineral_N_zero,prepared,Complete matched management reference and treatment
601779,2016,mineral_N_half,prepared,Complete matched management reference and treatment
601779,2016,mineral_N_one_half,prepared,Complete matched management reference and treatment
601779,2016,tillage_reduced,prepared,Complete matched management reference and treatment
601779,2016,tillage_zero,prepared,Complete matched management reference and treatment
601779,2017,organic_substitution,prepared,Complete matched management reference and treatment
601779,2017,mineral_N_zero,prepared,Complete matched management reference and treatment
601779,2017,mineral_N_half,prepared,Complete matched management reference and treatment
601779,2017,mineral_N_one_half,prepared,Complete matched management reference and treatment
601779,2017,tillage_reduced,prepared,Complete matched management reference and treatment
601779,2017,tillage_zero,prepared,Complete matched management reference and treatment
601779,2018,organic_substitution,prepared,Complete matched management reference and treatment
601779,2018,mineral_N_zero,prepared,Complete matched management reference and treatment
601779,2018,mineral_N_half,prepared,Complete matched management reference and treatment
601779,2018,mineral_N_one_half,prepared,Complete matched management reference and treatment
601779,2018,tillage_reduced,prepared,Complete matched management reference and treatment
601779,2018,tillage_zero,prepared,Complete matched management reference and treatment
601779,2019,organic_substitution,prepared,Complete matched management reference and treatment
601779,2019,mineral_N_zero,prepared,Complete matched management reference and treatment
601779,2019,mineral_N_half,prepared,Complete matched management reference and treatment
601779,2019,mineral_N_one_half,prepared,Complete matched management reference and treatment
601779,2019,tillage_reduced,prepared,Complete matched management reference and treatment
601779,2019,tillage_zero,prepared,Complete matched management reference and treatment
601779,2020,organic_substitution,prepared,Complete matched management reference and treatment
601779,2020,mineral_N_zero,prepared,Complete matched management reference and treatment
601779,2020,mineral_N_half,prepared,Complete matched management reference and treatment
601779,2020,mineral_N_one_half,prepared,Complete matched management reference and treatment
601779,2020,tillage_reduced,prepared,Complete matched management reference and treatment
601779,2020,tillage_zero,prepared,Complete matched management reference and treatment
601779,2021,organic_substitution,prepared,Complete matched management reference and treatment
601779,2021,mineral_N_zero,prepared,Complete matched management reference and treatment
601779,2021,mineral_N_half,prepared,Complete matched management reference and treatment
601779,2021,mineral_N_one_half,prepared,Complete matched management reference and treatment
601779,2021,tillage_reduced,prepared,Complete matched management reference and treatment
601779,2021,tillage_zero,prepared,Complete matched management reference and treatment
601779,2022,organic_substitution,prepared,Complete matched management reference and treatment
601779,2022,mineral_N_zero,prepared,Complete matched management reference and treatment
601779,2022,mineral_N_half,prepared,Complete matched management reference and treatment
601779,2022,mineral_N_one_half,prepared,Complete matched management reference and treatment
601779,2022,tillage_reduced,prepared,Complete matched management reference and treatment
601779,2022,tillage_zero,prepared,Complete matched management reference and treatment
601779,2023,organic_substitution,prepared,Complete matched management reference and treatment
601779,2023,mineral_N_zero,prepared,Complete matched management reference and treatment
601779,2023,mineral_N_half,prepared,Complete matched management reference and treatment
601779,2023,mineral_N_one_half,prepared,Complete matched management reference and treatment
601779,2023,tillage_reduced,prepared,Complete matched management reference and treatment
601779,2023,tillage_zero,prepared,Complete matched management reference and treatment
237955,2016,organic_substitution,prepared,Complete matched management reference and treatment
237955,2016,mineral_N_zero,prepared,Complete matched management reference and treatment
237955,2016,mineral_N_half,prepared,Complete matched management reference and treatment
237955,2016,mineral_N_one_half,prepared,Complete matched management reference and treatment
237955,2016,tillage_reduced,prepared,Complete matched management reference and treatment
237955,2016,tillage_zero,prepared,Complete matched management reference and treatment
237955,2017,organic_substitution,prepared,Complete matched management reference and treatment
237955,2017,mineral_N_zero,prepared,Complete matched management reference and treatment
237955,2017,mineral_N_half,prepared,Complete matched management reference and treatment
237955,2017,mineral_N_one_half,prepared,Complete matched management reference and treatment
237955,2017,tillage_reduced,prepared,Complete matched management reference and treatment
237955,2017,tillage_zero,prepared,Complete matched management reference and treatment
237955,2018,organic_substitution,prepared,Complete matched management reference and treatment
237955,2018,mineral_N_zero,prepared,Complete matched management reference and treatment
237955,2018,mineral_N_half,prepared,Complete matched management reference and treatment
237955,2018,mineral_N_one_half,prepared,Complete matched management reference and treatment
237955,2018,tillage_reduced,prepared,Complete matched management reference and treatment
237955,2018,tillage_zero,prepared,Complete matched management reference and treatment
237955,2019,organic_substitution,prepared,Complete matched management reference and treatment
237955,2019,mineral_N_zero,prepared,Complete matched management reference and treatment
237955,2019,mineral_N_half,prepared,Complete matched management reference and treatment
237955,2019,mineral_N_one_half,prepared,Complete matched management reference and treatment
237955,2019,tillage_reduced,prepared,Complete matched management reference and treatment
237955,2019,tillage_zero,prepared,Complete matched management reference and treatment
237955,2020,organic_substitution,prepared,Complete matched management reference and treatment
237955,2020,mineral_N_zero,prepared,Complete matched management reference and treatment
237955,2020,mineral_N_half,prepared,Complete matched management reference and treatment
237955,2020,mineral_N_one_half,prepared,Complete matched management reference and treatment
237955,2020,tillage_reduced,prepared,Complete matched management reference and treatment
237955,2020,tillage_zero,prepared,Complete matched management reference and treatment
237955,2021,organic_substitution,prepared,Complete matched management reference and treatment
237955,2021,mineral_N_zero,prepared,Complete matched management reference and treatment
237955,2021,mineral_N_half,prepared,Complete matched management reference and treatment
237955,2021,mineral_N_one_half,prepared,Complete matched management reference and treatment
237955,2021,tillage_reduced,prepared,Complete matched management reference and treatment
237955,2021,tillage_zero,prepared,Complete matched management reference and treatment
237955,2022,organic_substitution,prepared,Complete matched management reference and treatment
237955,2022,mineral_N_zero,prepared,Complete matched management reference and treatment
237955,2022,mineral_N_half,prepared,Complete matched management reference and treatment
237955,2022,mineral_N_one_half,prepared,Complete matched management reference and treatment
237955,2022,tillage_reduced,prepared,Complete matched management reference and treatment
237955,2022,tillage_zero,prepared,Complete matched management reference and treatment
237955,2023,organic_substitution,prepared,Complete matched management reference and treatment
237955,2023,mineral_N_zero,prepared,Complete matched management reference and treatment
237955,2023,mineral_N_half,prepared,Complete matched management reference and treatment
237955,2023,mineral_N_one_half,prepared,Complete matched management reference and treatment
237955,2023,tillage_reduced,prepared,Complete matched management reference and treatment
237955,2023,tillage_zero,prepared,Complete matched management reference and treatment
424527,2016,organic_substitution,prepared,Complete matched management reference and treatment
424527,2016,mineral_N_zero,prepared,Complete matched management reference and treatment
424527,2016,mineral_N_half,prepared,Complete matched management reference and treatment
424527,2016,mineral_N_one_half,prepared,Complete matched management reference and treatment
424527,2016,tillage_reduced,prepared,Complete matched management reference and treatment
424527,2016,tillage_zero,prepared,Complete matched management reference and treatment
424527,2017,organic_substitution,prepared,Complete matched management reference and treatment
424527,2017,mineral_N_zero,prepared,Complete matched management reference and treatment
424527,2017,mineral_N_half,prepared,Complete matched management reference and treatment
424527,2017,mineral_N_one_half,prepared,Complete matched management reference and treatment
424527,2017,tillage_reduced,prepared,Complete matched management reference and treatment
424527,2017,tillage_zero,prepared,Complete matched management reference and treatment
424527,2018,organic_substitution,prepared,Complete matched management reference and treatment
424527,2018,mineral_N_zero,prepared,Complete matched management reference and treatment
424527,2018,mineral_N_half,prepared,Complete matched management reference and treatment
424527,2018,mineral_N_one_half,prepared,Complete matched management reference and treatment
424527,2018,tillage_reduced,prepared,Complete matched management reference and treatment
424527,2018,tillage_zero,prepared,Complete matched management reference and treatment
424527,2019,organic_substitution,prepared,Complete matched management reference and treatment
424527,2019,mineral_N_zero,prepared,Complete matched management reference and treatment
424527,2019,mineral_N_half,prepared,Complete matched management reference and treatment
424527,2019,mineral_N_one_half,prepared,Complete matched management reference and treatment
424527,2019,tillage_reduced,prepared,Complete matched management reference and treatment
424527,2019,tillage_zero,prepared,Complete matched management reference and treatment
424527,2020,organic_substitution,prepared,Complete matched management reference and treatment
424527,2020,mineral_N_zero,prepared,Complete matched management reference and treatment
424527,2020,mineral_N_half,prepared,Complete matched management reference and treatment
424527,2020,mineral_N_one_half,prepared,Complete matched management reference and treatment
424527,2020,tillage_reduced,prepared,Complete matched management reference and treatment
424527,2020,tillage_zero,prepared,Complete matched management reference and treatment
424527,2021,organic_substitution,prepared,Complete matched management reference and treatment
424527,2021,mineral_N_zero,prepared,Complete matched management reference and treatment
424527,2021,mineral_N_half,prepared,Complete matched management reference and treatment
424527,2021,mineral_N_one_half,prepared,Complete matched management reference and treatment
424527,2021,tillage_reduced,prepared,Complete matched management reference and treatment
424527,2021,tillage_zero,prepared,Complete matched management reference and treatment
424527,2022,organic_substitution,prepared,Complete matched management reference and treatment
424527,2022,mineral_N_zero,prepared,Complete matched management reference and treatment
424527,2022,mineral_N_half,prepared,Complete matched management reference and treatment
424527,2022,mineral_N_one_half,prepared,Complete matched management reference and treatment
424527,2022,tillage_reduced,prepared,Complete matched management reference and treatment
424527,2022,tillage_zero,prepared,Complete matched management reference and treatment
424527,2023,organic_substitution,prepared,Complete matched management reference and treatment
424527,2023,mineral_N_zero,prepared,Complete matched management reference and treatment
424527,2023,mineral_N_half,prepared,Complete matched management reference and treatment
424527,2023,mineral_N_one_half,prepared,Complete matched management reference and treatment
424527,2023,tillage_reduced,prepared,Complete matched management reference and treatment
424527,2023,tillage_zero,prepared,Complete matched management reference and treatment
354196,2016,organic_substitution,prepared,Complete matched management reference and treatment
354196,2016,mineral_N_zero,prepared,Complete matched management reference and treatment
354196,2016,mineral_N_half,prepared,Complete matched management reference and treatment
354196,2016,mineral_N_one_half,prepared,Complete matched management reference and treatment
354196,2016,tillage_reduced,prepared,Complete matched management reference and treatment
354196,2016,tillage_zero,prepared,Complete matched management reference and treatment
354196,2017,organic_substitution,prepared,Complete matched management reference and treatment
354196,2017,mineral_N_zero,prepared,Complete matched management reference and treatment
354196,2017,mineral_N_half,prepared,Complete matched management reference and treatment
354196,2017,mineral_N_one_half,prepared,Complete matched management reference and treatment
354196,2017,tillage_reduced,prepared,Complete matched management reference and treatment
354196,2017,tillage_zero,prepared,Complete matched management reference and treatment
354196,2018,organic_substitution,prepared,Complete matched management reference and treatment
354196,2018,mineral_N_zero,prepared,Complete matched management reference and treatment
354196,2018,mineral_N_half,prepared,Complete matched management reference and treatment
354196,2018,mineral_N_one_half,prepared,Complete matched management reference and treatment
354196,2018,tillage_reduced,prepared,Complete matched management reference and treatment
354196,2018,tillage_zero,prepared,Complete matched management reference and treatment
354196,2019,organic_substitution,prepared,Complete matched management reference and treatment
354196,2019,mineral_N_zero,prepared,Complete matched management reference and treatment
354196,2019,mineral_N_half,prepared,Complete matched management reference and treatment
354196,2019,mineral_N_one_half,prepared,Complete matched management reference and treatment
354196,2019,tillage_reduced,prepared,Complete matched management reference and treatment
354196,2019,tillage_zero,prepared,Complete matched management reference and treatment
354196,2020,organic_substitution,prepared,Complete matched management reference and treatment
354196,2020,mineral_N_zero,prepared,Complete matched management reference and treatment
354196,2020,mineral_N_half,prepared,Complete matched management reference and treatment
354196,2020,mineral_N_one_half,prepared,Complete matched management reference and treatment
354196,2020,tillage_reduced,prepared,Complete matched management reference and treatment
354196,2020,tillage_zero,prepared,Complete matched management reference and treatment
354196,2021,organic_substitution,prepared,Complete matched management reference and treatment
354196,2021,mineral_N_zero,prepared,Complete matched management reference and treatment
354196,2021,mineral_N_half,prepared,Complete matched management reference and treatment
354196,2021,mineral_N_one_half,prepared,Complete matched management reference and treatment
354196,2021,tillage_reduced,prepared,Complete matched management reference and treatment
354196,2021,tillage_zero,prepared,Complete matched management reference and treatment
354196,2022,organic_substitution,prepared,Complete matched management reference and treatment
354196,2022,mineral_N_zero,prepared,Complete matched management reference and treatment
354196,2022,mineral_N_half,prepared,Complete matched management reference and treatment
354196,2022,mineral_N_one_half,prepared,Complete matched management reference and treatment
354196,2022,tillage_reduced,prepared,Complete matched management reference and treatment
354196,2022,tillage_zero,prepared,Complete matched management reference and treatment
354196,2023,organic_substitution,prepared,Complete matched management reference and treatment
354196,2023,mineral_N_zero,prepared,Complete matched management reference and treatment
354196,2023,mineral_N_half,prepared,Complete matched management reference and treatment
354196,2023,mineral_N_one_half,prepared,Complete matched management reference and treatment
354196,2023,tillage_reduced,prepared,Complete matched management reference and treatment
354196,2023,tillage_zero,prepared,Complete matched management reference and treatment
327540,2016,organic_substitution,prepared,Complete matched management reference and treatment
327540,2016,mineral_N_zero,prepared,Complete matched management reference and treatment
327540,2016,mineral_N_half,prepared,Complete matched management reference and treatment
327540,2016,mineral_N_one_half,prepared,Complete matched management reference and treatment
327540,2016,tillage_reduced,prepared,Complete matched management reference and treatment
327540,2016,tillage_zero,prepared,Complete matched management reference and treatment
327540,2017,organic_substitution,prepared,Complete matched management reference and treatment
327540,2017,mineral_N_zero,prepared,Complete matched management reference and treatment
327540,2017,mineral_N_half,prepared,Complete matched management reference and treatment
327540,2017,mineral_N_one_half,prepared,Complete matched management reference and treatment
327540,2017,tillage_reduced,prepared,Complete matched management reference and treatment
327540,2017,tillage_zero,prepared,Complete matched management reference and treatment
327540,2018,organic_substitution,prepared,Complete matched management reference and treatment
327540,2018,mineral_N_zero,prepared,Complete matched management reference and treatment
327540,2018,mineral_N_half,prepared,Complete matched management reference and treatment
327540,2018,mineral_N_one_half,prepared,Complete matched management reference and treatment
327540,2018,tillage_reduced,prepared,Complete matched management reference and treatment
327540,2018,tillage_zero,prepared,Complete matched management reference and treatment
327540,2019,organic_substitution,prepared,Complete matched management reference and treatment
327540,2019,mineral_N_zero,prepared,Complete matched management reference and treatment
327540,2019,mineral_N_half,prepared,Complete matched management reference and treatment
327540,2019,mineral_N_one_half,prepared,Complete matched management reference and treatment
327540,2019,tillage_reduced,prepared,Complete matched management reference and treatment
327540,2019,tillage_zero,prepared,Complete matched management reference and treatment
327540,2020,organic_substitution,prepared,Complete matched management reference and treatment
327540,2020,mineral_N_zero,prepared,Complete matched management reference and treatment
327540,2020,mineral_N_half,prepared,Complete matched management reference and treatment
327540,2020,mineral_N_one_half,prepared,Complete matched management reference and treatment
327540,2020,tillage_reduced,prepared,Complete matched management reference and treatment
327540,2020,tillage_zero,prepared,Complete matched management reference and treatment
327540,2021,organic_substitution,prepared,Complete matched management reference and treatment
327540,2021,mineral_N_zero,prepared,Complete matched management reference and treatment
327540,2021,mineral_N_half,prepared,Complete matched management reference and treatment
327540,2021,mineral_N_one_half,prepared,Complete matched management reference and treatment
327540,2021,tillage_reduced,prepared,Complete matched management reference and treatment
327540,2021,tillage_zero,prepared,Complete matched management reference and treatment
327540,2022,organic_substitution,prepared,Complete matched management reference and treatment
327540,2022,mineral_N_zero,prepared,Complete matched management reference and treatment
327540,2022,mineral_N_half,prepared,Complete matched management reference and treatment
327540,2022,mineral_N_one_half,prepared,Complete matched management reference and treatment
327540,2022,tillage_reduced,prepared,Complete matched management reference and treatment
327540,2022,tillage_zero,prepared,Complete matched management reference and treatment
327540,2023,organic_substitution,prepared,Complete matched management reference and treatment
327540,2023,mineral_N_zero,prepared,Complete matched management reference and treatment
327540,2023,mineral_N_half,prepared,Complete matched management reference and treatment
327540,2023,mineral_N_one_half,prepared,Complete matched management reference and treatment
327540,2023,tillage_reduced,prepared,Complete matched management reference and treatment
327540,2023,tillage_zero,prepared,Complete matched management reference and treatment
54800,2016,organic_substitution,prepared,Complete matched management reference and treatment
54800,2016,mineral_N_zero,prepared,Complete matched management reference and treatment
54800,2016,mineral_N_half,prepared,Complete matched management reference and treatment
54800,2016,mineral_N_one_half,prepared,Complete matched management reference and treatment
54800,2016,tillage_reduced,prepared,Complete matched management reference and treatment
54800,2016,tillage_zero,prepared,Complete matched management reference and treatment
54800,2017,organic_substitution,prepared,Complete matched management reference and treatment
54800,2017,mineral_N_zero,prepared,Complete matched management reference and treatment
54800,2017,mineral_N_half,prepared,Complete matched management reference and treatment
54800,2017,mineral_N_one_half,prepared,Complete matched management reference and treatment
54800,2017,tillage_reduced,prepared,Complete matched management reference and treatment
54800,2017,tillage_zero,prepared,Complete matched management reference and treatment
54800,2018,organic_substitution,prepared,Complete matched management reference and treatment
54800,2018,mineral_N_zero,prepared,Complete matched management reference and treatment
54800,2018,mineral_N_half,prepared,Complete matched management reference and treatment
54800,2018,mineral_N_one_half,prepared,Complete matched management reference and treatment
54800,2018,tillage_reduced,prepared,Complete matched management reference and treatment
54800,2018,tillage_zero,prepared,Complete matched management reference and treatment
54800,2019,organic_substitution,prepared,Complete matched management reference and treatment
54800,2019,mineral_N_zero,prepared,Complete matched management reference and treatment
54800,2019,mineral_N_half,prepared,Complete matched management reference and treatment
54800,2019,mineral_N_one_half,prepared,Complete matched management reference and treatment
54800,2019,tillage_reduced,prepared,Complete matched management reference and treatment
54800,2019,tillage_zero,prepared,Complete matched management reference and treatment
54800,2020,organic_substitution,prepared,Complete matched management reference and treatment
54800,2020,mineral_N_zero,prepared,Complete matched management reference and treatment
54800,2020,mineral_N_half,prepared,Complete matched management reference and treatment
54800,2020,mineral_N_one_half,prepared,Complete matched management reference and treatment
54800,2020,tillage_reduced,prepared,Complete matched management reference and treatment
54800,2020,tillage_zero,prepared,Complete matched management reference and treatment
54800,2021,organic_substitution,prepared,Complete matched management reference and treatment
54800,2021,mineral_N_zero,prepared,Complete matched management reference and treatment
54800,2021,mineral_N_half,prepared,Complete matched management reference and treatment
54800,2021,mineral_N_one_half,prepared,Complete matched management reference and treatment
54800,2021,tillage_reduced,prepared,Complete matched management reference and treatment
54800,2021,tillage_zero,prepared,Complete matched management reference and treatment
54800,2022,organic_substitution,prepared,Complete matched management reference and treatment
54800,2022,mineral_N_zero,prepared,Complete matched management reference and treatment
54800,2022,mineral_N_half,prepared,Complete matched management reference and treatment
54800,2022,mineral_N_one_half,prepared,Complete matched management reference and treatment
54800,2022,tillage_reduced,prepared,Complete matched management reference and treatment
54800,2022,tillage_zero,prepared,Complete matched management reference and treatment
54800,2023,organic_substitution,prepared,Complete matched management reference and treatment
54800,2023,mineral_N_zero,prepared,Complete matched management reference and treatment
54800,2023,mineral_N_half,prepared,Complete matched management reference and treatment
54800,2023,mineral_N_one_half,prepared,Complete matched management reference and treatment
54800,2023,tillage_reduced,prepared,Complete matched management reference and treatment
54800,2023,tillage_zero,prepared,Complete matched management reference and treatment
24366,2016,organic_substitution,prepared,Complete matched management reference and treatment
24366,2016,mineral_N_zero,prepared,Complete matched management reference and treatment
24366,2016,mineral_N_half,prepared,Complete matched management reference and treatment
24366,2016,mineral_N_one_half,prepared,Complete matched management reference and treatment
24366,2016,tillage_reduced,prepared,Complete matched management reference and treatment
24366,2016,tillage_zero,prepared,Complete matched management reference and treatment
24366,2017,organic_substitution,prepared,Complete matched management reference and treatment
24366,2017,mineral_N_zero,prepared,Complete matched management reference and treatment
24366,2017,mineral_N_half,prepared,Complete matched management reference and treatment
24366,2017,mineral_N_one_half,prepared,Complete matched management reference and treatment
24366,2017,tillage_reduced,prepared,Complete matched management reference and treatment
24366,2017,tillage_zero,prepared,Complete matched management reference and treatment
24366,2018,organic_substitution,prepared,Complete matched management reference and treatment
24366,2018,mineral_N_zero,prepared,Complete matched management reference and treatment
24366,2018,mineral_N_half,prepared,Complete matched management reference and treatment
24366,2018,mineral_N_one_half,prepared,Complete matched management reference and treatment
24366,2018,tillage_reduced,prepared,Complete matched management reference and treatment
24366,2018,tillage_zero,prepared,Complete matched management reference and treatment
24366,2019,organic_substitution,prepared,Complete matched management reference and treatment
24366,2019,mineral_N_zero,prepared,Complete matched management reference and treatment
24366,2019,mineral_N_half,prepared,Complete matched management reference and treatment
24366,2019,mineral_N_one_half,prepared,Complete matched management reference and treatment
24366,2019,tillage_reduced,prepared,Complete matched management reference and treatment
24366,2019,tillage_zero,prepared,Complete matched management reference and treatment
24366,2020,organic_substitution,prepared,Complete matched management reference and treatment
24366,2020,mineral_N_zero,prepared,Complete matched management reference and treatment
24366,2020,mineral_N_half,prepared,Complete matched management reference and treatment
24366,2020,mineral_N_one_half,prepared,Complete matched management reference and treatment
24366,2020,tillage_reduced,prepared,Complete matched management reference and treatment
24366,2020,tillage_zero,prepared,Complete matched management reference and treatment
24366,2021,organic_substitution,prepared,Complete matched management reference and treatment
24366,2021,mineral_N_zero,prepared,Complete matched management reference and treatment
24366,2021,mineral_N_half,prepared,Complete matched management reference and treatment
24366,2021,mineral_N_one_half,prepared,Complete matched management reference and treatment
24366,2021,tillage_reduced,prepared,Complete matched management reference and treatment
24366,2021,tillage_zero,prepared,Complete matched management reference and treatment
24366,2022,organic_substitution,prepared,Complete matched management reference and treatment
24366,2022,mineral_N_zero,prepared,Complete matched management reference and treatment
24366,2022,mineral_N_half,prepared,Complete matched management reference and treatment
24366,2022,mineral_N_one_half,prepared,Complete matched management reference and treatment
24366,2022,tillage_reduced,prepared,Complete matched management reference and treatment
24366,2022,tillage_zero,prepared,Complete matched management reference and treatment
24366,2023,organic_substitution,prepared,Complete matched management reference and treatment
24366,2023,mineral_N_zero,prepared,Complete matched management reference and treatment
24366,2023,mineral_N_half,prepared,Complete matched management reference and treatment
24366,2023,mineral_N_one_half,prepared,Complete matched management reference and treatment
24366,2023,tillage_reduced,prepared,Complete matched management reference and treatment
24366,2023,tillage_zero,prepared,Complete matched management reference and treatment
276098,2016,organic_substitution,prepared,Complete matched management reference and treatment
276098,2016,mineral_N_zero,prepared,Complete matched management reference and treatment
276098,2016,mineral_N_half,prepared,Complete matched management reference and treatment
276098,2016,mineral_N_one_half,prepared,Complete matched management reference and treatment
276098,2016,tillage_reduced,prepared,Complete matched management reference and treatment
276098,2016,tillage_zero,prepared,Complete matched management reference and treatment
276098,2017,organic_substitution,prepared,Complete matched management reference and treatment
276098,2017,mineral_N_zero,prepared,Complete matched management reference and treatment
276098,2017,mineral_N_half,prepared,Complete matched management reference and treatment
276098,2017,mineral_N_one_half,prepared,Complete matched management reference and treatment
276098,2017,tillage_reduced,prepared,Complete matched management reference and treatment
276098,2017,tillage_zero,prepared,Complete matched management reference and treatment
276098,2018,organic_substitution,prepared,Complete matched management reference and treatment
276098,2018,mineral_N_zero,prepared,Complete matched management reference and treatment
276098,2018,mineral_N_half,prepared,Complete matched management reference and treatment
276098,2018,mineral_N_one_half,prepared,Complete matched management reference and treatment
276098,2018,tillage_reduced,prepared,Complete matched management reference and treatment
276098,2018,tillage_zero,prepared,Complete matched management reference and treatment
276098,2019,organic_substitution,prepared,Complete matched management reference and treatment
276098,2019,mineral_N_zero,prepared,Complete matched management reference and treatment
276098,2019,mineral_N_half,prepared,Complete matched management reference and treatment
276098,2019,mineral_N_one_half,prepared,Complete matched management reference and treatment
276098,2019,tillage_reduced,prepared,Complete matched management reference and treatment
276098,2019,tillage_zero,prepared,Complete matched management reference and treatment
276098,2020,organic_substitution,prepared,Complete matched management reference and treatment
276098,2020,mineral_N_zero,prepared,Complete matched management reference and treatment
276098,2020,mineral_N_half,prepared,Complete matched management reference and treatment
276098,2020,mineral_N_one_half,prepared,Complete matched management reference and treatment
276098,2020,tillage_reduced,prepared,Complete matched management reference and treatment
276098,2020,tillage_zero,prepared,Complete matched management reference and treatment
276098,2021,organic_substitution,prepared,Complete matched management reference and treatment
276098,2021,mineral_N_zero,prepared,Complete matched management reference and treatment
276098,2021,mineral_N_half,prepared,Complete matched management reference and treatment
276098,2021,mineral_N_one_half,prepared,Complete matched management reference and treatment
276098,2021,tillage_reduced,prepared,Complete matched management reference and treatment
276098,2021,tillage_zero,prepared,Complete matched management reference and treatment
276098,2022,organic_substitution,prepared,Complete matched management reference and treatment
276098,2022,mineral_N_zero,prepared,Complete matched management reference and treatment
276098,2022,mineral_N_half,prepared,Complete matched management reference and treatment
276098,2022,mineral_N_one_half,prepared,Complete matched management reference and treatment
276098,2022,tillage_reduced,prepared,Complete matched management reference and treatment
276098,2022,tillage_zero,prepared,Complete matched management reference and treatment
276098,2023,organic_substitution,prepared,Complete matched management reference and treatment
276098,2023,mineral_N_zero,prepared,Complete matched management reference and treatment
276098,2023,mineral_N_half,prepared,Complete matched management reference and treatment
276098,2023,mineral_N_one_half,prepared,Complete matched management reference and treatment
276098,2023,tillage_reduced,prepared,Complete matched management reference and treatment
276098,2023,tillage_zero,prepared,Complete matched management reference and treatment
420047,2016,organic_substitution,prepared,Complete matched management reference and treatment
420047,2016,mineral_N_zero,prepared,Complete matched management reference and treatment
420047,2016,mineral_N_half,prepared,Complete matched management reference and treatment
420047,2016,mineral_N_one_half,prepared,Complete matched management reference and treatment
420047,2016,tillage_reduced,prepared,Complete matched management reference and treatment
420047,2016,tillage_zero,prepared,Complete matched management reference and treatment
420047,2017,organic_substitution,prepared,Complete matched management reference and treatment
420047,2017,mineral_N_zero,prepared,Complete matched management reference and treatment
420047,2017,mineral_N_half,prepared,Complete matched management reference and treatment
420047,2017,mineral_N_one_half,prepared,Complete matched management reference and treatment
420047,2017,tillage_reduced,prepared,Complete matched management reference and treatment
420047,2017,tillage_zero,prepared,Complete matched management reference and treatment
420047,2018,organic_substitution,prepared,Complete matched management reference and treatment
420047,2018,mineral_N_zero,prepared,Complete matched management reference and treatment
420047,2018,mineral_N_half,prepared,Complete matched management reference and treatment
420047,2018,mineral_N_one_half,prepared,Complete matched management reference and treatment
420047,2018,tillage_reduced,prepared,Complete matched management reference and treatment
420047,2018,tillage_zero,prepared,Complete matched management reference and treatment
420047,2019,organic_substitution,prepared,Complete matched management reference and treatment
420047,2019,mineral_N_zero,prepared,Complete matched management reference and treatment
420047,2019,mineral_N_half,prepared,Complete matched management reference and treatment
420047,2019,mineral_N_one_half,prepared,Complete matched management reference and treatment
420047,2019,tillage_reduced,prepared,Complete matched management reference and treatment
420047,2019,tillage_zero,prepared,Complete matched management reference and treatment
420047,2020,organic_substitution,prepared,Complete matched management reference and treatment
420047,2020,mineral_N_zero,prepared,Complete matched management reference and treatment
420047,2020,mineral_N_half,prepared,Complete matched management reference and treatment
420047,2020,mineral_N_one_half,prepared,Complete matched management reference and treatment
420047,2020,tillage_reduced,prepared,Complete matched management reference and treatment
420047,2020,tillage_zero,prepared,Complete matched management reference and treatment
420047,2021,organic_substitution,prepared,Complete matched management reference and treatment
420047,2021,mineral_N_zero,prepared,Complete matched management reference and treatment
420047,2021,mineral_N_half,prepared,Complete matched management reference and treatment
420047,2021,mineral_N_one_half,prepared,Complete matched management reference and treatment
420047,2021,tillage_reduced,prepared,Complete matched management reference and treatment
420047,2021,tillage_zero,prepared,Complete matched management reference and treatment
420047,2022,organic_substitution,prepared,Complete matched management reference and treatment
420047,2022,mineral_N_zero,prepared,Complete matched management reference and treatment
420047,2022,mineral_N_half,prepared,Complete matched management reference and treatment
420047,2022,mineral_N_one_half,prepared,Complete matched management reference and treatment
420047,2022,tillage_reduced,prepared,Complete matched management reference and treatment
420047,2022,tillage_zero,prepared,Complete matched management reference and treatment
420047,2023,organic_substitution,prepared,Complete matched management reference and treatment
420047,2023,mineral_N_zero,prepared,Complete matched management reference and treatment
420047,2023,mineral_N_half,prepared,Complete matched management reference and treatment
420047,2023,mineral_N_one_half,prepared,Complete matched management reference and treatment
420047,2023,tillage_reduced,prepared,Complete matched management reference and treatment
420047,2023,tillage_zero,prepared,Complete matched management reference and treatment
257423,2016,organic_substitution,prepared,Complete matched management reference and treatment
257423,2016,mineral_N_zero,prepared,Complete matched management reference and treatment
257423,2016,mineral_N_half,prepared,Complete matched management reference and treatment
257423,2016,mineral_N_one_half,prepared,Complete matched management reference and treatment
257423,2016,tillage_reduced,prepared,Complete matched management reference and treatment
257423,2016,tillage_zero,prepared,Complete matched management reference and treatment
257423,2017,organic_substitution,prepared,Complete matched management reference and treatment
257423,2017,mineral_N_zero,prepared,Complete matched management reference and treatment
257423,2017,mineral_N_half,prepared,Complete matched management reference and treatment
257423,2017,mineral_N_one_half,prepared,Complete matched management reference and treatment
257423,2017,tillage_reduced,prepared,Complete matched management reference and treatment
257423,2017,tillage_zero,prepared,Complete matched management reference and treatment
257423,2018,organic_substitution,prepared,Complete matched management reference and treatment
257423,2018,mineral_N_zero,prepared,Complete matched management reference and treatment
257423,2018,mineral_N_half,prepared,Complete matched management reference and treatment
257423,2018,mineral_N_one_half,prepared,Complete matched management reference and treatment
257423,2018,tillage_reduced,prepared,Complete matched management reference and treatment
257423,2018,tillage_zero,prepared,Complete matched management reference and treatment
257423,2019,organic_substitution,prepared,Complete matched management reference and treatment
257423,2019,mineral_N_zero,prepared,Complete matched management reference and treatment
257423,2019,mineral_N_half,prepared,Complete matched management reference and treatment
257423,2019,mineral_N_one_half,prepared,Complete matched management reference and treatment
257423,2019,tillage_reduced,prepared,Complete matched management reference and treatment
257423,2019,tillage_zero,prepared,Complete matched management reference and treatment
257423,2020,organic_substitution,prepared,Complete matched management reference and treatment
257423,2020,mineral_N_zero,prepared,Complete matched management reference and treatment
257423,2020,mineral_N_half,prepared,Complete matched management reference and treatment
257423,2020,mineral_N_one_half,prepared,Complete matched management reference and treatment
257423,2020,tillage_reduced,prepared,Complete matched management reference and treatment
257423,2020,tillage_zero,prepared,Complete matched management reference and treatment
257423,2021,organic_substitution,prepared,Complete matched management reference and treatment
257423,2021,mineral_N_zero,prepared,Complete matched management reference and treatment
257423,2021,mineral_N_half,prepared,Complete matched management reference and treatment
257423,2021,mineral_N_one_half,prepared,Complete matched management reference and treatment
257423,2021,tillage_reduced,prepared,Complete matched management reference and treatment
257423,2021,tillage_zero,prepared,Complete matched management reference and treatment
257423,2022,organic_substitution,prepared,Complete matched management reference and treatment
257423,2022,mineral_N_zero,prepared,Complete matched management reference and treatment
257423,2022,mineral_N_half,prepared,Complete matched management reference and treatment
257423,2022,mineral_N_one_half,prepared,Complete matched management reference and treatment
257423,2022,tillage_reduced,prepared,Complete matched management reference and treatment
257423,2022,tillage_zero,prepared,Complete matched management reference and treatment
257423,2023,organic_substitution,prepared,Complete matched management reference and treatment
257423,2023,mineral_N_zero,prepared,Complete matched management reference and treatment
257423,2023,mineral_N_half,prepared,Complete matched management reference and treatment
257423,2023,mineral_N_one_half,prepared,Complete matched management reference and treatment
257423,2023,tillage_reduced,prepared,Complete matched management reference and treatment
257423,2023,tillage_zero,prepared,Complete matched management reference and treatment
338040,2016,organic_substitution,prepared,Complete matched management reference and treatment
338040,2016,mineral_N_zero,prepared,Complete matched management reference and treatment
338040,2016,mineral_N_half,prepared,Complete matched management reference and treatment
338040,2016,mineral_N_one_half,prepared,Complete matched management reference and treatment
338040,2016,tillage_reduced,prepared,Complete matched management reference and treatment
338040,2016,tillage_zero,prepared,Complete matched management reference and treatment
338040,2017,organic_substitution,prepared,Complete matched management reference and treatment
338040,2017,mineral_N_zero,prepared,Complete matched management reference and treatment
338040,2017,mineral_N_half,prepared,Complete matched management reference and treatment
338040,2017,mineral_N_one_half,prepared,Complete matched management reference and treatment
338040,2017,tillage_reduced,prepared,Complete matched management reference and treatment
338040,2017,tillage_zero,prepared,Complete matched management reference and treatment
338040,2018,organic_substitution,prepared,Complete matched management reference and treatment
338040,2018,mineral_N_zero,prepared,Complete matched management reference and treatment
338040,2018,mineral_N_half,prepared,Complete matched management reference and treatment
338040,2018,mineral_N_one_half,prepared,Complete matched management reference and treatment
338040,2018,tillage_reduced,prepared,Complete matched management reference and treatment
338040,2018,tillage_zero,prepared,Complete matched management reference and treatment
338040,2019,organic_substitution,prepared,Complete matched management reference and treatment
338040,2019,mineral_N_zero,prepared,Complete matched management reference and treatment
338040,2019,mineral_N_half,prepared,Complete matched management reference and treatment
338040,2019,mineral_N_one_half,prepared,Complete matched management reference and treatment
338040,2019,tillage_reduced,prepared,Complete matched management reference and treatment
338040,2019,tillage_zero,prepared,Complete matched management reference and treatment
338040,2020,organic_substitution,prepared,Complete matched management reference and treatment
338040,2020,mineral_N_zero,prepared,Complete matched management reference and treatment
338040,2020,mineral_N_half,prepared,Complete matched management reference and treatment
338040,2020,mineral_N_one_half,prepared,Complete matched management reference and treatment
338040,2020,tillage_reduced,prepared,Complete matched management reference and treatment
338040,2020,tillage_zero,prepared,Complete matched management reference and treatment
338040,2021,organic_substitution,prepared,Complete matched management reference and treatment
338040,2021,mineral_N_zero,prepared,Complete matched management reference and treatment
338040,2021,mineral_N_half,prepared,Complete matched management reference and treatment
338040,2021,mineral_N_one_half,prepared,Complete matched management reference and treatment
338040,2021,tillage_reduced,prepared,Complete matched management reference and treatment
338040,2021,tillage_zero,prepared,Complete matched management reference and treatment
338040,2022,organic_substitution,prepared,Complete matched management reference and treatment
338040,2022,mineral_N_zero,prepared,Complete matched management reference and treatment
338040,2022,mineral_N_half,prepared,Complete matched management reference and treatment
338040,2022,mineral_N_one_half,prepared,Complete matched management reference and treatment
338040,2022,tillage_reduced,prepared,Complete matched management reference and treatment
338040,2022,tillage_zero,prepared,Complete matched management reference and treatment
338040,2023,organic_substitution,prepared,Complete matched management reference and treatment
338040,2023,mineral_N_zero,prepared,Complete matched management reference and treatment
338040,2023,mineral_N_half,prepared,Complete matched management reference and treatment
338040,2023,mineral_N_one_half,prepared,Complete matched management reference and treatment
338040,2023,tillage_reduced,prepared,Complete matched management reference and treatment
338040,2023,tillage_zero,prepared,Complete matched management reference and treatment
378874,2016,organic_substitution,prepared,Complete matched management reference and treatment
378874,2016,mineral_N_zero,prepared,Complete matched management reference and treatment
378874,2016,mineral_N_half,prepared,Complete matched management reference and treatment
378874,2016,mineral_N_one_half,prepared,Complete matched management reference and treatment
378874,2016,tillage_reduced,prepared,Complete matched management reference and treatment
378874,2016,tillage_zero,prepared,Complete matched management reference and treatment
378874,2017,organic_substitution,prepared,Complete matched management reference and treatment
378874,2017,mineral_N_zero,prepared,Complete matched management reference and treatment
378874,2017,mineral_N_half,prepared,Complete matched management reference and treatment
378874,2017,mineral_N_one_half,prepared,Complete matched management reference and treatment
378874,2017,tillage_reduced,prepared,Complete matched management reference and treatment
378874,2017,tillage_zero,prepared,Complete matched management reference and treatment
378874,2018,organic_substitution,prepared,Complete matched management reference and treatment
378874,2018,mineral_N_zero,prepared,Complete matched management reference and treatment
378874,2018,mineral_N_half,prepared,Complete matched management reference and treatment
378874,2018,mineral_N_one_half,prepared,Complete matched management reference and treatment
378874,2018,tillage_reduced,prepared,Complete matched management reference and treatment
378874,2018,tillage_zero,prepared,Complete matched management reference and treatment
378874,2019,organic_substitution,prepared,Complete matched management reference and treatment
378874,2019,mineral_N_zero,prepared,Complete matched management reference and treatment
378874,2019,mineral_N_half,prepared,Complete matched management reference and treatment
378874,2019,mineral_N_one_half,prepared,Complete matched management reference and treatment
378874,2019,tillage_reduced,prepared,Complete matched management reference and treatment
378874,2019,tillage_zero,prepared,Complete matched management reference and treatment
378874,2020,organic_substitution,prepared,Complete matched management reference and treatment
378874,2020,mineral_N_zero,prepared,Complete matched management reference and treatment
378874,2020,mineral_N_half,prepared,Complete matched management reference and treatment
378874,2020,mineral_N_one_half,prepared,Complete matched management reference and treatment
378874,2020,tillage_reduced,prepared,Complete matched management reference and treatment
378874,2020,tillage_zero,prepared,Complete matched management reference and treatment
378874,2021,organic_substitution,prepared,Complete matched management reference and treatment
378874,2021,mineral_N_zero,prepared,Complete matched management reference and treatment
378874,2021,mineral_N_half,prepared,Complete matched management reference and treatment
378874,2021,mineral_N_one_half,prepared,Complete matched management reference and treatment
378874,2021,tillage_reduced,prepared,Complete matched management reference and treatment
378874,2021,tillage_zero,prepared,Complete matched management reference and treatment
378874,2022,organic_substitution,prepared,Complete matched management reference and treatment
378874,2022,mineral_N_zero,prepared,Complete matched management reference and treatment
378874,2022,mineral_N_half,prepared,Complete matched management reference and treatment
378874,2022,mineral_N_one_half,prepared,Complete matched management reference and treatment
378874,2022,tillage_reduced,prepared,Complete matched management reference and treatment
378874,2022,tillage_zero,prepared,Complete matched management reference and treatment
378874,2023,organic_substitution,prepared,Complete matched management reference and treatment
378874,2023,mineral_N_zero,prepared,Complete matched management reference and treatment
378874,2023,mineral_N_half,prepared,Complete matched management reference and treatment
378874,2023,mineral_N_one_half,prepared,Complete matched management reference and treatment
378874,2023,tillage_reduced,prepared,Complete matched management reference and treatment
378874,2023,tillage_zero,prepared,Complete matched management reference and treatment
520659,2016,organic_substitution,prepared,Complete matched management reference and treatment
520659,2016,mineral_N_zero,prepared,Complete matched management reference and treatment
520659,2016,mineral_N_half,prepared,Complete matched management reference and treatment
520659,2016,mineral_N_one_half,prepared,Complete matched management reference and treatment
520659,2016,tillage_reduced,prepared,Complete matched management reference and treatment
520659,2016,tillage_zero,prepared,Complete matched management reference and treatment
520659,2017,organic_substitution,prepared,Complete matched management reference and treatment
520659,2017,mineral_N_zero,prepared,Complete matched management reference and treatment
520659,2017,mineral_N_half,prepared,Complete matched management reference and treatment
520659,2017,mineral_N_one_half,prepared,Complete matched management reference and treatment
520659,2017,tillage_reduced,prepared,Complete matched management reference and treatment
520659,2017,tillage_zero,prepared,Complete matched management reference and treatment
520659,2018,organic_substitution,prepared,Complete matched management reference and treatment
520659,2018,mineral_N_zero,prepared,Complete matched management reference and treatment
520659,2018,mineral_N_half,prepared,Complete matched management reference and treatment
520659,2018,mineral_N_one_half,prepared,Complete matched management reference and treatment
520659,2018,tillage_reduced,prepared,Complete matched management reference and treatment
520659,2018,tillage_zero,prepared,Complete matched management reference and treatment
520659,2019,organic_substitution,prepared,Complete matched management reference and treatment
520659,2019,mineral_N_zero,prepared,Complete matched management reference and treatment
520659,2019,mineral_N_half,prepared,Complete matched management reference and treatment
520659,2019,mineral_N_one_half,prepared,Complete matched management reference and treatment
520659,2019,tillage_reduced,prepared,Complete matched management reference and treatment
520659,2019,tillage_zero,prepared,Complete matched management reference and treatment
520659,2020,organic_substitution,prepared,Complete matched management reference and treatment
520659,2020,mineral_N_zero,prepared,Complete matched management reference and treatment
520659,2020,mineral_N_half,prepared,Complete matched management reference and treatment
520659,2020,mineral_N_one_half,prepared,Complete matched management reference and treatment
520659,2020,tillage_reduced,prepared,Complete matched management reference and treatment
520659,2020,tillage_zero,prepared,Complete matched management reference and treatment
520659,2021,organic_substitution,prepared,Complete matched management reference and treatment
520659,2021,mineral_N_zero,prepared,Complete matched management reference and treatment
520659,2021,mineral_N_half,prepared,Complete matched management reference and treatment
520659,2021,mineral_N_one_half,prepared,Complete matched management reference and treatment
520659,2021,tillage_reduced,prepared,Complete matched management reference and treatment
520659,2021,tillage_zero,prepared,Complete matched management reference and treatment
520659,2022,organic_substitution,prepared,Complete matched management reference and treatment
520659,2022,mineral_N_zero,prepared,Complete matched management reference and treatment
520659,2022,mineral_N_half,prepared,Complete matched management reference and treatment
520659,2022,mineral_N_one_half,prepared,Complete matched management reference and treatment
520659,2022,tillage_reduced,prepared,Complete matched management reference and treatment
520659,2022,tillage_zero,prepared,Complete matched management reference and treatment
520659,2023,organic_substitution,prepared,Complete matched management reference and treatment
520659,2023,mineral_N_zero,prepared,Complete matched management reference and treatment
520659,2023,mineral_N_half,prepared,Complete matched management reference and treatment
520659,2023,mineral_N_one_half,prepared,Complete matched management reference and treatment
520659,2023,tillage_reduced,prepared,Complete matched management reference and treatment
520659,2023,tillage_zero,prepared,Complete matched management reference and treatment
41669,2016,organic_substitution,prepared,Complete matched management reference and treatment
41669,2016,mineral_N_zero,prepared,Complete matched management reference and treatment
41669,2016,mineral_N_half,prepared,Complete matched management reference and treatment
41669,2016,mineral_N_one_half,prepared,Complete matched management reference and treatment
41669,2016,tillage_reduced,prepared,Complete matched management reference and treatment
41669,2016,tillage_zero,prepared,Complete matched management reference and treatment
41669,2017,organic_substitution,prepared,Complete matched management reference and treatment
41669,2017,mineral_N_zero,prepared,Complete matched management reference and treatment
41669,2017,mineral_N_half,prepared,Complete matched management reference and treatment
41669,2017,mineral_N_one_half,prepared,Complete matched management reference and treatment
41669,2017,tillage_reduced,prepared,Complete matched management reference and treatment
41669,2017,tillage_zero,prepared,Complete matched management reference and treatment
41669,2018,organic_substitution,prepared,Complete matched management reference and treatment
41669,2018,mineral_N_zero,prepared,Complete matched management reference and treatment
41669,2018,mineral_N_half,prepared,Complete matched management reference and treatment
41669,2018,mineral_N_one_half,prepared,Complete matched management reference and treatment
41669,2018,tillage_reduced,prepared,Complete matched management reference and treatment
41669,2018,tillage_zero,prepared,Complete matched management reference and treatment
41669,2019,organic_substitution,prepared,Complete matched management reference and treatment
41669,2019,mineral_N_zero,prepared,Complete matched management reference and treatment
41669,2019,mineral_N_half,prepared,Complete matched management reference and treatment
41669,2019,mineral_N_one_half,prepared,Complete matched management reference and treatment
41669,2019,tillage_reduced,prepared,Complete matched management reference and treatment
41669,2019,tillage_zero,prepared,Complete matched management reference and treatment
41669,2020,organic_substitution,prepared,Complete matched management reference and treatment
41669,2020,mineral_N_zero,prepared,Complete matched management reference and treatment
41669,2020,mineral_N_half,prepared,Complete matched management reference and treatment
41669,2020,mineral_N_one_half,prepared,Complete matched management reference and treatment
41669,2020,tillage_reduced,prepared,Complete matched management reference and treatment
41669,2020,tillage_zero,prepared,Complete matched management reference and treatment
41669,2021,organic_substitution,prepared,Complete matched management reference and treatment
41669,2021,mineral_N_zero,prepared,Complete matched management reference and treatment
41669,2021,mineral_N_half,prepared,Complete matched management reference and treatment
41669,2021,mineral_N_one_half,prepared,Complete matched management reference and treatment
41669,2021,tillage_reduced,prepared,Complete matched management reference and treatment
41669,2021,tillage_zero,prepared,Complete matched management reference and treatment
41669,2022,organic_substitution,prepared,Complete matched management reference and treatment
41669,2022,mineral_N_zero,prepared,Complete matched management reference and treatment
41669,2022,mineral_N_half,prepared,Complete matched management reference and treatment
41669,2022,mineral_N_one_half,prepared,Complete matched management reference and treatment
41669,2022,tillage_reduced,prepared,Complete matched management reference and treatment
41669,2022,tillage_zero,prepared,Complete matched management reference and treatment
41669,2023,organic_substitution,prepared,Complete matched management reference and treatment
41669,2023,mineral_N_zero,prepared,Complete matched management reference and treatment
41669,2023,mineral_N_half,prepared,Complete matched management reference and treatment
41669,2023,mineral_N_one_half,prepared,Complete matched management reference and treatment
41669,2023,tillage_reduced,prepared,Complete matched management reference and treatment
41669,2023,tillage_zero,prepared,Complete matched management reference and treatment
436143,2016,organic_substitution,prepared,Complete matched management reference and treatment
436143,2016,mineral_N_zero,prepared,Complete matched management reference and treatment
436143,2016,mineral_N_half,prepared,Complete matched management reference and treatment
436143,2016,mineral_N_one_half,prepared,Complete matched management reference and treatment
436143,2016,tillage_reduced,prepared,Complete matched management reference and treatment
436143,2016,tillage_zero,prepared,Complete matched management reference and treatment
436143,2017,organic_substitution,prepared,Complete matched management reference and treatment
436143,2017,mineral_N_zero,prepared,Complete matched management reference and treatment
436143,2017,mineral_N_half,prepared,Complete matched management reference and treatment
436143,2017,mineral_N_one_half,prepared,Complete matched management reference and treatment
436143,2017,tillage_reduced,prepared,Complete matched management reference and treatment
436143,2017,tillage_zero,prepared,Complete matched management reference and treatment
436143,2018,organic_substitution,prepared,Complete matched management reference and treatment
436143,2018,mineral_N_zero,prepared,Complete matched management reference and treatment
436143,2018,mineral_N_half,prepared,Complete matched management reference and treatment
436143,2018,mineral_N_one_half,prepared,Complete matched management reference and treatment
436143,2018,tillage_reduced,prepared,Complete matched management reference and treatment
436143,2018,tillage_zero,prepared,Complete matched management reference and treatment
436143,2019,organic_substitution,prepared,Complete matched management reference and treatment
436143,2019,mineral_N_zero,prepared,Complete matched management reference and treatment
436143,2019,mineral_N_half,prepared,Complete matched management reference and treatment
436143,2019,mineral_N_one_half,prepared,Complete matched management reference and treatment
436143,2019,tillage_reduced,prepared,Complete matched management reference and treatment
436143,2019,tillage_zero,prepared,Complete matched management reference and treatment
436143,2020,organic_substitution,prepared,Complete matched management reference and treatment
436143,2020,mineral_N_zero,prepared,Complete matched management reference and treatment
436143,2020,mineral_N_half,prepared,Complete matched management reference and treatment
436143,2020,mineral_N_one_half,prepared,Complete matched management reference and treatment
436143,2020,tillage_reduced,prepared,Complete matched management reference and treatment
436143,2020,tillage_zero,prepared,Complete matched management reference and treatment
436143,2021,organic_substitution,prepared,Complete matched management reference and treatment
436143,2021,mineral_N_zero,prepared,Complete matched management reference and treatment
436143,2021,mineral_N_half,prepared,Complete matched management reference and treatment
436143,2021,mineral_N_one_half,prepared,Complete matched management reference and treatment
436143,2021,tillage_reduced,prepared,Complete matched management reference and treatment
436143,2021,tillage_zero,prepared,Complete matched management reference and treatment
436143,2022,organic_substitution,prepared,Complete matched management reference and treatment
436143,2022,mineral_N_zero,prepared,Complete matched management reference and treatment
436143,2022,mineral_N_half,prepared,Complete matched management reference and treatment
436143,2022,mineral_N_one_half,prepared,Complete matched management reference and treatment
436143,2022,tillage_reduced,prepared,Complete matched management reference and treatment
436143,2022,tillage_zero,prepared,Complete matched management reference and treatment
436143,2023,organic_substitution,prepared,Complete matched management reference and treatment
436143,2023,mineral_N_zero,prepared,Complete matched management reference and treatment
436143,2023,mineral_N_half,prepared,Complete matched management reference and treatment
436143,2023,mineral_N_one_half,prepared,Complete matched management reference and treatment
436143,2023,tillage_reduced,prepared,Complete matched management reference and treatment
436143,2023,tillage_zero,prepared,Complete matched management reference and treatment
371139,2016,organic_substitution,prepared,Complete matched management reference and treatment
371139,2016,mineral_N_zero,prepared,Complete matched management reference and treatment
371139,2016,mineral_N_half,prepared,Complete matched management reference and treatment
371139,2016,mineral_N_one_half,prepared,Complete matched management reference and treatment
371139,2016,tillage_reduced,prepared,Complete matched management reference and treatment
371139,2016,tillage_zero,prepared,Complete matched management reference and treatment
371139,2017,organic_substitution,prepared,Complete matched management reference and treatment
371139,2017,mineral_N_zero,prepared,Complete matched management reference and treatment
371139,2017,mineral_N_half,prepared,Complete matched management reference and treatment
371139,2017,mineral_N_one_half,prepared,Complete matched management reference and treatment
371139,2017,tillage_reduced,prepared,Complete matched management reference and treatment
371139,2017,tillage_zero,prepared,Complete matched management reference and treatment
371139,2018,organic_substitution,prepared,Complete matched management reference and treatment
371139,2018,mineral_N_zero,prepared,Complete matched management reference and treatment
371139,2018,mineral_N_half,prepared,Complete matched management reference and treatment
371139,2018,mineral_N_one_half,prepared,Complete matched management reference and treatment
371139,2018,tillage_reduced,prepared,Complete matched management reference and treatment
371139,2018,tillage_zero,prepared,Complete matched management reference and treatment
371139,2019,organic_substitution,prepared,Complete matched management reference and treatment
371139,2019,mineral_N_zero,prepared,Complete matched management reference and treatment
371139,2019,mineral_N_half,prepared,Complete matched management reference and treatment
371139,2019,mineral_N_one_half,prepared,Complete matched management reference and treatment
371139,2019,tillage_reduced,prepared,Complete matched management reference and treatment
371139,2019,tillage_zero,prepared,Complete matched management reference and treatment
371139,2020,organic_substitution,prepared,Complete matched management reference and treatment
371139,2020,mineral_N_zero,prepared,Complete matched management reference and treatment
371139,2020,mineral_N_half,prepared,Complete matched management reference and treatment
371139,2020,mineral_N_one_half,prepared,Complete matched management reference and treatment
371139,2020,tillage_reduced,prepared,Complete matched management reference and treatment
371139,2020,tillage_zero,prepared,Complete matched management reference and treatment
371139,2021,organic_substitution,prepared,Complete matched management reference and treatment
371139,2021,mineral_N_zero,prepared,Complete matched management reference and treatment
371139,2021,mineral_N_half,prepared,Complete matched management reference and treatment
371139,2021,mineral_N_one_half,prepared,Complete matched management reference and treatment
371139,2021,tillage_reduced,prepared,Complete matched management reference and treatment
371139,2021,tillage_zero,prepared,Complete matched management reference and treatment
371139,2022,organic_substitution,prepared,Complete matched management reference and treatment
371139,2022,mineral_N_zero,prepared,Complete matched management reference and treatment
371139,2022,mineral_N_half,prepared,Complete matched management reference and treatment
371139,2022,mineral_N_one_half,prepared,Complete matched management reference and treatment
371139,2022,tillage_reduced,prepared,Complete matched management reference and treatment
371139,2022,tillage_zero,prepared,Complete matched management reference and treatment
371139,2023,organic_substitution,prepared,Complete matched management reference and treatment
371139,2023,mineral_N_zero,prepared,Complete matched management reference and treatment
371139,2023,mineral_N_half,prepared,Complete matched management reference and treatment
371139,2023,mineral_N_one_half,prepared,Complete matched management reference and treatment
371139,2023,tillage_reduced,prepared,Complete matched management reference and treatment
371139,2023,tillage_zero,prepared,Complete matched management reference and treatment
510456,2016,organic_substitution,prepared,Complete matched management reference and treatment
510456,2016,mineral_N_zero,prepared,Complete matched management reference and treatment
510456,2016,mineral_N_half,prepared,Complete matched management reference and treatment
510456,2016,mineral_N_one_half,prepared,Complete matched management reference and treatment
510456,2016,tillage_reduced,prepared,Complete matched management reference and treatment
510456,2016,tillage_zero,prepared,Complete matched management reference and treatment
510456,2017,organic_substitution,prepared,Complete matched management reference and treatment
510456,2017,mineral_N_zero,prepared,Complete matched management reference and treatment
510456,2017,mineral_N_half,prepared,Complete matched management reference and treatment
510456,2017,mineral_N_one_half,prepared,Complete matched management reference and treatment
510456,2017,tillage_reduced,prepared,Complete matched management reference and treatment
510456,2017,tillage_zero,prepared,Complete matched management reference and treatment
510456,2018,organic_substitution,prepared,Complete matched management reference and treatment
510456,2018,mineral_N_zero,prepared,Complete matched management reference and treatment
510456,2018,mineral_N_half,prepared,Complete matched management reference and treatment
510456,2018,mineral_N_one_half,prepared,Complete matched management reference and treatment
510456,2018,tillage_reduced,prepared,Complete matched management reference and treatment
510456,2018,tillage_zero,prepared,Complete matched management reference and treatment
510456,2019,organic_substitution,prepared,Complete matched management reference and treatment
510456,2019,mineral_N_zero,prepared,Complete matched management reference and treatment
510456,2019,mineral_N_half,prepared,Complete matched management reference and treatment
510456,2019,mineral_N_one_half,prepared,Complete matched management reference and treatment
510456,2019,tillage_reduced,prepared,Complete matched management reference and treatment
510456,2019,tillage_zero,prepared,Complete matched management reference and treatment
510456,2020,organic_substitution,prepared,Complete matched management reference and treatment
510456,2020,mineral_N_zero,prepared,Complete matched management reference and treatment
510456,2020,mineral_N_half,prepared,Complete matched management reference and treatment
510456,2020,mineral_N_one_half,prepared,Complete matched management reference and treatment
510456,2020,tillage_reduced,prepared,Complete matched management reference and treatment
510456,2020,tillage_zero,prepared,Complete matched management reference and treatment
510456,2021,organic_substitution,prepared,Complete matched management reference and treatment
510456,2021,mineral_N_zero,prepared,Complete matched management reference and treatment
510456,2021,mineral_N_half,prepared,Complete matched management reference and treatment
510456,2021,mineral_N_one_half,prepared,Complete matched management reference and treatment
510456,2021,tillage_reduced,prepared,Complete matched management reference and treatment
510456,2021,tillage_zero,prepared,Complete matched management reference and treatment
510456,2022,organic_substitution,prepared,Complete matched management reference and treatment
510456,2022,mineral_N_zero,prepared,Complete matched management reference and treatment
510456,2022,mineral_N_half,prepared,Complete matched management reference and treatment
510456,2022,mineral_N_one_half,prepared,Complete matched management reference and treatment
510456,2022,tillage_reduced,prepared,Complete matched management reference and treatment
510456,2022,tillage_zero,prepared,Complete matched management reference and treatment
510456,2023,organic_substitution,prepared,Complete matched management reference and treatment
510456,2023,mineral_N_zero,prepared,Complete matched management reference and treatment
510456,2023,mineral_N_half,prepared,Complete matched management reference and treatment
510456,2023,mineral_N_one_half,prepared,Complete matched management reference and treatment
510456,2023,tillage_reduced,prepared,Complete matched management reference and treatment
510456,2023,tillage_zero,prepared,Complete matched management reference and treatment
24007,2016,organic_substitution,prepared,Complete matched management reference and treatment
24007,2016,mineral_N_zero,prepared,Complete matched management reference and treatment
24007,2016,mineral_N_half,prepared,Complete matched management reference and treatment
24007,2016,mineral_N_one_half,prepared,Complete matched management reference and treatment
24007,2016,tillage_reduced,prepared,Complete matched management reference and treatment
24007,2016,tillage_zero,prepared,Complete matched management reference and treatment
24007,2017,organic_substitution,prepared,Complete matched management reference and treatment
24007,2017,mineral_N_zero,prepared,Complete matched management reference and treatment
24007,2017,mineral_N_half,prepared,Complete matched management reference and treatment
24007,2017,mineral_N_one_half,prepared,Complete matched management reference and treatment
24007,2017,tillage_reduced,prepared,Complete matched management reference and treatment
24007,2017,tillage_zero,prepared,Complete matched management reference and treatment
24007,2018,organic_substitution,prepared,Complete matched management reference and treatment
24007,2018,mineral_N_zero,prepared,Complete matched management reference and treatment
24007,2018,mineral_N_half,prepared,Complete matched management reference and treatment
24007,2018,mineral_N_one_half,prepared,Complete matched management reference and treatment
24007,2018,tillage_reduced,prepared,Complete matched management reference and treatment
24007,2018,tillage_zero,prepared,Complete matched management reference and treatment
24007,2019,organic_substitution,prepared,Complete matched management reference and treatment
24007,2019,mineral_N_zero,prepared,Complete matched management reference and treatment
24007,2019,mineral_N_half,prepared,Complete matched management reference and treatment
24007,2019,mineral_N_one_half,prepared,Complete matched management reference and treatment
24007,2019,tillage_reduced,prepared,Complete matched management reference and treatment
24007,2019,tillage_zero,prepared,Complete matched management reference and treatment
24007,2020,organic_substitution,prepared,Complete matched management reference and treatment
24007,2020,mineral_N_zero,prepared,Complete matched management reference and treatment
24007,2020,mineral_N_half,prepared,Complete matched management reference and treatment
24007,2020,mineral_N_one_half,prepared,Complete matched management reference and treatment
24007,2020,tillage_reduced,prepared,Complete matched management reference and treatment
24007,2020,tillage_zero,prepared,Complete matched management reference and treatment
24007,2021,organic_substitution,prepared,Complete matched management reference and treatment
24007,2021,mineral_N_zero,prepared,Complete matched management reference and treatment
24007,2021,mineral_N_half,prepared,Complete matched management reference and treatment
24007,2021,mineral_N_one_half,prepared,Complete matched management reference and treatment
24007,2021,tillage_reduced,prepared,Complete matched management reference and treatment
24007,2021,tillage_zero,prepared,Complete matched management reference and treatment
24007,2022,organic_substitution,prepared,Complete matched management reference and treatment
24007,2022,mineral_N_zero,prepared,Complete matched management reference and treatment
24007,2022,mineral_N_half,prepared,Complete matched management reference and treatment
24007,2022,mineral_N_one_half,prepared,Complete matched management reference and treatment
24007,2022,tillage_reduced,prepared,Complete matched management reference and treatment
24007,2022,tillage_zero,prepared,Complete matched management reference and treatment
24007,2023,organic_substitution,prepared,Complete matched management reference and treatment
24007,2023,mineral_N_zero,prepared,Complete matched management reference and treatment
24007,2023,mineral_N_half,prepared,Complete matched management reference and treatment
24007,2023,mineral_N_one_half,prepared,Complete matched management reference and treatment
24007,2023,tillage_reduced,prepared,Complete matched management reference and treatment
24007,2023,tillage_zero,prepared,Complete matched management reference and treatment
462857,2016,organic_substitution,prepared,Complete matched management reference and treatment
462857,2016,mineral_N_zero,prepared,Complete matched management reference and treatment
462857,2016,mineral_N_half,prepared,Complete matched management reference and treatment
462857,2016,mineral_N_one_half,prepared,Complete matched management reference and treatment
462857,2016,tillage_reduced,prepared,Complete matched management reference and treatment
462857,2016,tillage_zero,prepared,Complete matched management reference and treatment
462857,2017,organic_substitution,prepared,Complete matched management reference and treatment
462857,2017,mineral_N_zero,prepared,Complete matched management reference and treatment
462857,2017,mineral_N_half,prepared,Complete matched management reference and treatment
462857,2017,mineral_N_one_half,prepared,Complete matched management reference and treatment
462857,2017,tillage_reduced,prepared,Complete matched management reference and treatment
462857,2017,tillage_zero,prepared,Complete matched management reference and treatment
462857,2018,organic_substitution,prepared,Complete matched management reference and treatment
462857,2018,mineral_N_zero,prepared,Complete matched management reference and treatment
462857,2018,mineral_N_half,prepared,Complete matched management reference and treatment
462857,2018,mineral_N_one_half,prepared,Complete matched management reference and treatment
462857,2018,tillage_reduced,prepared,Complete matched management reference and treatment
462857,2018,tillage_zero,prepared,Complete matched management reference and treatment
462857,2019,organic_substitution,prepared,Complete matched management reference and treatment
462857,2019,mineral_N_zero,prepared,Complete matched management reference and treatment
462857,2019,mineral_N_half,prepared,Complete matched management reference and treatment
462857,2019,mineral_N_one_half,prepared,Complete matched management reference and treatment
462857,2019,tillage_reduced,prepared,Complete matched management reference and treatment
462857,2019,tillage_zero,prepared,Complete matched management reference and treatment
462857,2020,organic_substitution,prepared,Complete matched management reference and treatment
462857,2020,mineral_N_zero,prepared,Complete matched management reference and treatment
462857,2020,mineral_N_half,prepared,Complete matched management reference and treatment
462857,2020,mineral_N_one_half,prepared,Complete matched management reference and treatment
462857,2020,tillage_reduced,prepared,Complete matched management reference and treatment
462857,2020,tillage_zero,prepared,Complete matched management reference and treatment
462857,2021,organic_substitution,prepared,Complete matched management reference and treatment
462857,2021,mineral_N_zero,prepared,Complete matched management reference and treatment
462857,2021,mineral_N_half,prepared,Complete matched management reference and treatment
462857,2021,mineral_N_one_half,prepared,Complete matched management reference and treatment
462857,2021,tillage_reduced,prepared,Complete matched management reference and treatment
462857,2021,tillage_zero,prepared,Complete matched management reference and treatment
462857,2022,organic_substitution,prepared,Complete matched management reference and treatment
462857,2022,mineral_N_zero,prepared,Complete matched management reference and treatment
462857,2022,mineral_N_half,prepared,Complete matched management reference and treatment
462857,2022,mineral_N_one_half,prepared,Complete matched management reference and treatment
462857,2022,tillage_reduced,prepared,Complete matched management reference and treatment
462857,2022,tillage_zero,prepared,Complete matched management reference and treatment
462857,2023,organic_substitution,prepared,Complete matched management reference and treatment
462857,2023,mineral_N_zero,prepared,Complete matched management reference and treatment
462857,2023,mineral_N_half,prepared,Complete matched management reference and treatment
462857,2023,mineral_N_one_half,prepared,Complete matched management reference and treatment
462857,2023,tillage_reduced,prepared,Complete matched management reference and treatment
462857,2023,tillage_zero,prepared,Complete matched management reference and treatment
