"site_id","treatment","treatment_events","reference","reference_events","status","exposure_file","assumptions_file","runtime_requirements","pair_ok","dd_soc","dd_soc_per_window_yr","lrr_n2o_till","lrr_n2o_full","lrr_ch4_full","soc_lrr_end","soil_lrr_end","n_cover_years","dd_soc_per_cover_yr","lrr_n2o_season","lrr_ch4_season"
"328163","cover_annual","events/328163/cover_annual/events.in","cover_none","events/328163/cover_none/events.in","prepared_with_assumptions","exposure.csv","assumptions.csv","preserve the site parameters in both arms; native events do not encode species traits; verify cover physiology and full termination before interpreting responses",TRUE,0.00610000000000355,0.000762500000000443,0.00108204940642167,0.000529935738665597,NA,4.24313733464711e-05,4.31794866861329e-05,1,0.00610000000000355,NA,NA
"328163","mineral_N_zero","events/328163/mineral_N_zero/events.in","fertilizer_reference","events/328163/fertilizer_reference/events.in","prepared","exposure.csv","assumptions.csv","existing source configuration and parameter mapping; model execution not validated",TRUE,0,0,-0.0906418668748354,-0.0929812776612497,NA,0,0,1,NA,NA,NA
"328163","mineral_N_half","events/328163/mineral_N_half/events.in","fertilizer_reference","events/328163/fertilizer_reference/events.in","prepared","exposure.csv","assumptions.csv","existing source configuration and parameter mapping; model execution not validated",TRUE,0,0,-0.0442965993336956,-0.0454122549496207,NA,0,0,1,NA,NA,NA
"328163","mineral_N_one_half","events/328163/mineral_N_one_half/events.in","fertilizer_reference","events/328163/fertilizer_reference/events.in","prepared","exposure.csv","assumptions.csv","existing source configuration and parameter mapping; model execution not validated",TRUE,0,0,0.0424118421817074,0.0434370178406133,NA,0,0,1,NA,NA,NA
"328163","organic_substitution","events/328163/organic_substitution/events.in","fertilizer_reference","events/328163/fertilizer_reference/events.in","prepared_with_assumptions","exposure.csv","assumptions.csv","existing source configuration and parameter mapping; model execution not validated",TRUE,3.55240000000001,0.444050000000001,0.00882023845564266,-0.00676540328044552,NA,0.0244105110089398,0.0106180459366962,1,NA,NA,NA
"328163","tillage_reduced","events/328163/tillage_reduced/events.in","tillage_reference","events/328163/tillage_reference/events.in","prepared","exposure.csv","assumptions.csv","existing source configuration and parameter mapping; model execution not validated",TRUE,4.5745,0.5718125,-0.0235538749507372,-0.0314384635524218,NA,0.0315758855530512,0.0314751214521002,1,NA,NA,NA
"328163","tillage_zero","events/328163/tillage_zero/events.in","tillage_reference","events/328163/tillage_reference/events.in","prepared","exposure.csv","assumptions.csv","existing source configuration and parameter mapping; model execution not validated",TRUE,5.30089999999998,0.662612499999998,-0.0286060083928312,-0.036592101605801,NA,0.0364994495949552,0.036381385461392,1,NA,NA,NA
"26336","mineral_N_zero","events/26336/mineral_N_zero/events.in","fertilizer_reference","events/26336/fertilizer_reference/events.in","prepared","exposure.csv","assumptions.csv","existing source configuration and parameter mapping; model execution not validated",TRUE,0,0,-0.473576219264288,-0.50977891985555,NA,0,0,NA,NA,NA,NA
"26336","mineral_N_half","events/26336/mineral_N_half/events.in","fertilizer_reference","events/26336/fertilizer_reference/events.in","prepared","exposure.csv","assumptions.csv","existing source configuration and parameter mapping; model execution not validated",TRUE,0,0,-0.209014729889596,-0.222752835116265,NA,0,0,NA,NA,NA,NA
"26336","mineral_N_one_half","events/26336/mineral_N_one_half/events.in","fertilizer_reference","events/26336/fertilizer_reference/events.in","prepared","exposure.csv","assumptions.csv","existing source configuration and parameter mapping; model execution not validated",TRUE,0,0,0.172797321643447,0.182071191144206,NA,0,0,NA,NA,NA,NA
"26336","organic_substitution","events/26336/organic_substitution/events.in","fertilizer_reference","events/26336/fertilizer_reference/events.in","prepared_with_assumptions","exposure.csv","assumptions.csv","existing source configuration and parameter mapping; model execution not validated",TRUE,1.9371,0.2421375,-0.167049697104002,-0.0833393418308112,NA,0.231089139920342,0.17717145780379,NA,NA,NA,NA
"26336","tillage_reduced","events/26336/tillage_reduced/events.in","tillage_reference","events/26336/tillage_reference/events.in","prepared","exposure.csv","assumptions.csv","existing source configuration and parameter mapping; model execution not validated",TRUE,0.293299999999999,0.0366624999999999,-0.0110341884206546,-0.00902982295929967,NA,0.0390057890749059,0.0399485829085625,NA,NA,NA,NA
"26336","tillage_zero","events/26336/tillage_zero/events.in","tillage_reference","events/26336/tillage_reference/events.in","prepared","exposure.csv","assumptions.csv","existing source configuration and parameter mapping; model execution not validated",TRUE,0.3542,0.044275,-0.0135572437040202,-0.0109700061679781,NA,0.0469175413660514,0.0480435179647703,NA,NA,NA,NA
"565118","cover_annual","events/565118/cover_annual/events.in","cover_none","events/565118/cover_none/events.in","prepared_with_assumptions","exposure.csv","assumptions.csv","preserve the site parameters in both arms; native events do not encode species traits; verify cover physiology and full termination before interpreting responses",TRUE,1.1878,0.148474999999999,0.000210104995526572,-0.0106551185704869,NA,0.0103954005847088,0.0122873896219694,8,0.148474999999999,NA,NA
"565118","mineral_N_zero","events/565118/mineral_N_zero/events.in","fertilizer_reference","events/565118/fertilizer_reference/events.in","prepared","exposure.csv","assumptions.csv","existing source configuration and parameter mapping; model execution not validated",TRUE,0,0,-0.117560121037359,-0.12620942185636,NA,0,0,8,NA,NA,NA
"565118","mineral_N_half","events/565118/mineral_N_half/events.in","fertilizer_reference","events/565118/fertilizer_reference/events.in","prepared","exposure.csv","assumptions.csv","existing source configuration and parameter mapping; model execution not validated",TRUE,0,0,-0.0570536128943739,-0.061114700803504,NA,0,0,8,NA,NA,NA
"565118","mineral_N_one_half","events/565118/mineral_N_one_half/events.in","fertilizer_reference","events/565118/fertilizer_reference/events.in","prepared","exposure.csv","assumptions.csv","existing source configuration and parameter mapping; model execution not validated",TRUE,0,0,0.0539729989992458,0.0575929068732102,NA,0,0,8,NA,NA,NA
"565118","organic_substitution","events/565118/organic_substitution/events.in","fertilizer_reference","events/565118/fertilizer_reference/events.in","prepared_with_assumptions","exposure.csv","assumptions.csv","existing source configuration and parameter mapping; model execution not validated",TRUE,2.8664,0.3583,0.0199574378911063,0.0325788681830862,NA,0.0249043299679455,0.015195788827591,8,NA,NA,NA
"565118","tillage_reduced","events/565118/tillage_reduced/events.in","tillage_reference","events/565118/tillage_reference/events.in","prepared","exposure.csv","assumptions.csv","existing source configuration and parameter mapping; model execution not validated",TRUE,3.61,0.45125,-0.0175441084627522,-0.0213809585531346,NA,0.03197138138554,0.0328256802908213,8,NA,NA,NA
"565118","tillage_zero","events/565118/tillage_zero/events.in","tillage_reference","events/565118/tillage_reference/events.in","prepared","exposure.csv","assumptions.csv","existing source configuration and parameter mapping; model execution not validated",TRUE,4.56,0.57,-0.023676076319035,-0.0267011164805369,NA,0.0402177339881331,0.0412354917825109,8,NA,NA,NA
"159849","mineral_N_zero","events/159849/mineral_N_zero/events.in","fertilizer_reference","events/159849/fertilizer_reference/events.in","prepared","exposure.csv","assumptions.csv","existing source configuration and parameter mapping; model execution not validated",TRUE,0,0,-0.235053009794251,-0.259271303832504,NA,0,0,NA,NA,NA,NA
"159849","mineral_N_half","events/159849/mineral_N_half/events.in","fertilizer_reference","events/159849/fertilizer_reference/events.in","prepared","exposure.csv","assumptions.csv","existing source configuration and parameter mapping; model execution not validated",TRUE,0,0,-0.11063773312783,-0.121256628291638,NA,0,0,NA,NA,NA,NA
"159849","mineral_N_one_half","events/159849/mineral_N_one_half/events.in","fertilizer_reference","events/159849/fertilizer_reference/events.in","prepared","exposure.csv","assumptions.csv","existing source configuration and parameter mapping; model execution not validated",TRUE,0,0,0.0996052258386739,0.108127844751586,NA,0,0,NA,NA,NA,NA
"159849","organic_substitution","events/159849/organic_substitution/events.in","fertilizer_reference","events/159849/fertilizer_reference/events.in","prepared_with_assumptions","exposure.csv","assumptions.csv","existing source configuration and parameter mapping; model execution not validated",TRUE,2.0775,0.2596875,-0.0689151838635155,-0.0352536373419679,NA,0.101383000405189,0.0723122551049594,NA,NA,NA,NA
"159849","tillage_reduced","events/159849/tillage_reduced/events.in","tillage_reference","events/159849/tillage_reference/events.in","prepared","exposure.csv","assumptions.csv","existing source configuration and parameter mapping; model execution not validated",TRUE,0.719899999999999,0.0899874999999999,-0.0183319375729373,-0.00859564224742679,NA,0.0365825981086264,0.036611633246652,NA,NA,NA,NA
"159849","tillage_zero","events/159849/tillage_zero/events.in","tillage_reference","events/159849/tillage_reference/events.in","prepared","exposure.csv","assumptions.csv","existing source configuration and parameter mapping; model execution not validated",TRUE,0.848899999999997,0.1061125,-0.0209411337788882,-0.0101936627963197,NA,0.0429988068163782,0.0430074705157697,NA,NA,NA,NA
"522375","cover_annual","events/522375/cover_annual/events.in","cover_none","events/522375/cover_none/events.in","prepared_with_assumptions","exposure.csv","assumptions.csv","preserve the site parameters in both arms; native events do not encode species traits; verify cover physiology and full termination before interpreting responses",TRUE,0.129199999999997,0.0161499999999997,-0.00567683736421287,-0.00613233952436414,NA,0.00264887239586613,0.00205989185436709,1,0.129199999999997,NA,NA
"522375","mineral_N_zero","events/522375/mineral_N_zero/events.in","fertilizer_reference","events/522375/fertilizer_reference/events.in","prepared","exposure.csv","assumptions.csv","existing source configuration and parameter mapping; model execution not validated",TRUE,0,0,-0.832852236197675,-0.948221287650707,NA,0,0,1,NA,NA,NA
"522375","mineral_N_half","events/522375/mineral_N_half/events.in","fertilizer_reference","events/522375/fertilizer_reference/events.in","prepared","exposure.csv","assumptions.csv","existing source configuration and parameter mapping; model execution not validated",TRUE,0,0,-0.332090407718591,-0.36568343805749,NA,0,0,1,NA,NA,NA
"522375","mineral_N_one_half","events/522375/mineral_N_one_half/events.in","fertilizer_reference","events/522375/fertilizer_reference/events.in","prepared","exposure.csv","assumptions.csv","existing source configuration and parameter mapping; model execution not validated",TRUE,0,0,0.248889017006824,0.26719013083507,NA,0,0,1,NA,NA,NA
"522375","organic_substitution","events/522375/organic_substitution/events.in","fertilizer_reference","events/522375/fertilizer_reference/events.in","prepared_with_assumptions","exposure.csv","assumptions.csv","existing source configuration and parameter mapping; model execution not validated",TRUE,29.5074,3.688425,-0.35476052512412,-0.351834457484565,NA,0.473600811172625,0.0286196100336403,1,NA,NA,NA
"522375","tillage_reduced","events/522375/tillage_reduced/events.in","tillage_reference","events/522375/tillage_reference/events.in","prepared","exposure.csv","assumptions.csv","existing source configuration and parameter mapping; model execution not validated",TRUE,0.131100000000004,0.0163875000000004,-0.015730301138892,-0.0126621239774884,NA,0.0026953501510437,0.00237821683218577,1,NA,NA,NA
"522375","tillage_zero","events/522375/tillage_zero/events.in","tillage_reference","events/522375/tillage_reference/events.in","prepared","exposure.csv","assumptions.csv","existing source configuration and parameter mapping; model execution not validated",TRUE,0.179300000000005,0.0224125000000006,-0.0220621787493088,-0.0176269622752906,NA,0.00368449427322825,0.00325034387583056,1,NA,NA,NA
"534243","mineral_N_zero","events/534243/mineral_N_zero/events.in","fertilizer_reference","events/534243/fertilizer_reference/events.in","prepared","exposure.csv","assumptions.csv","existing source configuration and parameter mapping; model execution not validated",TRUE,0,0,-0.241141278274137,-0.278434606791315,NA,0,0,NA,NA,NA,NA
"534243","mineral_N_half","events/534243/mineral_N_half/events.in","fertilizer_reference","events/534243/fertilizer_reference/events.in","prepared","exposure.csv","assumptions.csv","existing source configuration and parameter mapping; model execution not validated",TRUE,0,0,-0.113324611568905,-0.129561966251355,NA,0,0,NA,NA,NA,NA
"534243","mineral_N_one_half","events/534243/mineral_N_one_half/events.in","fertilizer_reference","events/534243/fertilizer_reference/events.in","prepared","exposure.csv","assumptions.csv","existing source configuration and parameter mapping; model execution not validated",TRUE,0,0,0.101784921756895,0.114688169438757,NA,0,0,NA,NA,NA,NA
"534243","organic_substitution","events/534243/organic_substitution/events.in","fertilizer_reference","events/534243/fertilizer_reference/events.in","prepared_with_assumptions","exposure.csv","assumptions.csv","existing source configuration and parameter mapping; model execution not validated",TRUE,1.8271,0.2283875,-0.115153689398482,-0.0598898418013217,NA,0.142450964471294,0.110390324879644,NA,NA,NA,NA
"534243","tillage_reduced","events/534243/tillage_reduced/events.in","tillage_reference","events/534243/tillage_reference/events.in","prepared","exposure.csv","assumptions.csv","existing source configuration and parameter mapping; model execution not validated",TRUE,0.6166,0.077075,-0.0139028897459552,-0.0114893779435795,NA,0.0507302096816117,0.0508965292354944,NA,NA,NA,NA
"534243","tillage_zero","events/534243/tillage_zero/events.in","tillage_reference","events/534243/tillage_reference/events.in","prepared","exposure.csv","assumptions.csv","existing source configuration and parameter mapping; model execution not validated",TRUE,0.728899999999999,0.0911124999999999,-0.0166996543964122,-0.0136468337611173,NA,0.059698808037535,0.0598894028622089,NA,NA,NA,NA
"205678","cover_annual","events/205678/cover_annual/events.in","cover_none","events/205678/cover_none/events.in","prepared_with_assumptions","exposure.csv","assumptions.csv","preserve the site parameters in both arms; native events do not encode species traits; verify cover physiology and full termination before interpreting responses",TRUE,0.799999999999997,0.0999999999999996,0.0070807442876678,0.0110520937241678,-0.00582589198326684,0.00855829805330289,0.00631617883335871,8,0.0999999999999996,NA,NA
"205678","mineral_N_zero","events/205678/mineral_N_zero/events.in","fertilizer_reference","events/205678/fertilizer_reference/events.in","prepared","exposure.csv","assumptions.csv","existing source configuration and parameter mapping; model execution not validated",TRUE,0,0,-0.173505312169719,-0.172637088262278,0,0,0,8,NA,NA,NA
"205678","mineral_N_half","events/205678/mineral_N_half/events.in","fertilizer_reference","events/205678/fertilizer_reference/events.in","prepared","exposure.csv","assumptions.csv","existing source configuration and parameter mapping; model execution not validated",TRUE,0,0,-0.0829943374690683,-0.0825997301852428,0,0,0,8,NA,NA,NA
"205678","mineral_N_one_half","events/205678/mineral_N_one_half/events.in","fertilizer_reference","events/205678/fertilizer_reference/events.in","prepared","exposure.csv","assumptions.csv","existing source configuration and parameter mapping; model execution not validated",TRUE,0,0,0.0766307551081578,0.0762893975993645,0,0,0,8,NA,NA,NA
"205678","organic_substitution","events/205678/organic_substitution/events.in","fertilizer_reference","events/205678/fertilizer_reference/events.in","prepared_with_assumptions","exposure.csv","assumptions.csv","existing source configuration and parameter mapping; model execution not validated",TRUE,6.2625,0.7828125,0.01036430237145,0.0140620784247206,0.0216125911261039,0.0651161011418104,0.013379299386775,8,NA,NA,NA
"205678","tillage_reduced","events/205678/tillage_reduced/events.in","tillage_reference","events/205678/tillage_reference/events.in","prepared","exposure.csv","assumptions.csv","existing source configuration and parameter mapping; model execution not validated",TRUE,2.40819999999999,0.301024999999999,-0.0311109832554279,-0.0296454977366468,0.0155182556655107,0.0264788710644287,0.0265039441387909,8,NA,NA,NA
"205678","tillage_zero","events/205678/tillage_zero/events.in","tillage_reference","events/205678/tillage_reference/events.in","prepared","exposure.csv","assumptions.csv","existing source configuration and parameter mapping; model execution not validated",TRUE,3.3279,0.4159875,-0.0434160971406242,-0.0413604329181746,0.0214001470142246,0.0364090682742534,0.0364440234607333,8,NA,NA,NA
"205678","rice_one_dry","events/205678/rice_one_dry/events.in","rice_irrigated_reference","events/205678/rice_irrigated_reference/events.in","prepared_with_assumptions","exposure.csv","assumptions.csv","preserve the same site parameters in both arms; flooding-capable configuration required; verify ponding, drying and rewetting in model outputs",TRUE,0,0,0,0.000105318476104946,0,0,0,8,NA,0.0108933793962627,0
"205678","rice_two_dry","events/205678/rice_two_dry/events.in","rice_irrigated_reference","events/205678/rice_irrigated_reference/events.in","prepared_with_assumptions","exposure.csv","assumptions.csv","preserve the same site parameters in both arms; flooding-capable configuration required; verify ponding, drying and rewetting in model outputs",TRUE,0,0,0,0.000187113065962518,0,0,0,8,NA,0.0188765879427562,0
"169473","mineral_N_zero","events/169473/mineral_N_zero/events.in","fertilizer_reference","events/169473/fertilizer_reference/events.in","prepared","exposure.csv","assumptions.csv","existing source configuration and parameter mapping; model execution not validated",TRUE,0,0,-0.258996729693543,-0.320695663793792,NA,0,0,NA,NA,NA,NA
"169473","mineral_N_half","events/169473/mineral_N_half/events.in","fertilizer_reference","events/169473/fertilizer_reference/events.in","prepared","exposure.csv","assumptions.csv","existing source configuration and parameter mapping; model execution not validated",TRUE,0,0,-0.121134267686229,-0.147545987321356,NA,0,0,NA,NA,NA,NA
"169473","mineral_N_one_half","events/169473/mineral_N_one_half/events.in","fertilizer_reference","events/169473/fertilizer_reference/events.in","prepared","exposure.csv","assumptions.csv","existing source configuration and parameter mapping; model execution not validated",TRUE,0,0,0.108034542050474,0.128550656872887,NA,0,0,NA,NA,NA,NA
"169473","organic_substitution","events/169473/organic_substitution/events.in","fertilizer_reference","events/169473/fertilizer_reference/events.in","prepared_with_assumptions","exposure.csv","assumptions.csv","existing source configuration and parameter mapping; model execution not validated",TRUE,1.8715,0.2339375,0.0777866500013993,0.0597243698043338,NA,0.225124724088347,0.155108062873801,NA,NA,NA,NA
"169473","tillage_reduced","events/169473/tillage_reduced/events.in","tillage_reference","events/169473/tillage_reference/events.in","prepared","exposure.csv","assumptions.csv","existing source configuration and parameter mapping; model execution not validated",TRUE,0.2345,0.0293125,-0.0064824872810634,-0.00561109114728293,NA,0.031572145962609,0.031572145962609,NA,NA,NA,NA
"169473","tillage_zero","events/169473/tillage_zero/events.in","tillage_reference","events/169473/tillage_reference/events.in","prepared","exposure.csv","assumptions.csv","existing source configuration and parameter mapping; model execution not validated",TRUE,0.2935,0.0366875,-0.00835336192332422,-0.00704369813410523,NA,0.0393611698693028,0.0393611698693028,NA,NA,NA,NA
"592578","cover_annual","events/592578/cover_annual/events.in","cover_none","events/592578/cover_none/events.in","prepared_with_assumptions","exposure.csv","assumptions.csv","preserve the site parameters in both arms; native events do not encode species traits; verify cover physiology and full termination before interpreting responses",TRUE,0.910899999999998,0.1138625,0.000622613976503705,-0.00435626625281912,NA,0.0104281794672738,0.00936085065484338,8,0.1138625,NA,NA
"592578","mineral_N_zero","events/592578/mineral_N_zero/events.in","fertilizer_reference","events/592578/fertilizer_reference/events.in","prepared","exposure.csv","assumptions.csv","existing source configuration and parameter mapping; model execution not validated",TRUE,0,0,-0.117294650560975,-0.127888863519593,NA,0,0,8,NA,NA,NA
"592578","mineral_N_half","events/592578/mineral_N_half/events.in","fertilizer_reference","events/592578/fertilizer_reference/events.in","prepared","exposure.csv","assumptions.csv","existing source configuration and parameter mapping; model execution not validated",TRUE,0,0,-0.0569302079269492,-0.0619023485102921,NA,0,0,8,NA,NA,NA
"592578","mineral_N_one_half","events/592578/mineral_N_one_half/events.in","fertilizer_reference","events/592578/fertilizer_reference/events.in","prepared","exposure.csv","assumptions.csv","existing source configuration and parameter mapping; model execution not validated",TRUE,0,0,0.0538613661795305,0.0582904489515119,NA,0,0,8,NA,NA,NA
"592578","organic_substitution","events/592578/organic_substitution/events.in","fertilizer_reference","events/592578/fertilizer_reference/events.in","prepared_with_assumptions","exposure.csv","assumptions.csv","existing source configuration and parameter mapping; model execution not validated",TRUE,3.0583,0.3822875,0.0310744365540247,0.0414015353975794,NA,0.0345900753029342,0.0147621374395264,8,NA,NA,NA
"592578","tillage_reduced","events/592578/tillage_reduced/events.in","tillage_reference","events/592578/tillage_reference/events.in","prepared","exposure.csv","assumptions.csv","existing source configuration and parameter mapping; model execution not validated",TRUE,2.98140000000001,0.372675000000001,-0.0212686511131596,-0.0189304079842205,NA,0.0344226218224896,0.0344364626845799,8,NA,NA,NA
"592578","tillage_zero","events/592578/tillage_zero/events.in","tillage_reference","events/592578/tillage_reference/events.in","prepared","exposure.csv","assumptions.csv","existing source configuration and parameter mapping; model execution not validated",TRUE,3.6375,0.4546875,-0.027435361924847,-0.0228888535894492,NA,0.0418413327994982,0.0418567880308668,8,NA,NA,NA
"557284","cover_annual","events/557284/cover_annual/events.in","cover_none","events/557284/cover_none/events.in","prepared_with_assumptions","exposure.csv","assumptions.csv","preserve the site parameters in both arms; native events do not encode species traits; verify cover physiology and full termination before interpreting responses",TRUE,0.00319999999999965,0.000399999999999956,0.000374432587392718,0.000212409319250879,NA,0.000167401664991225,0.000167442834361267,1,0.00319999999999965,NA,NA
"557284","mineral_N_zero","events/557284/mineral_N_zero/events.in","fertilizer_reference","events/557284/fertilizer_reference/events.in","prepared","exposure.csv","assumptions.csv","existing source configuration and parameter mapping; model execution not validated",TRUE,0,0,-0.487697380400473,-0.484387824477084,NA,0,0,1,NA,NA,NA
"557284","mineral_N_half","events/557284/mineral_N_half/events.in","fertilizer_reference","events/557284/fertilizer_reference/events.in","prepared","exposure.csv","assumptions.csv","existing source configuration and parameter mapping; model execution not validated",TRUE,0,0,-0.214409711259721,-0.213148896222406,NA,0,0,1,NA,NA,NA
"557284","mineral_N_one_half","events/557284/mineral_N_one_half/events.in","fertilizer_reference","events/557284/fertilizer_reference/events.in","prepared","exposure.csv","assumptions.csv","existing source configuration and parameter mapping; model execution not validated",TRUE,0,0,0.176453025334163,0.175598786710223,NA,0,0,1,NA,NA,NA
"557284","organic_substitution","events/557284/organic_substitution/events.in","fertilizer_reference","events/557284/fertilizer_reference/events.in","prepared_with_assumptions","exposure.csv","assumptions.csv","existing source configuration and parameter mapping; model execution not validated",TRUE,3.3546,0.419325,-0.0171079936237214,0.0941258953563099,NA,0.161696947008316,0.0855223450127924,1,NA,NA,NA
"557284","tillage_reduced","events/557284/tillage_reduced/events.in","tillage_reference","events/557284/tillage_reference/events.in","prepared","exposure.csv","assumptions.csv","existing source configuration and parameter mapping; model execution not validated",TRUE,0.407900000000001,0.0509875000000002,-0.0105640604107753,-0.00859239816007342,NA,0.0213454885231883,0.0213089738889115,1,NA,NA,NA
"557284","tillage_zero","events/557284/tillage_zero/events.in","tillage_reference","events/557284/tillage_reference/events.in","prepared","exposure.csv","assumptions.csv","existing source configuration and parameter mapping; model execution not validated",TRUE,0.484000000000002,0.0605000000000002,-0.0129753131749872,-0.0103805379722812,NA,0.0252778731969988,0.0252320981880837,1,NA,NA,NA
"413887","cover_annual","events/413887/cover_annual/events.in","cover_none","events/413887/cover_none/events.in","prepared_with_assumptions","exposure.csv","assumptions.csv","preserve the site parameters in both arms; native events do not encode species traits; verify cover physiology and full termination before interpreting responses",TRUE,1.1268,0.14085,0.0135554149099131,0.0122794486230783,0.00119328582554248,0.0143382760322063,0.0115181736418983,8,0.14085,NA,NA
"413887","mineral_N_zero","events/413887/mineral_N_zero/events.in","fertilizer_reference","events/413887/fertilizer_reference/events.in","prepared","exposure.csv","assumptions.csv","existing source configuration and parameter mapping; model execution not validated",TRUE,0,0,-0.136327657741024,-0.145078538281798,0,0,0,8,NA,NA,NA
"413887","mineral_N_half","events/413887/mineral_N_half/events.in","fertilizer_reference","events/413887/fertilizer_reference/events.in","prepared","exposure.csv","assumptions.csv","existing source configuration and parameter mapping; model execution not validated",TRUE,0,0,-0.0658662498580444,-0.0698793825000023,0,0,0,8,NA,NA,NA
"413887","mineral_N_one_half","events/413887/mineral_N_one_half/events.in","fertilizer_reference","events/413887/fertilizer_reference/events.in","prepared","exposure.csv","assumptions.csv","existing source configuration and parameter mapping; model execution not validated",TRUE,0,0,0.0616898019182301,0.0652238154664432,0,0,0,8,NA,NA,NA
"413887","organic_substitution","events/413887/organic_substitution/events.in","fertilizer_reference","events/413887/fertilizer_reference/events.in","prepared_with_assumptions","exposure.csv","assumptions.csv","existing source configuration and parameter mapping; model execution not validated",TRUE,7.45950000000001,0.932437500000001,0.116388333700421,0.100576850822073,0.0320057880851634,0.0913060084778936,0.019004958078459,8,NA,NA,NA
"413887","tillage_reduced","events/413887/tillage_reduced/events.in","tillage_reference","events/413887/tillage_reference/events.in","prepared","exposure.csv","assumptions.csv","existing source configuration and parameter mapping; model execution not validated",TRUE,1.3271,0.1658875,-0.0268938513021715,-0.0254152864219273,0.00934612173706046,0.0172657305399766,0.0172494319792307,8,NA,NA,NA
"413887","tillage_zero","events/413887/tillage_zero/events.in","tillage_reference","events/413887/tillage_reference/events.in","prepared","exposure.csv","assumptions.csv","existing source configuration and parameter mapping; model execution not validated",TRUE,1.8232,0.2279,-0.0375767126958381,-0.0355114391553319,0.0128581259707729,0.0236442650250713,0.0236224238005997,8,NA,NA,NA
"413887","rice_one_dry","events/413887/rice_one_dry/events.in","rice_irrigated_reference","events/413887/rice_irrigated_reference/events.in","prepared_with_assumptions","exposure.csv","assumptions.csv","preserve the same site parameters in both arms; flooding-capable configuration required; verify ponding, drying and rewetting in model outputs",TRUE,0,0,0.00190487159239314,0.00220017175619536,1.04889657010178e-07,0,0,8,NA,0.0111325399820419,0
"413887","rice_two_dry","events/413887/rice_two_dry/events.in","rice_irrigated_reference","events/413887/rice_irrigated_reference/events.in","prepared_with_assumptions","exposure.csv","assumptions.csv","preserve the same site parameters in both arms; flooding-capable configuration required; verify ponding, drying and rewetting in model outputs",TRUE,0,0,0.0033978177385877,0.0038258631680707,7.34227367144531e-07,0,0,8,NA,0.0189539891234771,2.21763098608778e-07
"590334","mineral_N_zero","events/590334/mineral_N_zero/events.in","fertilizer_reference","events/590334/fertilizer_reference/events.in","prepared","exposure.csv","assumptions.csv","existing source configuration and parameter mapping; model execution not validated",TRUE,0,0,-0.236019685265572,-0.26373343608558,NA,0,0,NA,NA,NA,NA
"590334","mineral_N_half","events/590334/mineral_N_half/events.in","fertilizer_reference","events/590334/fertilizer_reference/events.in","prepared","exposure.csv","assumptions.csv","existing source configuration and parameter mapping; model execution not validated",TRUE,0,0,-0.111058515320899,-0.123195577060156,NA,0,0,NA,NA,NA,NA
"590334","mineral_N_one_half","events/590334/mineral_N_one_half/events.in","fertilizer_reference","events/590334/fertilizer_reference/events.in","prepared","exposure.csv","assumptions.csv","existing source configuration and parameter mapping; model execution not validated",TRUE,0,0,0.0999518725264441,0.10967876163917,NA,0,0,NA,NA,NA,NA
"590334","organic_substitution","events/590334/organic_substitution/events.in","fertilizer_reference","events/590334/fertilizer_reference/events.in","prepared_with_assumptions","exposure.csv","assumptions.csv","existing source configuration and parameter mapping; model execution not validated",TRUE,4.0572,0.50715,0.137429892430983,0.167106086737735,NA,0.163173342270846,0.0672090591581608,NA,NA,NA,NA
"590334","tillage_reduced","events/590334/tillage_reduced/events.in","tillage_reference","events/590334/tillage_reference/events.in","prepared","exposure.csv","assumptions.csv","existing source configuration and parameter mapping; model execution not validated",TRUE,0.173300000000001,0.0216625000000001,-0.00611302075953276,-0.00446047613809793,NA,0.00761860717057287,0.00764340598845699,NA,NA,NA,NA
"590334","tillage_zero","events/590334/tillage_zero/events.in","tillage_reference","events/590334/tillage_reference/events.in","prepared","exposure.csv","assumptions.csv","existing source configuration and parameter mapping; model execution not validated",TRUE,0.230499999999999,0.0288124999999999,-0.00814430470618904,-0.00591345796357127,NA,0.0101205439764865,0.0101576495212058,NA,NA,NA,NA
"440393","cover_annual","events/440393/cover_annual/events.in","cover_none","events/440393/cover_none/events.in","prepared_with_assumptions","exposure.csv","assumptions.csv","preserve the site parameters in both arms; native events do not encode species traits; verify cover physiology and full termination before interpreting responses",TRUE,0.440300000000001,0.0550375000000001,0.00116182656589643,0.00124853547363913,0.00288586301170732,0.0117623429414032,0.00897141301169535,7,0.0629000000000001,NA,NA
"440393","mineral_N_zero","events/440393/mineral_N_zero/events.in","fertilizer_reference","events/440393/fertilizer_reference/events.in","prepared","exposure.csv","assumptions.csv","existing source configuration and parameter mapping; model execution not validated",TRUE,0,0,-0.144155011320298,-0.154509371320565,0,0,0,7,NA,NA,NA
"440393","mineral_N_half","events/440393/mineral_N_half/events.in","fertilizer_reference","events/440393/fertilizer_reference/events.in","prepared","exposure.csv","assumptions.csv","existing source configuration and parameter mapping; model execution not validated",TRUE,0,0,-0.0694808061886738,-0.0742817716944855,0,0,0,7,NA,NA,NA
"440393","mineral_N_one_half","events/440393/mineral_N_one_half/events.in","fertilizer_reference","events/440393/fertilizer_reference/events.in","prepared","exposure.csv","assumptions.csv","existing source configuration and parameter mapping; model execution not validated",TRUE,0,0,0.0649855906036575,0.069156438842658,0,0,0,7,NA,NA,NA
"440393","organic_substitution","events/440393/organic_substitution/events.in","fertilizer_reference","events/440393/fertilizer_reference/events.in","prepared_with_assumptions","exposure.csv","assumptions.csv","existing source configuration and parameter mapping; model execution not validated",TRUE,4.67590000000001,0.584487500000001,0.121930675362402,0.129904233551451,0.0546130850795788,0.118361812876599,0.0404176763972525,7,NA,NA,NA
"440393","tillage_reduced","events/440393/tillage_reduced/events.in","tillage_reference","events/440393/tillage_reference/events.in","prepared","exposure.csv","assumptions.csv","existing source configuration and parameter mapping; model execution not validated",TRUE,0.776699999999998,0.0970874999999998,-0.0265615604262493,-0.0255635753222447,0.0116402646729783,0.0211113228792232,0.0210823348774329,7,NA,NA,NA
"440393","tillage_zero","events/440393/tillage_zero/events.in","tillage_reference","events/440393/tillage_reference/events.in","prepared","exposure.csv","assumptions.csv","existing source configuration and parameter mapping; model execution not validated",TRUE,1.0196,0.12745,-0.0367642010970784,-0.0352745113738341,0.0157406160997256,0.0276230872637861,0.0275914984837341,7,NA,NA,NA
"440393","rice_one_dry","events/440393/rice_one_dry/events.in","rice_irrigated_reference","events/440393/rice_irrigated_reference/events.in","prepared_with_assumptions","exposure.csv","assumptions.csv","preserve the same site parameters in both arms; flooding-capable configuration required; verify ponding, drying and rewetting in model outputs",TRUE,0,0,0.000955683904475458,0.00152617896671069,3.53823925512767e-07,0,0,7,NA,0.0115139181341487,0
"440393","rice_two_dry","events/440393/rice_two_dry/events.in","rice_irrigated_reference","events/440393/rice_irrigated_reference/events.in","prepared_with_assumptions","exposure.csv","assumptions.csv","preserve the same site parameters in both arms; flooding-capable configuration required; verify ponding, drying and rewetting in model outputs",TRUE,0,0,0.00172600785542262,0.00272203680141304,7.07647725834208e-07,0,0,7,NA,0.0191411944758993,0
"420343","cover_annual","events/420343/cover_annual/events.in","cover_none","events/420343/cover_none/events.in","prepared_with_assumptions","exposure.csv","assumptions.csv","preserve the site parameters in both arms; native events do not encode species traits; verify cover physiology and full termination before interpreting responses",TRUE,0.226900000000001,0.0283625000000001,0.00039649301433458,0.0179835717979791,NA,0.00853983868727522,0.00819667397577244,7,0.0324142857142858,NA,NA
"420343","mineral_N_zero","events/420343/mineral_N_zero/events.in","fertilizer_reference","events/420343/fertilizer_reference/events.in","prepared","exposure.csv","assumptions.csv","existing source configuration and parameter mapping; model execution not validated",TRUE,0,0,-0.431141973238807,-0.52265398224811,NA,0,0,7,NA,NA,NA
"420343","mineral_N_half","events/420343/mineral_N_half/events.in","fertilizer_reference","events/420343/fertilizer_reference/events.in","prepared","exposure.csv","assumptions.csv","existing source configuration and parameter mapping; model execution not validated",TRUE,0,0,-0.192524098706533,-0.227566698931165,NA,0,0,7,NA,NA,NA
"420343","mineral_N_one_half","events/420343/mineral_N_one_half/events.in","fertilizer_reference","events/420343/fertilizer_reference/events.in","prepared","exposure.csv","assumptions.csv","existing source configuration and parameter mapping; model execution not validated",TRUE,0,0,0.161370913564173,0.185259490109117,NA,0,0,7,NA,NA,NA
"420343","organic_substitution","events/420343/organic_substitution/events.in","fertilizer_reference","events/420343/fertilizer_reference/events.in","prepared_with_assumptions","exposure.csv","assumptions.csv","existing source configuration and parameter mapping; model execution not validated",TRUE,8.7768,1.0971,0.0294717199139608,0.0425249438771025,NA,0.286491666471695,0.103407992877307,7,NA,NA,NA
"420343","tillage_reduced","events/420343/tillage_reduced/events.in","tillage_reference","events/420343/tillage_reference/events.in","prepared","exposure.csv","assumptions.csv","existing source configuration and parameter mapping; model execution not validated",TRUE,2.5319,0.3164875,-0.0351884116777148,-0.0384265114841006,NA,0.0926488888258103,0.0913363853330004,7,NA,NA,NA
"420343","tillage_zero","events/420343/tillage_zero/events.in","tillage_reference","events/420343/tillage_reference/events.in","prepared","exposure.csv","assumptions.csv","existing source configuration and parameter mapping; model execution not validated",TRUE,2.9421,0.3677625,-0.0427261245077028,-0.044890456702333,NA,0.10688304139792,0.105384843725293,7,NA,NA,NA
"415399","mineral_N_zero","events/415399/mineral_N_zero/events.in","fertilizer_reference","events/415399/fertilizer_reference/events.in","prepared","exposure.csv","assumptions.csv","existing source configuration and parameter mapping; model execution not validated",TRUE,0,0,-0.251364897248273,-0.266146317266724,NA,0,0,NA,NA,NA,NA
"415399","mineral_N_half","events/415399/mineral_N_half/events.in","fertilizer_reference","events/415399/fertilizer_reference/events.in","prepared","exposure.csv","assumptions.csv","existing source configuration and parameter mapping; model execution not validated",TRUE,0,0,-0.117807354375528,-0.124244744196971,NA,0,0,NA,NA,NA,NA
"415399","mineral_N_one_half","events/415399/mineral_N_one_half/events.in","fertilizer_reference","events/415399/fertilizer_reference/events.in","prepared","exposure.csv","assumptions.csv","existing source configuration and parameter mapping; model execution not validated",TRUE,0,0,0.105382477619701,0.110504614210063,NA,0,0,NA,NA,NA,NA
"415399","organic_substitution","events/415399/organic_substitution/events.in","fertilizer_reference","events/415399/fertilizer_reference/events.in","prepared_with_assumptions","exposure.csv","assumptions.csv","existing source configuration and parameter mapping; model execution not validated",TRUE,2.7646,0.345575,0.101257532189414,0.162291312983979,NA,0.182441001484871,0.114531179131094,NA,NA,NA,NA
"415399","tillage_reduced","events/415399/tillage_reduced/events.in","tillage_reference","events/415399/tillage_reference/events.in","prepared","exposure.csv","assumptions.csv","existing source configuration and parameter mapping; model execution not validated",TRUE,0.2484,0.03105,-0.0114101715899346,-0.0075338202370311,NA,0.0182674972299259,0.0188275386038181,NA,NA,NA,NA
"415399","tillage_zero","events/415399/tillage_zero/events.in","tillage_reference","events/415399/tillage_reference/events.in","prepared","exposure.csv","assumptions.csv","existing source configuration and parameter mapping; model execution not validated",TRUE,0.339,0.0423750000000001,-0.015653309444507,-0.0103018280195334,NA,0.0248480930365751,0.0256536623407213,NA,NA,NA,NA
"132390","cover_annual","events/132390/cover_annual/events.in","cover_none","events/132390/cover_none/events.in","prepared_with_assumptions","exposure.csv","assumptions.csv","preserve the site parameters in both arms; native events do not encode species traits; verify cover physiology and full termination before interpreting responses",TRUE,0.445500000000003,0.0556875000000003,0.000869585559442793,0.000854361273531067,0.00499290872711219,0.0207888292366244,0.0158592389208594,7,0.0636428571428575,NA,NA
"132390","mineral_N_zero","events/132390/mineral_N_zero/events.in","fertilizer_reference","events/132390/fertilizer_reference/events.in","prepared","exposure.csv","assumptions.csv","existing source configuration and parameter mapping; model execution not validated",TRUE,0,0,-0.380029622867522,-0.398936613811618,0,0,0,7,NA,NA,NA
"132390","mineral_N_half","events/132390/mineral_N_half/events.in","fertilizer_reference","events/132390/fertilizer_reference/events.in","prepared","exposure.csv","assumptions.csv","existing source configuration and parameter mapping; model execution not validated",TRUE,0,0,-0.172071381192043,-0.179639543521105,0,0,0,7,NA,NA,NA
"132390","mineral_N_one_half","events/132390/mineral_N_one_half/events.in","fertilizer_reference","events/132390/fertilizer_reference/events.in","prepared","exposure.csv","assumptions.csv","existing source configuration and parameter mapping; model execution not validated",TRUE,0,0,0.14673616055329,0.152207337626208,0,0,0,7,NA,NA,NA
"132390","organic_substitution","events/132390/organic_substitution/events.in","fertilizer_reference","events/132390/fertilizer_reference/events.in","prepared_with_assumptions","exposure.csv","assumptions.csv","existing source configuration and parameter mapping; model execution not validated",TRUE,4.6738,0.584225,0.114708491517926,0.142014137636412,0.092714434980844,0.199163252985215,0.0691916453781971,7,NA,NA,NA
"132390","tillage_reduced","events/132390/tillage_reduced/events.in","tillage_reference","events/132390/tillage_reference/events.in","prepared","exposure.csv","assumptions.csv","existing source configuration and parameter mapping; model execution not validated",TRUE,0.399799999999999,0.0499749999999999,-0.0266243691817356,-0.0256054986465261,0.0111176152541992,0.0191650761997751,0.0191478036463894,7,NA,NA,NA
"132390","tillage_zero","events/132390/tillage_zero/events.in","tillage_reference","events/132390/tillage_reference/events.in","prepared","exposure.csv","assumptions.csv","existing source configuration and parameter mapping; model execution not validated",TRUE,0.546199999999999,0.0682749999999999,-0.0370272176849536,-0.0355765708236382,0.0152078825126949,0.026092133508919,0.026069431668423,7,NA,NA,NA
"132390","rice_one_dry","events/132390/rice_one_dry/events.in","rice_irrigated_reference","events/132390/rice_irrigated_reference/events.in","prepared_with_assumptions","exposure.csv","assumptions.csv","preserve the same site parameters in both arms; flooding-capable configuration required; verify ponding, drying and rewetting in model outputs",TRUE,0,0,0.0017192092762114,0.00220717820477746,0,0,0,7,NA,0.0122698543732416,0
"132390","rice_two_dry","events/132390/rice_two_dry/events.in","rice_irrigated_reference","events/132390/rice_irrigated_reference/events.in","prepared_with_assumptions","exposure.csv","assumptions.csv","preserve the same site parameters in both arms; flooding-capable configuration required; verify ponding, drying and rewetting in model outputs",TRUE,0,0,0.0030881827309517,0.00399571693352787,6.22303481182345e-07,0,0,7,NA,0.0208197887762286,0
"514070","mineral_N_zero","events/514070/mineral_N_zero/events.in","fertilizer_reference","events/514070/fertilizer_reference/events.in","prepared","exposure.csv","assumptions.csv","existing source configuration and parameter mapping; model execution not validated",TRUE,0,0,-0.348341789825411,-0.412019333180201,NA,0,0,NA,NA,NA,NA
"514070","mineral_N_half","events/514070/mineral_N_half/events.in","fertilizer_reference","events/514070/fertilizer_reference/events.in","prepared","exposure.csv","assumptions.csv","existing source configuration and parameter mapping; model execution not validated",TRUE,0,0,-0.159101738932166,-0.184952980950183,NA,0,0,NA,NA,NA,NA
"514070","mineral_N_one_half","events/514070/mineral_N_one_half/events.in","fertilizer_reference","events/514070/fertilizer_reference/events.in","prepared","exposure.csv","assumptions.csv","existing source configuration and parameter mapping; model execution not validated",TRUE,0,0,0.137229949085507,0.156035092062763,NA,0,0,NA,NA,NA,NA
"514070","organic_substitution","events/514070/organic_substitution/events.in","fertilizer_reference","events/514070/fertilizer_reference/events.in","prepared_with_assumptions","exposure.csv","assumptions.csv","existing source configuration and parameter mapping; model execution not validated",TRUE,3.1305,0.3913125,0.165678966423776,0.183534015046589,NA,0.119756167607212,0.0706187156933953,NA,NA,NA,NA
"514070","tillage_reduced","events/514070/tillage_reduced/events.in","tillage_reference","events/514070/tillage_reference/events.in","prepared","exposure.csv","assumptions.csv","existing source configuration and parameter mapping; model execution not validated",TRUE,0.405800000000003,0.0507250000000004,-0.00760702643059507,-0.00842754810334982,NA,0.0165661459285101,0.0161459274235526,NA,NA,NA,NA
"514070","tillage_zero","events/514070/tillage_zero/events.in","tillage_reference","events/514070/tillage_reference/events.in","prepared","exposure.csv","assumptions.csv","existing source configuration and parameter mapping; model execution not validated",TRUE,0.520700000000001,0.0650875000000002,-0.0104822642410422,-0.0108723564907926,NA,0.0212073314787037,0.0207050054207248,NA,NA,NA,NA
"52519","cover_annual","events/52519/cover_annual/events.in","cover_none","events/52519/cover_none/events.in","prepared_with_assumptions","exposure.csv","assumptions.csv","preserve the site parameters in both arms; native events do not encode species traits; verify cover physiology and full termination before interpreting responses",TRUE,0.187100000000015,0.0233875000000019,0.00652311018947162,0.00919409411395801,NA,0.00122450744589085,0.000567950056649913,8,0.0233875000000019,NA,NA
"52519","mineral_N_zero","events/52519/mineral_N_zero/events.in","fertilizer_reference","events/52519/fertilizer_reference/events.in","prepared","exposure.csv","assumptions.csv","existing source configuration and parameter mapping; model execution not validated",TRUE,0,0,-0.101424556374869,-0.113693302093748,NA,0,0,8,NA,NA,NA
"52519","mineral_N_half","events/52519/mineral_N_half/events.in","fertilizer_reference","events/52519/fertilizer_reference/events.in","prepared","exposure.csv","assumptions.csv","existing source configuration and parameter mapping; model execution not validated",TRUE,0,0,-0.0494280004921304,-0.0552321757950412,NA,0,0,8,NA,NA,NA
"52519","mineral_N_one_half","events/52519/mineral_N_one_half/events.in","fertilizer_reference","events/52519/fertilizer_reference/events.in","prepared","exposure.csv","assumptions.csv","existing source configuration and parameter mapping; model execution not validated",TRUE,0,0,0.0470980915061689,0.0523402117167105,NA,0,0,8,NA,NA,NA
"52519","organic_substitution","events/52519/organic_substitution/events.in","fertilizer_reference","events/52519/fertilizer_reference/events.in","prepared_with_assumptions","exposure.csv","assumptions.csv","existing source configuration and parameter mapping; model execution not validated",TRUE,4.10560000000001,0.513200000000001,0.0421845236049666,0.0409627316425039,NA,0.0265311635376266,0.00876588136501719,8,NA,NA,NA
"52519","tillage_reduced","events/52519/tillage_reduced/events.in","tillage_reference","events/52519/tillage_reference/events.in","prepared","exposure.csv","assumptions.csv","existing source configuration and parameter mapping; model execution not validated",TRUE,4.7834,0.597925,-0.0219577695425907,-0.0234873727117056,NA,0.0311228209689147,0.0309305695295081,8,NA,NA,NA
"52519","tillage_zero","events/52519/tillage_zero/events.in","tillage_reference","events/52519/tillage_reference/events.in","prepared","exposure.csv","assumptions.csv","existing source configuration and parameter mapping; model execution not validated",TRUE,5.55440000000002,0.694300000000002,-0.0270227253862659,-0.0277181479927878,NA,0.036049855377637,0.0358299915542991,8,NA,NA,NA
"90","mineral_N_zero","events/90/mineral_N_zero/events.in","fertilizer_reference","events/90/fertilizer_reference/events.in","prepared","exposure.csv","assumptions.csv","existing source configuration and parameter mapping; model execution not validated",TRUE,0,0,-0.188433929252302,-0.193280135357897,NA,0,0,NA,NA,NA,NA
"90","mineral_N_half","events/90/mineral_N_half/events.in","fertilizer_reference","events/90/fertilizer_reference/events.in","prepared","exposure.csv","assumptions.csv","existing source configuration and parameter mapping; model execution not validated",TRUE,0,0,-0.0897914509924408,-0.0919766602835763,NA,0,0,NA,NA,NA,NA
"90","mineral_N_one_half","events/90/mineral_N_one_half/events.in","fertilizer_reference","events/90/fertilizer_reference/events.in","prepared","exposure.csv","assumptions.csv","existing source configuration and parameter mapping; model execution not validated",TRUE,0,0,0.082396428691813,0.0842294031017975,NA,0,0,NA,NA,NA,NA
"90","organic_substitution","events/90/organic_substitution/events.in","fertilizer_reference","events/90/fertilizer_reference/events.in","prepared_with_assumptions","exposure.csv","assumptions.csv","existing source configuration and parameter mapping; model execution not validated",TRUE,2.654,0.33175,0.287377108711254,0.380211728406232,NA,0.121442033992804,0.0766688009342812,NA,NA,NA,NA
"90","tillage_reduced","events/90/tillage_reduced/events.in","tillage_reference","events/90/tillage_reference/events.in","prepared","exposure.csv","assumptions.csv","existing source configuration and parameter mapping; model execution not validated",TRUE,0.208499999999997,0.0260624999999997,-0.0089561231773797,-0.00836397167542146,NA,0.0102317367035643,0.0101267379969618,NA,NA,NA,NA
"90","tillage_zero","events/90/tillage_zero/events.in","tillage_reference","events/90/tillage_reference/events.in","prepared","exposure.csv","assumptions.csv","existing source configuration and parameter mapping; model execution not validated",TRUE,0.280199999999997,0.0350249999999996,-0.0119907117457529,-0.0112373805235065,NA,0.0137262243845752,0.013622353044214,NA,NA,NA,NA
"248496","mineral_N_zero","events/248496/mineral_N_zero/events.in","fertilizer_reference","events/248496/fertilizer_reference/events.in","prepared","exposure.csv","assumptions.csv","existing source configuration and parameter mapping; model execution not validated",TRUE,0,0,-0.0662107359423261,-0.0682381124992591,NA,0,0,NA,NA,NA,NA
"248496","mineral_N_half","events/248496/mineral_N_half/events.in","fertilizer_reference","events/248496/fertilizer_reference/events.in","prepared","exposure.csv","assumptions.csv","existing source configuration and parameter mapping; model execution not validated",TRUE,0,0,-0.0325582473560538,-0.0335375910415496,NA,0,0,NA,NA,NA,NA
"248496","mineral_N_one_half","events/248496/mineral_N_one_half/events.in","fertilizer_reference","events/248496/fertilizer_reference/events.in","prepared","exposure.csv","assumptions.csv","existing source configuration and parameter mapping; model execution not validated",TRUE,0,0,0.031528964614379,0.0324473430755069,NA,0,0,NA,NA,NA,NA
"248496","organic_substitution","events/248496/organic_substitution/events.in","fertilizer_reference","events/248496/fertilizer_reference/events.in","prepared_with_assumptions","exposure.csv","assumptions.csv","existing source configuration and parameter mapping; model execution not validated",TRUE,4.13509999999999,0.516887499999999,-0.00834283633304885,-0.0141656869292789,NA,0.0276145109965981,0.00853199018153717,NA,NA,NA,NA
"248496","tillage_reduced","events/248496/tillage_reduced/events.in","tillage_reference","events/248496/tillage_reference/events.in","prepared","exposure.csv","assumptions.csv","existing source configuration and parameter mapping; model execution not validated",TRUE,6.21259999999998,0.776574999999998,-0.0387874318071729,-0.0385236139960132,NA,0.041548379601009,0.0415406189820864,NA,NA,NA,NA
"248496","tillage_zero","events/248496/tillage_zero/events.in","tillage_reference","events/248496/tillage_reference/events.in","prepared","exposure.csv","assumptions.csv","existing source configuration and parameter mapping; model execution not validated",TRUE,7.34879999999998,0.918599999999998,-0.0468994556505109,-0.0449712426028438,NA,0.0489637590773561,0.0489549865639133,NA,NA,NA,NA
"332581","cover_annual","events/332581/cover_annual/events.in","cover_none","events/332581/cover_none/events.in","prepared_with_assumptions","exposure.csv","assumptions.csv","preserve the site parameters in both arms; native events do not encode species traits; verify cover physiology and full termination before interpreting responses",TRUE,0.308199999999999,0.0385249999999999,-0.0114105963486322,0.00157954301910998,NA,0.023328336136285,0.0204199044721677,6,0.0513666666666666,NA,NA
"332581","mineral_N_zero","events/332581/mineral_N_zero/events.in","fertilizer_reference","events/332581/fertilizer_reference/events.in","prepared","exposure.csv","assumptions.csv","existing source configuration and parameter mapping; model execution not validated",TRUE,0,0,-0.301957850484188,-0.292756483067947,NA,0,0,6,NA,NA,NA
"332581","mineral_N_half","events/332581/mineral_N_half/events.in","fertilizer_reference","events/332581/fertilizer_reference/events.in","prepared","exposure.csv","assumptions.csv","existing source configuration and parameter mapping; model execution not validated",TRUE,0,0,-0.139617267184235,-0.135701293973006,NA,0,0,6,NA,NA,NA
"332581","mineral_N_one_half","events/332581/mineral_N_one_half/events.in","fertilizer_reference","events/332581/fertilizer_reference/events.in","prepared","exposure.csv","assumptions.csv","existing source configuration and parameter mapping; model execution not validated",TRUE,0,0,0.122495406069426,0.119457134547517,NA,0,0,6,NA,NA,NA
"332581","organic_substitution","events/332581/organic_substitution/events.in","fertilizer_reference","events/332581/fertilizer_reference/events.in","prepared_with_assumptions","exposure.csv","assumptions.csv","existing source configuration and parameter mapping; model execution not validated",TRUE,4.7525,0.5940625,0.192380657459341,0.185467356049558,NA,0.310389241747382,0.094921310960128,6,NA,NA,NA
"332581","tillage_reduced","events/332581/tillage_reduced/events.in","tillage_reference","events/332581/tillage_reference/events.in","prepared","exposure.csv","assumptions.csv","existing source configuration and parameter mapping; model execution not validated",TRUE,0.152799999999999,0.0190999999999999,-0.0106567797091196,-0.00676209329742433,NA,0.0118199016802027,0.0118646183890476,6,NA,NA,NA
"332581","tillage_zero","events/332581/tillage_zero/events.in","tillage_reference","events/332581/tillage_reference/events.in","prepared","exposure.csv","assumptions.csv","existing source configuration and parameter mapping; model execution not validated",TRUE,0.206799999999999,0.0258499999999999,-0.0145488712675639,-0.00908804999848788,NA,0.0159639038041826,0.0160191992146886,6,NA,NA,NA
"296871","cover_annual","events/296871/cover_annual/events.in","cover_none","events/296871/cover_none/events.in","prepared_with_assumptions","exposure.csv","assumptions.csv","preserve the site parameters in both arms; native events do not encode species traits; verify cover physiology and full termination before interpreting responses",TRUE,0.240400000000001,0.0300500000000001,-0.00165019362380994,0.00226194597210766,NA,0.0131020044560707,0.012487172275192,6,0.0400666666666668,NA,NA
"296871","mineral_N_zero","events/296871/mineral_N_zero/events.in","fertilizer_reference","events/296871/fertilizer_reference/events.in","prepared","exposure.csv","assumptions.csv","existing source configuration and parameter mapping; model execution not validated",TRUE,0,0,-0.374957194449589,-0.388537292256191,NA,0,0,6,NA,NA,NA
"296871","mineral_N_half","events/296871/mineral_N_half/events.in","fertilizer_reference","events/296871/fertilizer_reference/events.in","prepared","exposure.csv","assumptions.csv","existing source configuration and parameter mapping; model execution not validated",TRUE,0,0,-0.170004083648541,-0.175512665888145,NA,0,0,6,NA,NA,NA
"296871","mineral_N_one_half","events/296871/mineral_N_one_half/events.in","fertilizer_reference","events/296871/fertilizer_reference/events.in","prepared","exposure.csv","assumptions.csv","existing source configuration and parameter mapping; model execution not validated",TRUE,0,0,0.145261297812279,0.149262692406549,NA,0,0,6,NA,NA,NA
"296871","organic_substitution","events/296871/organic_substitution/events.in","fertilizer_reference","events/296871/fertilizer_reference/events.in","prepared_with_assumptions","exposure.csv","assumptions.csv","existing source configuration and parameter mapping; model execution not validated",TRUE,7.1318,0.891475,-0.116972398306429,-0.0834687030651844,NA,0.330200198550819,0.0657957407788877,6,NA,NA,NA
"296871","tillage_reduced","events/296871/tillage_reduced/events.in","tillage_reference","events/296871/tillage_reference/events.in","prepared","exposure.csv","assumptions.csv","existing source configuration and parameter mapping; model execution not validated",TRUE,0.651,0.081375,-0.0197357616692406,-0.0218478110610108,NA,0.0353199993270663,0.0342962632934649,6,NA,NA,NA
"296871","tillage_zero","events/296871/tillage_zero/events.in","tillage_reference","events/296871/tillage_reference/events.in","prepared","exposure.csv","assumptions.csv","existing source configuration and parameter mapping; model execution not validated",TRUE,0.8142,0.101775,-0.0242132355777915,-0.02656621745837,NA,0.0439822439844631,0.04262509868903,6,NA,NA,NA
"488132","cover_annual","events/488132/cover_annual/events.in","cover_none","events/488132/cover_none/events.in","prepared_with_assumptions","exposure.csv","assumptions.csv","preserve the site parameters in both arms; native events do not encode species traits; verify cover physiology and full termination before interpreting responses",TRUE,0.0945999999999998,0.011825,3.07673804256351e-05,0.00070506826685774,NA,0.0111338492869558,0.0100687996250966,4,0.0236499999999999,NA,NA
"488132","mineral_N_zero","events/488132/mineral_N_zero/events.in","fertilizer_reference","events/488132/fertilizer_reference/events.in","prepared","exposure.csv","assumptions.csv","existing source configuration and parameter mapping; model execution not validated",TRUE,0,0,-0.280852593739205,-0.399706447742558,NA,0,0,4,NA,NA,NA
"488132","mineral_N_half","events/488132/mineral_N_half/events.in","fertilizer_reference","events/488132/fertilizer_reference/events.in","prepared","exposure.csv","assumptions.csv","existing source configuration and parameter mapping; model execution not validated",TRUE,0,0,-0.130606391614764,-0.180019328522039,NA,0,0,4,NA,NA,NA
"488132","mineral_N_one_half","events/488132/mineral_N_one_half/events.in","fertilizer_reference","events/488132/fertilizer_reference/events.in","prepared","exposure.csv","assumptions.csv","existing source configuration and parameter mapping; model execution not validated",TRUE,0,0,0.115498249718845,0.152502055854699,NA,0,0,4,NA,NA,NA
"488132","organic_substitution","events/488132/organic_substitution/events.in","fertilizer_reference","events/488132/fertilizer_reference/events.in","prepared_with_assumptions","exposure.csv","assumptions.csv","existing source configuration and parameter mapping; model execution not validated",TRUE,5.2314,0.653925,0.000740587178196472,-0.00374671200396158,NA,0.481897957085824,0.12391751346799,4,NA,NA,NA
"488132","tillage_reduced","events/488132/tillage_reduced/events.in","tillage_reference","events/488132/tillage_reference/events.in","prepared","exposure.csv","assumptions.csv","existing source configuration and parameter mapping; model execution not validated",TRUE,0.2592,0.0324,-0.0145302902968551,-0.0090955129813693,NA,0.0312744162319814,0.0312759258246575,4,NA,NA,NA
"488132","tillage_zero","events/488132/tillage_zero/events.in","tillage_reference","events/488132/tillage_reference/events.in","prepared","exposure.csv","assumptions.csv","existing source configuration and parameter mapping; model execution not validated",TRUE,0.350999999999999,0.0438749999999999,-0.0198351481895062,-0.012391374537783,NA,0.0421203301386196,0.0421106008236103,4,NA,NA,NA
"589918","cover_annual","events/589918/cover_annual/events.in","cover_none","events/589918/cover_none/events.in","prepared_with_assumptions","exposure.csv","assumptions.csv","preserve the site parameters in both arms; native events do not encode species traits; verify cover physiology and full termination before interpreting responses",TRUE,0.250799999999998,0.0313499999999998,-0.00798962512366424,-0.00368948233047497,NA,0.00747107998233433,0.00908741619623909,6,0.0417999999999997,NA,NA
"589918","mineral_N_zero","events/589918/mineral_N_zero/events.in","fertilizer_reference","events/589918/fertilizer_reference/events.in","prepared","exposure.csv","assumptions.csv","existing source configuration and parameter mapping; model execution not validated",TRUE,0,0,-0.182954261798063,-0.300806278526083,NA,0,0,6,NA,NA,NA
"589918","mineral_N_half","events/589918/mineral_N_half/events.in","fertilizer_reference","events/589918/fertilizer_reference/events.in","prepared","exposure.csv","assumptions.csv","existing source configuration and parameter mapping; model execution not validated",TRUE,0,0,-0.0873023849496202,-0.139135456134589,NA,0,0,6,NA,NA,NA
"589918","mineral_N_one_half","events/589918/mineral_N_one_half/events.in","fertilizer_reference","events/589918/fertilizer_reference/events.in","prepared","exposure.csv","assumptions.csv","existing source configuration and parameter mapping; model execution not validated",TRUE,0,0,0.0802860305837618,0.122120179472593,NA,0,0,6,NA,NA,NA
"589918","organic_substitution","events/589918/organic_substitution/events.in","fertilizer_reference","events/589918/fertilizer_reference/events.in","prepared_with_assumptions","exposure.csv","assumptions.csv","existing source configuration and parameter mapping; model execution not validated",TRUE,6.159,0.769875,0.100982622127611,0.0895156832216252,NA,0.1690315446606,0.0585639487113667,6,NA,NA,NA
"589918","tillage_reduced","events/589918/tillage_reduced/events.in","tillage_reference","events/589918/tillage_reference/events.in","prepared","exposure.csv","assumptions.csv","existing source configuration and parameter mapping; model execution not validated",TRUE,1.8927,0.236587500000001,-0.0358164008068942,-0.0363261662204239,NA,0.0553733269334219,0.0545542030306119,6,NA,NA,NA
"589918","tillage_zero","events/589918/tillage_zero/events.in","tillage_reference","events/589918/tillage_reference/events.in","prepared","exposure.csv","assumptions.csv","existing source configuration and parameter mapping; model execution not validated",TRUE,2.1266,0.265825,-0.0408372155797936,-0.0407545494662067,NA,0.0620082946473463,0.061113964970091,6,NA,NA,NA
"142350","mineral_N_zero","events/142350/mineral_N_zero/events.in","fertilizer_reference","events/142350/fertilizer_reference/events.in","prepared","exposure.csv","assumptions.csv","existing source configuration and parameter mapping; model execution not validated",TRUE,0,0,-0.110257297652685,-0.105389001247539,NA,0,0,NA,NA,NA,NA
"142350","mineral_N_half","events/142350/mineral_N_half/events.in","fertilizer_reference","events/142350/fertilizer_reference/events.in","prepared","exposure.csv","assumptions.csv","existing source configuration and parameter mapping; model execution not validated",TRUE,0,0,-0.0536079351350237,-0.0513065461396587,NA,0,0,NA,NA,NA,NA
"142350","mineral_N_one_half","events/142350/mineral_N_one_half/events.in","fertilizer_reference","events/142350/fertilizer_reference/events.in","prepared","exposure.csv","assumptions.csv","existing source configuration and parameter mapping; model execution not validated",TRUE,0,0,0.0508818615713696,0.0488023343874161,NA,0,0,NA,NA,NA,NA
"142350","organic_substitution","events/142350/organic_substitution/events.in","fertilizer_reference","events/142350/fertilizer_reference/events.in","prepared_with_assumptions","exposure.csv","assumptions.csv","existing source configuration and parameter mapping; model execution not validated",TRUE,3.0622,0.382775000000001,-0.0200761055587945,0.000268994654499566,NA,0.0290027478499106,0.0150015880338049,NA,NA,NA,NA
"142350","tillage_reduced","events/142350/tillage_reduced/events.in","tillage_reference","events/142350/tillage_reference/events.in","prepared","exposure.csv","assumptions.csv","existing source configuration and parameter mapping; model execution not validated",TRUE,2.63770000000001,0.329712500000001,-0.0290969754614111,-0.0262078135524574,NA,0.025410666753523,0.0254081802467259,NA,NA,NA,NA
"142350","tillage_zero","events/142350/tillage_zero/events.in","tillage_reference","events/142350/tillage_reference/events.in","prepared","exposure.csv","assumptions.csv","existing source configuration and parameter mapping; model execution not validated",TRUE,3.18260000000001,0.397825000000001,-0.0346901359587342,-0.0310386339353011,NA,0.0305805197526545,0.0305771751984255,NA,NA,NA,NA
"535358","cover_annual","events/535358/cover_annual/events.in","cover_none","events/535358/cover_none/events.in","prepared_with_assumptions","exposure.csv","assumptions.csv","preserve the site parameters in both arms; native events do not encode species traits; verify cover physiology and full termination before interpreting responses",TRUE,0.628500000000003,0.0785625000000003,0.0228852939118679,-0.00755924850932718,0.00220808518685775,0.0232440028587672,0.0186778342892019,8,0.0785625000000003,NA,NA
"535358","mineral_N_zero","events/535358/mineral_N_zero/events.in","fertilizer_reference","events/535358/fertilizer_reference/events.in","prepared","exposure.csv","assumptions.csv","existing source configuration and parameter mapping; model execution not validated",TRUE,0,0,-0.410231779043017,-0.438969202773874,0,0,0,8,NA,NA,NA
"535358","mineral_N_half","events/535358/mineral_N_half/events.in","fertilizer_reference","events/535358/fertilizer_reference/events.in","prepared","exposure.csv","assumptions.csv","existing source configuration and parameter mapping; model execution not validated",TRUE,0,0,-0.184246896692356,-0.195593459951223,0,0,0,8,NA,NA,NA
"535358","mineral_N_one_half","events/535358/mineral_N_one_half/events.in","fertilizer_reference","events/535358/fertilizer_reference/events.in","prepared","exposure.csv","assumptions.csv","existing source configuration and parameter mapping; model execution not validated",TRUE,0,0,0.156202842022089,0.16367852942814,0,0,0,8,NA,NA,NA
"535358","organic_substitution","events/535358/organic_substitution/events.in","fertilizer_reference","events/535358/fertilizer_reference/events.in","prepared_with_assumptions","exposure.csv","assumptions.csv","existing source configuration and parameter mapping; model execution not validated",TRUE,5.4268,0.67835,0.243720008844763,0.383569328446332,0.0873084089841903,0.184024667350102,0.0792825884061511,8,NA,NA,NA
"535358","tillage_reduced","events/535358/tillage_reduced/events.in","tillage_reference","events/535358/tillage_reference/events.in","prepared","exposure.csv","assumptions.csv","existing source configuration and parameter mapping; model execution not validated",TRUE,0.542400000000001,0.0678000000000001,-0.0210633073756022,-0.00695023354526153,0.0076854248574553,0.0202210853478802,0.0201923688508354,8,NA,NA,NA
"535358","tillage_zero","events/535358/tillage_zero/events.in","tillage_reference","events/535358/tillage_reference/events.in","prepared","exposure.csv","assumptions.csv","existing source configuration and parameter mapping; model execution not validated",TRUE,0.670200000000001,0.0837750000000002,-0.0250943199808819,-0.00826164425160735,0.00947179400016296,0.0249266298466302,0.0248848403771172,8,NA,NA,NA
"535358","rice_one_dry","events/535358/rice_one_dry/events.in","rice_irrigated_reference","events/535358/rice_irrigated_reference/events.in","prepared_with_assumptions","exposure.csv","assumptions.csv","preserve the same site parameters in both arms; flooding-capable configuration required; verify ponding, drying and rewetting in model outputs",TRUE,0.000199999999999534,2.49999999999417e-05,0.0058354980921525,0.00296396743995372,2.75901265989748e-05,7.4581782653345e-06,7.47269663470147e-06,8,NA,0.0123492014967535,8.14560098685758e-07
"535358","rice_two_dry","events/535358/rice_two_dry/events.in","rice_irrigated_reference","events/535358/rice_irrigated_reference/events.in","prepared_with_assumptions","exposure.csv","assumptions.csv","preserve the same site parameters in both arms; flooding-capable configuration required; verify ponding, drying and rewetting in model outputs",TRUE,0.00140000000000029,0.000175000000000036,0.00722018286307434,0.00343708341678139,0.00016828793277302,5.22060797826524e-05,5.23077038157869e-05,8,NA,0.0189583648408132,8.96012459457927e-06
"321992","cover_annual","events/321992/cover_annual/events.in","cover_none","events/321992/cover_none/events.in","prepared_with_assumptions","exposure.csv","assumptions.csv","preserve the site parameters in both arms; native events do not encode species traits; verify cover physiology and full termination before interpreting responses",TRUE,0.2148,0.02685,-0.00405757039024175,0.00133564537256399,NA,0.0130007944088418,0.0112347100341723,6,0.0358000000000001,NA,NA
"321992","mineral_N_zero","events/321992/mineral_N_zero/events.in","fertilizer_reference","events/321992/fertilizer_reference/events.in","prepared","exposure.csv","assumptions.csv","existing source configuration and parameter mapping; model execution not validated",TRUE,0,0,-0.199132009855679,-0.203710892774583,NA,0,0,6,NA,NA,NA
"321992","mineral_N_half","events/321992/mineral_N_half/events.in","fertilizer_reference","events/321992/fertilizer_reference/events.in","prepared","exposure.csv","assumptions.csv","existing source configuration and parameter mapping; model execution not validated",TRUE,0,0,-0.0946165242691399,-0.0966767478571212,NA,0,0,6,NA,NA,NA
"321992","mineral_N_one_half","events/321992/mineral_N_one_half/events.in","fertilizer_reference","events/321992/fertilizer_reference/events.in","prepared","exposure.csv","assumptions.csv","existing source configuration and parameter mapping; model execution not validated",TRUE,0,0,0.0864332415399514,0.0881509267428429,NA,0,0,6,NA,NA,NA
"321992","organic_substitution","events/321992/organic_substitution/events.in","fertilizer_reference","events/321992/fertilizer_reference/events.in","prepared_with_assumptions","exposure.csv","assumptions.csv","existing source configuration and parameter mapping; model execution not validated",TRUE,6.3399,0.7924875,0.0306902713627913,0.0237086182091766,NA,0.326586653206932,0.0817746768072722,6,NA,NA,NA
"321992","tillage_reduced","events/321992/tillage_reduced/events.in","tillage_reference","events/321992/tillage_reference/events.in","prepared","exposure.csv","assumptions.csv","existing source configuration and parameter mapping; model execution not validated",TRUE,0.532,0.0665,-0.0158004434840483,-0.0152102887870081,NA,0.0324143914546374,0.0324528902031254,6,NA,NA,NA
"321992","tillage_zero","events/321992/tillage_zero/events.in","tillage_reference","events/321992/tillage_reference/events.in","prepared","exposure.csv","assumptions.csv","existing source configuration and parameter mapping; model execution not validated",TRUE,0.633099999999999,0.0791374999999999,-0.0187642362442697,-0.0179479911382294,NA,0.0384572837648697,0.038497989352741,6,NA,NA,NA
"589581","cover_annual","events/589581/cover_annual/events.in","cover_none","events/589581/cover_none/events.in","prepared_with_assumptions","exposure.csv","assumptions.csv","preserve the site parameters in both arms; native events do not encode species traits; verify cover physiology and full termination before interpreting responses",TRUE,0.0902000000000029,0.0112750000000004,0,0.00238449562242718,NA,0.00190010800569307,0.00133995240534182,1,0.0902000000000029,NA,NA
"589581","mineral_N_zero","events/589581/mineral_N_zero/events.in","fertilizer_reference","events/589581/fertilizer_reference/events.in","prepared","exposure.csv","assumptions.csv","existing source configuration and parameter mapping; model execution not validated",TRUE,0,0,-0.240000065450936,-0.240650888534097,NA,0,0,1,NA,NA,NA
"589581","mineral_N_half","events/589581/mineral_N_half/events.in","fertilizer_reference","events/589581/fertilizer_reference/events.in","prepared","exposure.csv","assumptions.csv","existing source configuration and parameter mapping; model execution not validated",TRUE,0,0,-0.112824542032725,-0.113108145941184,NA,0,0,1,NA,NA,NA
"589581","mineral_N_one_half","events/589581/mineral_N_one_half/events.in","fertilizer_reference","events/589581/fertilizer_reference/events.in","prepared","exposure.csv","assumptions.csv","existing source configuration and parameter mapping; model execution not validated",TRUE,0,0,0.101380054400726,0.101607558400496,NA,0,0,1,NA,NA,NA
"589581","organic_substitution","events/589581/organic_substitution/events.in","fertilizer_reference","events/589581/fertilizer_reference/events.in","prepared_with_assumptions","exposure.csv","assumptions.csv","existing source configuration and parameter mapping; model execution not validated",TRUE,5.5929,0.6991125,-0.000136984197270654,-0.0178956864763044,NA,0.111478074662418,0.0321704625839015,1,NA,NA,NA
"589581","tillage_reduced","events/589581/tillage_reduced/events.in","tillage_reference","events/589581/tillage_reference/events.in","prepared","exposure.csv","assumptions.csv","existing source configuration and parameter mapping; model execution not validated",TRUE,1.23650000000001,0.154562500000001,-0.0209794121378081,-0.0267046731752122,NA,0.0261265376864465,0.026108392436747,1,NA,NA,NA
"589581","tillage_zero","events/589581/tillage_zero/events.in","tillage_reference","events/589581/tillage_reference/events.in","prepared","exposure.csv","assumptions.csv","existing source configuration and parameter mapping; model execution not validated",TRUE,1.5467,0.1933375,-0.026437771133379,-0.0328913159857036,NA,0.0325751686557209,0.0325474762429582,1,NA,NA,NA
"590073","cover_annual","events/590073/cover_annual/events.in","cover_none","events/590073/cover_none/events.in","prepared_with_assumptions","exposure.csv","assumptions.csv","preserve the site parameters in both arms; native events do not encode species traits; verify cover physiology and full termination before interpreting responses",TRUE,0.570399999999999,0.0712999999999999,0.00265178928577588,0.00685975299043236,0.010194624811476,0.0407310335879129,0.0321069683302354,7,0.0814857142857142,NA,NA
"590073","mineral_N_zero","events/590073/mineral_N_zero/events.in","fertilizer_reference","events/590073/fertilizer_reference/events.in","prepared","exposure.csv","assumptions.csv","existing source configuration and parameter mapping; model execution not validated",TRUE,0,0,-0.661832920241914,-0.725426845252875,0,0,0,7,NA,NA,NA
"590073","mineral_N_half","events/590073/mineral_N_half/events.in","fertilizer_reference","events/590073/fertilizer_reference/events.in","prepared","exposure.csv","assumptions.csv","existing source configuration and parameter mapping; model execution not validated",TRUE,0,0,-0.277080404274701,-0.298262945531524,0,0,0,7,NA,NA,NA
"590073","mineral_N_one_half","events/590073/mineral_N_one_half/events.in","fertilizer_reference","events/590073/fertilizer_reference/events.in","prepared","exposure.csv","assumptions.csv","existing source configuration and parameter mapping; model execution not validated",TRUE,0,0,0.216710468257282,0.229446901816889,0,0,0,7,NA,NA,NA
"590073","organic_substitution","events/590073/organic_substitution/events.in","fertilizer_reference","events/590073/fertilizer_reference/events.in","prepared_with_assumptions","exposure.csv","assumptions.csv","existing source configuration and parameter mapping; model execution not validated",TRUE,6.7828,0.84785,0.0469931028445174,0.0596006317575431,0.178537560254628,0.401687550847137,0.113579687188708,7,NA,NA,NA
"590073","tillage_reduced","events/590073/tillage_reduced/events.in","tillage_reference","events/590073/tillage_reference/events.in","prepared","exposure.csv","assumptions.csv","existing source configuration and parameter mapping; model execution not validated",TRUE,0.238999999999999,0.0298749999999999,-0.0229937536081745,-0.0180162140487941,0.010299990429844,0.0175532007395195,0.0164584985602318,7,NA,NA,NA
"590073","tillage_zero","events/590073/tillage_zero/events.in","tillage_reference","events/590073/tillage_reference/events.in","prepared","exposure.csv","assumptions.csv","existing source configuration and parameter mapping; model execution not validated",TRUE,0.307599999999999,0.0384499999999999,-0.0321100901379529,-0.0248886838709286,0.0135948241001229,0.0225350918123128,0.0211644943891797,7,NA,NA,NA
"590073","rice_one_dry","events/590073/rice_one_dry/events.in","rice_irrigated_reference","events/590073/rice_irrigated_reference/events.in","prepared_with_assumptions","exposure.csv","assumptions.csv","preserve the same site parameters in both arms; flooding-capable configuration required; verify ponding, drying and rewetting in model outputs",TRUE,0.000299999999999301,3.74999999999126e-05,0.00219584581048801,0.00154801772112168,-0.000593806655545276,2.13808463259844e-05,2.18473380846801e-05,7,NA,0.0173922862694482,-0.00163302644263562
"590073","rice_two_dry","events/590073/rice_two_dry/events.in","rice_irrigated_reference","events/590073/rice_irrigated_reference/events.in","prepared_with_assumptions","exposure.csv","assumptions.csv","preserve the same site parameters in both arms; flooding-capable configuration required; verify ponding, drying and rewetting in model outputs",TRUE,0.000199999999999534,2.49999999999417e-05,0.0026285213235516,0.00195824305945429,-0.000161160909874945,1.42539483439344e-05,1.45649450902708e-05,7,NA,0.0182594278536695,-0.000445446811097668
"437146","mineral_N_zero","events/437146/mineral_N_zero/events.in","fertilizer_reference","events/437146/fertilizer_reference/events.in","prepared","exposure.csv","assumptions.csv","existing source configuration and parameter mapping; model execution not validated",TRUE,0,0,-0.0888076705107656,-0.102991936836513,NA,0,0,NA,NA,NA,NA
"437146","mineral_N_half","events/437146/mineral_N_half/events.in","fertilizer_reference","events/437146/fertilizer_reference/events.in","prepared","exposure.csv","assumptions.csv","existing source configuration and parameter mapping; model execution not validated",TRUE,0,0,-0.0433867320596348,-0.0501647346544207,NA,0,0,NA,NA,NA,NA
"437146","mineral_N_one_half","events/437146/mineral_N_one_half/events.in","fertilizer_reference","events/437146/fertilizer_reference/events.in","prepared","exposure.csv","assumptions.csv","existing source configuration and parameter mapping; model execution not validated",TRUE,0,0,0.0416599467653921,0.0477846591310084,NA,0,0,NA,NA,NA,NA
"437146","organic_substitution","events/437146/organic_substitution/events.in","fertilizer_reference","events/437146/fertilizer_reference/events.in","prepared_with_assumptions","exposure.csv","assumptions.csv","existing source configuration and parameter mapping; model execution not validated",TRUE,3.3533,0.419162500000001,0.203272149844478,0.24300278738216,NA,0.0445927697245643,0.0209456556195674,NA,NA,NA,NA
"437146","tillage_reduced","events/437146/tillage_reduced/events.in","tillage_reference","events/437146/tillage_reference/events.in","prepared","exposure.csv","assumptions.csv","existing source configuration and parameter mapping; model execution not validated",TRUE,0.901800000000009,0.112725000000001,-0.0297372489507881,-0.0212194985816335,NA,0.0122920358301436,0.0113933588279181,NA,NA,NA,NA
"437146","tillage_zero","events/437146/tillage_zero/events.in","tillage_reference","events/437146/tillage_reference/events.in","prepared","exposure.csv","assumptions.csv","existing source configuration and parameter mapping; model execution not validated",TRUE,1.09990000000001,0.137487500000001,-0.038456894057903,-0.0264480022310965,NA,0.0149721266444115,0.0139115632997653,NA,NA,NA,NA
"14","cover_annual","events/14/cover_annual/events.in","cover_none","events/14/cover_none/events.in","prepared_with_assumptions","exposure.csv","assumptions.csv","preserve the site parameters in both arms; native events do not encode species traits; verify cover physiology and full termination before interpreting responses",TRUE,0.332599999999999,0.0415749999999999,0.0237615595829879,0.0149489741022164,NA,0.0137955534286872,0.0139995975914361,4,0.0831499999999998,NA,NA
"14","mineral_N_zero","events/14/mineral_N_zero/events.in","fertilizer_reference","events/14/fertilizer_reference/events.in","prepared","exposure.csv","assumptions.csv","existing source configuration and parameter mapping; model execution not validated",TRUE,0,0,-0.391768702652582,-0.390731522051014,NA,0,0,4,NA,NA,NA
"14","mineral_N_half","events/14/mineral_N_half/events.in","fertilizer_reference","events/14/fertilizer_reference/events.in","prepared","exposure.csv","assumptions.csv","existing source configuration and parameter mapping; model execution not validated",TRUE,0,0,-0.176813917640049,-0.176395117874944,NA,0,0,4,NA,NA,NA
"14","mineral_N_one_half","events/14/mineral_N_one_half/events.in","fertilizer_reference","events/14/fertilizer_reference/events.in","prepared","exposure.csv","assumptions.csv","existing source configuration and parameter mapping; model execution not validated",TRUE,0,0,0.150202716606491,0.149901695138826,NA,0,0,4,NA,NA,NA
"14","organic_substitution","events/14/organic_substitution/events.in","fertilizer_reference","events/14/fertilizer_reference/events.in","prepared_with_assumptions","exposure.csv","assumptions.csv","existing source configuration and parameter mapping; model execution not validated",TRUE,3.1711,0.3963875,-0.126993824590407,-0.0828093441348089,NA,0.124326614241219,0.0695760841697251,4,NA,NA,NA
"14","tillage_reduced","events/14/tillage_reduced/events.in","tillage_reference","events/14/tillage_reference/events.in","prepared","exposure.csv","assumptions.csv","existing source configuration and parameter mapping; model execution not validated",TRUE,0.921000000000003,0.115125,-0.0302665346677365,-0.0192085605168371,NA,0.0386067417834697,0.0384733028227426,4,NA,NA,NA
"14","tillage_zero","events/14/tillage_zero/events.in","tillage_reference","events/14/tillage_reference/events.in","prepared","exposure.csv","assumptions.csv","existing source configuration and parameter mapping; model execution not validated",TRUE,1.126,0.14075,-0.0364643289574066,-0.0230626583826928,NA,0.047000896362824,0.0468355494977643,4,NA,NA,NA
"96038","cover_annual","events/96038/cover_annual/events.in","cover_none","events/96038/cover_none/events.in","prepared_with_assumptions","exposure.csv","assumptions.csv","preserve the site parameters in both arms; native events do not encode species traits; verify cover physiology and full termination before interpreting responses",TRUE,5.26169999999999,0.657712499999999,-0.0530999326943176,-0.116875728873204,NA,0.0610565545277813,0.0386779157164679,4,1.315425,NA,NA
"96038","mineral_N_zero","events/96038/mineral_N_zero/events.in","fertilizer_reference","events/96038/fertilizer_reference/events.in","prepared","exposure.csv","assumptions.csv","existing source configuration and parameter mapping; model execution not validated",TRUE,0,0,-0.707976657408418,-0.769352809920143,NA,0,0,4,NA,NA,NA
"96038","mineral_N_half","events/96038/mineral_N_half/events.in","fertilizer_reference","events/96038/fertilizer_reference/events.in","prepared","exposure.csv","assumptions.csv","existing source configuration and parameter mapping; model execution not validated",TRUE,0,0,-0.292603281655261,-0.312446489221898,NA,0,0,4,NA,NA,NA
"96038","mineral_N_one_half","events/96038/mineral_N_one_half/events.in","fertilizer_reference","events/96038/fertilizer_reference/events.in","prepared","exposure.csv","assumptions.csv","existing source configuration and parameter mapping; model execution not validated",TRUE,0,0,0.226096507494268,0.23772101618797,NA,0,0,4,NA,NA,NA
"96038","organic_substitution","events/96038/organic_substitution/events.in","fertilizer_reference","events/96038/fertilizer_reference/events.in","prepared_with_assumptions","exposure.csv","assumptions.csv","existing source configuration and parameter mapping; model execution not validated",TRUE,18.9805,2.3725625,-0.58655719322029,-0.595865222209756,NA,0.204663226382516,0.0129788438276936,4,NA,NA,NA
"96038","tillage_reduced","events/96038/tillage_reduced/events.in","tillage_reference","events/96038/tillage_reference/events.in","prepared","exposure.csv","assumptions.csv","existing source configuration and parameter mapping; model execution not validated",TRUE,0.607100000000003,0.0758875000000003,-0.0252321233639253,-0.0309119807945746,NA,0.00729887686278335,0.00628029312163344,4,NA,NA,NA
"96038","tillage_zero","events/96038/tillage_zero/events.in","tillage_reference","events/96038/tillage_reference/events.in","prepared","exposure.csv","assumptions.csv","existing source configuration and parameter mapping; model execution not validated",TRUE,0.832599999999999,0.104075,-0.0345100731034446,-0.0424930656505062,NA,0.00999644536506675,0.00858541014390471,4,NA,NA,NA
"155097","cover_annual","events/155097/cover_annual/events.in","cover_none","events/155097/cover_none/events.in","prepared_with_assumptions","exposure.csv","assumptions.csv","preserve the site parameters in both arms; native events do not encode species traits; verify cover physiology and full termination before interpreting responses",TRUE,0.471900000000005,0.0589875000000006,0.0332700817829923,0.028021503622108,-0.00377950777813067,0.00476852771814103,0.00507235653828278,8,0.0589875000000006,NA,NA
"155097","mineral_N_zero","events/155097/mineral_N_zero/events.in","fertilizer_reference","events/155097/fertilizer_reference/events.in","prepared","exposure.csv","assumptions.csv","existing source configuration and parameter mapping; model execution not validated",TRUE,0,0,-0.0780345942291229,-0.174861604219845,0,0,0,8,NA,NA,NA
"155097","mineral_N_half","events/155097/mineral_N_half/events.in","fertilizer_reference","events/155097/fertilizer_reference/events.in","prepared","exposure.csv","assumptions.csv","existing source configuration and parameter mapping; model execution not validated",TRUE,0,0,-0.0382667475783935,-0.0836210913015707,0,0,0,8,NA,NA,NA
"155097","mineral_N_one_half","events/155097/mineral_N_one_half/events.in","fertilizer_reference","events/155097/fertilizer_reference/events.in","prepared","exposure.csv","assumptions.csv","existing source configuration and parameter mapping; model execution not validated",TRUE,0,0,0.0368151936587285,0.0771423581162615,0,0,0,8,NA,NA,NA
"155097","organic_substitution","events/155097/organic_substitution/events.in","fertilizer_reference","events/155097/fertilizer_reference/events.in","prepared_with_assumptions","exposure.csv","assumptions.csv","existing source configuration and parameter mapping; model execution not validated",TRUE,5.85939999999999,0.732424999999999,0.115436559758246,0.0440754290992351,0.0191421756200617,0.0576558532636663,0.0159263914247902,8,NA,NA,NA
"155097","tillage_reduced","events/155097/tillage_reduced/events.in","tillage_reference","events/155097/tillage_reference/events.in","prepared","exposure.csv","assumptions.csv","existing source configuration and parameter mapping; model execution not validated",TRUE,1.6863,0.2107875,-0.0263191250893006,-0.0219921113279418,0.00653578530574236,0.0171773565909807,0.0168637646152887,8,NA,NA,NA
"155097","tillage_zero","events/155097/tillage_zero/events.in","tillage_reference","events/155097/tillage_reference/events.in","prepared","exposure.csv","assumptions.csv","existing source configuration and parameter mapping; model execution not validated",TRUE,2.13200000000001,0.266500000000001,-0.0290072912532504,-0.026272293166012,0.00812107356879813,0.0216685714205773,0.0212792568822411,8,NA,NA,NA
"155097","rice_one_dry","events/155097/rice_one_dry/events.in","rice_irrigated_reference","events/155097/rice_irrigated_reference/events.in","prepared_with_assumptions","exposure.csv","assumptions.csv","preserve the same site parameters in both arms; flooding-capable configuration required; verify ponding, drying and rewetting in model outputs",TRUE,0,0,0.000184783755065232,0.000109003102407642,0,0,0,8,NA,0.0116258765645507,0
"155097","rice_two_dry","events/155097/rice_two_dry/events.in","rice_irrigated_reference","events/155097/rice_irrigated_reference/events.in","prepared_with_assumptions","exposure.csv","assumptions.csv","preserve the same site parameters in both arms; flooding-capable configuration required; verify ponding, drying and rewetting in model outputs",TRUE,0,0,0.00033137477214553,0.000195482356910384,0,0,0,8,NA,0.0185737787159107,0
"30934","mineral_N_zero","events/30934/mineral_N_zero/events.in","fertilizer_reference","events/30934/fertilizer_reference/events.in","prepared","exposure.csv","assumptions.csv","existing source configuration and parameter mapping; model execution not validated",TRUE,0,0,-0.127083998639985,-0.171769282247716,NA,0,0,NA,NA,NA,NA
"30934","mineral_N_half","events/30934/mineral_N_half/events.in","fertilizer_reference","events/30934/fertilizer_reference/events.in","prepared","exposure.csv","assumptions.csv","existing source configuration and parameter mapping; model execution not validated",TRUE,0,0,-0.0615264048902554,-0.0822025745129678,NA,0,0,NA,NA,NA,NA
"30934","mineral_N_one_half","events/30934/mineral_N_one_half/events.in","fertilizer_reference","events/30934/fertilizer_reference/events.in","prepared","exposure.csv","assumptions.csv","existing source configuration and parameter mapping; model execution not validated",TRUE,0,0,0.0579576629959803,0.0759549941080224,NA,0,0,NA,NA,NA,NA
"30934","organic_substitution","events/30934/organic_substitution/events.in","fertilizer_reference","events/30934/fertilizer_reference/events.in","prepared_with_assumptions","exposure.csv","assumptions.csv","existing source configuration and parameter mapping; model execution not validated",TRUE,0.9028,0.11285,0.183074546061445,0.182013873273693,NA,0.148405339557227,0.170949847133923,NA,NA,NA,NA
"30934","tillage_reduced","events/30934/tillage_reduced/events.in","tillage_reference","events/30934/tillage_reference/events.in","prepared","exposure.csv","assumptions.csv","existing source configuration and parameter mapping; model execution not validated",TRUE,0.2697,0.0337125,-0.0131982157463424,-0.00895584138166307,NA,0.0498343472722568,0.0486428407000002,NA,NA,NA,NA
"30934","tillage_zero","events/30934/tillage_zero/events.in","tillage_reference","events/30934/tillage_reference/events.in","prepared","exposure.csv","assumptions.csv","existing source configuration and parameter mapping; model execution not validated",TRUE,0.3649,0.0456124999999999,-0.0178688920985723,-0.0121282134204956,NA,0.0668484293957926,0.0653052161502038,NA,NA,NA,NA
"32528","cover_annual","events/32528/cover_annual/events.in","cover_none","events/32528/cover_none/events.in","prepared_with_assumptions","exposure.csv","assumptions.csv","preserve the site parameters in both arms; native events do not encode species traits; verify cover physiology and full termination before interpreting responses",TRUE,0.174199999999999,0.0217749999999999,-0.00893922247906601,-0.00776744384666549,NA,0.0160795053743481,0.0154910102751187,6,0.0290333333333332,NA,NA
"32528","mineral_N_zero","events/32528/mineral_N_zero/events.in","fertilizer_reference","events/32528/fertilizer_reference/events.in","prepared","exposure.csv","assumptions.csv","existing source configuration and parameter mapping; model execution not validated",TRUE,0,0,-0.202746878824312,-0.284382453251538,NA,0,0,6,NA,NA,NA
"32528","mineral_N_half","events/32528/mineral_N_half/events.in","fertilizer_reference","events/32528/fertilizer_reference/events.in","prepared","exposure.csv","assumptions.csv","existing source configuration and parameter mapping; model execution not validated",TRUE,0,0,-0.0962447420751686,-0.132116662778764,NA,0,0,6,NA,NA,NA
"32528","mineral_N_one_half","events/32528/mineral_N_one_half/events.in","fertilizer_reference","events/32528/fertilizer_reference/events.in","prepared","exposure.csv","assumptions.csv","existing source configuration and parameter mapping; model execution not validated",TRUE,0,0,0.0877873165069643,0.116680148234968,NA,0,0,6,NA,NA,NA
"32528","organic_substitution","events/32528/organic_substitution/events.in","fertilizer_reference","events/32528/fertilizer_reference/events.in","prepared_with_assumptions","exposure.csv","assumptions.csv","existing source configuration and parameter mapping; model execution not validated",TRUE,5.9771,0.7471375,0.0322017198630477,-0.00564319275019615,NA,0.44223079820444,0.12740579919784,6,NA,NA,NA
"32528","tillage_reduced","events/32528/tillage_reduced/events.in","tillage_reference","events/32528/tillage_reference/events.in","prepared","exposure.csv","assumptions.csv","existing source configuration and parameter mapping; model execution not validated",TRUE,0.2127,0.0265875,-0.00601713190266888,-0.00403028965199305,NA,0.0201271916482212,0.0201363380882589,6,NA,NA,NA
"32528","tillage_zero","events/32528/tillage_zero/events.in","tillage_reference","events/32528/tillage_reference/events.in","prepared","exposure.csv","assumptions.csv","existing source configuration and parameter mapping; model execution not validated",TRUE,0.285,0.035625,-0.00801678564279698,-0.00539588104114697,NA,0.0268775078792226,0.026889680866816,6,NA,NA,NA
"469135","cover_annual","events/469135/cover_annual/events.in","cover_none","events/469135/cover_none/events.in","prepared_with_assumptions","exposure.csv","assumptions.csv","preserve the site parameters in both arms; native events do not encode species traits; verify cover physiology and full termination before interpreting responses",TRUE,0.152000000000001,0.0190000000000001,-0.000945276923921384,-0.00243142765947655,NA,0.0019391669192431,0.00150006401157669,4,0.0380000000000003,NA,NA
"469135","mineral_N_zero","events/469135/mineral_N_zero/events.in","fertilizer_reference","events/469135/fertilizer_reference/events.in","prepared","exposure.csv","assumptions.csv","existing source configuration and parameter mapping; model execution not validated",TRUE,0,0,-0.135320716487858,-0.120412864051301,NA,0,0,4,NA,NA,NA
"469135","mineral_N_half","events/469135/mineral_N_half/events.in","fertilizer_reference","events/469135/fertilizer_reference/events.in","prepared","exposure.csv","assumptions.csv","existing source configuration and parameter mapping; model execution not validated",TRUE,0,0,-0.0653809932251799,-0.0583986987053051,NA,0,0,4,NA,NA,NA
"469135","mineral_N_one_half","events/469135/mineral_N_one_half/events.in","fertilizer_reference","events/469135/fertilizer_reference/events.in","prepared","exposure.csv","assumptions.csv","existing source configuration and parameter mapping; model execution not validated",TRUE,0,0,0.0613611644447421,0.0551768692712167,NA,0,0,4,NA,NA,NA
"469135","organic_substitution","events/469135/organic_substitution/events.in","fertilizer_reference","events/469135/fertilizer_reference/events.in","prepared_with_assumptions","exposure.csv","assumptions.csv","existing source configuration and parameter mapping; model execution not validated",TRUE,9.8428,1.23035,0.0855702699495974,0.0963089872369847,NA,0.118398930150518,0.0205288648171054,4,NA,NA,NA
"469135","tillage_reduced","events/469135/tillage_reduced/events.in","tillage_reference","events/469135/tillage_reference/events.in","prepared","exposure.csv","assumptions.csv","existing source configuration and parameter mapping; model execution not validated",TRUE,1.10199999999999,0.137749999999999,-0.0224572759767962,-0.0205918164910032,NA,0.0141642332618341,0.0138306761093663,4,NA,NA,NA
"469135","tillage_zero","events/469135/tillage_zero/events.in","tillage_reference","events/469135/tillage_reference/events.in","prepared","exposure.csv","assumptions.csv","existing source configuration and parameter mapping; model execution not validated",TRUE,1.39749999999999,0.174687499999999,-0.030679233660961,-0.0273224768966641,NA,0.0179284897956395,0.017508904681774,4,NA,NA,NA
"357428","mineral_N_zero","events/357428/mineral_N_zero/events.in","fertilizer_reference","events/357428/fertilizer_reference/events.in","prepared","exposure.csv","assumptions.csv","existing source configuration and parameter mapping; model execution not validated",TRUE,0,0,-0.114962042058841,-0.154819144903735,NA,0,0,NA,NA,NA,NA
"357428","mineral_N_half","events/357428/mineral_N_half/events.in","fertilizer_reference","events/357428/fertilizer_reference/events.in","prepared","exposure.csv","assumptions.csv","existing source configuration and parameter mapping; model execution not validated",TRUE,0,0,-0.0558409437258974,-0.0744153986643368,NA,0,0,NA,NA,NA,NA
"357428","mineral_N_one_half","events/357428/mineral_N_one_half/events.in","fertilizer_reference","events/357428/fertilizer_reference/events.in","prepared","exposure.csv","assumptions.csv","existing source configuration and parameter mapping; model execution not validated",TRUE,0,0,0.0528594207415425,0.0692473092797399,NA,0,0,NA,NA,NA,NA
"357428","organic_substitution","events/357428/organic_substitution/events.in","fertilizer_reference","events/357428/fertilizer_reference/events.in","prepared_with_assumptions","exposure.csv","assumptions.csv","existing source configuration and parameter mapping; model execution not validated",TRUE,3.6738,0.459225,0.161355665798544,0.157423698877246,NA,0.0447402374180227,0.0139804806618381,NA,NA,NA,NA
"357428","tillage_reduced","events/357428/tillage_reduced/events.in","tillage_reference","events/357428/tillage_reference/events.in","prepared","exposure.csv","assumptions.csv","existing source configuration and parameter mapping; model execution not validated",TRUE,1.10039999999999,0.137549999999999,-0.0204720147992043,-0.0167457316244063,NA,0.0138348214983664,0.0138156424710721,NA,NA,NA,NA
"357428","tillage_zero","events/357428/tillage_zero/events.in","tillage_reference","events/357428/tillage_reference/events.in","prepared","exposure.csv","assumptions.csv","existing source configuration and parameter mapping; model execution not validated",TRUE,1.51599999999999,0.189499999999999,-0.028334334874318,-0.0232480940764557,NA,0.0190105728308609,0.0189828959529901,NA,NA,NA,NA
"472163","cover_annual","events/472163/cover_annual/events.in","cover_none","events/472163/cover_none/events.in","prepared_with_assumptions","exposure.csv","assumptions.csv","preserve the site parameters in both arms; native events do not encode species traits; verify cover physiology and full termination before interpreting responses",TRUE,0.0289000000000001,0.00361250000000002,0.00106928522198047,0.000728478620122439,NA,0.000482319012468517,0.000482324647210601,2,0.0144500000000001,NA,NA
"472163","mineral_N_zero","events/472163/mineral_N_zero/events.in","fertilizer_reference","events/472163/fertilizer_reference/events.in","prepared","exposure.csv","assumptions.csv","existing source configuration and parameter mapping; model execution not validated",TRUE,0,0,-0.148880325412344,-0.13747713103283,NA,0,0,2,NA,NA,NA
"472163","mineral_N_half","events/472163/mineral_N_half/events.in","fertilizer_reference","events/472163/fertilizer_reference/events.in","prepared","exposure.csv","assumptions.csv","existing source configuration and parameter mapping; model execution not validated",TRUE,0,0,-0.0716699346296291,-0.0663774232047098,NA,0,0,2,NA,NA,NA
"472163","mineral_N_one_half","events/472163/mineral_N_one_half/events.in","fertilizer_reference","events/472163/fertilizer_reference/events.in","prepared","exposure.csv","assumptions.csv","existing source configuration and parameter mapping; model execution not validated",TRUE,0,0,0.0668816184438677,0.0622497908584501,NA,0,0,2,NA,NA,NA
"472163","organic_substitution","events/472163/organic_substitution/events.in","fertilizer_reference","events/472163/fertilizer_reference/events.in","prepared_with_assumptions","exposure.csv","assumptions.csv","existing source configuration and parameter mapping; model execution not validated",TRUE,9.2154,1.151925,-0.0071851920706581,0.0108870647085201,NA,0.143091272789835,0.0216735875424464,2,NA,NA,NA
"472163","tillage_reduced","events/472163/tillage_reduced/events.in","tillage_reference","events/472163/tillage_reference/events.in","prepared","exposure.csv","assumptions.csv","existing source configuration and parameter mapping; model execution not validated",TRUE,0.730399999999996,0.0912999999999995,-0.0176548488688731,-0.012489062362871,NA,0.0123209693349255,0.0123193967113699,2,NA,NA,NA
"472163","tillage_zero","events/472163/tillage_zero/events.in","tillage_reference","events/472163/tillage_reference/events.in","prepared","exposure.csv","assumptions.csv","existing source configuration and parameter mapping; model execution not validated",TRUE,0.9878,0.123475,-0.0240577867981344,-0.0169656290336011,NA,0.0166270736170541,0.0166238748721156,2,NA,NA,NA
"329357","cover_annual","events/329357/cover_annual/events.in","cover_none","events/329357/cover_none/events.in","prepared_with_assumptions","exposure.csv","assumptions.csv","preserve the site parameters in both arms; native events do not encode species traits; verify cover physiology and full termination before interpreting responses",TRUE,0.131,0.016375,0.00526937703273259,0.00493178245521341,NA,0.00727772903659135,0.00722253449414093,5,0.0262,NA,NA
"329357","mineral_N_zero","events/329357/mineral_N_zero/events.in","fertilizer_reference","events/329357/fertilizer_reference/events.in","prepared","exposure.csv","assumptions.csv","existing source configuration and parameter mapping; model execution not validated",TRUE,0,0,-0.4721555739427,-0.461616172265792,NA,0,0,5,NA,NA,NA
"329357","mineral_N_half","events/329357/mineral_N_half/events.in","fertilizer_reference","events/329357/fertilizer_reference/events.in","prepared","exposure.csv","assumptions.csv","existing source configuration and parameter mapping; model execution not validated",TRUE,0,0,-0.208484767326829,-0.204408534849351,NA,0,0,5,NA,NA,NA
"329357","mineral_N_one_half","events/329357/mineral_N_one_half/events.in","fertilizer_reference","events/329357/fertilizer_reference/events.in","prepared","exposure.csv","assumptions.csv","existing source configuration and parameter mapping; model execution not validated",TRUE,0,0,0.1724117486113,0.169627401193508,NA,0,0,5,NA,NA,NA
"329357","organic_substitution","events/329357/organic_substitution/events.in","fertilizer_reference","events/329357/fertilizer_reference/events.in","prepared_with_assumptions","exposure.csv","assumptions.csv","existing source configuration and parameter mapping; model execution not validated",TRUE,3.496,0.437,-0.239474351869159,-0.0196185941360434,NA,0.178087089666675,0.0783311558290056,5,NA,NA,NA
"329357","tillage_reduced","events/329357/tillage_reduced/events.in","tillage_reference","events/329357/tillage_reference/events.in","prepared","exposure.csv","assumptions.csv","existing source configuration and parameter mapping; model execution not validated",TRUE,0.284100000000002,0.0355125000000003,-0.011513142018905,-0.010644615703041,NA,0.0160576789239768,0.0160580419798345,5,NA,NA,NA
"329357","tillage_zero","events/329357/tillage_zero/events.in","tillage_reference","events/329357/tillage_reference/events.in","prepared","exposure.csv","assumptions.csv","existing source configuration and parameter mapping; model execution not validated",TRUE,0.383900000000001,0.0479875000000001,-0.0154546266424976,-0.0144287115350007,NA,0.0216378508558342,0.0216383387176883,5,NA,NA,NA
"152256","mineral_N_zero","events/152256/mineral_N_zero/events.in","fertilizer_reference","events/152256/fertilizer_reference/events.in","prepared","exposure.csv","assumptions.csv","existing source configuration and parameter mapping; model execution not validated",TRUE,0,0,-0.12441234160538,-0.120024965338777,NA,0,0,NA,NA,NA,NA
"152256","mineral_N_half","events/152256/mineral_N_half/events.in","fertilizer_reference","events/152256/fertilizer_reference/events.in","prepared","exposure.csv","assumptions.csv","existing source configuration and parameter mapping; model execution not validated",TRUE,0,0,-0.0602780175256896,-0.0582141514876392,NA,0,0,NA,NA,NA,NA
"152256","mineral_N_one_half","events/152256/mineral_N_one_half/events.in","fertilizer_reference","events/152256/fertilizer_reference/events.in","prepared","exposure.csv","assumptions.csv","existing source configuration and parameter mapping; model execution not validated",TRUE,0,0,0.0568532883793028,0.0550166992886094,NA,0,0,NA,NA,NA,NA
"152256","organic_substitution","events/152256/organic_substitution/events.in","fertilizer_reference","events/152256/fertilizer_reference/events.in","prepared_with_assumptions","exposure.csv","assumptions.csv","existing source configuration and parameter mapping; model execution not validated",TRUE,6.3729,0.7966125,0.0366739500112915,0.100574131552339,NA,0.127550015254796,0.0267135574101069,NA,NA,NA,NA
"152256","tillage_reduced","events/152256/tillage_reduced/events.in","tillage_reference","events/152256/tillage_reference/events.in","prepared","exposure.csv","assumptions.csv","existing source configuration and parameter mapping; model execution not validated",TRUE,0.968800000000002,0.1211,-0.0188824774843291,-0.0170145309241379,NA,0.0210565666806515,0.0208942367073485,NA,NA,NA,NA
"152256","tillage_zero","events/152256/tillage_zero/events.in","tillage_reference","events/152256/tillage_reference/events.in","prepared","exposure.csv","assumptions.csv","existing source configuration and parameter mapping; model execution not validated",TRUE,1.3185,0.1648125,-0.0257487136454977,-0.023281929506562,NA,0.0285495817569334,0.0283197206241691,NA,NA,NA,NA
"89752","mineral_N_zero","events/89752/mineral_N_zero/events.in","fertilizer_reference","events/89752/fertilizer_reference/events.in","prepared","exposure.csv","assumptions.csv","existing source configuration and parameter mapping; model execution not validated",TRUE,0,0,-0.535055013230459,-0.553501966349156,NA,0,0,NA,NA,NA,NA
"89752","mineral_N_half","events/89752/mineral_N_half/events.in","fertilizer_reference","events/89752/fertilizer_reference/events.in","prepared","exposure.csv","assumptions.csv","existing source configuration and parameter mapping; model execution not validated",TRUE,0,0,-0.23213965348786,-0.238958383681384,NA,0,0,NA,NA,NA,NA
"89752","mineral_N_one_half","events/89752/mineral_N_one_half/events.in","fertilizer_reference","events/89752/fertilizer_reference/events.in","prepared","exposure.csv","assumptions.csv","existing source configuration and parameter mapping; model execution not validated",TRUE,0,0,0.188401833801399,0.19277963137665,NA,0,0,NA,NA,NA,NA
"89752","organic_substitution","events/89752/organic_substitution/events.in","fertilizer_reference","events/89752/fertilizer_reference/events.in","prepared_with_assumptions","exposure.csv","assumptions.csv","existing source configuration and parameter mapping; model execution not validated",TRUE,5.0505,0.6313125,-0.0372643504641222,0.0496964340922757,NA,0.0948665752629676,0.0344617327141997,NA,NA,NA,NA
"89752","tillage_reduced","events/89752/tillage_reduced/events.in","tillage_reference","events/89752/tillage_reference/events.in","prepared","exposure.csv","assumptions.csv","existing source configuration and parameter mapping; model execution not validated",TRUE,0.596200000000003,0.0745250000000004,-0.0193745751077415,-0.0162363280825977,NA,0.0117359162345451,0.0105325512111032,NA,NA,NA,NA
"89752","tillage_zero","events/89752/tillage_zero/events.in","tillage_reference","events/89752/tillage_reference/events.in","prepared","exposure.csv","assumptions.csv","existing source configuration and parameter mapping; model execution not validated",TRUE,0.714700000000001,0.0893375000000001,-0.0230401162477351,-0.019569591723539,NA,0.0140522139320621,0.0126294259500561,NA,NA,NA,NA
"362135","cover_annual","events/362135/cover_annual/events.in","cover_none","events/362135/cover_none/events.in","prepared_with_assumptions","exposure.csv","assumptions.csv","preserve the site parameters in both arms; native events do not encode species traits; verify cover physiology and full termination before interpreting responses",TRUE,0.0409999999999968,0.0051249999999996,0.00230093218063164,0.0022441196502913,-6.51773235015994e-05,0.00114916445976593,0.000806244363794694,5,0.00819999999999936,NA,NA
"362135","mineral_N_zero","events/362135/mineral_N_zero/events.in","fertilizer_reference","events/362135/fertilizer_reference/events.in","prepared","exposure.csv","assumptions.csv","existing source configuration and parameter mapping; model execution not validated",TRUE,0,0,-0.118971228163857,-0.13057317918691,0,0,0,5,NA,NA,NA
"362135","mineral_N_half","events/362135/mineral_N_half/events.in","fertilizer_reference","events/362135/fertilizer_reference/events.in","prepared","exposure.csv","assumptions.csv","existing source configuration and parameter mapping; model execution not validated",TRUE,0,0,-0.0577187428010744,-0.0631243981660293,0,0,0,5,NA,NA,NA
"362135","mineral_N_one_half","events/362135/mineral_N_one_half/events.in","fertilizer_reference","events/362135/fertilizer_reference/events.in","prepared","exposure.csv","assumptions.csv","existing source configuration and parameter mapping; model execution not validated",TRUE,0,0,0.0545703213150812,0.059429687104945,0,0,0,5,NA,NA,NA
"362135","organic_substitution","events/362135/organic_substitution/events.in","fertilizer_reference","events/362135/fertilizer_reference/events.in","prepared_with_assumptions","exposure.csv","assumptions.csv","existing source configuration and parameter mapping; model execution not validated",TRUE,6.6617,0.8327125,0.124236824734885,0.114894220884787,0.0691909784551094,0.171280938899926,0.0450429824358429,5,NA,NA,NA
"362135","tillage_reduced","events/362135/tillage_reduced/events.in","tillage_reference","events/362135/tillage_reference/events.in","prepared","exposure.csv","assumptions.csv","existing source configuration and parameter mapping; model execution not validated",TRUE,0.363199999999999,0.0453999999999999,-0.0084397485649304,-0.00873350710175045,0.00470951606074143,0.0102744601876907,0.0102219017741384,5,NA,NA,NA
"362135","tillage_zero","events/362135/tillage_zero/events.in","tillage_reference","events/362135/tillage_reference/events.in","prepared","exposure.csv","assumptions.csv","existing source configuration and parameter mapping; model execution not validated",TRUE,0.489100000000001,0.0611375000000001,-0.0112578361949573,-0.0116614164507513,0.00638359632566139,0.0138115122800264,0.013741019827814,5,NA,NA,NA
"362135","rice_one_dry","events/362135/rice_one_dry/events.in","rice_irrigated_reference","events/362135/rice_irrigated_reference/events.in","prepared_with_assumptions","exposure.csv","assumptions.csv","preserve the same site parameters in both arms; flooding-capable configuration required; verify ponding, drying and rewetting in model outputs",TRUE,0,0,0.000394366251667179,0.000494843606085959,0,0,0,5,NA,0.0130116583066928,0
"362135","rice_two_dry","events/362135/rice_two_dry/events.in","rice_irrigated_reference","events/362135/rice_irrigated_reference/events.in","prepared_with_assumptions","exposure.csv","assumptions.csv","preserve the same site parameters in both arms; flooding-capable configuration required; verify ponding, drying and rewetting in model outputs",TRUE,0,0,0.000723761941214004,0.000976807109901351,0,0,0,5,NA,0.0244005898950939,0
"594379","cover_annual","events/594379/cover_annual/events.in","cover_none","events/594379/cover_none/events.in","prepared_with_assumptions","exposure.csv","assumptions.csv","preserve the site parameters in both arms; native events do not encode species traits; verify cover physiology and full termination before interpreting responses",TRUE,-0.0548999999999999,-0.00686249999999999,0.00504542028891825,0.00772299372155869,NA,-0.00211091814854801,0.0290768479595825,6,-0.00914999999999999,NA,NA
"594379","mineral_N_zero","events/594379/mineral_N_zero/events.in","fertilizer_reference","events/594379/fertilizer_reference/events.in","prepared","exposure.csv","assumptions.csv","existing source configuration and parameter mapping; model execution not validated",TRUE,-0.0213999999999999,-0.00267499999999998,-1.43050337673236,-1.33746773390166,NA,-0.000821629637173157,-0.0723242432479314,6,NA,NA,NA
"594379","mineral_N_half","events/594379/mineral_N_half/events.in","fertilizer_reference","events/594379/fertilizer_reference/events.in","prepared","exposure.csv","assumptions.csv","existing source configuration and parameter mapping; model execution not validated",TRUE,0,0,-0.508380316016176,-0.46271838543607,NA,0,0,6,NA,NA,NA
"594379","mineral_N_one_half","events/594379/mineral_N_one_half/events.in","fertilizer_reference","events/594379/fertilizer_reference/events.in","prepared","exposure.csv","assumptions.csv","existing source configuration and parameter mapping; model execution not validated",TRUE,0,0,0.336645554281035,0.315787368018322,NA,0,0,6,NA,NA,NA
"594379","organic_substitution","events/594379/organic_substitution/events.in","fertilizer_reference","events/594379/fertilizer_reference/events.in","prepared_with_assumptions","exposure.csv","assumptions.csv","existing source configuration and parameter mapping; model execution not validated",TRUE,8.9476,1.11845,-0.582636364159362,-0.432018252210358,NA,0.295197940257917,0.0597450481478479,6,NA,NA,NA
"594379","tillage_reduced","events/594379/tillage_reduced/events.in","tillage_reference","events/594379/tillage_reference/events.in","prepared","exposure.csv","assumptions.csv","existing source configuration and parameter mapping; model execution not validated",TRUE,0.477799999999998,0.0597249999999998,-0.011413856865417,-0.0112754546948566,NA,0.0183179739742888,0.012471502026103,6,NA,NA,NA
"594379","tillage_zero","events/594379/tillage_zero/events.in","tillage_reference","events/594379/tillage_reference/events.in","prepared","exposure.csv","assumptions.csv","existing source configuration and parameter mapping; model execution not validated",TRUE,0.5749,0.0718624999999999,-0.0139393650361325,-0.0135559306901276,NA,0.0219999344623604,0.0145419004013876,6,NA,NA,NA
"429989","cover_annual","events/429989/cover_annual/events.in","cover_none","events/429989/cover_none/events.in","prepared_with_assumptions","exposure.csv","assumptions.csv","preserve the site parameters in both arms; native events do not encode species traits; verify cover physiology and full termination before interpreting responses",TRUE,0.197700000000001,0.0247125000000001,-0.000861606946276837,0.00745498256203272,NA,0.0133408639508196,0.0126300396658197,6,0.0329500000000002,NA,NA
"429989","mineral_N_zero","events/429989/mineral_N_zero/events.in","fertilizer_reference","events/429989/fertilizer_reference/events.in","prepared","exposure.csv","assumptions.csv","existing source configuration and parameter mapping; model execution not validated",TRUE,0,0,-0.147282128798268,-0.200185867149829,NA,0,0,6,NA,NA,NA
"429989","mineral_N_half","events/429989/mineral_N_half/events.in","fertilizer_reference","events/429989/fertilizer_reference/events.in","prepared","exposure.csv","assumptions.csv","existing source configuration and parameter mapping; model execution not validated",TRUE,0,0,-0.0709278614891186,-0.0950893201819998,NA,0,0,6,NA,NA,NA
"429989","mineral_N_one_half","events/429989/mineral_N_one_half/events.in","fertilizer_reference","events/429989/fertilizer_reference/events.in","prepared","exposure.csv","assumptions.csv","existing source configuration and parameter mapping; model execution not validated",TRUE,0,0,0.0662355612386045,0.0868322521776964,NA,0,0,6,NA,NA,NA
"429989","organic_substitution","events/429989/organic_substitution/events.in","fertilizer_reference","events/429989/fertilizer_reference/events.in","prepared_with_assumptions","exposure.csv","assumptions.csv","existing source configuration and parameter mapping; model execution not validated",TRUE,6.2192,0.7774,0.0531255621957082,0.0316125440346883,NA,0.352405798577043,0.078428116954408,6,NA,NA,NA
"429989","tillage_reduced","events/429989/tillage_reduced/events.in","tillage_reference","events/429989/tillage_reference/events.in","prepared","exposure.csv","assumptions.csv","existing source configuration and parameter mapping; model execution not validated",TRUE,0.240400000000001,0.0300500000000001,-0.0103916154074064,-0.00596704127440185,NA,0.016558790835412,0.0165766033090248,6,NA,NA,NA
"429989","tillage_zero","events/429989/tillage_zero/events.in","tillage_reference","events/429989/tillage_reference/events.in","prepared","exposure.csv","assumptions.csv","existing source configuration and parameter mapping; model execution not validated",TRUE,0.3224,0.0403,-0.0139540410129378,-0.00799480106547219,NA,0.0221448266830792,0.0221617813421061,6,NA,NA,NA
"102480","cover_annual","events/102480/cover_annual/events.in","cover_none","events/102480/cover_none/events.in","prepared_with_assumptions","exposure.csv","assumptions.csv","preserve the site parameters in both arms; native events do not encode species traits; verify cover physiology and full termination before interpreting responses",TRUE,0.286099999999998,0.0357624999999997,0.000280731709985566,0.00261660187649697,NA,0.00790834797940669,0.00682311087028514,6,0.0476833333333329,NA,NA
"102480","mineral_N_zero","events/102480/mineral_N_zero/events.in","fertilizer_reference","events/102480/fertilizer_reference/events.in","prepared","exposure.csv","assumptions.csv","existing source configuration and parameter mapping; model execution not validated",TRUE,0,0,-0.133432915302094,-0.148392967493811,NA,0,0,6,NA,NA,NA
"102480","mineral_N_half","events/102480/mineral_N_half/events.in","fertilizer_reference","events/102480/fertilizer_reference/events.in","prepared","exposure.csv","assumptions.csv","existing source configuration and parameter mapping; model execution not validated",TRUE,0,0,-0.0644951189458671,-0.0714467339384415,NA,0,0,6,NA,NA,NA
"102480","mineral_N_one_half","events/102480/mineral_N_one_half/events.in","fertilizer_reference","events/102480/fertilizer_reference/events.in","prepared","exposure.csv","assumptions.csv","existing source configuration and parameter mapping; model execution not validated",TRUE,0,0,0.0605840194075767,0.0666791088464833,NA,0,0,6,NA,NA,NA
"102480","organic_substitution","events/102480/organic_substitution/events.in","fertilizer_reference","events/102480/fertilizer_reference/events.in","prepared_with_assumptions","exposure.csv","assumptions.csv","existing source configuration and parameter mapping; model execution not validated",TRUE,5.6046,0.700575,0.0145473929523054,0.0706521873101582,NA,0.144564310932173,0.0353316867067689,6,NA,NA,NA
"102480","tillage_reduced","events/102480/tillage_reduced/events.in","tillage_reference","events/102480/tillage_reference/events.in","prepared","exposure.csv","assumptions.csv","existing source configuration and parameter mapping; model execution not validated",TRUE,1.2414,0.155175,-0.0268364756842272,-0.0269135683229722,NA,0.0343293768578199,0.0343550625697572,6,NA,NA,NA
"102480","tillage_zero","events/102480/tillage_zero/events.in","tillage_reference","events/102480/tillage_reference/events.in","prepared","exposure.csv","assumptions.csv","existing source configuration and parameter mapping; model execution not validated",TRUE,1.5068,0.18835,-0.033037209215611,-0.0326478374946426,NA,0.0415182350689375,0.0415499527951042,6,NA,NA,NA
"28809","cover_annual","events/28809/cover_annual/events.in","cover_none","events/28809/cover_none/events.in","prepared_with_assumptions","exposure.csv","assumptions.csv","preserve the site parameters in both arms; native events do not encode species traits; verify cover physiology and full termination before interpreting responses",TRUE,0.1082,0.013525,0.000418764492322598,0.00363840132078791,NA,0.0087704217851829,0.00881163144375259,4,0.02705,NA,NA
"28809","mineral_N_zero","events/28809/mineral_N_zero/events.in","fertilizer_reference","events/28809/fertilizer_reference/events.in","prepared","exposure.csv","assumptions.csv","existing source configuration and parameter mapping; model execution not validated",TRUE,0,0,-0.405709582030074,-0.426908021506362,NA,0,0,4,NA,NA,NA
"28809","mineral_N_half","events/28809/mineral_N_half/events.in","fertilizer_reference","events/28809/fertilizer_reference/events.in","prepared","exposure.csv","assumptions.csv","existing source configuration and parameter mapping; model execution not validated",TRUE,0,0,-0.182438444580639,-0.190852248127946,NA,0,0,4,NA,NA,NA
"28809","mineral_N_one_half","events/28809/mineral_N_one_half/events.in","fertilizer_reference","events/28809/fertilizer_reference/events.in","prepared","exposure.csv","assumptions.csv","existing source configuration and parameter mapping; model execution not validated",TRUE,0,0,0.154233794808358,0.160202209296497,NA,0,0,4,NA,NA,NA
"28809","organic_substitution","events/28809/organic_substitution/events.in","fertilizer_reference","events/28809/fertilizer_reference/events.in","prepared_with_assumptions","exposure.csv","assumptions.csv","existing source configuration and parameter mapping; model execution not validated",TRUE,2.4028,0.30035,0.0788405168258312,0.0747494697139307,NA,0.178666180012366,0.10453629831158,4,NA,NA,NA
"28809","tillage_reduced","events/28809/tillage_reduced/events.in","tillage_reference","events/28809/tillage_reference/events.in","prepared","exposure.csv","assumptions.csv","existing source configuration and parameter mapping; model execution not validated",TRUE,0.341000000000001,0.0426250000000001,-0.011767529057686,-0.00957221675839564,NA,0.0278403508026107,0.0277109413587895,4,NA,NA,NA
"28809","tillage_zero","events/28809/tillage_zero/events.in","tillage_reference","events/28809/tillage_reference/events.in","prepared","exposure.csv","assumptions.csv","existing source configuration and parameter mapping; model execution not validated",TRUE,0.4131,0.0516375,-0.014308925182971,-0.011903917160204,NA,0.0336288582244857,0.0334461334981181,4,NA,NA,NA
"405184","mineral_N_zero","events/405184/mineral_N_zero/events.in","fertilizer_reference","events/405184/fertilizer_reference/events.in","prepared","exposure.csv","assumptions.csv","existing source configuration and parameter mapping; model execution not validated",TRUE,0,0,-0.288596015727933,-0.344851556232796,NA,0,0,NA,NA,NA,NA
"405184","mineral_N_half","events/405184/mineral_N_half/events.in","fertilizer_reference","events/405184/fertilizer_reference/events.in","prepared","exposure.csv","assumptions.csv","existing source configuration and parameter mapping; model execution not validated",TRUE,0,0,-0.133918517790647,-0.15763198825274,NA,0,0,NA,NA,NA,NA
"405184","mineral_N_one_half","events/405184/mineral_N_one_half/events.in","fertilizer_reference","events/405184/fertilizer_reference/events.in","prepared","exposure.csv","assumptions.csv","existing source configuration and parameter mapping; model execution not validated",TRUE,0,0,0.118091655713658,0.136138975417761,NA,0,0,NA,NA,NA,NA
"405184","organic_substitution","events/405184/organic_substitution/events.in","fertilizer_reference","events/405184/fertilizer_reference/events.in","prepared_with_assumptions","exposure.csv","assumptions.csv","existing source configuration and parameter mapping; model execution not validated",TRUE,2.3816,0.2977,0.028702398720753,0.0231027504541821,NA,0.327243153364926,0.152332741484188,NA,NA,NA,NA
"405184","tillage_reduced","events/405184/tillage_reduced/events.in","tillage_reference","events/405184/tillage_reference/events.in","prepared","exposure.csv","assumptions.csv","existing source configuration and parameter mapping; model execution not validated",TRUE,0.3053,0.0381625,-0.00882559845045947,-0.00900567022295857,NA,0.0488385642727991,0.0490323413196734,NA,NA,NA,NA
"405184","tillage_zero","events/405184/tillage_zero/events.in","tillage_reference","events/405184/tillage_reference/events.in","prepared","exposure.csv","assumptions.csv","existing source configuration and parameter mapping; model execution not validated",TRUE,0.3465,0.0433125,-0.0106153692967653,-0.0103870778920295,NA,0.0552503390439795,0.0554688578387473,NA,NA,NA,NA
"330822","cover_annual","events/330822/cover_annual/events.in","cover_none","events/330822/cover_none/events.in","prepared_with_assumptions","exposure.csv","assumptions.csv","preserve the site parameters in both arms; native events do not encode species traits; verify cover physiology and full termination before interpreting responses",TRUE,0.442700000000002,0.0553375000000003,0.00472274127874542,0.00899611793922686,NA,0.0160723158699308,0.0137176162313264,6,0.0737833333333337,NA,NA
"330822","mineral_N_zero","events/330822/mineral_N_zero/events.in","fertilizer_reference","events/330822/fertilizer_reference/events.in","prepared","exposure.csv","assumptions.csv","existing source configuration and parameter mapping; model execution not validated",TRUE,0,0,-0.143079125609154,-0.207889009739505,NA,0,0,6,NA,NA,NA
"330822","mineral_N_half","events/330822/mineral_N_half/events.in","fertilizer_reference","events/330822/fertilizer_reference/events.in","prepared","exposure.csv","assumptions.csv","existing source configuration and parameter mapping; model execution not validated",TRUE,0,0,-0.0689889346928682,-0.0985515427163692,NA,0,0,6,NA,NA,NA
"330822","mineral_N_one_half","events/330822/mineral_N_one_half/events.in","fertilizer_reference","events/330822/fertilizer_reference/events.in","prepared","exposure.csv","assumptions.csv","existing source configuration and parameter mapping; model execution not validated",TRUE,0,0,0.0645381497756193,0.0897096418861882,NA,0,0,6,NA,NA,NA
"330822","organic_substitution","events/330822/organic_substitution/events.in","fertilizer_reference","events/330822/fertilizer_reference/events.in","prepared_with_assumptions","exposure.csv","assumptions.csv","existing source configuration and parameter mapping; model execution not validated",TRUE,3.5694,0.446175,0.0851981539957464,0.0854446111850865,NA,0.122779246268117,0.0501881535348476,6,NA,NA,NA
"330822","tillage_reduced","events/330822/tillage_reduced/events.in","tillage_reference","events/330822/tillage_reference/events.in","prepared","exposure.csv","assumptions.csv","existing source configuration and parameter mapping; model execution not validated",TRUE,0.4788,0.05985,-0.0266260811728737,-0.0224466981260422,NA,0.0177837268607808,0.0177558679477696,6,NA,NA,NA
"330822","tillage_zero","events/330822/tillage_zero/events.in","tillage_reference","events/330822/tillage_reference/events.in","prepared","exposure.csv","assumptions.csv","existing source configuration and parameter mapping; model execution not validated",TRUE,0.6387,0.0798375,-0.0363576023410427,-0.0305307318713496,NA,0.0236530228603038,0.0236149003056304,6,NA,NA,NA
"15499","mineral_N_zero","events/15499/mineral_N_zero/events.in","fertilizer_reference","events/15499/fertilizer_reference/events.in","prepared","exposure.csv","assumptions.csv","existing source configuration and parameter mapping; model execution not validated",TRUE,0,0,-0.158865535047226,-0.258057313021693,NA,0,0,NA,NA,NA,NA
"15499","mineral_N_half","events/15499/mineral_N_half/events.in","fertilizer_reference","events/15499/fertilizer_reference/events.in","prepared","exposure.csv","assumptions.csv","existing source configuration and parameter mapping; model execution not validated",TRUE,0,0,-0.076277620481646,-0.120727189129151,NA,0,0,NA,NA,NA,NA
"15499","mineral_N_one_half","events/15499/mineral_N_one_half/events.in","fertilizer_reference","events/15499/fertilizer_reference/events.in","prepared","exposure.csv","assumptions.csv","existing source configuration and parameter mapping; model execution not validated",TRUE,0,0,0.0708753270205674,0.10771278457014,NA,0,0,NA,NA,NA,NA
"15499","organic_substitution","events/15499/organic_substitution/events.in","fertilizer_reference","events/15499/fertilizer_reference/events.in","prepared_with_assumptions","exposure.csv","assumptions.csv","existing source configuration and parameter mapping; model execution not validated",TRUE,3.0295,0.3786875,0.253735290607476,0.281268748773797,NA,0.190319959099073,0.125984587682382,NA,NA,NA,NA
"15499","tillage_reduced","events/15499/tillage_reduced/events.in","tillage_reference","events/15499/tillage_reference/events.in","prepared","exposure.csv","assumptions.csv","existing source configuration and parameter mapping; model execution not validated",TRUE,0.3498,0.043725,-0.0282968445579058,-0.016218281849921,NA,0.0242626984381186,0.024293255608172,NA,NA,NA,NA
"15499","tillage_zero","events/15499/tillage_zero/events.in","tillage_reference","events/15499/tillage_reference/events.in","prepared","exposure.csv","assumptions.csv","existing source configuration and parameter mapping; model execution not validated",TRUE,0.4223,0.0527875,-0.0319679708469399,-0.0186978419236901,NA,0.0292186011378253,0.029254140650351,NA,NA,NA,NA
"284301","cover_annual","events/284301/cover_annual/events.in","cover_none","events/284301/cover_none/events.in","prepared_with_assumptions","exposure.csv","assumptions.csv","preserve the site parameters in both arms; native events do not encode species traits; verify cover physiology and full termination before interpreting responses",TRUE,0.00480000000000302,0.000600000000000378,0.000315756695599604,0.000185903656283951,NA,0.000102278683932976,0.000111076399850287,1,0.00480000000000302,NA,NA
"284301","mineral_N_zero","events/284301/mineral_N_zero/events.in","fertilizer_reference","events/284301/fertilizer_reference/events.in","prepared","exposure.csv","assumptions.csv","existing source configuration and parameter mapping; model execution not validated",TRUE,0,0,-0.351529772299713,-0.355311714237534,NA,0,0,1,NA,NA,NA
"284301","mineral_N_half","events/284301/mineral_N_half/events.in","fertilizer_reference","events/284301/fertilizer_reference/events.in","prepared","exposure.csv","assumptions.csv","existing source configuration and parameter mapping; model execution not validated",TRUE,0,0,-0.160401089619424,-0.161956468359009,NA,0,0,1,NA,NA,NA
"284301","mineral_N_one_half","events/284301/mineral_N_one_half/events.in","fertilizer_reference","events/284301/fertilizer_reference/events.in","prepared","exposure.csv","assumptions.csv","existing source configuration and parameter mapping; model execution not validated",TRUE,0,0,0.138197412276039,0.139355297134405,NA,0,0,1,NA,NA,NA
"284301","organic_substitution","events/284301/organic_substitution/events.in","fertilizer_reference","events/284301/fertilizer_reference/events.in","prepared_with_assumptions","exposure.csv","assumptions.csv","existing source configuration and parameter mapping; model execution not validated",TRUE,4.8317,0.603962500000001,-0.106176938776079,-0.0769556551646994,NA,0.0979969441230104,0.0374201429363021,1,NA,NA,NA
"284301","tillage_reduced","events/284301/tillage_reduced/events.in","tillage_reference","events/284301/tillage_reference/events.in","prepared","exposure.csv","assumptions.csv","existing source configuration and parameter mapping; model execution not validated",TRUE,0.775100000000002,0.0968875000000002,-0.0139687285589255,-0.0133393600918568,NA,0.0165039958846289,0.0164764816840732,1,NA,NA,NA
"284301","tillage_zero","events/284301/tillage_zero/events.in","tillage_reference","events/284301/tillage_reference/events.in","prepared","exposure.csv","assumptions.csv","existing source configuration and parameter mapping; model execution not validated",TRUE,0.921100000000003,0.1151375,-0.0170989853333462,-0.0159433248894181,NA,0.0195824784744352,0.0194214459707647,1,NA,NA,NA
"285241","mineral_N_zero","events/285241/mineral_N_zero/events.in","fertilizer_reference","events/285241/fertilizer_reference/events.in","prepared","exposure.csv","assumptions.csv","existing source configuration and parameter mapping; model execution not validated",TRUE,0,0,-0.126709280004291,-0.0991870029754165,NA,0,0,NA,NA,NA,NA
"285241","mineral_N_half","events/285241/mineral_N_half/events.in","fertilizer_reference","events/285241/fertilizer_reference/events.in","prepared","exposure.csv","assumptions.csv","existing source configuration and parameter mapping; model execution not validated",TRUE,0,0,-0.0613671789000602,-0.0483785882240957,NA,0,0,NA,NA,NA,NA
"285241","mineral_N_one_half","events/285241/mineral_N_one_half/events.in","fertilizer_reference","events/285241/fertilizer_reference/events.in","prepared","exposure.csv","assumptions.csv","existing source configuration and parameter mapping; model execution not validated",TRUE,0,0,0.057827702228127,0.0461441305550179,NA,0,0,NA,NA,NA,NA
"285241","organic_substitution","events/285241/organic_substitution/events.in","fertilizer_reference","events/285241/fertilizer_reference/events.in","prepared_with_assumptions","exposure.csv","assumptions.csv","existing source configuration and parameter mapping; model execution not validated",TRUE,3.2452,0.40565,0.275611785855567,0.337945719974212,NA,0.114978884747799,0.0579762047783544,NA,NA,NA,NA
"285241","tillage_reduced","events/285241/tillage_reduced/events.in","tillage_reference","events/285241/tillage_reference/events.in","prepared","exposure.csv","assumptions.csv","existing source configuration and parameter mapping; model execution not validated",TRUE,0.226000000000003,0.0282500000000003,-0.00631768929243746,-0.00523767150834373,NA,0.00854725452805222,0.00854728685384021,NA,NA,NA,NA
"285241","tillage_zero","events/285241/tillage_zero/events.in","tillage_reference","events/285241/tillage_reference/events.in","prepared","exposure.csv","assumptions.csv","existing source configuration and parameter mapping; model execution not validated",TRUE,0.304400000000001,0.0380500000000001,-0.00839209921730628,-0.00693977496912757,NA,0.0114953343962284,0.0114953778077485,NA,NA,NA,NA
"244878","cover_annual","events/244878/cover_annual/events.in","cover_none","events/244878/cover_none/events.in","prepared_with_assumptions","exposure.csv","assumptions.csv","preserve the site parameters in both arms; native events do not encode species traits; verify cover physiology and full termination before interpreting responses",TRUE,-1.39709999999999,-0.174637499999999,-0.0149551965546696,-0.0111133884639439,-0.00782081251484382,-0.00939594794524873,-0.00947571629022744,2,-0.698549999999997,NA,NA
"244878","mineral_N_zero","events/244878/mineral_N_zero/events.in","fertilizer_reference","events/244878/fertilizer_reference/events.in","prepared","exposure.csv","assumptions.csv","existing source configuration and parameter mapping; model execution not validated",TRUE,0,0,-0.069465713716816,-0.106936555445838,0,0,0,2,NA,NA,NA
"244878","mineral_N_half","events/244878/mineral_N_half/events.in","fertilizer_reference","events/244878/fertilizer_reference/events.in","prepared","exposure.csv","assumptions.csv","existing source configuration and parameter mapping; model execution not validated",TRUE,0,0,-0.0342134290436683,-0.0521447422095319,0,0,0,2,NA,NA,NA
"244878","mineral_N_one_half","events/244878/mineral_N_one_half/events.in","fertilizer_reference","events/244878/fertilizer_reference/events.in","prepared","exposure.csv","assumptions.csv","existing source configuration and parameter mapping; model execution not validated",TRUE,0,0,0.0328961185506284,0.0492751011143859,0,0,0,2,NA,NA,NA
"244878","organic_substitution","events/244878/organic_substitution/events.in","fertilizer_reference","events/244878/fertilizer_reference/events.in","prepared_with_assumptions","exposure.csv","assumptions.csv","existing source configuration and parameter mapping; model execution not validated",TRUE,6.12819999999999,0.766024999999999,0.085801235135552,0.0445567204193883,0.015837806395902,0.0402020612381744,0.0100914394791598,2,NA,NA,NA
"244878","tillage_reduced","events/244878/tillage_reduced/events.in","tillage_reference","events/244878/tillage_reference/events.in","prepared","exposure.csv","assumptions.csv","existing source configuration and parameter mapping; model execution not validated",TRUE,1.2354,0.154425,-0.013292025649074,-0.0148762214528657,0.00360412579853334,0.0082874903541578,0.00811030055738346,2,NA,NA,NA
"244878","tillage_zero","events/244878/tillage_zero/events.in","tillage_reference","events/244878/tillage_reference/events.in","prepared","exposure.csv","assumptions.csv","existing source configuration and parameter mapping; model execution not validated",TRUE,1.60679999999999,0.200849999999999,-0.0177438624056789,-0.0193570524712815,0.00476158965672197,0.0107656013197262,0.0105343234964628,2,NA,NA,NA
"244878","rice_one_dry","events/244878/rice_one_dry/events.in","rice_irrigated_reference","events/244878/rice_irrigated_reference/events.in","prepared_with_assumptions","exposure.csv","assumptions.csv","preserve the same site parameters in both arms; flooding-capable configuration required; verify ponding, drying and rewetting in model outputs",TRUE,0,0,0.000781151736617035,0.000508747483222741,0,0,0,2,NA,0.00389309795759319,0
"244878","rice_two_dry","events/244878/rice_two_dry/events.in","rice_irrigated_reference","events/244878/rice_irrigated_reference/events.in","prepared_with_assumptions","exposure.csv","assumptions.csv","preserve the same site parameters in both arms; flooding-capable configuration required; verify ponding, drying and rewetting in model outputs",TRUE,0,0,0.00197279583766629,0.00128510681372348,0,0,0,2,NA,0.00929204434715615,0
"405606","cover_annual","events/405606/cover_annual/events.in","cover_none","events/405606/cover_none/events.in","prepared_with_assumptions","exposure.csv","assumptions.csv","preserve the site parameters in both arms; native events do not encode species traits; verify cover physiology and full termination before interpreting responses",TRUE,0.0798999999999985,0.00998749999999982,0.000337433959023089,-0.000957777161701102,NA,0.00526964388080656,0.0092233007271204,7,0.0114142857142855,NA,NA
"405606","mineral_N_zero","events/405606/mineral_N_zero/events.in","fertilizer_reference","events/405606/fertilizer_reference/events.in","prepared","exposure.csv","assumptions.csv","existing source configuration and parameter mapping; model execution not validated",TRUE,0,0,-0.414980967067666,-0.399971680491097,NA,0,0,7,NA,NA,NA
"405606","mineral_N_half","events/405606/mineral_N_half/events.in","fertilizer_reference","events/405606/fertilizer_reference/events.in","prepared","exposure.csv","assumptions.csv","existing source configuration and parameter mapping; model execution not validated",TRUE,0,0,-0.186128357838599,-0.180127014383645,NA,0,0,7,NA,NA,NA
"405606","mineral_N_one_half","events/405606/mineral_N_one_half/events.in","fertilizer_reference","events/405606/fertilizer_reference/events.in","prepared","exposure.csv","assumptions.csv","existing source configuration and parameter mapping; model execution not validated",TRUE,0,0,0.156843639346269,0.152573156935964,NA,0,0,7,NA,NA,NA
"405606","organic_substitution","events/405606/organic_substitution/events.in","fertilizer_reference","events/405606/fertilizer_reference/events.in","prepared_with_assumptions","exposure.csv","assumptions.csv","existing source configuration and parameter mapping; model execution not validated",TRUE,0.2675,0.0334375,0.0714490472527696,0.118694130301175,NA,0.0175343617900632,0.0677576528034312,7,NA,NA,NA
"405606","tillage_reduced","events/405606/tillage_reduced/events.in","tillage_reference","events/405606/tillage_reference/events.in","prepared","exposure.csv","assumptions.csv","existing source configuration and parameter mapping; model execution not validated",TRUE,0.5829,0.0728625000000001,-0.0165756662710048,-0.0110044786804015,NA,0.0387273745820649,0.0387095395542676,7,NA,NA,NA
"405606","tillage_zero","events/405606/tillage_zero/events.in","tillage_reference","events/405606/tillage_reference/events.in","prepared","exposure.csv","assumptions.csv","existing source configuration and parameter mapping; model execution not validated",TRUE,0.716000000000001,0.0895000000000001,-0.0208470802776145,-0.0127474539038839,NA,0.0473639762422964,0.0466660057130784,7,NA,NA,NA
"327124","mineral_N_zero","events/327124/mineral_N_zero/events.in","fertilizer_reference","events/327124/fertilizer_reference/events.in","prepared","exposure.csv","assumptions.csv","existing source configuration and parameter mapping; model execution not validated",TRUE,0,0,-0.137667210781995,-0.16997848562964,NA,0,0,NA,NA,NA,NA
"327124","mineral_N_half","events/327124/mineral_N_half/events.in","fertilizer_reference","events/327124/fertilizer_reference/events.in","prepared","exposure.csv","assumptions.csv","existing source configuration and parameter mapping; model execution not validated",TRUE,0,0,-0.0664652687172765,-0.08138132957444,NA,0,0,NA,NA,NA,NA
"327124","mineral_N_one_half","events/327124/mineral_N_one_half/events.in","fertilizer_reference","events/327124/fertilizer_reference/events.in","prepared","exposure.csv","assumptions.csv","existing source configuration and parameter mapping; model execution not validated",TRUE,0,0,0.0623257388974899,0.0752560729355614,NA,0,0,NA,NA,NA,NA
"327124","organic_substitution","events/327124/organic_substitution/events.in","fertilizer_reference","events/327124/fertilizer_reference/events.in","prepared_with_assumptions","exposure.csv","assumptions.csv","existing source configuration and parameter mapping; model execution not validated",TRUE,2.9789,0.3723625,0.00955445471107539,0.0692191049061944,NA,0.0829849925953156,0.0441402890903581,NA,NA,NA,NA
"327124","tillage_reduced","events/327124/tillage_reduced/events.in","tillage_reference","events/327124/tillage_reference/events.in","prepared","exposure.csv","assumptions.csv","existing source configuration and parameter mapping; model execution not validated",TRUE,0.850800000000007,0.106350000000001,-0.0127784102387618,-0.00972230406835207,NA,0.0252592508669734,0.0252592508669734,NA,NA,NA,NA
"327124","tillage_zero","events/327124/tillage_zero/events.in","tillage_reference","events/327124/tillage_reference/events.in","prepared","exposure.csv","assumptions.csv","existing source configuration and parameter mapping; model execution not validated",TRUE,1.1689,0.1461125,-0.0177248351689963,-0.0134650893963424,NA,0.0345417729195304,0.0345417729195304,NA,NA,NA,NA
"118038","cover_annual","events/118038/cover_annual/events.in","cover_none","events/118038/cover_none/events.in","prepared_with_assumptions","exposure.csv","assumptions.csv","preserve the site parameters in both arms; native events do not encode species traits; verify cover physiology and full termination before interpreting responses",TRUE,0.310099999999998,0.0387624999999998,-0.00878288253091514,-0.000982783502973677,NA,0.0124401617956228,0.010865502519312,6,0.0516833333333331,NA,NA
"118038","mineral_N_zero","events/118038/mineral_N_zero/events.in","fertilizer_reference","events/118038/fertilizer_reference/events.in","prepared","exposure.csv","assumptions.csv","existing source configuration and parameter mapping; model execution not validated",TRUE,0,0,-0.260013380856593,-0.275029449973082,NA,0,0,6,NA,NA,NA
"118038","mineral_N_half","events/118038/mineral_N_half/events.in","fertilizer_reference","events/118038/fertilizer_reference/events.in","prepared","exposure.csv","assumptions.csv","existing source configuration and parameter mapping; model execution not validated",TRUE,0,0,-0.121600210282847,-0.128101102577003,NA,0,0,6,NA,NA,NA
"118038","mineral_N_one_half","events/118038/mineral_N_one_half/events.in","fertilizer_reference","events/118038/fertilizer_reference/events.in","prepared","exposure.csv","assumptions.csv","existing source configuration and parameter mapping; model execution not validated",TRUE,0,0,0.108430267259965,0.113554410389795,NA,0,0,6,NA,NA,NA
"118038","organic_substitution","events/118038/organic_substitution/events.in","fertilizer_reference","events/118038/fertilizer_reference/events.in","prepared_with_assumptions","exposure.csv","assumptions.csv","existing source configuration and parameter mapping; model execution not validated",TRUE,5.6625,0.7078125,0.0668658346113569,0.101842544054889,NA,0.205858343954255,0.0569261602826482,6,NA,NA,NA
"118038","tillage_reduced","events/118038/tillage_reduced/events.in","tillage_reference","events/118038/tillage_reference/events.in","prepared","exposure.csv","assumptions.csv","existing source configuration and parameter mapping; model execution not validated",TRUE,0.9527,0.1190875,-0.0346884429190887,-0.0259656432455357,NA,0.0380803889647605,0.0379925651169771,6,NA,NA,NA
"118038","tillage_zero","events/118038/tillage_zero/events.in","tillage_reference","events/118038/tillage_reference/events.in","prepared","exposure.csv","assumptions.csv","existing source configuration and parameter mapping; model execution not validated",TRUE,1.0923,0.1365375,-0.0396723088461572,-0.0299316048339709,NA,0.0435405019537136,0.0434401864553252,6,NA,NA,NA
"597240","cover_annual","events/597240/cover_annual/events.in","cover_none","events/597240/cover_none/events.in","prepared_with_assumptions","exposure.csv","assumptions.csv","preserve the site parameters in both arms; native events do not encode species traits; verify cover physiology and full termination before interpreting responses",TRUE,0.1907,0.0238375,-0.00534393249092248,-0.00819570235049305,NA,0.00349462647347422,0.00237877258574326,5,0.0381399999999999,NA,NA
"597240","mineral_N_zero","events/597240/mineral_N_zero/events.in","fertilizer_reference","events/597240/fertilizer_reference/events.in","prepared","exposure.csv","assumptions.csv","existing source configuration and parameter mapping; model execution not validated",TRUE,0,0,-0.876619588091169,-0.967488758342943,NA,0,0,5,NA,NA,NA
"597240","mineral_N_half","events/597240/mineral_N_half/events.in","fertilizer_reference","events/597240/fertilizer_reference/events.in","prepared","exposure.csv","assumptions.csv","existing source configuration and parameter mapping; model execution not validated",TRUE,0,0,-0.345169094306405,-0.371033089532944,NA,0,0,5,NA,NA,NA
"597240","mineral_N_one_half","events/597240/mineral_N_one_half/events.in","fertilizer_reference","events/597240/fertilizer_reference/events.in","prepared","exposure.csv","assumptions.csv","existing source configuration and parameter mapping; model execution not validated",TRUE,0,0,0.25611969256099,0.270014254139241,NA,0,0,5,NA,NA,NA
"597240","organic_substitution","events/597240/organic_substitution/events.in","fertilizer_reference","events/597240/fertilizer_reference/events.in","prepared_with_assumptions","exposure.csv","assumptions.csv","existing source configuration and parameter mapping; model execution not validated",TRUE,22.8414,2.855175,-0.633696529993956,-0.659619992198385,NA,0.3501685512705,0.0173631368558247,5,NA,NA,NA
"597240","tillage_reduced","events/597240/tillage_reduced/events.in","tillage_reference","events/597240/tillage_reference/events.in","prepared","exposure.csv","assumptions.csv","existing source configuration and parameter mapping; model execution not validated",TRUE,0.161999999999999,0.0202499999999999,-0.015529045474654,-0.0169007788891363,NA,0.00297064235754496,0.00257284038798749,5,NA,NA,NA
"597240","tillage_zero","events/597240/tillage_zero/events.in","tillage_reference","events/597240/tillage_reference/events.in","prepared","exposure.csv","assumptions.csv","existing source configuration and parameter mapping; model execution not validated",TRUE,0.186300000000003,0.0232875000000003,-0.0179745387953533,-0.0195199240211386,NA,0.00341547855807095,0.00295736039751766,5,NA,NA,NA
"299613","mineral_N_zero","events/299613/mineral_N_zero/events.in","fertilizer_reference","events/299613/fertilizer_reference/events.in","prepared","exposure.csv","assumptions.csv","existing source configuration and parameter mapping; model execution not validated",TRUE,0,0,-0.0705365038378888,-0.0831091466869567,NA,0,0,NA,NA,NA,NA
"299613","mineral_N_half","events/299613/mineral_N_half/events.in","fertilizer_reference","events/299613/fertilizer_reference/events.in","prepared","exposure.csv","assumptions.csv","existing source configuration and parameter mapping; model execution not validated",TRUE,0,0,-0.0346467272924094,-0.040691983928355,NA,0,0,NA,NA,NA,NA
"299613","mineral_N_one_half","events/299613/mineral_N_one_half/events.in","fertilizer_reference","events/299613/fertilizer_reference/events.in","prepared","exposure.csv","assumptions.csv","existing source configuration and parameter mapping; model execution not validated",TRUE,0,0,0.0334895017691788,0.0391021383310056,NA,0,0,NA,NA,NA,NA
"299613","organic_substitution","events/299613/organic_substitution/events.in","fertilizer_reference","events/299613/fertilizer_reference/events.in","prepared_with_assumptions","exposure.csv","assumptions.csv","existing source configuration and parameter mapping; model execution not validated",TRUE,2.2843,0.2855375,-0.00199839879049379,-0.000880212600649294,NA,0.020131167135899,0.0116435200409663,NA,NA,NA,NA
"299613","tillage_reduced","events/299613/tillage_reduced/events.in","tillage_reference","events/299613/tillage_reference/events.in","prepared","exposure.csv","assumptions.csv","existing source configuration and parameter mapping; model execution not validated",TRUE,2.8359,0.354487499999999,-0.00865363990476229,-0.0130916248268776,NA,0.025167418405229,0.0252462967595689,NA,NA,NA,NA
"299613","tillage_zero","events/299613/tillage_zero/events.in","tillage_reference","events/299613/tillage_reference/events.in","prepared","exposure.csv","assumptions.csv","existing source configuration and parameter mapping; model execution not validated",TRUE,3.401,0.425125,-0.0112892181411088,-0.0160049361343271,NA,0.0301076384487748,0.0301939911385555,NA,NA,NA,NA
"293793","cover_annual","events/293793/cover_annual/events.in","cover_none","events/293793/cover_none/events.in","prepared_with_assumptions","exposure.csv","assumptions.csv","preserve the site parameters in both arms; native events do not encode species traits; verify cover physiology and full termination before interpreting responses",TRUE,0.265599999999999,0.0331999999999999,-0.00259731700962752,-0.00261220284632978,NA,0.00941854274028628,0.00846538414117801,5,0.0531199999999998,NA,NA
"293793","mineral_N_zero","events/293793/mineral_N_zero/events.in","fertilizer_reference","events/293793/fertilizer_reference/events.in","prepared","exposure.csv","assumptions.csv","existing source configuration and parameter mapping; model execution not validated",TRUE,0,0,-0.274051281732394,-0.348537253239068,NA,0,0,5,NA,NA,NA
"293793","mineral_N_half","events/293793/mineral_N_half/events.in","fertilizer_reference","events/293793/fertilizer_reference/events.in","prepared","exposure.csv","assumptions.csv","existing source configuration and parameter mapping; model execution not validated",TRUE,0,0,-0.127661298386772,-0.15915430866809,NA,0,0,5,NA,NA,NA
"293793","mineral_N_one_half","events/293793/mineral_N_one_half/events.in","fertilizer_reference","events/293793/fertilizer_reference/events.in","prepared","exposure.csv","assumptions.csv","existing source configuration and parameter mapping; model execution not validated",TRUE,0,0,0.113198885559468,0.137273874523918,NA,0,0,5,NA,NA,NA
"293793","organic_substitution","events/293793/organic_substitution/events.in","fertilizer_reference","events/293793/fertilizer_reference/events.in","prepared_with_assumptions","exposure.csv","assumptions.csv","existing source configuration and parameter mapping; model execution not validated",TRUE,2.122,0.26525,-0.0109837452335098,0.00684717229532914,NA,0.0728828601877114,0.0460230155376591,5,NA,NA,NA
"293793","tillage_reduced","events/293793/tillage_reduced/events.in","tillage_reference","events/293793/tillage_reference/events.in","prepared","exposure.csv","assumptions.csv","existing source configuration and parameter mapping; model execution not validated",TRUE,0.933100000000003,0.1166375,-0.0184735770259016,-0.0123231686237063,NA,0.0342388248211689,0.0343208373239112,5,NA,NA,NA
"293793","tillage_zero","events/293793/tillage_zero/events.in","tillage_reference","events/293793/tillage_reference/events.in","prepared","exposure.csv","assumptions.csv","existing source configuration and parameter mapping; model execution not validated",TRUE,1.2783,0.1597875,-0.0254931626280759,-0.0169461698911555,NA,0.0466141821707715,0.0467223633283133,5,NA,NA,NA
"144461","mineral_N_zero","events/144461/mineral_N_zero/events.in","fertilizer_reference","events/144461/fertilizer_reference/events.in","prepared","exposure.csv","assumptions.csv","existing source configuration and parameter mapping; model execution not validated",TRUE,0,0,-0.17119404801985,-0.24934246353205,NA,0,0,NA,NA,NA,NA
"144461","mineral_N_half","events/144461/mineral_N_half/events.in","fertilizer_reference","events/144461/fertilizer_reference/events.in","prepared","exposure.csv","assumptions.csv","existing source configuration and parameter mapping; model execution not validated",TRUE,0,0,-0.0819440432941794,-0.116918086240165,NA,0,0,NA,NA,NA,NA
"144461","mineral_N_one_half","events/144461/mineral_N_one_half/events.in","fertilizer_reference","events/144461/fertilizer_reference/events.in","prepared","exposure.csv","assumptions.csv","existing source configuration and parameter mapping; model execution not validated",TRUE,0,0,0.0757405855148582,0.104680593564861,NA,0,0,NA,NA,NA,NA
"144461","organic_substitution","events/144461/organic_substitution/events.in","fertilizer_reference","events/144461/fertilizer_reference/events.in","prepared_with_assumptions","exposure.csv","assumptions.csv","existing source configuration and parameter mapping; model execution not validated",TRUE,4.2595,0.5324375,0.0701335280900706,0.0223457396288267,NA,0.118252155054562,0.0481998828772991,NA,NA,NA,NA
"144461","tillage_reduced","events/144461/tillage_reduced/events.in","tillage_reference","events/144461/tillage_reference/events.in","prepared","exposure.csv","assumptions.csv","existing source configuration and parameter mapping; model execution not validated",TRUE,0.625299999999996,0.0781624999999995,-0.018363397915278,-0.0120750369641974,NA,0.0183871789463807,0.0183843733971894,NA,NA,NA,NA
"144461","tillage_zero","events/144461/tillage_zero/events.in","tillage_reference","events/144461/tillage_reference/events.in","prepared","exposure.csv","assumptions.csv","existing source configuration and parameter mapping; model execution not validated",TRUE,0.758299999999998,0.0947874999999998,-0.0215630710508866,-0.0142515963031154,NA,0.0222548682461486,0.0222520964394451,NA,NA,NA,NA
"153154","cover_annual","events/153154/cover_annual/events.in","cover_none","events/153154/cover_none/events.in","prepared_with_assumptions","exposure.csv","assumptions.csv","preserve the site parameters in both arms; native events do not encode species traits; verify cover physiology and full termination before interpreting responses",TRUE,0.35260000000001,0.0440750000000012,0.00689461649265067,0.00813236725332813,NA,0.00417398251238947,0.00341646397079239,6,0.0587666666666683,NA,NA
"153154","mineral_N_zero","events/153154/mineral_N_zero/events.in","fertilizer_reference","events/153154/fertilizer_reference/events.in","prepared","exposure.csv","assumptions.csv","existing source configuration and parameter mapping; model execution not validated",TRUE,0,0,-0.273478714811817,-0.478729929946529,NA,0,0,6,NA,NA,NA
"153154","mineral_N_half","events/153154/mineral_N_half/events.in","fertilizer_reference","events/153154/fertilizer_reference/events.in","prepared","exposure.csv","assumptions.csv","existing source configuration and parameter mapping; model execution not validated",TRUE,0,0,-0.127430915220775,-0.211000685115726,NA,0,0,6,NA,NA,NA
"153154","mineral_N_one_half","events/153154/mineral_N_one_half/events.in","fertilizer_reference","events/153154/fertilizer_reference/events.in","prepared","exposure.csv","assumptions.csv","existing source configuration and parameter mapping; model execution not validated",TRUE,0,0,0.112974384279291,0.174129326079232,NA,0,0,6,NA,NA,NA
"153154","organic_substitution","events/153154/organic_substitution/events.in","fertilizer_reference","events/153154/fertilizer_reference/events.in","prepared_with_assumptions","exposure.csv","assumptions.csv","existing source configuration and parameter mapping; model execution not validated",TRUE,8.33030000000001,1.0412875,0.0100076728090645,-0.12963076748898,NA,0.0942349703437747,0.0190728189249551,6,NA,NA,NA
"153154","tillage_reduced","events/153154/tillage_reduced/events.in","tillage_reference","events/153154/tillage_reference/events.in","prepared","exposure.csv","assumptions.csv","existing source configuration and parameter mapping; model execution not validated",TRUE,0.872399999999999,0.10905,-0.0195835667523033,-0.0184241088623303,NA,0.0104134533771151,0.00864503001737693,6,NA,NA,NA
"153154","tillage_zero","events/153154/tillage_zero/events.in","tillage_reference","events/153154/tillage_reference/events.in","prepared","exposure.csv","assumptions.csv","existing source configuration and parameter mapping; model execution not validated",TRUE,1.1765,0.147062500000001,-0.0269066068911851,-0.0250659470138041,NA,0.0140180219555527,0.0116282537642151,6,NA,NA,NA
"506467","mineral_N_zero","events/506467/mineral_N_zero/events.in","fertilizer_reference","events/506467/fertilizer_reference/events.in","prepared","exposure.csv","assumptions.csv","existing source configuration and parameter mapping; model execution not validated",TRUE,0,0,-0.108002568860871,-0.118194879986207,NA,0,0,NA,NA,NA,NA
"506467","mineral_N_half","events/506467/mineral_N_half/events.in","fertilizer_reference","events/506467/fertilizer_reference/events.in","prepared","exposure.csv","assumptions.csv","existing source configuration and parameter mapping; model execution not validated",TRUE,0,0,-0.0525410962702155,-0.0573505310081402,NA,0,0,NA,NA,NA,NA
"506467","mineral_N_one_half","events/506467/mineral_N_one_half/events.in","fertilizer_reference","events/506467/fertilizer_reference/events.in","prepared","exposure.csv","assumptions.csv","existing source configuration and parameter mapping; model execution not validated",TRUE,0,0,0.0499117969622112,0.0542353981523224,NA,0,0,NA,NA,NA,NA
"506467","organic_substitution","events/506467/organic_substitution/events.in","fertilizer_reference","events/506467/fertilizer_reference/events.in","prepared_with_assumptions","exposure.csv","assumptions.csv","existing source configuration and parameter mapping; model execution not validated",TRUE,10.2229,1.2778625,0.0881109824092172,0.157740946148073,NA,0.122221132688735,0.020228319679371,NA,NA,NA,NA
"506467","tillage_reduced","events/506467/tillage_reduced/events.in","tillage_reference","events/506467/tillage_reference/events.in","prepared","exposure.csv","assumptions.csv","existing source configuration and parameter mapping; model execution not validated",TRUE,1.4406,0.180075,-0.035964023135293,-0.0445378706761923,NA,0.0181934332743053,0.0165202781133882,NA,NA,NA,NA
"506467","tillage_zero","events/506467/tillage_zero/events.in","tillage_reference","events/506467/tillage_reference/events.in","prepared","exposure.csv","assumptions.csv","existing source configuration and parameter mapping; model execution not validated",TRUE,1.65660000000001,0.207075000000001,-0.0425196793246857,-0.0514819532553096,NA,0.020892999608957,0.0189125657997024,NA,NA,NA,NA
"302976","cover_annual","events/302976/cover_annual/events.in","cover_none","events/302976/cover_none/events.in","prepared_with_assumptions","exposure.csv","assumptions.csv","preserve the site parameters in both arms; native events do not encode species traits; verify cover physiology and full termination before interpreting responses",TRUE,0.0934999999999988,0.0116874999999999,-0.000372935008585696,0.000312678751720074,NA,0.00536501982590089,0.0120599091245153,6,0.0155833333333331,NA,NA
"302976","mineral_N_zero","events/302976/mineral_N_zero/events.in","fertilizer_reference","events/302976/fertilizer_reference/events.in","prepared","exposure.csv","assumptions.csv","existing source configuration and parameter mapping; model execution not validated",TRUE,0,0,-0.428271855273462,-0.522673829001625,NA,0,0,6,NA,NA,NA
"302976","mineral_N_half","events/302976/mineral_N_half/events.in","fertilizer_reference","events/302976/fertilizer_reference/events.in","prepared","exposure.csv","assumptions.csv","existing source configuration and parameter mapping; model execution not validated",TRUE,0,0,-0.191379694821918,-0.227566625044653,NA,0,0,6,NA,NA,NA
"302976","mineral_N_one_half","events/302976/mineral_N_one_half/events.in","fertilizer_reference","events/302976/fertilizer_reference/events.in","prepared","exposure.csv","assumptions.csv","existing source configuration and parameter mapping; model execution not validated",TRUE,0,0,0.160574292353753,0.185263696775746,NA,0,0,6,NA,NA,NA
"302976","organic_substitution","events/302976/organic_substitution/events.in","fertilizer_reference","events/302976/fertilizer_reference/events.in","prepared_with_assumptions","exposure.csv","assumptions.csv","existing source configuration and parameter mapping; model execution not validated",TRUE,7.1816,0.8977,-0.0743560080381327,-0.0523966274905217,NA,0.345847305286669,0.135289513794612,6,NA,NA,NA
"302976","tillage_reduced","events/302976/tillage_reduced/events.in","tillage_reference","events/302976/tillage_reference/events.in","prepared","exposure.csv","assumptions.csv","existing source configuration and parameter mapping; model execution not validated",TRUE,0.314399999999999,0.0392999999999999,-0.0110511207350623,-0.00804815986016813,NA,0.0183722999517958,0.0187962501789182,6,NA,NA,NA
"302976","tillage_zero","events/302976/tillage_zero/events.in","tillage_reference","events/302976/tillage_reference/events.in","prepared","exposure.csv","assumptions.csv","existing source configuration and parameter mapping; model execution not validated",TRUE,0.425000000000001,0.0531250000000001,-0.0151851124552255,-0.0109971968446288,NA,0.0247559020909522,0.025341416495532,6,NA,NA,NA
"453786","mineral_N_zero","events/453786/mineral_N_zero/events.in","fertilizer_reference","events/453786/fertilizer_reference/events.in","prepared","exposure.csv","assumptions.csv","existing source configuration and parameter mapping; model execution not validated",TRUE,0,0,-0.185441418034185,-0.141903520735754,NA,0,0,NA,NA,NA,NA
"453786","mineral_N_half","events/453786/mineral_N_half/events.in","fertilizer_reference","events/453786/fertilizer_reference/events.in","prepared","exposure.csv","assumptions.csv","existing source configuration and parameter mapping; model execution not validated",TRUE,0,0,-0.0884445845393053,-0.0684386421913201,NA,0,0,NA,NA,NA,NA
"453786","mineral_N_one_half","events/453786/mineral_N_one_half/events.in","fertilizer_reference","events/453786/fertilizer_reference/events.in","prepared","exposure.csv","assumptions.csv","existing source configuration and parameter mapping; model execution not validated",TRUE,0,0,0.0813054307499986,0.0640815432754662,NA,0,0,NA,NA,NA,NA
"453786","organic_substitution","events/453786/organic_substitution/events.in","fertilizer_reference","events/453786/fertilizer_reference/events.in","prepared_with_assumptions","exposure.csv","assumptions.csv","existing source configuration and parameter mapping; model execution not validated",TRUE,10.5173,1.3146625,0.278942746830653,0.435741537993879,NA,0.240502257067659,0.0607545544296803,NA,NA,NA,NA
"453786","tillage_reduced","events/453786/tillage_reduced/events.in","tillage_reference","events/453786/tillage_reference/events.in","prepared","exposure.csv","assumptions.csv","existing source configuration and parameter mapping; model execution not validated",TRUE,0.353899999999996,0.0442374999999995,-0.0117404310192069,-0.0106549557322538,NA,0.00922061733592929,0.0091743278193195,NA,NA,NA,NA
"453786","tillage_zero","events/453786/tillage_zero/events.in","tillage_reference","events/453786/tillage_reference/events.in","prepared","exposure.csv","assumptions.csv","existing source configuration and parameter mapping; model execution not validated",TRUE,0.477799999999995,0.0597249999999994,-0.0157674809976766,-0.0143012276105877,NA,0.012428756688334,0.0123658226820791,NA,NA,NA,NA
"336904","cover_annual","events/336904/cover_annual/events.in","cover_none","events/336904/cover_none/events.in","prepared_with_assumptions","exposure.csv","assumptions.csv","preserve the site parameters in both arms; native events do not encode species traits; verify cover physiology and full termination before interpreting responses",TRUE,0.281300000000002,0.0351625000000002,0.00243869762849312,0.00217626569966526,NA,0.0051824803741108,0.00361947370557906,7,0.0401857142857145,NA,NA
"336904","mineral_N_zero","events/336904/mineral_N_zero/events.in","fertilizer_reference","events/336904/fertilizer_reference/events.in","prepared","exposure.csv","assumptions.csv","existing source configuration and parameter mapping; model execution not validated",TRUE,0,0,-0.235305438878193,-0.230616669675537,NA,0,0,7,NA,NA,NA
"336904","mineral_N_half","events/336904/mineral_N_half/events.in","fertilizer_reference","events/336904/fertilizer_reference/events.in","prepared","exposure.csv","assumptions.csv","existing source configuration and parameter mapping; model execution not validated",TRUE,0,0,-0.11074331838028,-0.108671799296103,NA,0,0,7,NA,NA,NA
"336904","mineral_N_one_half","events/336904/mineral_N_one_half/events.in","fertilizer_reference","events/336904/fertilizer_reference/events.in","prepared","exposure.csv","assumptions.csv","existing source configuration and parameter mapping; model execution not validated",TRUE,0,0,0.0996962671045109,0.0980170804392874,NA,0,0,7,NA,NA,NA
"336904","organic_substitution","events/336904/organic_substitution/events.in","fertilizer_reference","events/336904/fertilizer_reference/events.in","prepared_with_assumptions","exposure.csv","assumptions.csv","existing source configuration and parameter mapping; model execution not validated",TRUE,4.479,0.559875,0.0249089332290539,0.05850163654318,NA,0.0794877089579588,0.0364111408001244,7,NA,NA,NA
"336904","tillage_reduced","events/336904/tillage_reduced/events.in","tillage_reference","events/336904/tillage_reference/events.in","prepared","exposure.csv","assumptions.csv","existing source configuration and parameter mapping; model execution not validated",TRUE,1.4881,0.1860125,-0.0197396436914685,-0.0177944294348865,NA,0.0274264972172534,0.0274427988149201,7,NA,NA,NA
"336904","tillage_zero","events/336904/tillage_zero/events.in","tillage_reference","events/336904/tillage_reference/events.in","prepared","exposure.csv","assumptions.csv","existing source configuration and parameter mapping; model execution not validated",TRUE,1.7599,0.2199875,-0.0244228301584307,-0.0211739064919779,NA,0.0323556798110578,0.0323730843830369,7,NA,NA,NA
"535040","cover_annual","events/535040/cover_annual/events.in","cover_none","events/535040/cover_none/events.in","prepared_with_assumptions","exposure.csv","assumptions.csv","preserve the site parameters in both arms; native events do not encode species traits; verify cover physiology and full termination before interpreting responses",TRUE,0.490400000000001,0.0613000000000001,0.0111374790493579,0.0133143209091659,NA,0.00861344475859522,0.00709954834427816,5,0.0980800000000002,NA,NA
"535040","mineral_N_zero","events/535040/mineral_N_zero/events.in","fertilizer_reference","events/535040/fertilizer_reference/events.in","prepared","exposure.csv","assumptions.csv","existing source configuration and parameter mapping; model execution not validated",TRUE,0,0,-0.36282054126988,-0.377720106412916,NA,0,0,5,NA,NA,NA
"535040","mineral_N_half","events/535040/mineral_N_half/events.in","fertilizer_reference","events/535040/fertilizer_reference/events.in","prepared","exposure.csv","assumptions.csv","existing source configuration and parameter mapping; model execution not validated",TRUE,0,0,-0.165049082460282,-0.171135589302642,NA,0,0,5,NA,NA,NA
"535040","mineral_N_one_half","events/535040/mineral_N_one_half/events.in","fertilizer_reference","events/535040/fertilizer_reference/events.in","prepared","exposure.csv","assumptions.csv","existing source configuration and parameter mapping; model execution not validated",TRUE,0,0,0.141623975469,0.146079431158928,NA,0,0,5,NA,NA,NA
"535040","organic_substitution","events/535040/organic_substitution/events.in","fertilizer_reference","events/535040/fertilizer_reference/events.in","prepared_with_assumptions","exposure.csv","assumptions.csv","existing source configuration and parameter mapping; model execution not validated",TRUE,8.83520000000001,1.1044,-0.161098318642022,-0.137385963492995,NA,0.14483840024761,0.0210399822169632,5,NA,NA,NA
"535040","tillage_reduced","events/535040/tillage_reduced/events.in","tillage_reference","events/535040/tillage_reference/events.in","prepared","exposure.csv","assumptions.csv","existing source configuration and parameter mapping; model execution not validated",TRUE,0.9495,0.1186875,-0.0164299086658471,-0.0187281071633193,NA,0.0170015939627116,0.0169765788929617,5,NA,NA,NA
"535040","tillage_zero","events/535040/tillage_zero/events.in","tillage_reference","events/535040/tillage_reference/events.in","prepared","exposure.csv","assumptions.csv","existing source configuration and parameter mapping; model execution not validated",TRUE,1.3151,0.1643875,-0.0228230269534785,-0.026134102564024,NA,0.0234716572010966,0.0234369983476671,5,NA,NA,NA
"212287","cover_annual","events/212287/cover_annual/events.in","cover_none","events/212287/cover_none/events.in","prepared_with_assumptions","exposure.csv","assumptions.csv","preserve the site parameters in both arms; native events do not encode species traits; verify cover physiology and full termination before interpreting responses",TRUE,0.5824,0.0728,0.0338649469930475,0.0240276124652337,NA,0.0358544302447957,0.0342361601445231,8,0.0728,NA,NA
"212287","mineral_N_zero","events/212287/mineral_N_zero/events.in","fertilizer_reference","events/212287/fertilizer_reference/events.in","prepared","exposure.csv","assumptions.csv","existing source configuration and parameter mapping; model execution not validated",TRUE,0,0,-0.283215929726523,-0.343207009388161,NA,0,0,8,NA,NA,NA
"212287","mineral_N_half","events/212287/mineral_N_half/events.in","fertilizer_reference","events/212287/fertilizer_reference/events.in","prepared","exposure.csv","assumptions.csv","existing source configuration and parameter mapping; model execution not validated",TRUE,0,0,-0.131615982749954,-0.156951025862222,NA,0,0,8,NA,NA,NA
"212287","mineral_N_one_half","events/212287/mineral_N_one_half/events.in","fertilizer_reference","events/212287/fertilizer_reference/events.in","prepared","exposure.csv","assumptions.csv","existing source configuration and parameter mapping; model execution not validated",TRUE,0,0,0.116288962875831,0.135627308014416,NA,0,0,8,NA,NA,NA
"212287","organic_substitution","events/212287/organic_substitution/events.in","fertilizer_reference","events/212287/fertilizer_reference/events.in","prepared_with_assumptions","exposure.csv","assumptions.csv","existing source configuration and parameter mapping; model execution not validated",TRUE,6.554,0.81925,0.00967081459652867,0.0724283707481298,NA,0.344161220082095,0.118848482645203,8,NA,NA,NA
"212287","tillage_reduced","events/212287/tillage_reduced/events.in","tillage_reference","events/212287/tillage_reference/events.in","prepared","exposure.csv","assumptions.csv","existing source configuration and parameter mapping; model execution not validated",TRUE,1.0663,0.1332875,-0.0278926997975785,-0.0285382017577564,NA,0.0650223659851751,0.065107971633246,8,NA,NA,NA
"212287","tillage_zero","events/212287/tillage_zero/events.in","tillage_reference","events/212287/tillage_reference/events.in","prepared","exposure.csv","assumptions.csv","existing source configuration and parameter mapping; model execution not validated",TRUE,1.2128,0.1516,-0.0323970485151095,-0.0327437277947081,NA,0.0736344178135156,0.073728308588792,8,NA,NA,NA
"549173","mineral_N_zero","events/549173/mineral_N_zero/events.in","fertilizer_reference","events/549173/fertilizer_reference/events.in","prepared","exposure.csv","assumptions.csv","existing source configuration and parameter mapping; model execution not validated",TRUE,0,0,-0.138306398450474,-0.119578082955192,NA,0,0,NA,NA,NA,NA
"549173","mineral_N_half","events/549173/mineral_N_half/events.in","fertilizer_reference","events/549173/fertilizer_reference/events.in","prepared","exposure.csv","assumptions.csv","existing source configuration and parameter mapping; model execution not validated",TRUE,0,0,-0.066785251997558,-0.0580144616955897,NA,0,0,NA,NA,NA,NA
"549173","mineral_N_one_half","events/549173/mineral_N_one_half/events.in","fertilizer_reference","events/549173/fertilizer_reference/events.in","prepared","exposure.csv","assumptions.csv","existing source configuration and parameter mapping; model execution not validated",TRUE,0,0,0.0626113890422144,0.0548449255349598,NA,0,0,NA,NA,NA,NA
"549173","organic_substitution","events/549173/organic_substitution/events.in","fertilizer_reference","events/549173/fertilizer_reference/events.in","prepared_with_assumptions","exposure.csv","assumptions.csv","existing source configuration and parameter mapping; model execution not validated",TRUE,3.7706,0.471325,0.0402308824183167,0.100726489367282,NA,0.0509860374359424,0.0204593052019268,NA,NA,NA,NA
"549173","tillage_reduced","events/549173/tillage_reduced/events.in","tillage_reference","events/549173/tillage_reference/events.in","prepared","exposure.csv","assumptions.csv","existing source configuration and parameter mapping; model execution not validated",TRUE,0.984300000000005,0.123037500000001,-0.0109944554375099,-0.00950482128012181,NA,0.0136266918842219,0.0136191959562648,NA,NA,NA,NA
"549173","tillage_zero","events/549173/tillage_zero/events.in","tillage_reference","events/549173/tillage_reference/events.in","prepared","exposure.csv","assumptions.csv","existing source configuration and parameter mapping; model execution not validated",TRUE,1.14710000000001,0.143387500000001,-0.0133012039863367,-0.0115772801394187,NA,0.0158627139069768,0.0158539872288285,NA,NA,NA,NA
"107465","mineral_N_zero","events/107465/mineral_N_zero/events.in","fertilizer_reference","events/107465/fertilizer_reference/events.in","prepared","exposure.csv","assumptions.csv","existing source configuration and parameter mapping; model execution not validated",TRUE,0,0,-0.193814535399371,-0.228497721541283,NA,0,0,NA,NA,NA,NA
"107465","mineral_N_half","events/107465/mineral_N_half/events.in","fertilizer_reference","events/107465/fertilizer_reference/events.in","prepared","exposure.csv","assumptions.csv","existing source configuration and parameter mapping; model execution not validated",TRUE,0,0,-0.092226025768323,-0.107741688796272,NA,0,0,NA,NA,NA,NA
"107465","mineral_N_one_half","events/107465/mineral_N_one_half/events.in","fertilizer_reference","events/107465/fertilizer_reference/events.in","prepared","exposure.csv","assumptions.csv","existing source configuration and parameter mapping; model execution not validated",TRUE,0,0,0.0844266861348225,0.0972496273308516,NA,0,0,NA,NA,NA,NA
"107465","organic_substitution","events/107465/organic_substitution/events.in","fertilizer_reference","events/107465/fertilizer_reference/events.in","prepared_with_assumptions","exposure.csv","assumptions.csv","existing source configuration and parameter mapping; model execution not validated",TRUE,2.1785,0.2723125,-0.057628608881217,0.00966031043056221,NA,0.0814463595540663,0.0536576140178922,NA,NA,NA,NA
"107465","tillage_reduced","events/107465/tillage_reduced/events.in","tillage_reference","events/107465/tillage_reference/events.in","prepared","exposure.csv","assumptions.csv","existing source configuration and parameter mapping; model execution not validated",TRUE,0.638999999999999,0.0798749999999999,-0.0134336613082038,-0.0129553292613056,NA,0.0252888495331019,0.0267969549599837,NA,NA,NA,NA
"107465","tillage_zero","events/107465/tillage_zero/events.in","tillage_reference","events/107465/tillage_reference/events.in","prepared","exposure.csv","assumptions.csv","existing source configuration and parameter mapping; model execution not validated",TRUE,0.8706,0.108825,-0.018115302727589,-0.0177845638744042,NA,0.0342989358909994,0.0363331320247626,NA,NA,NA,NA
"555182","mineral_N_zero","events/555182/mineral_N_zero/events.in","fertilizer_reference","events/555182/fertilizer_reference/events.in","prepared","exposure.csv","assumptions.csv","existing source configuration and parameter mapping; model execution not validated",TRUE,0,0,-0.16032858496531,-0.208185612669121,NA,0,0,NA,NA,NA,NA
"555182","mineral_N_half","events/555182/mineral_N_half/events.in","fertilizer_reference","events/555182/fertilizer_reference/events.in","prepared","exposure.csv","assumptions.csv","existing source configuration and parameter mapping; model execution not validated",TRUE,0,0,-0.0769569003472355,-0.0986882496905196,NA,0,0,NA,NA,NA,NA
"555182","mineral_N_one_half","events/555182/mineral_N_one_half/events.in","fertilizer_reference","events/555182/fertilizer_reference/events.in","prepared","exposure.csv","assumptions.csv","existing source configuration and parameter mapping; model execution not validated",TRUE,0,0,0.0714597544049941,0.0898180080742314,NA,0,0,NA,NA,NA,NA
"555182","organic_substitution","events/555182/organic_substitution/events.in","fertilizer_reference","events/555182/fertilizer_reference/events.in","prepared_with_assumptions","exposure.csv","assumptions.csv","existing source configuration and parameter mapping; model execution not validated",TRUE,2.756,0.3445,0.0769470831918798,0.0871351034545402,NA,0.097433613171244,0.0538926152942211,NA,NA,NA,NA
"555182","tillage_reduced","events/555182/tillage_reduced/events.in","tillage_reference","events/555182/tillage_reference/events.in","prepared","exposure.csv","assumptions.csv","existing source configuration and parameter mapping; model execution not validated",TRUE,0.878800000000002,0.10985,-0.0247765827102581,-0.0190588587432274,NA,0.0326455900388239,0.0325868002228072,NA,NA,NA,NA
"555182","tillage_zero","events/555182/tillage_zero/events.in","tillage_reference","events/555182/tillage_reference/events.in","prepared","exposure.csv","assumptions.csv","existing source configuration and parameter mapping; model execution not validated",TRUE,1.0955,0.1369375,-0.0312070006779592,-0.0242026557910928,NA,0.0405343659313746,0.0404568849651993,NA,NA,NA,NA
"372700","cover_annual","events/372700/cover_annual/events.in","cover_none","events/372700/cover_none/events.in","prepared_with_assumptions","exposure.csv","assumptions.csv","preserve the site parameters in both arms; native events do not encode species traits; verify cover physiology and full termination before interpreting responses",TRUE,0.721599999999995,0.0901999999999994,-0.00988370560575696,-0.0129303514255864,NA,0.0200810407644604,0.0153460201522198,6,0.120266666666666,NA,NA
"372700","mineral_N_zero","events/372700/mineral_N_zero/events.in","fertilizer_reference","events/372700/fertilizer_reference/events.in","prepared","exposure.csv","assumptions.csv","existing source configuration and parameter mapping; model execution not validated",TRUE,0,0,-0.650108471172334,-0.781595082094307,NA,0,0,6,NA,NA,NA
"372700","mineral_N_half","events/372700/mineral_N_half/events.in","fertilizer_reference","events/372700/fertilizer_reference/events.in","prepared","exposure.csv","assumptions.csv","existing source configuration and parameter mapping; model execution not validated",TRUE,0,0,-0.273137654629877,-0.316311738610225,NA,0,0,6,NA,NA,NA
"372700","mineral_N_one_half","events/372700/mineral_N_one_half/events.in","fertilizer_reference","events/372700/fertilizer_reference/events.in","prepared","exposure.csv","assumptions.csv","existing source configuration and parameter mapping; model execution not validated",TRUE,0,0,0.214304507089324,0.239928852368397,NA,0,0,6,NA,NA,NA
"372700","organic_substitution","events/372700/organic_substitution/events.in","fertilizer_reference","events/372700/fertilizer_reference/events.in","prepared_with_assumptions","exposure.csv","assumptions.csv","existing source configuration and parameter mapping; model execution not validated",TRUE,17.7147,2.2143375,-0.41414837494193,-0.43880105129123,NA,0.404101791606689,0.0551118669767444,6,NA,NA,NA
"372700","tillage_reduced","events/372700/tillage_reduced/events.in","tillage_reference","events/372700/tillage_reference/events.in","prepared","exposure.csv","assumptions.csv","existing source configuration and parameter mapping; model execution not validated",TRUE,0.376600000000003,0.0470750000000004,-0.0219640692339816,-0.0191348477406852,NA,0.0105613949152827,0.00906897043060626,6,NA,NA,NA
"372700","tillage_zero","events/372700/tillage_zero/events.in","tillage_reference","events/372700/tillage_reference/events.in","prepared","exposure.csv","assumptions.csv","existing source configuration and parameter mapping; model execution not validated",TRUE,0.436500000000002,0.0545625000000003,-0.0258637012375795,-0.0221763706386816,NA,0.0122310002701346,0.0105128580355068,6,NA,NA,NA
"313780","mineral_N_zero","events/313780/mineral_N_zero/events.in","fertilizer_reference","events/313780/fertilizer_reference/events.in","prepared","exposure.csv","assumptions.csv","existing source configuration and parameter mapping; model execution not validated",TRUE,0,0,-0.300160857205357,-0.3267607372751,NA,0,0,NA,NA,NA,NA
"313780","mineral_N_half","events/313780/mineral_N_half/events.in","fertilizer_reference","events/313780/fertilizer_reference/events.in","prepared","exposure.csv","assumptions.csv","existing source configuration and parameter mapping; model execution not validated",TRUE,0,0,-0.138890339120409,-0.150158078925516,NA,0,0,NA,NA,NA,NA
"313780","mineral_N_one_half","events/313780/mineral_N_one_half/events.in","fertilizer_reference","events/313780/fertilizer_reference/events.in","prepared","exposure.csv","assumptions.csv","existing source configuration and parameter mapping; model execution not validated",TRUE,0,0,0.121977774925167,0.130583876264586,NA,0,0,NA,NA,NA,NA
"313780","organic_substitution","events/313780/organic_substitution/events.in","fertilizer_reference","events/313780/fertilizer_reference/events.in","prepared_with_assumptions","exposure.csv","assumptions.csv","existing source configuration and parameter mapping; model execution not validated",TRUE,5.30199999999999,0.662749999999999,0.0811874667382441,0.111208685345611,NA,0.0753176082071303,0.0286263699945662,NA,NA,NA,NA
"313780","tillage_reduced","events/313780/tillage_reduced/events.in","tillage_reference","events/313780/tillage_reference/events.in","prepared","exposure.csv","assumptions.csv","existing source configuration and parameter mapping; model execution not validated",TRUE,0.773399999999995,0.0966749999999994,-0.0197340302864894,-0.0217772797452581,NA,0.01146235231717,0.0094545918317783,NA,NA,NA,NA
"313780","tillage_zero","events/313780/tillage_zero/events.in","tillage_reference","events/313780/tillage_reference/events.in","prepared","exposure.csv","assumptions.csv","existing source configuration and parameter mapping; model execution not validated",TRUE,0.981699999999989,0.122712499999999,-0.0267505008333122,-0.0287226533372806,NA,0.0145271832704679,0.0121203397207487,NA,NA,NA,NA
"309355","cover_annual","events/309355/cover_annual/events.in","cover_none","events/309355/cover_none/events.in","prepared_with_assumptions","exposure.csv","assumptions.csv","preserve the site parameters in both arms; native events do not encode species traits; verify cover physiology and full termination before interpreting responses",TRUE,0.1533,0.0191625,0,-0.000730438427353058,NA,0.0146900115265731,0.011220452356509,4,0.0383249999999999,NA,NA
"309355","mineral_N_zero","events/309355/mineral_N_zero/events.in","fertilizer_reference","events/309355/fertilizer_reference/events.in","prepared","exposure.csv","assumptions.csv","existing source configuration and parameter mapping; model execution not validated",TRUE,0,0,-1.74282502111355,-1.97178691045996,NA,0,0,4,NA,NA,NA
"309355","mineral_N_half","events/309355/mineral_N_half/events.in","fertilizer_reference","events/309355/fertilizer_reference/events.in","prepared","exposure.csv","assumptions.csv","existing source configuration and parameter mapping; model execution not validated",TRUE,0,0,-0.531848263579447,-0.562800087521929,NA,0,0,4,NA,NA,NA
"309355","mineral_N_one_half","events/309355/mineral_N_one_half/events.in","fertilizer_reference","events/309355/fertilizer_reference/events.in","prepared","exposure.csv","assumptions.csv","existing source configuration and parameter mapping; model execution not validated",TRUE,0,0,0.345344680705515,0.357953217075459,NA,0,0,4,NA,NA,NA
"309355","organic_substitution","events/309355/organic_substitution/events.in","fertilizer_reference","events/309355/fertilizer_reference/events.in","prepared_with_assumptions","exposure.csv","assumptions.csv","existing source configuration and parameter mapping; model execution not validated",TRUE,21.1809,2.6476125,-1.22002171123941,-1.30167149980683,NA,1.11338473833442,0.215487451474126,4,NA,NA,NA
"309355","tillage_reduced","events/309355/tillage_reduced/events.in","tillage_reference","events/309355/tillage_reference/events.in","prepared","exposure.csv","assumptions.csv","existing source configuration and parameter mapping; model execution not validated",TRUE,0.0439000000000007,0.00548750000000009,-0.00832243342315681,-0.0075769334878165,NA,0.0042532023637931,0.00421924759190364,4,NA,NA,NA
"309355","tillage_zero","events/309355/tillage_zero/events.in","tillage_reference","events/309355/tillage_reference/events.in","prepared","exposure.csv","assumptions.csv","existing source configuration and parameter mapping; model execution not validated",TRUE,0.0594999999999999,0.00743749999999999,-0.0116044223964693,-0.0104675426434908,NA,0.00576024517467188,0.00570765318921946,4,NA,NA,NA
"403505","cover_annual","events/403505/cover_annual/events.in","cover_none","events/403505/cover_none/events.in","prepared_with_assumptions","exposure.csv","assumptions.csv","preserve the site parameters in both arms; native events do not encode species traits; verify cover physiology and full termination before interpreting responses",TRUE,0.121300000000002,0.0151625000000002,0.00286829548723411,0.00324278804107022,NA,0.00733947138578637,0.00698414574200849,5,0.0242600000000003,NA,NA
"403505","mineral_N_zero","events/403505/mineral_N_zero/events.in","fertilizer_reference","events/403505/fertilizer_reference/events.in","prepared","exposure.csv","assumptions.csv","existing source configuration and parameter mapping; model execution not validated",TRUE,0,0,-0.0858442897639177,-0.143376080779853,NA,0,0,5,NA,NA,NA
"403505","mineral_N_half","events/403505/mineral_N_half/events.in","fertilizer_reference","events/403505/fertilizer_reference/events.in","prepared","exposure.csv","assumptions.csv","existing source configuration and parameter mapping; model execution not validated",TRUE,0,0,-0.0420002122870135,-0.0691200845981408,NA,0,0,5,NA,NA,NA
"403505","mineral_N_one_half","events/403505/mineral_N_one_half/events.in","fertilizer_reference","events/403505/fertilizer_reference/events.in","prepared","exposure.csv","assumptions.csv","existing source configuration and parameter mapping; model execution not validated",TRUE,0,0,0.0403092917842872,0.0646519342014714,NA,0,0,5,NA,NA,NA
"403505","organic_substitution","events/403505/organic_substitution/events.in","fertilizer_reference","events/403505/fertilizer_reference/events.in","prepared_with_assumptions","exposure.csv","assumptions.csv","existing source configuration and parameter mapping; model execution not validated",TRUE,1.2594,0.157425,0.0803307306400919,0.107894973526235,NA,0.0736988328525715,0.0575355306662465,5,NA,NA,NA
"403505","tillage_reduced","events/403505/tillage_reduced/events.in","tillage_reference","events/403505/tillage_reference/events.in","prepared","exposure.csv","assumptions.csv","existing source configuration and parameter mapping; model execution not validated",TRUE,0.625000000000002,0.0781250000000002,-0.0138937114161787,-0.0132872939079498,NA,0.0392517530871443,0.0393338492692414,5,NA,NA,NA
"403505","tillage_zero","events/403505/tillage_zero/events.in","tillage_reference","events/403505/tillage_reference/events.in","prepared","exposure.csv","assumptions.csv","existing source configuration and parameter mapping; model execution not validated",TRUE,0.854100000000001,0.1067625,-0.0188662496805586,-0.0181716393450338,NA,0.0532625437099712,0.0533699204588602,5,NA,NA,NA
"236386","mineral_N_zero","events/236386/mineral_N_zero/events.in","fertilizer_reference","events/236386/fertilizer_reference/events.in","prepared","exposure.csv","assumptions.csv","existing source configuration and parameter mapping; model execution not validated",TRUE,0,0,-0.30381360515658,-0.345666654886776,NA,0,0,NA,NA,NA,NA
"236386","mineral_N_half","events/236386/mineral_N_half/events.in","fertilizer_reference","events/236386/fertilizer_reference/events.in","prepared","exposure.csv","assumptions.csv","existing source configuration and parameter mapping; model execution not validated",TRUE,0,0,-0.140422343140335,-0.157978338822229,NA,0,0,NA,NA,NA,NA
"236386","mineral_N_one_half","events/236386/mineral_N_one_half/events.in","fertilizer_reference","events/236386/fertilizer_reference/events.in","prepared","exposure.csv","assumptions.csv","existing source configuration and parameter mapping; model execution not validated",TRUE,0,0,0.123101732566235,0.136393106314637,NA,0,0,NA,NA,NA,NA
"236386","organic_substitution","events/236386/organic_substitution/events.in","fertilizer_reference","events/236386/fertilizer_reference/events.in","prepared_with_assumptions","exposure.csv","assumptions.csv","existing source configuration and parameter mapping; model execution not validated",TRUE,1.064,0.133,0.0410342704740582,0.0668809550511624,NA,0.0216642461167498,0.0303767115476188,NA,NA,NA,NA
"236386","tillage_reduced","events/236386/tillage_reduced/events.in","tillage_reference","events/236386/tillage_reference/events.in","prepared","exposure.csv","assumptions.csv","existing source configuration and parameter mapping; model execution not validated",TRUE,0.724499999999999,0.0905624999999999,-0.015064085442499,-0.00825724355641766,NA,0.0149492568855931,0.0149782440961596,NA,NA,NA,NA
"236386","tillage_zero","events/236386/tillage_zero/events.in","tillage_reference","events/236386/tillage_reference/events.in","prepared","exposure.csv","assumptions.csv","existing source configuration and parameter mapping; model execution not validated",TRUE,0.896899999999995,0.112112499999999,-0.0187504395192174,-0.0102185590319014,NA,0.0184738642720301,0.0185441476238308,NA,NA,NA,NA
"14956","cover_annual","events/14956/cover_annual/events.in","cover_none","events/14956/cover_none/events.in","prepared_with_assumptions","exposure.csv","assumptions.csv","preserve the site parameters in both arms; native events do not encode species traits; verify cover physiology and full termination before interpreting responses",TRUE,0.3961,0.0495125,0.0141178283890011,0.0200361081009794,NA,0.0554612811059117,0.0498650435207125,8,0.0495125,NA,NA
"14956","mineral_N_zero","events/14956/mineral_N_zero/events.in","fertilizer_reference","events/14956/fertilizer_reference/events.in","prepared","exposure.csv","assumptions.csv","existing source configuration and parameter mapping; model execution not validated",TRUE,0,0,-0.335048985680861,-0.380282613906127,NA,0,0,8,NA,NA,NA
"14956","mineral_N_half","events/14956/mineral_N_half/events.in","fertilizer_reference","events/14956/fertilizer_reference/events.in","prepared","exposure.csv","assumptions.csv","existing source configuration and parameter mapping; model execution not validated",TRUE,0,0,-0.153555070030122,-0.172156408174024,NA,0,0,8,NA,NA,NA
"14956","mineral_N_one_half","events/14956/mineral_N_one_half/events.in","fertilizer_reference","events/14956/fertilizer_reference/events.in","prepared","exposure.csv","assumptions.csv","existing source configuration and parameter mapping; model execution not validated",TRUE,0,0,0.133100631491082,0.146875136224603,NA,0,0,8,NA,NA,NA
"14956","organic_substitution","events/14956/organic_substitution/events.in","fertilizer_reference","events/14956/fertilizer_reference/events.in","prepared_with_assumptions","exposure.csv","assumptions.csv","existing source configuration and parameter mapping; model execution not validated",TRUE,7.3055,0.9131875,0.330647261572393,0.493620427015395,NA,0.718718350631682,0.184807820573566,8,NA,NA,NA
"14956","tillage_reduced","events/14956/tillage_reduced/events.in","tillage_reference","events/14956/tillage_reference/events.in","prepared","exposure.csv","assumptions.csv","existing source configuration and parameter mapping; model execution not validated",TRUE,0.0950999999999995,0.0118874999999999,-0.0141545537724506,-0.0124740734967575,NA,0.0136914484609618,0.0137089262199143,8,NA,NA,NA
"14956","tillage_zero","events/14956/tillage_zero/events.in","tillage_reference","events/14956/tillage_reference/events.in","prepared","exposure.csv","assumptions.csv","existing source configuration and parameter mapping; model execution not validated",TRUE,0.112699999999999,0.0140874999999999,-0.0163731245470284,-0.0144038761974664,NA,0.016204873753059,0.0162138837645943,8,NA,NA,NA
"219229","cover_annual","events/219229/cover_annual/events.in","cover_none","events/219229/cover_none/events.in","prepared_with_assumptions","exposure.csv","assumptions.csv","preserve the site parameters in both arms; native events do not encode species traits; verify cover physiology and full termination before interpreting responses",TRUE,0.564399999999999,0.0705499999999999,-0.0051086568813042,-0.0100840367287611,NA,0.0105240576021686,0.00963421153525628,6,0.0940666666666665,NA,NA
"219229","mineral_N_zero","events/219229/mineral_N_zero/events.in","fertilizer_reference","events/219229/fertilizer_reference/events.in","prepared","exposure.csv","assumptions.csv","existing source configuration and parameter mapping; model execution not validated",TRUE,0,0,-0.387467399887896,-0.38181812789855,NA,0,0,6,NA,NA,NA
"219229","mineral_N_half","events/219229/mineral_N_half/events.in","fertilizer_reference","events/219229/fertilizer_reference/events.in","prepared","exposure.csv","assumptions.csv","existing source configuration and parameter mapping; model execution not validated",TRUE,0,0,-0.175109012305022,-0.172810411270752,NA,0,0,6,NA,NA,NA
"219229","mineral_N_one_half","events/219229/mineral_N_one_half/events.in","fertilizer_reference","events/219229/fertilizer_reference/events.in","prepared","exposure.csv","assumptions.csv","existing source configuration and parameter mapping; model execution not validated",TRUE,0,0,0.148951982594821,0.147291725169495,NA,0,0,6,NA,NA,NA
"219229","organic_substitution","events/219229/organic_substitution/events.in","fertilizer_reference","events/219229/fertilizer_reference/events.in","prepared_with_assumptions","exposure.csv","assumptions.csv","existing source configuration and parameter mapping; model execution not validated",TRUE,10.9107,1.3638375,0.0505924775961305,0.127809510662516,NA,0.193260436383707,0.0667479992208969,6,NA,NA,NA
"219229","tillage_reduced","events/219229/tillage_reduced/events.in","tillage_reference","events/219229/tillage_reference/events.in","prepared","exposure.csv","assumptions.csv","existing source configuration and parameter mapping; model execution not validated",TRUE,3.1732,0.39665,-0.0324345992705499,-0.0313258620340317,NA,0.0607628096217784,0.0577273931908792,6,NA,NA,NA
"219229","tillage_zero","events/219229/tillage_zero/events.in","tillage_reference","events/219229/tillage_reference/events.in","prepared","exposure.csv","assumptions.csv","existing source configuration and parameter mapping; model execution not validated",TRUE,3.7139,0.4642375,-0.0388671306174966,-0.0377335128949859,NA,0.0707581327592189,0.067160770243061,6,NA,NA,NA
"375119","cover_annual","events/375119/cover_annual/events.in","cover_none","events/375119/cover_none/events.in","prepared_with_assumptions","exposure.csv","assumptions.csv","preserve the site parameters in both arms; native events do not encode species traits; verify cover physiology and full termination before interpreting responses",TRUE,0.2545,0.0318125,0.00309012513065961,0.00894200037097341,NA,0.0102267842213363,0.00986552516831774,6,0.0424166666666667,NA,NA
"375119","mineral_N_zero","events/375119/mineral_N_zero/events.in","fertilizer_reference","events/375119/fertilizer_reference/events.in","prepared","exposure.csv","assumptions.csv","existing source configuration and parameter mapping; model execution not validated",TRUE,0,0,-0.225983616640672,-0.184780790695002,NA,0,0,6,NA,NA,NA
"375119","mineral_N_half","events/375119/mineral_N_half/events.in","fertilizer_reference","events/375119/fertilizer_reference/events.in","prepared","exposure.csv","assumptions.csv","existing source configuration and parameter mapping; model execution not validated",TRUE,0,0,-0.10663782366962,-0.0881337131562158,NA,0,0,6,NA,NA,NA
"375119","mineral_N_one_half","events/375119/mineral_N_one_half/events.in","fertilizer_reference","events/375119/fertilizer_reference/events.in","prepared","exposure.csv","assumptions.csv","existing source configuration and parameter mapping; model execution not validated",TRUE,0,0,0.0963626278524461,0.0810085002615939,NA,0,0,6,NA,NA,NA
"375119","organic_substitution","events/375119/organic_substitution/events.in","fertilizer_reference","events/375119/fertilizer_reference/events.in","prepared_with_assumptions","exposure.csv","assumptions.csv","existing source configuration and parameter mapping; model execution not validated",TRUE,5.8485,0.7310625,0.0189440989576606,0.112242968209736,NA,0.212059104781418,0.0567506036288005,6,NA,NA,NA
"375119","tillage_reduced","events/375119/tillage_reduced/events.in","tillage_reference","events/375119/tillage_reference/events.in","prepared","exposure.csv","assumptions.csv","existing source configuration and parameter mapping; model execution not validated",TRUE,0.257899999999999,0.0322374999999999,-0.0109517618310793,-0.00905176635756269,NA,0.0105038404923815,0.010369664449089,6,NA,NA,NA
"375119","tillage_zero","events/375119/tillage_zero/events.in","tillage_reference","events/375119/tillage_reference/events.in","prepared","exposure.csv","assumptions.csv","existing source configuration and parameter mapping; model execution not validated",TRUE,0.334400000000002,0.0418000000000003,-0.0142981808048174,-0.0118295296162262,NA,0.0135984593408702,0.0134268006229718,6,NA,NA,NA
"542872","cover_annual","events/542872/cover_annual/events.in","cover_none","events/542872/cover_none/events.in","prepared_with_assumptions","exposure.csv","assumptions.csv","preserve the site parameters in both arms; native events do not encode species traits; verify cover physiology and full termination before interpreting responses",TRUE,0.2468,0.03085,0.00160721817736459,-0.00136701870947346,NA,0.00947979981385202,0.00761506182919971,7,0.0352571428571429,NA,NA
"542872","mineral_N_zero","events/542872/mineral_N_zero/events.in","fertilizer_reference","events/542872/fertilizer_reference/events.in","prepared","exposure.csv","assumptions.csv","existing source configuration and parameter mapping; model execution not validated",TRUE,0,0,-0.313756849938203,-0.367631712891494,NA,0,0,7,NA,NA,NA
"542872","mineral_N_half","events/542872/mineral_N_half/events.in","fertilizer_reference","events/542872/fertilizer_reference/events.in","prepared","exposure.csv","assumptions.csv","existing source configuration and parameter mapping; model execution not validated",TRUE,0,0,-0.144618957732639,-0.167013622620081,NA,0,0,7,NA,NA,NA
"542872","mineral_N_one_half","events/542872/mineral_N_one_half/events.in","fertilizer_reference","events/542872/fertilizer_reference/events.in","prepared","exposure.csv","assumptions.csv","existing source configuration and parameter mapping; model execution not validated",TRUE,0,0,0.126336863828815,0.143080203661936,NA,0,0,7,NA,NA,NA
"542872","organic_substitution","events/542872/organic_substitution/events.in","fertilizer_reference","events/542872/fertilizer_reference/events.in","prepared_with_assumptions","exposure.csv","assumptions.csv","existing source configuration and parameter mapping; model execution not validated",TRUE,2.4262,0.303275,0.0930444486840445,0.0559543173618907,NA,0.0895075096995618,0.0557368094762022,7,NA,NA,NA
"542872","tillage_reduced","events/542872/tillage_reduced/events.in","tillage_reference","events/542872/tillage_reference/events.in","prepared","exposure.csv","assumptions.csv","existing source configuration and parameter mapping; model execution not validated",TRUE,0.799399999999999,0.0999249999999998,-0.0208366184917512,-0.0161301281983863,NA,0.031304561448471,0.0313192215455258,7,NA,NA,NA
"542872","tillage_zero","events/542872/tillage_zero/events.in","tillage_reference","events/542872/tillage_reference/events.in","prepared","exposure.csv","assumptions.csv","existing source configuration and parameter mapping; model execution not validated",TRUE,1.0358,0.129475,-0.0255747773486246,-0.0206171811541929,NA,0.0403773203926909,0.0403901542462658,7,NA,NA,NA
"250488","mineral_N_zero","events/250488/mineral_N_zero/events.in","fertilizer_reference","events/250488/fertilizer_reference/events.in","prepared","exposure.csv","assumptions.csv","existing source configuration and parameter mapping; model execution not validated",TRUE,0,0,-0.216450741664565,-0.234031638329536,NA,0,0,NA,NA,NA,NA
"250488","mineral_N_half","events/250488/mineral_N_half/events.in","fertilizer_reference","events/250488/fertilizer_reference/events.in","prepared","exposure.csv","assumptions.csv","existing source configuration and parameter mapping; model execution not validated",TRUE,0,0,-0.102391809259696,-0.11018949092898,NA,0,0,NA,NA,NA,NA
"250488","mineral_N_one_half","events/250488/mineral_N_one_half/events.in","fertilizer_reference","events/250488/fertilizer_reference/events.in","prepared","exposure.csv","assumptions.csv","existing source configuration and parameter mapping; model execution not validated",TRUE,0,0,0.0928870788069092,0.0992562380222177,NA,0,0,NA,NA,NA,NA
"250488","organic_substitution","events/250488/organic_substitution/events.in","fertilizer_reference","events/250488/fertilizer_reference/events.in","prepared_with_assumptions","exposure.csv","assumptions.csv","existing source configuration and parameter mapping; model execution not validated",TRUE,4.089,0.511125,0.283945605127017,0.323559194534211,NA,0.148996768974393,0.0903168382225963,NA,NA,NA,NA
"250488","tillage_reduced","events/250488/tillage_reduced/events.in","tillage_reference","events/250488/tillage_reference/events.in","prepared","exposure.csv","assumptions.csv","existing source configuration and parameter mapping; model execution not validated",TRUE,0.376200000000001,0.0470250000000001,-0.00799711243711071,-0.00797767176429745,NA,0.0147891099090401,0.0148289988443749,NA,NA,NA,NA
"250488","tillage_zero","events/250488/tillage_zero/events.in","tillage_reference","events/250488/tillage_reference/events.in","prepared","exposure.csv","assumptions.csv","existing source configuration and parameter mapping; model execution not validated",TRUE,0.462199999999999,0.0577749999999999,-0.0103710692643045,-0.00997254469199258,NA,0.018139431712733,0.0180495438391516,NA,NA,NA,NA
"417431","cover_annual","events/417431/cover_annual/events.in","cover_none","events/417431/cover_none/events.in","prepared_with_assumptions","exposure.csv","assumptions.csv","preserve the site parameters in both arms; native events do not encode species traits; verify cover physiology and full termination before interpreting responses",TRUE,4.76740000000001,0.595925000000001,0.293404243230471,0.244621137794801,0.228023993597356,0.0647664740907881,0.0624175208180722,1,4.76740000000001,NA,NA
"417431","mineral_N_zero","events/417431/mineral_N_zero/events.in","fertilizer_reference","events/417431/fertilizer_reference/events.in","prepared","exposure.csv","assumptions.csv","existing source configuration and parameter mapping; model execution not validated",TRUE,0,0,-0.326598660045889,-0.380943376106491,0,0,0,1,NA,NA,NA
"417431","mineral_N_half","events/417431/mineral_N_half/events.in","fertilizer_reference","events/417431/fertilizer_reference/events.in","prepared","exposure.csv","assumptions.csv","existing source configuration and parameter mapping; model execution not validated",TRUE,0,0,-0.150057113551859,-0.172467928525826,0,0,0,1,NA,NA,NA
"417431","mineral_N_one_half","events/417431/mineral_N_one_half/events.in","fertilizer_reference","events/417431/fertilizer_reference/events.in","prepared","exposure.csv","assumptions.csv","existing source configuration and parameter mapping; model execution not validated",TRUE,0,0,0.130464548434621,0.14706100782842,0,0,0,1,NA,NA,NA
"417431","organic_substitution","events/417431/organic_substitution/events.in","fertilizer_reference","events/417431/fertilizer_reference/events.in","prepared_with_assumptions","exposure.csv","assumptions.csv","existing source configuration and parameter mapping; model execution not validated",TRUE,3.4641,0.4330125,0.111784651302541,0.203633702034838,0.0333870525837364,0.04747329440235,0.0233219171357411,1,NA,NA,NA
"417431","tillage_reduced","events/417431/tillage_reduced/events.in","tillage_reference","events/417431/tillage_reference/events.in","prepared","exposure.csv","assumptions.csv","existing source configuration and parameter mapping; model execution not validated",TRUE,0.494900000000001,0.0618625000000002,-0.00434750725475542,-0.00427776561413752,0.00368856245339625,0.00697702985560637,0.00660316466384926,1,NA,NA,NA
"417431","tillage_zero","events/417431/tillage_zero/events.in","tillage_reference","events/417431/tillage_reference/events.in","prepared","exposure.csv","assumptions.csv","existing source configuration and parameter mapping; model execution not validated",TRUE,0.662200000000013,0.0827750000000016,-0.00554110512639295,-0.00547177799519572,0.00500659767521716,0.00932463488332383,0.00882251402531196,1,NA,NA,NA
"417431","rice_one_dry","events/417431/rice_one_dry/events.in","rice_irrigated_reference","events/417431/rice_irrigated_reference/events.in","prepared_with_assumptions","exposure.csv","assumptions.csv","preserve the same site parameters in both arms; flooding-capable configuration required; verify ponding, drying and rewetting in model outputs",TRUE,0,0,7.56975642220992e-05,4.55252069133524e-05,0,0,0,1,NA,0.0114378409161644,0
"417431","rice_two_dry","events/417431/rice_two_dry/events.in","rice_irrigated_reference","events/417431/rice_irrigated_reference/events.in","prepared_with_assumptions","exposure.csv","assumptions.csv","preserve the same site parameters in both arms; flooding-capable configuration required; verify ponding, drying and rewetting in model outputs",TRUE,0,0,0.000135361017836613,8.14083211537537e-05,0,0,0,1,NA,0.0209863426302939,0
"601779","mineral_N_zero","events/601779/mineral_N_zero/events.in","fertilizer_reference","events/601779/fertilizer_reference/events.in","prepared","exposure.csv","assumptions.csv","existing source configuration and parameter mapping; model execution not validated",TRUE,0,0,-0.161220174730993,-0.153608000515445,NA,0,0,NA,NA,NA,NA
"601779","mineral_N_half","events/601779/mineral_N_half/events.in","fertilizer_reference","events/601779/fertilizer_reference/events.in","prepared","exposure.csv","assumptions.csv","existing source configuration and parameter mapping; model execution not validated",TRUE,0,0,-0.0773677528198291,-0.0738588851054597,NA,0,0,NA,NA,NA,NA
"601779","mineral_N_one_half","events/601779/mineral_N_one_half/events.in","fertilizer_reference","events/601779/fertilizer_reference/events.in","prepared","exposure.csv","assumptions.csv","existing source configuration and parameter mapping; model execution not validated",TRUE,0,0,0.0718055303306849,0.0687739199176565,NA,0,0,NA,NA,NA,NA
"601779","organic_substitution","events/601779/organic_substitution/events.in","fertilizer_reference","events/601779/fertilizer_reference/events.in","prepared_with_assumptions","exposure.csv","assumptions.csv","existing source configuration and parameter mapping; model execution not validated",TRUE,2.4803,0.3100375,0.0583298803631973,0.0992992707596148,NA,0.0574143736755041,0.0320808660651677,NA,NA,NA,NA
"601779","tillage_reduced","events/601779/tillage_reduced/events.in","tillage_reference","events/601779/tillage_reference/events.in","prepared","exposure.csv","assumptions.csv","existing source configuration and parameter mapping; model execution not validated",TRUE,2.1168,0.264600000000001,-0.0333032914793785,-0.0354993122581067,NA,0.0494992680819512,0.0494633618134195,NA,NA,NA,NA
"601779","tillage_zero","events/601779/tillage_zero/events.in","tillage_reference","events/601779/tillage_reference/events.in","prepared","exposure.csv","assumptions.csv","existing source configuration and parameter mapping; model execution not validated",TRUE,2.3942,0.299275000000001,-0.0394463145812795,-0.0403740502073165,NA,0.0558081216001481,0.0557642569785743,NA,NA,NA,NA
"237955","cover_annual","events/237955/cover_annual/events.in","cover_none","events/237955/cover_none/events.in","prepared_with_assumptions","exposure.csv","assumptions.csv","preserve the site parameters in both arms; native events do not encode species traits; verify cover physiology and full termination before interpreting responses",TRUE,0.214500000000001,0.0268125000000001,0.000187257441007853,0.00346966675541953,NA,0.00341598646000923,0.00256080860414905,4,0.0536250000000003,NA,NA
"237955","mineral_N_zero","events/237955/mineral_N_zero/events.in","fertilizer_reference","events/237955/fertilizer_reference/events.in","prepared","exposure.csv","assumptions.csv","existing source configuration and parameter mapping; model execution not validated",TRUE,0,0,-0.1765935944831,-0.141897562884944,NA,0,0,4,NA,NA,NA
"237955","mineral_N_half","events/237955/mineral_N_half/events.in","fertilizer_reference","events/237955/fertilizer_reference/events.in","prepared","exposure.csv","assumptions.csv","existing source configuration and parameter mapping; model execution not validated",TRUE,0,0,-0.0844076275956527,-0.0684313148997592,NA,0,0,4,NA,NA,NA
"237955","mineral_N_one_half","events/237955/mineral_N_one_half/events.in","fertilizer_reference","events/237955/fertilizer_reference/events.in","prepared","exposure.csv","assumptions.csv","existing source configuration and parameter mapping; model execution not validated",TRUE,0,0,0.077826512255852,0.0640608543620085,NA,0,0,4,NA,NA,NA
"237955","organic_substitution","events/237955/organic_substitution/events.in","fertilizer_reference","events/237955/fertilizer_reference/events.in","prepared_with_assumptions","exposure.csv","assumptions.csv","existing source configuration and parameter mapping; model execution not validated",TRUE,5.74590000000001,0.718237500000001,0.0728354188169081,0.132322852935941,NA,0.0877012208506158,0.0180797530909665,4,NA,NA,NA
"237955","tillage_reduced","events/237955/tillage_reduced/events.in","tillage_reference","events/237955/tillage_reference/events.in","prepared","exposure.csv","assumptions.csv","existing source configuration and parameter mapping; model execution not validated",TRUE,0.744199999999999,0.0930249999999999,-0.0128591573670274,-0.0136239066905412,NA,0.0119414654271022,0.0119151850148938,4,NA,NA,NA
"237955","tillage_zero","events/237955/tillage_zero/events.in","tillage_reference","events/237955/tillage_reference/events.in","prepared","exposure.csv","assumptions.csv","existing source configuration and parameter mapping; model execution not validated",TRUE,1.0167,0.1270875,-0.0174733547339356,-0.0186927868886731,NA,0.0162785895945275,0.0162410703652753,4,NA,NA,NA
"424527","cover_annual","events/424527/cover_annual/events.in","cover_none","events/424527/cover_none/events.in","prepared_with_assumptions","exposure.csv","assumptions.csv","preserve the site parameters in both arms; native events do not encode species traits; verify cover physiology and full termination before interpreting responses",TRUE,0.0186999999999991,0.00233749999999988,0,-0.00181422999102057,NA,0.000639122885436071,0.000579594162324427,2,0.00934999999999953,NA,NA
"424527","mineral_N_zero","events/424527/mineral_N_zero/events.in","fertilizer_reference","events/424527/fertilizer_reference/events.in","prepared","exposure.csv","assumptions.csv","existing source configuration and parameter mapping; model execution not validated",TRUE,0,0,-0.0848873522428674,-0.138083073656255,NA,0,0,2,NA,NA,NA
"424527","mineral_N_half","events/424527/mineral_N_half/events.in","fertilizer_reference","events/424527/fertilizer_reference/events.in","prepared","exposure.csv","assumptions.csv","existing source configuration and parameter mapping; model execution not validated",TRUE,0,0,-0.0415441075481987,-0.0666603766174729,NA,0,0,2,NA,NA,NA
"424527","mineral_N_one_half","events/424527/mineral_N_one_half/events.in","fertilizer_reference","events/424527/fertilizer_reference/events.in","prepared","exposure.csv","assumptions.csv","existing source configuration and parameter mapping; model execution not validated",TRUE,0,0,0.0398854156683543,0.062492745790001,NA,0,0,2,NA,NA,NA
"424527","organic_substitution","events/424527/organic_substitution/events.in","fertilizer_reference","events/424527/fertilizer_reference/events.in","prepared_with_assumptions","exposure.csv","assumptions.csv","existing source configuration and parameter mapping; model execution not validated",TRUE,5.7107,0.7138375,0.0264640649243807,0.00496970519295429,NA,0.178347792080102,0.0452022908555639,2,NA,NA,NA
"424527","tillage_reduced","events/424527/tillage_reduced/events.in","tillage_reference","events/424527/tillage_reference/events.in","prepared","exposure.csv","assumptions.csv","existing source configuration and parameter mapping; model execution not validated",TRUE,0.792000000000002,0.0990000000000002,-0.00885499721691704,-0.00883602361735297,NA,0.0271535025537219,0.0268124080154811,2,NA,NA,NA
"424527","tillage_zero","events/424527/tillage_zero/events.in","tillage_reference","events/424527/tillage_reference/events.in","prepared","exposure.csv","assumptions.csv","existing source configuration and parameter mapping; model execution not validated",TRUE,0.965,0.120625,-0.0121079431079955,-0.0110850549100582,NA,0.0329879035258867,0.0325732476228563,2,NA,NA,NA
"354196","cover_annual","events/354196/cover_annual/events.in","cover_none","events/354196/cover_none/events.in","prepared_with_assumptions","exposure.csv","assumptions.csv","preserve the site parameters in both arms; native events do not encode species traits; verify cover physiology and full termination before interpreting responses",TRUE,0.50930000000001,0.0636625000000013,-0.00235096371065981,-0.00551283882864071,NA,0.007806151335917,0.00648860085298945,6,0.084883333333335,NA,NA
"354196","mineral_N_zero","events/354196/mineral_N_zero/events.in","fertilizer_reference","events/354196/fertilizer_reference/events.in","prepared","exposure.csv","assumptions.csv","existing source configuration and parameter mapping; model execution not validated",TRUE,0,0,-0.367680764902606,-0.455079805483098,NA,0,0,6,NA,NA,NA
"354196","mineral_N_half","events/354196/mineral_N_half/events.in","fertilizer_reference","events/354196/fertilizer_reference/events.in","prepared","exposure.csv","assumptions.csv","existing source configuration and parameter mapping; model execution not validated",TRUE,0,0,-0.167038733915359,-0.201878166634401,NA,0,0,6,NA,NA,NA
"354196","mineral_N_one_half","events/354196/mineral_N_one_half/events.in","fertilizer_reference","events/354196/fertilizer_reference/events.in","prepared","exposure.csv","assumptions.csv","existing source configuration and parameter mapping; model execution not validated",TRUE,0,0,0.143082352388982,0.167887942197983,NA,0,0,6,NA,NA,NA
"354196","organic_substitution","events/354196/organic_substitution/events.in","fertilizer_reference","events/354196/fertilizer_reference/events.in","prepared_with_assumptions","exposure.csv","assumptions.csv","existing source configuration and parameter mapping; model execution not validated",TRUE,10.4932,1.31165,-0.129084753580156,-0.170789495051829,NA,0.149678628158199,0.0222664909869298,6,NA,NA,NA
"354196","tillage_reduced","events/354196/tillage_reduced/events.in","tillage_reference","events/354196/tillage_reference/events.in","prepared","exposure.csv","assumptions.csv","existing source configuration and parameter mapping; model execution not validated",TRUE,0.709800000000001,0.0887250000000002,-0.0289488916083568,-0.0225938619579342,NA,0.0109683533575095,0.0107637461443421,6,NA,NA,NA
"354196","tillage_zero","events/354196/tillage_zero/events.in","tillage_reference","events/354196/tillage_reference/events.in","prepared","exposure.csv","assumptions.csv","existing source configuration and parameter mapping; model execution not validated",TRUE,0.916600000000003,0.114575,-0.0383610056150502,-0.0294888267513821,NA,0.0141414783846316,0.0138750061129363,6,NA,NA,NA
"327540","cover_annual","events/327540/cover_annual/events.in","cover_none","events/327540/cover_none/events.in","prepared_with_assumptions","exposure.csv","assumptions.csv","preserve the site parameters in both arms; native events do not encode species traits; verify cover physiology and full termination before interpreting responses",TRUE,0.309799999999999,0.0387249999999999,0.0108359244504502,0.006965994172408,NA,0.0113363552716015,0.0113855734457119,2,0.1549,NA,NA
"327540","mineral_N_zero","events/327540/mineral_N_zero/events.in","fertilizer_reference","events/327540/fertilizer_reference/events.in","prepared","exposure.csv","assumptions.csv","existing source configuration and parameter mapping; model execution not validated",TRUE,0,0,-0.204870060992318,-0.189114093101648,NA,0,0,2,NA,NA,NA
"327540","mineral_N_half","events/327540/mineral_N_half/events.in","fertilizer_reference","events/327540/fertilizer_reference/events.in","prepared","exposure.csv","assumptions.csv","existing source configuration and parameter mapping; model execution not validated",TRUE,0,0,-0.0972077930762091,-0.0900974323855876,NA,0,0,2,NA,NA,NA
"327540","mineral_N_one_half","events/327540/mineral_N_one_half/events.in","fertilizer_reference","events/327540/fertilizer_reference/events.in","prepared","exposure.csv","assumptions.csv","existing source configuration and parameter mapping; model execution not validated",TRUE,0,0,0.0885750079071936,0.0826432607772246,NA,0,0,2,NA,NA,NA
"327540","organic_substitution","events/327540/organic_substitution/events.in","fertilizer_reference","events/327540/fertilizer_reference/events.in","prepared_with_assumptions","exposure.csv","assumptions.csv","existing source configuration and parameter mapping; model execution not validated",TRUE,5.8511,0.7313875,0.151079543950184,0.205055201515142,NA,0.195011156619335,0.0622397900504656,2,NA,NA,NA
"327540","tillage_reduced","events/327540/tillage_reduced/events.in","tillage_reference","events/327540/tillage_reference/events.in","prepared","exposure.csv","assumptions.csv","existing source configuration and parameter mapping; model execution not validated",TRUE,0.496599999999997,0.0620749999999997,-0.0108944187692508,-0.0156053882030406,NA,0.0183490708673322,0.0179968330038342,2,NA,NA,NA
"327540","tillage_zero","events/327540/tillage_zero/events.in","tillage_reference","events/327540/tillage_reference/events.in","prepared","exposure.csv","assumptions.csv","existing source configuration and parameter mapping; model execution not validated",TRUE,0.621299999999998,0.0776624999999997,-0.013484852298435,-0.0193284121844318,NA,0.022904255005818,0.0224239092283419,2,NA,NA,NA
"54800","cover_annual","events/54800/cover_annual/events.in","cover_none","events/54800/cover_none/events.in","prepared_with_assumptions","exposure.csv","assumptions.csv","preserve the site parameters in both arms; native events do not encode species traits; verify cover physiology and full termination before interpreting responses",TRUE,0.0133999999999972,0.00167499999999965,0.000606360447143692,0.000386141534978494,NA,0.000255075334265677,0.00025727325056885,1,0.0133999999999972,NA,NA
"54800","mineral_N_zero","events/54800/mineral_N_zero/events.in","fertilizer_reference","events/54800/fertilizer_reference/events.in","prepared","exposure.csv","assumptions.csv","existing source configuration and parameter mapping; model execution not validated",TRUE,0,0,-0.191524404513616,-0.20685814470603,NA,0,0,1,NA,NA,NA
"54800","mineral_N_half","events/54800/mineral_N_half/events.in","fertilizer_reference","events/54800/fertilizer_reference/events.in","prepared","exposure.csv","assumptions.csv","existing source configuration and parameter mapping; model execution not validated",TRUE,0,0,-0.0911861048376513,-0.0980917463761177,NA,0,0,1,NA,NA,NA
"54800","mineral_N_one_half","events/54800/mineral_N_one_half/events.in","fertilizer_reference","events/54800/fertilizer_reference/events.in","prepared","exposure.csv","assumptions.csv","existing source configuration and parameter mapping; model execution not validated",TRUE,0,0,0.0835597505645808,0.0893233498809436,NA,0,0,1,NA,NA,NA
"54800","organic_substitution","events/54800/organic_substitution/events.in","fertilizer_reference","events/54800/fertilizer_reference/events.in","prepared_with_assumptions","exposure.csv","assumptions.csv","existing source configuration and parameter mapping; model execution not validated",TRUE,4.027,0.503375,-0.0248949070324313,-0.0152326999132907,NA,0.0738688819357386,0.029833930431393,1,NA,NA,NA
"54800","tillage_reduced","events/54800/tillage_reduced/events.in","tillage_reference","events/54800/tillage_reference/events.in","prepared","exposure.csv","assumptions.csv","existing source configuration and parameter mapping; model execution not validated",TRUE,0.7864,0.0983000000000001,-0.0148483730093146,-0.0109145681288756,NA,0.0151679080086509,0.0150836295197411,1,NA,NA,NA
"54800","tillage_zero","events/54800/tillage_zero/events.in","tillage_reference","events/54800/tillage_reference/events.in","prepared","exposure.csv","assumptions.csv","existing source configuration and parameter mapping; model execution not validated",TRUE,1.0771,0.1346375,-0.0203196087311469,-0.0150108096103634,NA,0.0207171306705179,0.0206036069543602,1,NA,NA,NA
"24366","cover_annual","events/24366/cover_annual/events.in","cover_none","events/24366/cover_none/events.in","prepared_with_assumptions","exposure.csv","assumptions.csv","preserve the site parameters in both arms; native events do not encode species traits; verify cover physiology and full termination before interpreting responses",TRUE,0.2066,0.025825,0.000127657764808539,0.00134957747216455,NA,0.014679605947086,0.0133939787464986,6,0.0344333333333333,NA,NA
"24366","mineral_N_zero","events/24366/mineral_N_zero/events.in","fertilizer_reference","events/24366/fertilizer_reference/events.in","prepared","exposure.csv","assumptions.csv","existing source configuration and parameter mapping; model execution not validated",TRUE,0,0,-0.264533133838414,-0.231648343373068,NA,0,0,6,NA,NA,NA
"24366","mineral_N_half","events/24366/mineral_N_half/events.in","fertilizer_reference","events/24366/fertilizer_reference/events.in","prepared","exposure.csv","assumptions.csv","existing source configuration and parameter mapping; model execution not validated",TRUE,0,0,-0.123544316806098,-0.109130582981135,NA,0,0,6,NA,NA,NA
"24366","mineral_N_one_half","events/24366/mineral_N_one_half/events.in","fertilizer_reference","events/24366/fertilizer_reference/events.in","prepared","exposure.csv","assumptions.csv","existing source configuration and parameter mapping; model execution not validated",TRUE,0,0,0.109950451012518,0.0983892601086297,NA,0,0,6,NA,NA,NA
"24366","organic_substitution","events/24366/organic_substitution/events.in","fertilizer_reference","events/24366/fertilizer_reference/events.in","prepared_with_assumptions","exposure.csv","assumptions.csv","existing source configuration and parameter mapping; model execution not validated",TRUE,5.1471,0.6433875,0.0125453535757715,0.0623170560468506,NA,0.313653704682611,0.0683411435727005,6,NA,NA,NA
"24366","tillage_reduced","events/24366/tillage_reduced/events.in","tillage_reference","events/24366/tillage_reference/events.in","prepared","exposure.csv","assumptions.csv","existing source configuration and parameter mapping; model execution not validated",TRUE,0.4354,0.0544249999999999,-0.0167491795126514,-0.0137775870949183,NA,0.0320259196339043,0.0320579915982631,6,NA,NA,NA
"24366","tillage_zero","events/24366/tillage_zero/events.in","tillage_reference","events/24366/tillage_reference/events.in","prepared","exposure.csv","assumptions.csv","existing source configuration and parameter mapping; model execution not validated",TRUE,0.5922,0.074025,-0.0229285570371213,-0.0188417696773587,NA,0.0433127049194196,0.0433486723582614,6,NA,NA,NA
"276098","cover_annual","events/276098/cover_annual/events.in","cover_none","events/276098/cover_none/events.in","prepared_with_assumptions","exposure.csv","assumptions.csv","preserve the site parameters in both arms; native events do not encode species traits; verify cover physiology and full termination before interpreting responses",TRUE,0.0790000000000006,0.00987500000000008,0.000325471174617819,0.000211491070081371,NA,0.00637278807445415,0.00588127689927925,5,0.0158000000000001,NA,NA
"276098","mineral_N_zero","events/276098/mineral_N_zero/events.in","fertilizer_reference","events/276098/fertilizer_reference/events.in","prepared","exposure.csv","assumptions.csv","existing source configuration and parameter mapping; model execution not validated",TRUE,0,0,-0.175177840107461,-0.228936563273117,NA,0,0,5,NA,NA,NA
"276098","mineral_N_half","events/276098/mineral_N_half/events.in","fertilizer_reference","events/276098/fertilizer_reference/events.in","prepared","exposure.csv","assumptions.csv","existing source configuration and parameter mapping; model execution not validated",TRUE,0,0,-0.0837566222764386,-0.107928796749692,NA,0,0,5,NA,NA,NA
"276098","mineral_N_one_half","events/276098/mineral_N_one_half/events.in","fertilizer_reference","events/276098/fertilizer_reference/events.in","prepared","exposure.csv","assumptions.csv","existing source configuration and parameter mapping; model execution not validated",TRUE,0,0,0.0772776688631474,0.0974085646204237,NA,0,0,5,NA,NA,NA
"276098","organic_substitution","events/276098/organic_substitution/events.in","fertilizer_reference","events/276098/fertilizer_reference/events.in","prepared_with_assumptions","exposure.csv","assumptions.csv","existing source configuration and parameter mapping; model execution not validated",TRUE,6.2483,0.7810375,-0.0193302053312508,-0.0106774568958349,NA,0.409223782244193,0.0938440297990761,5,NA,NA,NA
"276098","tillage_reduced","events/276098/tillage_reduced/events.in","tillage_reference","events/276098/tillage_reference/events.in","prepared","exposure.csv","assumptions.csv","existing source configuration and parameter mapping; model execution not validated",TRUE,0.916499999999999,0.1145625,-0.0301028584434943,-0.0253394347836913,NA,0.0740570488696383,0.0741313655170258,5,NA,NA,NA
"276098","tillage_zero","events/276098/tillage_zero/events.in","tillage_reference","events/276098/tillage_reference/events.in","prepared","exposure.csv","assumptions.csv","existing source configuration and parameter mapping; model execution not validated",TRUE,1.1051,0.1381375,-0.0365649724492879,-0.0298585284630009,NA,0.0886392553357869,0.0887307299884942,5,NA,NA,NA
"420047","cover_annual","events/420047/cover_annual/events.in","cover_none","events/420047/cover_none/events.in","prepared_with_assumptions","exposure.csv","assumptions.csv","preserve the site parameters in both arms; native events do not encode species traits; verify cover physiology and full termination before interpreting responses",TRUE,0.3278,0.040975,0.0155445628871178,0.0127271137190997,NA,0.0136380311603001,0.0124407172525922,8,0.040975,NA,NA
"420047","mineral_N_zero","events/420047/mineral_N_zero/events.in","fertilizer_reference","events/420047/fertilizer_reference/events.in","prepared","exposure.csv","assumptions.csv","existing source configuration and parameter mapping; model execution not validated",TRUE,0,0,-0.419088116362825,-0.398517387258354,NA,0,0,8,NA,NA,NA
"420047","mineral_N_half","events/420047/mineral_N_half/events.in","fertilizer_reference","events/420047/fertilizer_reference/events.in","prepared","exposure.csv","assumptions.csv","existing source configuration and parameter mapping; model execution not validated",TRUE,0,0,-0.187756257675328,-0.179539405306247,NA,0,0,8,NA,NA,NA
"420047","mineral_N_one_half","events/420047/mineral_N_one_half/events.in","fertilizer_reference","events/420047/fertilizer_reference/events.in","prepared","exposure.csv","assumptions.csv","existing source configuration and parameter mapping; model execution not validated",TRUE,0,0,0.158006756495042,0.152153584671169,NA,0,0,8,NA,NA,NA
"420047","organic_substitution","events/420047/organic_substitution/events.in","fertilizer_reference","events/420047/fertilizer_reference/events.in","prepared_with_assumptions","exposure.csv","assumptions.csv","existing source configuration and parameter mapping; model execution not validated",TRUE,7.2124,0.90155,-0.11222798458782,0.0114051809899204,NA,0.26399791769343,0.0657060611435479,8,NA,NA,NA
"420047","tillage_reduced","events/420047/tillage_reduced/events.in","tillage_reference","events/420047/tillage_reference/events.in","prepared","exposure.csv","assumptions.csv","existing source configuration and parameter mapping; model execution not validated",TRUE,0.402000000000001,0.0502500000000001,-0.015881936302001,-0.0142479971878187,NA,0.0170891284006644,0.0171106795619782,8,NA,NA,NA
"420047","tillage_zero","events/420047/tillage_zero/events.in","tillage_reference","events/420047/tillage_reference/events.in","prepared","exposure.csv","assumptions.csv","existing source configuration and parameter mapping; model execution not validated",TRUE,0.5489,0.0686125,-0.0217145423655492,-0.0194988127859773,NA,0.0232617410976023,0.0232902603391391,8,NA,NA,NA
"257423","mineral_N_zero","events/257423/mineral_N_zero/events.in","fertilizer_reference","events/257423/fertilizer_reference/events.in","prepared","exposure.csv","assumptions.csv","existing source configuration and parameter mapping; model execution not validated",TRUE,0,0,-0.290794356580208,-0.268746397021008,NA,0,0,NA,NA,NA,NA
"257423","mineral_N_half","events/257423/mineral_N_half/events.in","fertilizer_reference","events/257423/fertilizer_reference/events.in","prepared","exposure.csv","assumptions.csv","existing source configuration and parameter mapping; model execution not validated",TRUE,0,0,-0.134866490236946,-0.12537338830456,NA,0,0,NA,NA,NA,NA
"257423","mineral_N_one_half","events/257423/mineral_N_one_half/events.in","fertilizer_reference","events/257423/fertilizer_reference/events.in","prepared","exposure.csv","assumptions.csv","existing source configuration and parameter mapping; model execution not validated",TRUE,0,0,0.118820030193403,0.111391714305276,NA,0,0,NA,NA,NA,NA
"257423","organic_substitution","events/257423/organic_substitution/events.in","fertilizer_reference","events/257423/fertilizer_reference/events.in","prepared_with_assumptions","exposure.csv","assumptions.csv","existing source configuration and parameter mapping; model execution not validated",TRUE,3.9558,0.494475,-0.154795525155397,-0.0896793036169583,NA,0.104297549041463,0.0491074964213942,NA,NA,NA,NA
"257423","tillage_reduced","events/257423/tillage_reduced/events.in","tillage_reference","events/257423/tillage_reference/events.in","prepared","exposure.csv","assumptions.csv","existing source configuration and parameter mapping; model execution not validated",TRUE,0.529000000000003,0.0661250000000004,-0.0121529790047722,-0.00635513421074183,NA,0.0147712348270937,0.0163622769492802,NA,NA,NA,NA
"257423","tillage_zero","events/257423/tillage_zero/events.in","tillage_reference","events/257423/tillage_reference/events.in","prepared","exposure.csv","assumptions.csv","existing source configuration and parameter mapping; model execution not validated",TRUE,0.679299999999998,0.0849124999999997,-0.0159307289937151,-0.0086189977612672,NA,0.0189285549077337,0.0209550684959007,NA,NA,NA,NA
"338040","cover_annual","events/338040/cover_annual/events.in","cover_none","events/338040/cover_none/events.in","prepared_with_assumptions","exposure.csv","assumptions.csv","preserve the site parameters in both arms; native events do not encode species traits; verify cover physiology and full termination before interpreting responses",TRUE,0.122399999999999,0.0152999999999999,0.000506232928744333,0.000924133969585392,NA,0.00366233919116853,0.00277266491614832,5,0.0244799999999998,NA,NA
"338040","mineral_N_zero","events/338040/mineral_N_zero/events.in","fertilizer_reference","events/338040/fertilizer_reference/events.in","prepared","exposure.csv","assumptions.csv","existing source configuration and parameter mapping; model execution not validated",TRUE,0,0,-0.399260974176837,-0.520527646941719,NA,0,0,5,NA,NA,NA
"338040","mineral_N_half","events/338040/mineral_N_half/events.in","fertilizer_reference","events/338040/fertilizer_reference/events.in","prepared","exposure.csv","assumptions.csv","existing source configuration and parameter mapping; model execution not validated",TRUE,0,0,-0.179843624801503,-0.226779486996335,NA,0,0,5,NA,NA,NA
"338040","mineral_N_one_half","events/338040/mineral_N_one_half/events.in","fertilizer_reference","events/338040/fertilizer_reference/events.in","prepared","exposure.csv","assumptions.csv","existing source configuration and parameter mapping; model execution not validated",TRUE,0,0,0.152387545316841,0.184744066310247,NA,0,0,5,NA,NA,NA
"338040","organic_substitution","events/338040/organic_substitution/events.in","fertilizer_reference","events/338040/fertilizer_reference/events.in","prepared_with_assumptions","exposure.csv","assumptions.csv","existing source configuration and parameter mapping; model execution not validated",TRUE,7.1812,0.89765,0.0156477289182705,-0.0439160037438219,NA,0.194960632515972,0.0413266875606648,5,NA,NA,NA
"338040","tillage_reduced","events/338040/tillage_reduced/events.in","tillage_reference","events/338040/tillage_reference/events.in","prepared","exposure.csv","assumptions.csv","existing source configuration and parameter mapping; model execution not validated",TRUE,1.2985,0.1623125,-0.0203786699155193,-0.0207477392632118,NA,0.0383557681925239,0.0327088182545681,5,NA,NA,NA
"338040","tillage_zero","events/338040/tillage_zero/events.in","tillage_reference","events/338040/tillage_reference/events.in","prepared","exposure.csv","assumptions.csv","existing source configuration and parameter mapping; model execution not validated",TRUE,1.4682,0.183524999999999,-0.0251148182556876,-0.02438486953072,NA,0.0432614869521425,0.0369825140940319,5,NA,NA,NA
"378874","cover_annual","events/378874/cover_annual/events.in","cover_none","events/378874/cover_none/events.in","prepared_with_assumptions","exposure.csv","assumptions.csv","preserve the site parameters in both arms; native events do not encode species traits; verify cover physiology and full termination before interpreting responses",TRUE,0.0493000000000006,0.00616250000000007,0.00148916682605747,0.00123907571226921,NA,0.00440996309214968,0.00441000254038469,3,0.0164333333333335,NA,NA
"378874","mineral_N_zero","events/378874/mineral_N_zero/events.in","fertilizer_reference","events/378874/fertilizer_reference/events.in","prepared","exposure.csv","assumptions.csv","existing source configuration and parameter mapping; model execution not validated",TRUE,0,0,-0.54487449233935,-0.460454431141749,NA,0,0,3,NA,NA,NA
"378874","mineral_N_half","events/378874/mineral_N_half/events.in","fertilizer_reference","events/378874/fertilizer_reference/events.in","prepared","exposure.csv","assumptions.csv","existing source configuration and parameter mapping; model execution not validated",TRUE,0,0,-0.235769549745031,-0.203952468501237,NA,0,0,3,NA,NA,NA
"378874","mineral_N_one_half","events/378874/mineral_N_one_half/events.in","fertilizer_reference","events/378874/fertilizer_reference/events.in","prepared","exposure.csv","assumptions.csv","existing source configuration and parameter mapping; model execution not validated",TRUE,0,0,0.19064935352505,0.16931227526824,NA,0,0,3,NA,NA,NA
"378874","organic_substitution","events/378874/organic_substitution/events.in","fertilizer_reference","events/378874/fertilizer_reference/events.in","prepared_with_assumptions","exposure.csv","assumptions.csv","existing source configuration and parameter mapping; model execution not validated",TRUE,4.1868,0.52335,-0.0959943424278323,0.198501442925988,NA,0.31870308756019,0.121401326719351,3,NA,NA,NA
"378874","tillage_reduced","events/378874/tillage_reduced/events.in","tillage_reference","events/378874/tillage_reference/events.in","prepared","exposure.csv","assumptions.csv","existing source configuration and parameter mapping; model execution not validated",TRUE,0.2775,0.0346875,-0.0193418993973614,-0.013783880821865,NA,0.025430108042739,0.025430341099018,3,NA,NA,NA
"378874","tillage_zero","events/378874/tillage_zero/events.in","tillage_reference","events/378874/tillage_reference/events.in","prepared","exposure.csv","assumptions.csv","existing source configuration and parameter mapping; model execution not validated",TRUE,0.3805,0.0475625,-0.0265455608445585,-0.0189866329919992,NA,0.03470686306296,0.0347071796722255,3,NA,NA,NA
"520659","cover_annual","events/520659/cover_annual/events.in","cover_none","events/520659/cover_none/events.in","prepared_with_assumptions","exposure.csv","assumptions.csv","preserve the site parameters in both arms; native events do not encode species traits; verify cover physiology and full termination before interpreting responses",TRUE,0.307099999999998,0.0383874999999998,0.000106819287167234,0.00534864873501967,0.000309997800838468,0.0112093124851513,0.00836113319429112,4,0.0767749999999996,NA,NA
"520659","mineral_N_zero","events/520659/mineral_N_zero/events.in","fertilizer_reference","events/520659/fertilizer_reference/events.in","prepared","exposure.csv","assumptions.csv","existing source configuration and parameter mapping; model execution not validated",TRUE,0,0,-0.414917720086218,-0.307605032417244,0,0,0,4,NA,NA,NA
"520659","mineral_N_half","events/520659/mineral_N_half/events.in","fertilizer_reference","events/520659/fertilizer_reference/events.in","prepared","exposure.csv","assumptions.csv","existing source configuration and parameter mapping; model execution not validated",TRUE,0,0,-0.186389345560449,-0.142062375629934,0,0,0,4,NA,NA,NA
"520659","mineral_N_one_half","events/520659/mineral_N_one_half/events.in","fertilizer_reference","events/520659/fertilizer_reference/events.in","prepared","exposure.csv","assumptions.csv","existing source configuration and parameter mapping; model execution not validated",TRUE,0,0,0.156893813124469,0.124355714339163,0,0,0,4,NA,NA,NA
"520659","organic_substitution","events/520659/organic_substitution/events.in","fertilizer_reference","events/520659/fertilizer_reference/events.in","prepared_with_assumptions","exposure.csv","assumptions.csv","existing source configuration and parameter mapping; model execution not validated",TRUE,6.8487,0.8560875,0.105329202356298,0.209946930486543,0.0744442917850262,0.2242529212003,0.0727714302196673,4,NA,NA,NA
"520659","tillage_reduced","events/520659/tillage_reduced/events.in","tillage_reference","events/520659/tillage_reference/events.in","prepared","exposure.csv","assumptions.csv","existing source configuration and parameter mapping; model execution not validated",TRUE,1.2314,0.153925,-0.0149542447719859,-0.0657857666367215,0.00837713520099832,0.0446784021051749,0.0446669126647365,4,NA,NA,NA
"520659","tillage_zero","events/520659/tillage_zero/events.in","tillage_reference","events/520659/tillage_reference/events.in","prepared","exposure.csv","assumptions.csv","existing source configuration and parameter mapping; model execution not validated",TRUE,1.4195,0.1774375,-0.0203763484482137,-0.0727021636111647,0.0103260335785446,0.0513307700770567,0.0513204576179153,4,NA,NA,NA
"520659","rice_one_dry","events/520659/rice_one_dry/events.in","rice_irrigated_reference","events/520659/rice_irrigated_reference/events.in","prepared_with_assumptions","exposure.csv","assumptions.csv","preserve the same site parameters in both arms; flooding-capable configuration required; verify ponding, drying and rewetting in model outputs",TRUE,0,0,0,0.000130786969039711,0,0,0,4,NA,0.0133441516901225,0
"520659","rice_two_dry","events/520659/rice_two_dry/events.in","rice_irrigated_reference","events/520659/rice_irrigated_reference/events.in","prepared_with_assumptions","exposure.csv","assumptions.csv","preserve the same site parameters in both arms; flooding-capable configuration required; verify ponding, drying and rewetting in model outputs",TRUE,0,0,0,0.000221533673497414,0,0,0,4,NA,0.0219174239032028,0
"41669","mineral_N_zero","events/41669/mineral_N_zero/events.in","fertilizer_reference","events/41669/fertilizer_reference/events.in","prepared","exposure.csv","assumptions.csv","existing source configuration and parameter mapping; model execution not validated",TRUE,0,0,-0.19955120493507,-0.227951658553641,NA,0,0,NA,NA,NA,NA
"41669","mineral_N_half","events/41669/mineral_N_half/events.in","fertilizer_reference","events/41669/fertilizer_reference/events.in","prepared","exposure.csv","assumptions.csv","existing source configuration and parameter mapping; model execution not validated",TRUE,0,0,-0.0948089739059551,-0.107496019402446,NA,0,0,NA,NA,NA,NA
"41669","mineral_N_one_half","events/41669/mineral_N_one_half/events.in","fertilizer_reference","events/41669/fertilizer_reference/events.in","prepared","exposure.csv","assumptions.csv","existing source configuration and parameter mapping; model execution not validated",TRUE,0,0,0.0866017099877643,0.0970596854388145,NA,0,0,NA,NA,NA,NA
"41669","organic_substitution","events/41669/organic_substitution/events.in","fertilizer_reference","events/41669/fertilizer_reference/events.in","prepared_with_assumptions","exposure.csv","assumptions.csv","existing source configuration and parameter mapping; model execution not validated",TRUE,2.9261,0.3657625,-0.0530746823615318,-0.0412733867263552,NA,0.0892874555257214,0.0486592463544068,NA,NA,NA,NA
"41669","tillage_reduced","events/41669/tillage_reduced/events.in","tillage_reference","events/41669/tillage_reference/events.in","prepared","exposure.csv","assumptions.csv","existing source configuration and parameter mapping; model execution not validated",TRUE,0.439500000000002,0.0549375000000003,-0.0141021044661456,-0.00990826899946957,NA,0.0141975569790338,0.0142864020593148,NA,NA,NA,NA
"41669","tillage_zero","events/41669/tillage_zero/events.in","tillage_reference","events/41669/tillage_reference/events.in","prepared","exposure.csv","assumptions.csv","existing source configuration and parameter mapping; model execution not validated",TRUE,0.593600000000002,0.0742000000000003,-0.0191076562669203,-0.0134228472124724,NA,0.0191282384004361,0.0192496585811474,NA,NA,NA,NA
"436143","cover_annual","events/436143/cover_annual/events.in","cover_none","events/436143/cover_none/events.in","prepared_with_assumptions","exposure.csv","assumptions.csv","preserve the site parameters in both arms; native events do not encode species traits; verify cover physiology and full termination before interpreting responses",TRUE,0.4595,0.0574375,-0.00823467202183012,-0.00449277694467826,NA,0.0747313816206754,0.0817046154601929,6,0.0765833333333334,NA,NA
"436143","mineral_N_zero","events/436143/mineral_N_zero/events.in","fertilizer_reference","events/436143/fertilizer_reference/events.in","prepared","exposure.csv","assumptions.csv","existing source configuration and parameter mapping; model execution not validated",TRUE,0,0,-0.183839197332071,-0.312850496366754,NA,0,0,6,NA,NA,NA
"436143","mineral_N_half","events/436143/mineral_N_half/events.in","fertilizer_reference","events/436143/fertilizer_reference/events.in","prepared","exposure.csv","assumptions.csv","existing source configuration and parameter mapping; model execution not validated",TRUE,0,0,-0.0877011687395045,-0.144240282307842,NA,0,0,6,NA,NA,NA
"436143","mineral_N_one_half","events/436143/mineral_N_one_half/events.in","fertilizer_reference","events/436143/fertilizer_reference/events.in","prepared","exposure.csv","assumptions.csv","existing source configuration and parameter mapping; model execution not validated",TRUE,0,0,0.0806265146313357,0.126034094701699,NA,0,0,6,NA,NA,NA
"436143","organic_substitution","events/436143/organic_substitution/events.in","fertilizer_reference","events/436143/fertilizer_reference/events.in","prepared_with_assumptions","exposure.csv","assumptions.csv","existing source configuration and parameter mapping; model execution not validated",TRUE,1.3104,0.1638,-0.00473038310296206,-0.0763820712462054,NA,0.199902820839841,0.144408857611165,6,NA,NA,NA
"436143","tillage_reduced","events/436143/tillage_reduced/events.in","tillage_reference","events/436143/tillage_reference/events.in","prepared","exposure.csv","assumptions.csv","existing source configuration and parameter mapping; model execution not validated",TRUE,0.7042,0.088025,-0.0261261735495915,-0.0183112695699118,NA,0.113892603488981,0.11631226764454,6,NA,NA,NA
"436143","tillage_zero","events/436143/tillage_zero/events.in","tillage_reference","events/436143/tillage_reference/events.in","prepared","exposure.csv","assumptions.csv","existing source configuration and parameter mapping; model execution not validated",TRUE,0.7974,0.099675,-0.03025435509132,-0.0208595369310148,NA,0.128038914314898,0.130590674096718,6,NA,NA,NA
"371139","mineral_N_zero","events/371139/mineral_N_zero/events.in","fertilizer_reference","events/371139/fertilizer_reference/events.in","prepared","exposure.csv","assumptions.csv","existing source configuration and parameter mapping; model execution not validated",TRUE,0,0,-0.318917051531622,-0.329470107674867,NA,0,0,NA,NA,NA,NA
"371139","mineral_N_half","events/371139/mineral_N_half/events.in","fertilizer_reference","events/371139/fertilizer_reference/events.in","prepared","exposure.csv","assumptions.csv","existing source configuration and parameter mapping; model execution not validated",TRUE,0,0,-0.146774120831312,-0.151214512097763,NA,0,0,NA,NA,NA,NA
"371139","mineral_N_one_half","events/371139/mineral_N_one_half/events.in","fertilizer_reference","events/371139/fertilizer_reference/events.in","prepared","exposure.csv","assumptions.csv","existing source configuration and parameter mapping; model execution not validated",TRUE,0,0,0.127986800713207,0.131331226366456,NA,0,0,NA,NA,NA,NA
"371139","organic_substitution","events/371139/organic_substitution/events.in","fertilizer_reference","events/371139/fertilizer_reference/events.in","prepared_with_assumptions","exposure.csv","assumptions.csv","existing source configuration and parameter mapping; model execution not validated",TRUE,6.2231,0.7778875,-0.00380191492013493,0.0297629610348687,NA,0.137451766193368,0.034123348715678,NA,NA,NA,NA
"371139","tillage_reduced","events/371139/tillage_reduced/events.in","tillage_reference","events/371139/tillage_reference/events.in","prepared","exposure.csv","assumptions.csv","existing source configuration and parameter mapping; model execution not validated",TRUE,0.573099999999997,0.0716374999999996,-0.0277942139384535,-0.0224620262538724,NA,0.0137332966069259,0.0126166412570919,NA,NA,NA,NA
"371139","tillage_zero","events/371139/tillage_zero/events.in","tillage_reference","events/371139/tillage_reference/events.in","prepared","exposure.csv","assumptions.csv","existing source configuration and parameter mapping; model execution not validated",TRUE,0.789699999999996,0.0987124999999995,-0.0388020629217247,-0.0312134073657345,NA,0.0188750012275637,0.0173551968998899,NA,NA,NA,NA
"510456","cover_annual","events/510456/cover_annual/events.in","cover_none","events/510456/cover_none/events.in","prepared_with_assumptions","exposure.csv","assumptions.csv","preserve the site parameters in both arms; native events do not encode species traits; verify cover physiology and full termination before interpreting responses",TRUE,0.262,0.0327500000000001,0.00112574997409371,0.00211479014664469,0.00231919664496486,0.00842031752828666,0.00711138751025331,7,0.0374285714285715,NA,NA
"510456","mineral_N_zero","events/510456/mineral_N_zero/events.in","fertilizer_reference","events/510456/fertilizer_reference/events.in","prepared","exposure.csv","assumptions.csv","existing source configuration and parameter mapping; model execution not validated",TRUE,0,0,-0.304587769735741,-0.276980643471456,0,0,0,7,NA,NA,NA
"510456","mineral_N_half","events/510456/mineral_N_half/events.in","fertilizer_reference","events/510456/fertilizer_reference/events.in","prepared","exposure.csv","assumptions.csv","existing source configuration and parameter mapping; model execution not validated",TRUE,0,0,-0.140833974379541,-0.12894557264847,0,0,0,7,NA,NA,NA
"510456","mineral_N_one_half","events/510456/mineral_N_one_half/events.in","fertilizer_reference","events/510456/fertilizer_reference/events.in","prepared","exposure.csv","assumptions.csv","existing source configuration and parameter mapping; model execution not validated",TRUE,0,0,0.123348878357487,0.114293592142906,0,0,0,7,NA,NA,NA
"510456","organic_substitution","events/510456/organic_substitution/events.in","fertilizer_reference","events/510456/fertilizer_reference/events.in","prepared_with_assumptions","exposure.csv","assumptions.csv","existing source configuration and parameter mapping; model execution not validated",TRUE,7.6527,0.956587499999999,-0.0644490952117063,0.00162284563405294,0.0713719656154027,0.220729102749864,0.0485213027496955,7,NA,NA,NA
"510456","tillage_reduced","events/510456/tillage_reduced/events.in","tillage_reference","events/510456/tillage_reference/events.in","prepared","exposure.csv","assumptions.csv","existing source configuration and parameter mapping; model execution not validated",TRUE,0.438100000000002,0.0547625000000003,-0.0226743516458229,-0.014967602528099,0.00808734035564581,0.0143147352001219,0.0142797342158962,7,NA,NA,NA
"510456","tillage_zero","events/510456/tillage_zero/events.in","tillage_reference","events/510456/tillage_reference/events.in","prepared","exposure.csv","assumptions.csv","existing source configuration and parameter mapping; model execution not validated",TRUE,0.598100000000002,0.0747625000000003,-0.0312385939620567,-0.0205046714594997,0.0111002943174218,0.0194920030774428,0.0194433964422464,7,NA,NA,NA
"510456","rice_one_dry","events/510456/rice_one_dry/events.in","rice_irrigated_reference","events/510456/rice_irrigated_reference/events.in","prepared_with_assumptions","exposure.csv","assumptions.csv","preserve the same site parameters in both arms; flooding-capable configuration required; verify ponding, drying and rewetting in model outputs",TRUE,-9.99999999997669e-05,-1.24999999999709e-05,0.00105973017322845,0.000843118263902681,2.06143468009356e-05,-3.21383749874021e-06,-3.22154050844265e-06,7,NA,0.011407568565206,-1.32374938785042e-06
"510456","rice_two_dry","events/510456/rice_two_dry/events.in","rice_irrigated_reference","events/510456/rice_irrigated_reference/events.in","prepared_with_assumptions","exposure.csv","assumptions.csv","preserve the same site parameters in both arms; flooding-capable configuration required; verify ponding, drying and rewetting in model outputs",TRUE,-0.000199999999999534,-2.49999999999417e-05,0.00187451887639825,0.00150167816962711,6.4050329347327e-05,-6.42768532626507e-06,-6.44309139524197e-06,7,NA,0.0190033210177728,-5.29500806497575e-06
"24007","mineral_N_zero","events/24007/mineral_N_zero/events.in","fertilizer_reference","events/24007/fertilizer_reference/events.in","prepared","exposure.csv","assumptions.csv","existing source configuration and parameter mapping; model execution not validated",TRUE,-0.0420000000000016,-0.0052500000000002,-0.370345520847229,-0.384588962661963,NA,-0.00162130272418098,-0.000341730239746693,NA,NA,NA,NA
"24007","mineral_N_half","events/24007/mineral_N_half/events.in","fertilizer_reference","events/24007/fertilizer_reference/events.in","prepared","exposure.csv","assumptions.csv","existing source configuration and parameter mapping; model execution not validated",TRUE,0,0,-0.168231054662022,-0.174382761337022,NA,0,0,NA,NA,NA,NA
"24007","mineral_N_one_half","events/24007/mineral_N_one_half/events.in","fertilizer_reference","events/24007/fertilizer_reference/events.in","prepared","exposure.csv","assumptions.csv","existing source configuration and parameter mapping; model execution not validated",TRUE,0,0,0.143979583487621,0.148549134632631,NA,0,0,NA,NA,NA,NA
"24007","organic_substitution","events/24007/organic_substitution/events.in","fertilizer_reference","events/24007/fertilizer_reference/events.in","prepared_with_assumptions","exposure.csv","assumptions.csv","existing source configuration and parameter mapping; model execution not validated",TRUE,4.9659,0.6207375,0.30284242215682,0.423887786998495,NA,0.175247067404768,0.0670799873384713,NA,NA,NA,NA
"24007","tillage_reduced","events/24007/tillage_reduced/events.in","tillage_reference","events/24007/tillage_reference/events.in","prepared","exposure.csv","assumptions.csv","existing source configuration and parameter mapping; model execution not validated",TRUE,0.2774,0.034675,-0.021342133304405,-0.0173384841793685,NA,0.0107966098285657,0.0104490511562636,NA,NA,NA,NA
"24007","tillage_zero","events/24007/tillage_zero/events.in","tillage_reference","events/24007/tillage_reference/events.in","prepared","exposure.csv","assumptions.csv","existing source configuration and parameter mapping; model execution not validated",TRUE,0.371300000000002,0.0464125000000002,-0.0289240951294414,-0.0235503493021059,NA,0.0144250173697243,0.0139540794075794,NA,NA,NA,NA
"462857","cover_annual","events/462857/cover_annual/events.in","cover_none","events/462857/cover_none/events.in","prepared_with_assumptions","exposure.csv","assumptions.csv","preserve the site parameters in both arms; native events do not encode species traits; verify cover physiology and full termination before interpreting responses",TRUE,0.1935,0.0241875,0.00067340674216458,0.00151292274830087,NA,0.00380073624071644,0.00219450556015979,5,0.0387,NA,NA
"462857","mineral_N_zero","events/462857/mineral_N_zero/events.in","fertilizer_reference","events/462857/fertilizer_reference/events.in","prepared","exposure.csv","assumptions.csv","existing source configuration and parameter mapping; model execution not validated",TRUE,0,0,-1.28132455482376,-1.41166947830819,NA,0,0,5,NA,NA,NA
"462857","mineral_N_half","events/462857/mineral_N_half/events.in","fertilizer_reference","events/462857/fertilizer_reference/events.in","prepared","exposure.csv","assumptions.csv","existing source configuration and parameter mapping; model execution not validated",TRUE,0,0,-0.448181164593941,-0.475122927901934,NA,0,0,5,NA,NA,NA
"462857","mineral_N_one_half","events/462857/mineral_N_one_half/events.in","fertilizer_reference","events/462857/fertilizer_reference/events.in","prepared","exposure.csv","assumptions.csv","existing source configuration and parameter mapping; model execution not validated",TRUE,0,0,0.308385043426879,0.320783853822873,NA,0,0,5,NA,NA,NA
"462857","organic_substitution","events/462857/organic_substitution/events.in","fertilizer_reference","events/462857/fertilizer_reference/events.in","prepared_with_assumptions","exposure.csv","assumptions.csv","existing source configuration and parameter mapping; model execution not validated",TRUE,27.4356,3.42945,-0.948170588533797,-0.916283025762973,NA,0.431728360447684,0.0238499104646732,5,NA,NA,NA
"462857","tillage_reduced","events/462857/tillage_reduced/events.in","tillage_reference","events/462857/tillage_reference/events.in","prepared","exposure.csv","assumptions.csv","existing source configuration and parameter mapping; model execution not validated",TRUE,0.195399999999999,0.0244249999999999,-0.0357845267549416,-0.0292425144602548,NA,0.00385588104202563,0.00342498388794811,5,NA,NA,NA
"462857","tillage_zero","events/462857/tillage_zero/events.in","tillage_reference","events/462857/tillage_reference/events.in","prepared","exposure.csv","assumptions.csv","existing source configuration and parameter mapping; model execution not validated",TRUE,0.257999999999996,0.0322499999999994,-0.0487094615319708,-0.0395048925469576,NA,0.0050880458119611,0.00454742407712969,5,NA,NA,NA
