task,scenario,date,operation,target_water_ratio,water_before_cm,water_after_cm,external_water_change_cm
413887_prep8,field_reference_drydown,2016-06-19,prescribed_drydown,1.0,25.07848765568637,12.0,-13.07848765568637
413887_prep8,field_reference_drydown,2016-06-20,prescribed_drydown,0.9,11.82340289449301,10.8,-1.0234028944930085
413887_prep8,field_reference_drydown,2016-06-21,prescribed_drydown,0.8,10.600946920465544,9.600000000000001,-1.0009469204655428
413887_prep8,field_reference_drydown,2016-06-22,prescribed_drydown,0.7,9.423042090335942,8.399999999999999,-1.0230420903359434
413887_prep8,field_reference_drydown,2016-06-23,prescribed_drydown,0.6,8.214836777894007,7.199999999999999,-1.0148367778940077
413887_prep8,field_reference_drydown,2016-06-24,prescribed_drydown,0.595,7.027619761218944,7.027619761218944,0.0
413887_prep8,field_reference_drydown,2016-06-25,prescribed_drydown,0.595,6.877761595143982,6.877761595143982,0.0
413887_prep8,field_reference_drydown,2016-06-26,prescribed_drydown,0.595,6.7476235289038,6.7476235289038,0.0
413887_prep8,field_reference_drydown,2016-06-27,prescribed_drydown,0.595,6.631564221385956,6.631564221385956,0.0
413887_prep8,field_reference_drydown,2016-06-28,prescribed_drydown,0.595,6.522902373755598,6.522902373755598,0.0
413887_prep8,field_reference_drydown,2016-06-29,reflood,1.4166666666666667,6.430090470792808,17.0,10.569909529207191
413887_prep8,field_reference_drydown,2017-06-19,prescribed_drydown,1.0,25.10280512042872,12.0,-13.10280512042872
413887_prep8,field_reference_drydown,2017-06-20,prescribed_drydown,0.9,11.894573177080012,10.8,-1.0945731770800116
413887_prep8,field_reference_drydown,2017-06-21,prescribed_drydown,0.8,10.669017364923619,9.600000000000001,-1.0690173649236172
413887_prep8,field_reference_drydown,2017-06-22,prescribed_drydown,0.7,9.451063567802446,8.399999999999999,-1.0510635678024478
413887_prep8,field_reference_drydown,2017-06-23,prescribed_drydown,0.6,8.329665986276291,7.199999999999999,-1.129665986276292
413887_prep8,field_reference_drydown,2017-06-24,prescribed_drydown,0.595,7.093453785454399,7.093453785454399,0.0
413887_prep8,field_reference_drydown,2017-06-25,prescribed_drydown,0.595,6.9738695674551705,6.9738695674551705,0.0
413887_prep8,field_reference_drydown,2017-06-26,prescribed_drydown,0.595,6.853964635785363,6.853964635785363,0.0
413887_prep8,field_reference_drydown,2017-06-27,prescribed_drydown,0.595,6.722252151414164,6.722252151414164,0.0
413887_prep8,field_reference_drydown,2017-06-28,prescribed_drydown,0.595,6.5859462330549805,6.5859462330549805,0.0
413887_prep8,field_reference_drydown,2017-06-29,reflood,1.4166666666666667,6.4468308335925615,17.0,10.55316916640744
413887_prep8,field_reference_drydown,2018-06-19,prescribed_drydown,1.0,24.31247118174762,12.0,-12.312471181747618
413887_prep8,field_reference_drydown,2018-06-20,prescribed_drydown,0.9,11.777113789010356,10.8,-0.977113789010355
413887_prep8,field_reference_drydown,2018-06-21,prescribed_drydown,0.8,10.572530446561737,9.600000000000001,-0.9725304465617359
413887_prep8,field_reference_drydown,2018-06-22,prescribed_drydown,0.7,9.372628375853258,8.399999999999999,-0.9726283758532599
413887_prep8,field_reference_drydown,2018-06-23,prescribed_drydown,0.6,8.257244017510338,7.199999999999999,-1.0572440175103388
413887_prep8,field_reference_drydown,2018-06-24,prescribed_drydown,0.595,7.068568205008785,7.068568205008785,0.0
413887_prep8,field_reference_drydown,2018-06-25,prescribed_drydown,0.595,6.935625123959528,6.935625123959528,0.0
413887_prep8,field_reference_drydown,2018-06-26,prescribed_drydown,0.595,6.790558497647643,6.790558497647643,0.0
413887_prep8,field_reference_drydown,2018-06-27,prescribed_drydown,0.595,6.6470075962071595,6.6470075962071595,0.0
413887_prep8,field_reference_drydown,2018-06-28,prescribed_drydown,0.595,6.4928787979992615,6.4928787979992615,0.0
413887_prep8,field_reference_drydown,2018-06-29,reflood,1.4166666666666667,6.331268578142602,17.0,10.668731421857398
413887_prep8,field_reference_drydown,2019-06-19,prescribed_drydown,1.0,26.154108997712243,12.0,-14.154108997712243
413887_prep8,field_reference_drydown,2019-06-20,prescribed_drydown,0.9,11.84638640033824,10.8,-1.046386400338239
413887_prep8,field_reference_drydown,2019-06-21,prescribed_drydown,0.8,10.64684693518356,9.600000000000001,-1.0468469351835594
413887_prep8,field_reference_drydown,2019-06-22,prescribed_drydown,0.7,9.42051170634495,8.399999999999999,-1.0205117063449514
413887_prep8,field_reference_drydown,2019-06-23,prescribed_drydown,0.6,8.243247797454757,7.199999999999999,-1.0432477974547574
413887_prep8,field_reference_drydown,2019-06-24,prescribed_drydown,0.595,7.103158216856594,7.103158216856594,0.0
413887_prep8,field_reference_drydown,2019-06-25,prescribed_drydown,0.595,7.008118226826279,7.008118226826279,0.0
413887_prep8,field_reference_drydown,2019-06-26,prescribed_drydown,0.595,6.88484816684166,6.88484816684166,0.0
413887_prep8,field_reference_drydown,2019-06-27,prescribed_drydown,0.595,6.733477122978263,6.733477122978263,0.0
413887_prep8,field_reference_drydown,2019-06-28,prescribed_drydown,0.595,6.5835197168575394,6.5835197168575394,0.0
413887_prep8,field_reference_drydown,2019-06-29,reflood,1.4166666666666667,6.460027340451509,17.0,10.539972659548491
413887_prep8,field_reference_drydown,2020-06-19,prescribed_drydown,1.0,24.322256802407036,12.0,-12.322256802407036
413887_prep8,field_reference_drydown,2020-06-20,prescribed_drydown,0.9,11.77685026339156,10.8,-0.9768502633915599
413887_prep8,field_reference_drydown,2020-06-21,prescribed_drydown,0.8,10.568203703023489,9.600000000000001,-0.9682037030234873
413887_prep8,field_reference_drydown,2020-06-22,prescribed_drydown,0.7,9.406587334638173,8.399999999999999,-1.0065873346381746
413887_prep8,field_reference_drydown,2020-06-23,prescribed_drydown,0.6,8.24442423740889,7.199999999999999,-1.0444242374088901
413887_prep8,field_reference_drydown,2020-06-24,prescribed_drydown,0.595,7.063979363912661,7.063979363912661,0.0
413887_prep8,field_reference_drydown,2020-06-25,prescribed_drydown,0.595,6.932784924521304,6.932784924521304,0.0
413887_prep8,field_reference_drydown,2020-06-26,prescribed_drydown,0.595,6.804084835098476,6.804084835098476,0.0
413887_prep8,field_reference_drydown,2020-06-27,prescribed_drydown,0.595,6.674161659887774,6.674161659887774,0.0
413887_prep8,field_reference_drydown,2020-06-28,prescribed_drydown,0.595,6.5451575314818875,6.5451575314818875,0.0
413887_prep8,field_reference_drydown,2020-06-29,reflood,1.4166666666666667,6.353016708863474,17.0,10.646983291136525
413887_prep8,field_reference_drydown,2021-06-19,prescribed_drydown,1.0,23.786409645809922,12.0,-11.786409645809922
413887_prep8,field_reference_drydown,2021-06-20,prescribed_drydown,0.9,11.85321536772569,10.8,-1.0532153677256897
413887_prep8,field_reference_drydown,2021-06-21,prescribed_drydown,0.8,10.647756229604978,9.600000000000001,-1.0477562296049765
413887_prep8,field_reference_drydown,2021-06-22,prescribed_drydown,0.7,9.441650266045972,8.399999999999999,-1.0416502660459734
413887_prep8,field_reference_drydown,2021-06-23,prescribed_drydown,0.6,8.260051343195403,7.199999999999999,-1.0600513431954042
413887_prep8,field_reference_drydown,2021-06-24,prescribed_drydown,0.595,7.083707427505606,7.083707427505606,0.0
413887_prep8,field_reference_drydown,2021-06-25,prescribed_drydown,0.595,6.955861746492684,6.955861746492684,0.0
413887_prep8,field_reference_drydown,2021-06-26,prescribed_drydown,0.595,6.832129347876568,6.832129347876568,0.0
413887_prep8,field_reference_drydown,2021-06-27,prescribed_drydown,0.595,6.7173211711220215,6.7173211711220215,0.0
413887_prep8,field_reference_drydown,2021-06-28,prescribed_drydown,0.595,6.602899985270102,6.602899985270102,0.0
413887_prep8,field_reference_drydown,2021-06-29,reflood,1.4166666666666667,6.4822942328294655,17.0,10.517705767170535
413887_prep8,field_reference_drydown,2022-06-19,prescribed_drydown,1.0,24.16257128060734,12.0,-12.162571280607342
413887_prep8,field_reference_drydown,2022-06-20,prescribed_drydown,0.9,11.771252494952444,10.8,-0.9712524949524433
413887_prep8,field_reference_drydown,2022-06-21,prescribed_drydown,0.8,10.619661901889925,9.600000000000001,-1.0196619018899238
413887_prep8,field_reference_drydown,2022-06-22,prescribed_drydown,0.7,9.452471347468537,8.399999999999999,-1.052471347468538
413887_prep8,field_reference_drydown,2022-06-23,prescribed_drydown,0.6,8.222073868068172,7.199999999999999,-1.0220738680681727
413887_prep8,field_reference_drydown,2022-06-24,prescribed_drydown,0.595,7.102481922961866,7.102481922961866,0.0
413887_prep8,field_reference_drydown,2022-06-25,prescribed_drydown,0.595,7.003688987866711,7.003688987866711,0.0
413887_prep8,field_reference_drydown,2022-06-26,prescribed_drydown,0.595,6.897970295778641,6.897970295778641,0.0
413887_prep8,field_reference_drydown,2022-06-27,prescribed_drydown,0.595,6.792215363131499,6.792215363131499,0.0
413887_prep8,field_reference_drydown,2022-06-28,prescribed_drydown,0.595,6.692209599276134,6.692209599276134,0.0
413887_prep8,field_reference_drydown,2022-06-29,reflood,1.4166666666666667,6.579716123988788,17.0,10.420283876011212
413887_prep8,field_reference_drydown,2023-06-19,prescribed_drydown,1.0,25.88535203730665,12.0,-13.88535203730665
413887_prep8,field_reference_drydown,2023-06-20,prescribed_drydown,0.9,11.697477694718229,10.8,-0.8974776947182281
413887_prep8,field_reference_drydown,2023-06-21,prescribed_drydown,0.8,10.610459969577782,9.600000000000001,-1.0104599695777807
413887_prep8,field_reference_drydown,2023-06-22,prescribed_drydown,0.7,9.433098514579504,8.399999999999999,-1.033098514579505
413887_prep8,field_reference_drydown,2023-06-23,prescribed_drydown,0.6,8.236502880490542,7.199999999999999,-1.0365028804905432
413887_prep8,field_reference_drydown,2023-06-24,prescribed_drydown,0.595,7.065471886664276,7.065471886664276,0.0
413887_prep8,field_reference_drydown,2023-06-25,prescribed_drydown,0.595,6.932133265436867,6.932133265436867,0.0
413887_prep8,field_reference_drydown,2023-06-26,prescribed_drydown,0.595,6.779496330188303,6.779496330188303,0.0
413887_prep8,field_reference_drydown,2023-06-27,prescribed_drydown,0.595,6.640272454809907,6.640272454809907,0.0
413887_prep8,field_reference_drydown,2023-06-28,prescribed_drydown,0.595,6.503123837909826,6.503123837909826,0.0
413887_prep8,field_reference_drydown,2023-06-29,reflood,1.4166666666666667,6.367637196935643,17.0,10.632362803064357
413887_prep8,threshold_stress_drydown,2016-06-19,prescribed_drydown,1.0,25.07848765568637,12.0,-13.07848765568637
413887_prep8,threshold_stress_drydown,2016-06-20,prescribed_drydown,0.9,11.82340289449301,10.8,-1.0234028944930085
413887_prep8,threshold_stress_drydown,2016-06-21,prescribed_drydown,0.8,10.600946920465544,9.600000000000001,-1.0009469204655428
413887_prep8,threshold_stress_drydown,2016-06-22,prescribed_drydown,0.7,9.423042090335942,8.399999999999999,-1.0230420903359434
413887_prep8,threshold_stress_drydown,2016-06-23,prescribed_drydown,0.6,8.214836777894007,7.199999999999999,-1.0148367778940077
413887_prep8,threshold_stress_drydown,2016-06-24,prescribed_drydown,0.5,7.027619761218944,6.0,-1.0276197612189444
413887_prep8,threshold_stress_drydown,2016-06-25,prescribed_drydown,0.4,5.873232019901897,4.800000000000001,-1.073232019901896
413887_prep8,threshold_stress_drydown,2016-06-26,prescribed_drydown,0.3,4.7081385209606506,3.5999999999999996,-1.108138520960651
413887_prep8,threshold_stress_drydown,2016-06-27,prescribed_drydown,0.25,3.533280108318223,3.0,-0.5332801083182228
413887_prep8,threshold_stress_drydown,2016-06-28,prescribed_drydown,0.25,2.9458139607866336,2.9458139607866336,0.0
413887_prep8,threshold_stress_drydown,2016-06-29,reflood,1.4166666666666667,2.898130587192528,17.0,14.101869412807472
413887_prep8,threshold_stress_drydown,2017-06-19,prescribed_drydown,1.0,25.10280512042872,12.0,-13.10280512042872
413887_prep8,threshold_stress_drydown,2017-06-20,prescribed_drydown,0.9,11.894573177080012,10.8,-1.0945731770800116
413887_prep8,threshold_stress_drydown,2017-06-21,prescribed_drydown,0.8,10.669017364923619,9.600000000000001,-1.0690173649236172
413887_prep8,threshold_stress_drydown,2017-06-22,prescribed_drydown,0.7,9.451063567802446,8.399999999999999,-1.0510635678024478
413887_prep8,threshold_stress_drydown,2017-06-23,prescribed_drydown,0.6,8.329665986276291,7.199999999999999,-1.129665986276292
413887_prep8,threshold_stress_drydown,2017-06-24,prescribed_drydown,0.5,7.093453785454399,6.0,-1.0934537854543986
413887_prep8,threshold_stress_drydown,2017-06-25,prescribed_drydown,0.4,5.899999225448383,4.800000000000001,-1.0999992254483821
413887_prep8,threshold_stress_drydown,2017-06-26,prescribed_drydown,0.3,4.718811434628032,3.5999999999999996,-1.1188114346280322
413887_prep8,threshold_stress_drydown,2017-06-27,prescribed_drydown,0.25,3.5305949401542533,3.0,-0.5305949401542533
413887_prep8,threshold_stress_drydown,2017-06-28,prescribed_drydown,0.25,2.938090440787647,2.938090440787647,0.0
413887_prep8,threshold_stress_drydown,2017-06-29,reflood,1.4166666666666667,2.873727148040509,17.0,14.126272851959492
413887_prep8,threshold_stress_drydown,2018-06-19,prescribed_drydown,1.0,24.31247118174762,12.0,-12.312471181747618
413887_prep8,threshold_stress_drydown,2018-06-20,prescribed_drydown,0.9,11.777113789010356,10.8,-0.977113789010355
413887_prep8,threshold_stress_drydown,2018-06-21,prescribed_drydown,0.8,10.572530446561737,9.600000000000001,-0.9725304465617359
413887_prep8,threshold_stress_drydown,2018-06-22,prescribed_drydown,0.7,9.372628375853258,8.399999999999999,-0.9726283758532599
413887_prep8,threshold_stress_drydown,2018-06-23,prescribed_drydown,0.6,8.257244017510338,7.199999999999999,-1.0572440175103388
413887_prep8,threshold_stress_drydown,2018-06-24,prescribed_drydown,0.5,7.068568205008785,6.0,-1.068568205008785
413887_prep8,threshold_stress_drydown,2018-06-25,prescribed_drydown,0.4,5.888071474697655,4.800000000000001,-1.0880714746976539
413887_prep8,threshold_stress_drydown,2018-06-26,prescribed_drydown,0.3,4.70302261059322,3.5999999999999996,-1.1030226105932206
413887_prep8,threshold_stress_drydown,2018-06-27,prescribed_drydown,0.25,3.5217878352873817,3.0,-0.5217878352873817
413887_prep8,threshold_stress_drydown,2018-06-28,prescribed_drydown,0.25,2.9271279583021657,2.9271279583021657,0.0
413887_prep8,threshold_stress_drydown,2018-06-29,reflood,1.4166666666666667,2.853401153037203,17.0,14.146598846962796
413887_prep8,threshold_stress_drydown,2019-06-19,prescribed_drydown,1.0,26.154108997712243,12.0,-14.154108997712243
413887_prep8,threshold_stress_drydown,2019-06-20,prescribed_drydown,0.9,11.84638640033824,10.8,-1.046386400338239
413887_prep8,threshold_stress_drydown,2019-06-21,prescribed_drydown,0.8,10.64684693518356,9.600000000000001,-1.0468469351835594
413887_prep8,threshold_stress_drydown,2019-06-22,prescribed_drydown,0.7,9.42051170634495,8.399999999999999,-1.0205117063449514
413887_prep8,threshold_stress_drydown,2019-06-23,prescribed_drydown,0.6,8.243247797454757,7.199999999999999,-1.0432477974547574
413887_prep8,threshold_stress_drydown,2019-06-24,prescribed_drydown,0.5,7.103158216856594,6.0,-1.1031582168565937
413887_prep8,threshold_stress_drydown,2019-06-25,prescribed_drydown,0.4,5.917131963904182,4.800000000000001,-1.117131963904181
413887_prep8,threshold_stress_drydown,2019-06-26,prescribed_drydown,0.3,4.713587919217635,3.5999999999999996,-1.1135879192176352
413887_prep8,threshold_stress_drydown,2019-06-27,prescribed_drydown,0.25,3.5226675607274776,3.0,-0.5226675607274776
413887_prep8,threshold_stress_drydown,2019-06-28,prescribed_drydown,0.25,2.932090748793247,2.932090748793247,0.0
413887_prep8,threshold_stress_drydown,2019-06-29,reflood,1.4166666666666667,2.8703768161022736,17.0,14.129623183897726
413887_prep8,threshold_stress_drydown,2020-06-19,prescribed_drydown,1.0,24.322256802407036,12.0,-12.322256802407036
413887_prep8,threshold_stress_drydown,2020-06-20,prescribed_drydown,0.9,11.77685026339156,10.8,-0.9768502633915599
413887_prep8,threshold_stress_drydown,2020-06-21,prescribed_drydown,0.8,10.568203703023489,9.600000000000001,-0.9682037030234873
413887_prep8,threshold_stress_drydown,2020-06-22,prescribed_drydown,0.7,9.406587334638173,8.399999999999999,-1.0065873346381746
413887_prep8,threshold_stress_drydown,2020-06-23,prescribed_drydown,0.6,8.24442423740889,7.199999999999999,-1.0444242374088901
413887_prep8,threshold_stress_drydown,2020-06-24,prescribed_drydown,0.5,7.063979363912661,6.0,-1.0639793639126607
413887_prep8,threshold_stress_drydown,2020-06-25,prescribed_drydown,0.4,5.888307872612126,4.800000000000001,-1.0883078726121251
413887_prep8,threshold_stress_drydown,2020-06-26,prescribed_drydown,0.3,4.711018928896317,3.5999999999999996,-1.1110189288963177
413887_prep8,threshold_stress_drydown,2020-06-27,prescribed_drydown,0.25,3.5314587944100673,3.0,-0.5314587944100673
413887_prep8,threshold_stress_drydown,2020-06-28,prescribed_drydown,0.25,2.941498023727535,2.941498023727535,0.0
413887_prep8,threshold_stress_drydown,2020-06-29,reflood,1.4166666666666667,2.863287188807504,17.0,14.136712811192496
413887_prep8,threshold_stress_drydown,2021-06-19,prescribed_drydown,1.0,23.786409645809922,12.0,-11.786409645809922
413887_prep8,threshold_stress_drydown,2021-06-20,prescribed_drydown,0.9,11.85321536772569,10.8,-1.0532153677256897
413887_prep8,threshold_stress_drydown,2021-06-21,prescribed_drydown,0.8,10.647756229604978,9.600000000000001,-1.0477562296049765
413887_prep8,threshold_stress_drydown,2021-06-22,prescribed_drydown,0.7,9.441650266045972,8.399999999999999,-1.0416502660459734
413887_prep8,threshold_stress_drydown,2021-06-23,prescribed_drydown,0.6,8.260051343195403,7.199999999999999,-1.0600513431954042
413887_prep8,threshold_stress_drydown,2021-06-24,prescribed_drydown,0.5,7.083707427505606,6.0,-1.0837074275056056
413887_prep8,threshold_stress_drydown,2021-06-25,prescribed_drydown,0.4,5.893215701368087,4.800000000000001,-1.093215701368086
413887_prep8,threshold_stress_drydown,2021-06-26,prescribed_drydown,0.3,4.715804347457321,3.5999999999999996,-1.1158043474573214
413887_prep8,threshold_stress_drydown,2021-06-27,prescribed_drydown,0.25,3.53929142356849,3.0,-0.53929142356849
413887_prep8,threshold_stress_drydown,2021-06-28,prescribed_drydown,0.25,2.9479041321458617,2.9479041321458617,0.0
413887_prep8,threshold_stress_drydown,2021-06-29,reflood,1.4166666666666667,2.89385223678239,17.0,14.10614776321761
413887_prep8,threshold_stress_drydown,2022-06-19,prescribed_drydown,1.0,24.16257128060734,12.0,-12.162571280607342
413887_prep8,threshold_stress_drydown,2022-06-20,prescribed_drydown,0.9,11.771252494952444,10.8,-0.9712524949524433
413887_prep8,threshold_stress_drydown,2022-06-21,prescribed_drydown,0.8,10.619661901889925,9.600000000000001,-1.0196619018899238
413887_prep8,threshold_stress_drydown,2022-06-22,prescribed_drydown,0.7,9.452471347468537,8.399999999999999,-1.052471347468538
413887_prep8,threshold_stress_drydown,2022-06-23,prescribed_drydown,0.6,8.222073868068172,7.199999999999999,-1.0220738680681727
413887_prep8,threshold_stress_drydown,2022-06-24,prescribed_drydown,0.5,7.102481922961866,6.0,-1.102481922961866
413887_prep8,threshold_stress_drydown,2022-06-25,prescribed_drydown,0.4,5.914654340675755,4.800000000000001,-1.114654340675754
413887_prep8,threshold_stress_drydown,2022-06-26,prescribed_drydown,0.3,4.725214321003985,3.5999999999999996,-1.1252143210039858
413887_prep8,threshold_stress_drydown,2022-06-27,prescribed_drydown,0.25,3.541736042324693,3.0,-0.5417360423246929
413887_prep8,threshold_stress_drydown,2022-06-28,prescribed_drydown,0.25,2.9517018908580077,2.9517018908580077,0.0
413887_prep8,threshold_stress_drydown,2022-06-29,reflood,1.4166666666666667,2.8989030731437113,17.0,14.10109692685629
413887_prep8,threshold_stress_drydown,2023-06-19,prescribed_drydown,1.0,25.88535203730665,12.0,-13.88535203730665
413887_prep8,threshold_stress_drydown,2023-06-20,prescribed_drydown,0.9,11.697477694718229,10.8,-0.8974776947182281
413887_prep8,threshold_stress_drydown,2023-06-21,prescribed_drydown,0.8,10.610459969577782,9.600000000000001,-1.0104599695777807
413887_prep8,threshold_stress_drydown,2023-06-22,prescribed_drydown,0.7,9.433098514579504,8.399999999999999,-1.033098514579505
413887_prep8,threshold_stress_drydown,2023-06-23,prescribed_drydown,0.6,8.236502880490542,7.199999999999999,-1.0365028804905432
413887_prep8,threshold_stress_drydown,2023-06-24,prescribed_drydown,0.5,7.065471886664276,6.0,-1.0654718866642758
413887_prep8,threshold_stress_drydown,2023-06-25,prescribed_drydown,0.4,5.887227070885904,4.800000000000001,-1.0872270708859029
413887_prep8,threshold_stress_drydown,2023-06-26,prescribed_drydown,0.3,4.699208650334795,3.5999999999999996,-1.0992086503347958
413887_prep8,threshold_stress_drydown,2023-06-27,prescribed_drydown,0.25,3.526949395455895,3.0,-0.5269493954558948
413887_prep8,threshold_stress_drydown,2023-06-28,prescribed_drydown,0.25,2.935947645546131,2.935947645546131,0.0
413887_prep8,threshold_stress_drydown,2023-06-29,reflood,1.4166666666666667,2.8718431604450605,17.0,14.12815683955494
413887_prep8,reproductive_severe_field_drydown,2016-07-15,prescribed_drydown,1.0,26.418397495933455,12.0,-14.418397495933455
413887_prep8,reproductive_severe_field_drydown,2016-07-16,prescribed_drydown,0.9,11.849230866625408,10.8,-1.0492308666254075
413887_prep8,reproductive_severe_field_drydown,2016-07-17,prescribed_drydown,0.8,10.646657431172846,9.600000000000001,-1.0466574311728447
413887_prep8,reproductive_severe_field_drydown,2016-07-18,prescribed_drydown,0.7,9.423563180193995,8.399999999999999,-1.023563180193996
413887_prep8,reproductive_severe_field_drydown,2016-07-19,prescribed_drydown,0.6,8.210655452293448,7.199999999999999,-1.0106554522934488
413887_prep8,reproductive_severe_field_drydown,2016-07-20,prescribed_drydown,0.5,7.06199166991535,6.0,-1.0619916699153498
413887_prep8,reproductive_severe_field_drydown,2016-07-21,prescribed_drydown,0.4,5.889162194481685,4.800000000000001,-1.089162194481684
413887_prep8,reproductive_severe_field_drydown,2016-07-22,prescribed_drydown,0.3,4.702849645492256,3.5999999999999996,-1.102849645492256
413887_prep8,reproductive_severe_field_drydown,2016-07-23,prescribed_drydown,0.25,3.5274518052563644,3.0,-0.5274518052563644
413887_prep8,reproductive_severe_field_drydown,2016-07-24,prescribed_drydown,0.25,2.945009924149598,2.945009924149598,0.0
413887_prep8,reproductive_severe_field_drydown,2016-07-25,reflood,1.4166666666666667,2.898312346831908,17.0,14.101687653168092
413887_prep8,reproductive_severe_field_drydown,2017-07-15,prescribed_drydown,1.0,26.270163167996635,12.0,-14.270163167996635
413887_prep8,reproductive_severe_field_drydown,2017-07-16,prescribed_drydown,0.9,11.842688921213556,10.8,-1.0426889212135553
413887_prep8,reproductive_severe_field_drydown,2017-07-17,prescribed_drydown,0.8,10.65847256974177,9.600000000000001,-1.0584725697417685
413887_prep8,reproductive_severe_field_drydown,2017-07-18,prescribed_drydown,0.7,9.41291683234321,8.399999999999999,-1.0129168323432118
413887_prep8,reproductive_severe_field_drydown,2017-07-19,prescribed_drydown,0.6,8.200201197756122,7.199999999999999,-1.0002011977561232
413887_prep8,reproductive_severe_field_drydown,2017-07-20,prescribed_drydown,0.5,7.052961239528892,6.0,-1.0529612395288916
413887_prep8,reproductive_severe_field_drydown,2017-07-21,prescribed_drydown,0.4,5.869673036357872,4.800000000000001,-1.0696730363578713
413887_prep8,reproductive_severe_field_drydown,2017-07-22,prescribed_drydown,0.3,4.703846247615392,3.5999999999999996,-1.103846247615392
413887_prep8,reproductive_severe_field_drydown,2017-07-23,prescribed_drydown,0.25,3.5331788139247617,3.0,-0.5331788139247617
413887_prep8,reproductive_severe_field_drydown,2017-07-24,prescribed_drydown,0.25,2.954801289366101,2.954801289366101,0.0
413887_prep8,reproductive_severe_field_drydown,2017-07-25,reflood,1.4166666666666667,2.898434460117008,17.0,14.101565539882992
413887_prep8,reproductive_severe_field_drydown,2018-07-15,prescribed_drydown,1.0,25.90070312865877,12.0,-13.900703128658769
413887_prep8,reproductive_severe_field_drydown,2018-07-16,prescribed_drydown,0.9,11.793083798933296,10.8,-0.993083798933295
413887_prep8,reproductive_severe_field_drydown,2018-07-17,prescribed_drydown,0.8,10.625340451254747,9.600000000000001,-1.0253404512547455
413887_prep8,reproductive_severe_field_drydown,2018-07-18,prescribed_drydown,0.7,9.437000612997352,8.399999999999999,-1.0370006129973532
413887_prep8,reproductive_severe_field_drydown,2018-07-19,prescribed_drydown,0.6,8.26685482863829,7.199999999999999,-1.0668548286382915
413887_prep8,reproductive_severe_field_drydown,2018-07-20,prescribed_drydown,0.5,7.098631255351926,6.0,-1.0986312553519264
413887_prep8,reproductive_severe_field_drydown,2018-07-21,prescribed_drydown,0.4,5.925424808546245,4.800000000000001,-1.125424808546244
413887_prep8,reproductive_severe_field_drydown,2018-07-22,prescribed_drydown,0.3,4.740788631800094,3.5999999999999996,-1.1407886318000946
413887_prep8,reproductive_severe_field_drydown,2018-07-23,prescribed_drydown,0.25,3.540699639373541,3.0,-0.5406996393735408
413887_prep8,reproductive_severe_field_drydown,2018-07-24,prescribed_drydown,0.25,2.950056956277608,2.950056956277608,0.0
413887_prep8,reproductive_severe_field_drydown,2018-07-25,reflood,1.4166666666666667,2.9023129675135317,17.0,14.09768703248647
413887_prep8,reproductive_severe_field_drydown,2019-07-15,prescribed_drydown,1.0,26.38048706242963,12.0,-14.38048706242963
413887_prep8,reproductive_severe_field_drydown,2019-07-16,prescribed_drydown,0.9,11.818439378367296,10.8,-1.0184393783672956
413887_prep8,reproductive_severe_field_drydown,2019-07-17,prescribed_drydown,0.8,10.621651995944,9.600000000000001,-1.0216519959439978
413887_prep8,reproductive_severe_field_drydown,2019-07-18,prescribed_drydown,0.7,9.430603786743022,8.399999999999999,-1.0306037867430238
413887_prep8,reproductive_severe_field_drydown,2019-07-19,prescribed_drydown,0.6,8.277356346780627,7.199999999999999,-1.0773563467806273
413887_prep8,reproductive_severe_field_drydown,2019-07-20,prescribed_drydown,0.5,7.068065664439941,6.0,-1.068065664439941
413887_prep8,reproductive_severe_field_drydown,2019-07-21,prescribed_drydown,0.4,5.886368804542439,4.800000000000001,-1.0863688045424382
413887_prep8,reproductive_severe_field_drydown,2019-07-22,prescribed_drydown,0.3,4.712951133093652,3.5999999999999996,-1.1129511330936523
413887_prep8,reproductive_severe_field_drydown,2019-07-23,prescribed_drydown,0.25,3.539764964494533,3.0,-0.539764964494533
413887_prep8,reproductive_severe_field_drydown,2019-07-24,prescribed_drydown,0.25,2.938811515245528,2.938811515245528,0.0
413887_prep8,reproductive_severe_field_drydown,2019-07-25,reflood,1.4166666666666667,2.8790140842468928,17.0,14.120985915753106
413887_prep8,reproductive_severe_field_drydown,2020-07-15,prescribed_drydown,1.0,25.761264934939113,12.0,-13.761264934939113
413887_prep8,reproductive_severe_field_drydown,2020-07-16,prescribed_drydown,0.9,11.796403273450471,10.8,-0.9964032734504702
413887_prep8,reproductive_severe_field_drydown,2020-07-17,prescribed_drydown,0.8,10.605694025641785,9.600000000000001,-1.005694025641784
413887_prep8,reproductive_severe_field_drydown,2020-07-18,prescribed_drydown,0.7,9.421698868628795,8.399999999999999,-1.0216988686287962
413887_prep8,reproductive_severe_field_drydown,2020-07-19,prescribed_drydown,0.6,8.265061085968261,7.199999999999999,-1.0650610859682619
413887_prep8,reproductive_severe_field_drydown,2020-07-20,prescribed_drydown,0.5,7.069374620546212,6.0,-1.0693746205462116
413887_prep8,reproductive_severe_field_drydown,2020-07-21,prescribed_drydown,0.4,5.879607579094381,4.800000000000001,-1.0796075790943807
413887_prep8,reproductive_severe_field_drydown,2020-07-22,prescribed_drydown,0.3,4.705122755932469,3.5999999999999996,-1.1051227559324692
413887_prep8,reproductive_severe_field_drydown,2020-07-23,prescribed_drydown,0.25,3.5286725943028165,3.0,-0.5286725943028165
413887_prep8,reproductive_severe_field_drydown,2020-07-24,prescribed_drydown,0.25,2.9422518958209696,2.9422518958209696,0.0
413887_prep8,reproductive_severe_field_drydown,2020-07-25,reflood,1.4166666666666667,2.8810328071399534,17.0,14.118967192860048
413887_prep8,reproductive_severe_field_drydown,2021-07-15,prescribed_drydown,1.0,26.10826776416574,12.0,-14.108267764165738
413887_prep8,reproductive_severe_field_drydown,2021-07-16,prescribed_drydown,0.9,11.810659770996272,10.8,-1.0106597709962717
413887_prep8,reproductive_severe_field_drydown,2021-07-17,prescribed_drydown,0.8,10.630223098873717,9.600000000000001,-1.0302230988737158
413887_prep8,reproductive_severe_field_drydown,2021-07-18,prescribed_drydown,0.7,9.470982292186921,8.399999999999999,-1.0709822921869225
413887_prep8,reproductive_severe_field_drydown,2021-07-19,prescribed_drydown,0.6,8.29542122921957,7.199999999999999,-1.0954212292195713
413887_prep8,reproductive_severe_field_drydown,2021-07-20,prescribed_drydown,0.5,7.115296556578287,6.0,-1.1152965565782873
413887_prep8,reproductive_severe_field_drydown,2021-07-21,prescribed_drydown,0.4,5.896851515176219,4.800000000000001,-1.0968515151762182
413887_prep8,reproductive_severe_field_drydown,2021-07-22,prescribed_drydown,0.3,4.711859826083902,3.5999999999999996,-1.1118598260839025
413887_prep8,reproductive_severe_field_drydown,2021-07-23,prescribed_drydown,0.25,3.532217392722275,3.0,-0.5322173927222749
413887_prep8,reproductive_severe_field_drydown,2021-07-24,prescribed_drydown,0.25,2.944430799849342,2.944430799849342,0.0
413887_prep8,reproductive_severe_field_drydown,2021-07-25,reflood,1.4166666666666667,2.89211659953931,17.0,14.10788340046069
413887_prep8,reproductive_severe_field_drydown,2022-07-15,prescribed_drydown,1.0,26.184153894080104,12.0,-14.184153894080104
413887_prep8,reproductive_severe_field_drydown,2022-07-16,prescribed_drydown,0.9,11.789661865146964,10.8,-0.9896618651469637
413887_prep8,reproductive_severe_field_drydown,2022-07-17,prescribed_drydown,0.8,10.636798940722898,9.600000000000001,-1.0367989407228961
413887_prep8,reproductive_severe_field_drydown,2022-07-18,prescribed_drydown,0.7,9.461107061587624,8.399999999999999,-1.0611070615876255
413887_prep8,reproductive_severe_field_drydown,2022-07-19,prescribed_drydown,0.6,8.260744220125043,7.199999999999999,-1.0607442201250432
413887_prep8,reproductive_severe_field_drydown,2022-07-20,prescribed_drydown,0.5,7.076941425943263,6.0,-1.0769414259432626
413887_prep8,reproductive_severe_field_drydown,2022-07-21,prescribed_drydown,0.4,5.896526912415103,4.800000000000001,-1.0965269124151025
413887_prep8,reproductive_severe_field_drydown,2022-07-22,prescribed_drydown,0.3,4.7134114852941,3.5999999999999996,-1.1134114852941002
413887_prep8,reproductive_severe_field_drydown,2022-07-23,prescribed_drydown,0.25,3.5322105076447503,3.0,-0.5322105076447503
413887_prep8,reproductive_severe_field_drydown,2022-07-24,prescribed_drydown,0.25,2.938636132667434,2.938636132667434,0.0
413887_prep8,reproductive_severe_field_drydown,2022-07-25,reflood,1.4166666666666667,2.884162504262909,17.0,14.115837495737091
413887_prep8,reproductive_severe_field_drydown,2023-07-15,prescribed_drydown,1.0,26.35711839757476,12.0,-14.357118397574759
413887_prep8,reproductive_severe_field_drydown,2023-07-16,prescribed_drydown,0.9,11.859538180495543,10.8,-1.059538180495542
413887_prep8,reproductive_severe_field_drydown,2023-07-17,prescribed_drydown,0.8,10.705645052522986,9.600000000000001,-1.1056450525229842
413887_prep8,reproductive_severe_field_drydown,2023-07-18,prescribed_drydown,0.7,9.473499603869866,8.399999999999999,-1.0734996038698679
413887_prep8,reproductive_severe_field_drydown,2023-07-19,prescribed_drydown,0.6,8.263619473216316,7.199999999999999,-1.063619473216317
413887_prep8,reproductive_severe_field_drydown,2023-07-20,prescribed_drydown,0.5,7.071610723681878,6.0,-1.0716107236818777
413887_prep8,reproductive_severe_field_drydown,2023-07-21,prescribed_drydown,0.4,5.904877988665323,4.800000000000001,-1.1048779886653222
413887_prep8,reproductive_severe_field_drydown,2023-07-22,prescribed_drydown,0.3,4.734166182675584,3.5999999999999996,-1.1341661826755844
413887_prep8,reproductive_severe_field_drydown,2023-07-23,prescribed_drydown,0.25,3.5448181500686267,3.0,-0.5448181500686267
413887_prep8,reproductive_severe_field_drydown,2023-07-24,prescribed_drydown,0.25,2.9571078194303024,2.9571078194303024,0.0
413887_prep8,reproductive_severe_field_drydown,2023-07-25,reflood,1.4166666666666667,2.896901169524578,17.0,14.103098830475421
413887_prep8,reproductive_one_time_drain,2016-07-15,initial_ponded_water_drain,1.0,26.418397495933455,12.0,-14.418397495933455
413887_prep8,reproductive_one_time_drain,2016-07-25,reflood,1.4166666666666667,10.195263720361448,17.0,6.804736279638552
413887_prep8,reproductive_one_time_drain,2017-07-15,initial_ponded_water_drain,1.0,26.270163167996635,12.0,-14.270163167996635
413887_prep8,reproductive_one_time_drain,2017-07-25,reflood,1.4166666666666667,10.174289179747454,17.0,6.825710820252546
413887_prep8,reproductive_one_time_drain,2018-07-15,initial_ponded_water_drain,1.0,25.90070312865877,12.0,-13.900703128658769
413887_prep8,reproductive_one_time_drain,2018-07-25,reflood,1.4166666666666667,10.454102254862816,17.0,6.545897745137184
413887_prep8,reproductive_one_time_drain,2019-07-15,initial_ponded_water_drain,1.0,26.38048706242963,12.0,-14.38048706242963
413887_prep8,reproductive_one_time_drain,2019-07-25,reflood,1.4166666666666667,10.30168878678652,17.0,6.698311213213479
413887_prep8,reproductive_one_time_drain,2020-07-15,initial_ponded_water_drain,1.0,25.761264934939113,12.0,-13.761264934939113
413887_prep8,reproductive_one_time_drain,2020-07-25,reflood,1.4166666666666667,10.055992861256213,17.0,6.944007138743787
413887_prep8,reproductive_one_time_drain,2021-07-15,initial_ponded_water_drain,1.0,26.10826776416574,12.0,-14.108267764165738
413887_prep8,reproductive_one_time_drain,2021-07-25,reflood,1.4166666666666667,10.401307859323234,17.0,6.598692140676766
413887_prep8,reproductive_one_time_drain,2022-07-15,initial_ponded_water_drain,1.0,26.184153894080104,12.0,-14.184153894080104
413887_prep8,reproductive_one_time_drain,2022-07-25,reflood,1.4166666666666667,10.253926545138079,17.0,6.7460734548619214
413887_prep8,reproductive_one_time_drain,2023-07-15,initial_ponded_water_drain,1.0,26.35711839757476,12.0,-14.357118397574759
413887_prep8,reproductive_one_time_drain,2023-07-25,reflood,1.4166666666666667,10.569673075940358,17.0,6.430326924059642
413887_prep16,field_reference_drydown,2016-06-19,prescribed_drydown,1.0,25.07848765568637,12.0,-13.07848765568637
413887_prep16,field_reference_drydown,2016-06-20,prescribed_drydown,0.9,11.82340289449301,10.8,-1.0234028944930085
413887_prep16,field_reference_drydown,2016-06-21,prescribed_drydown,0.8,10.600946920465544,9.600000000000001,-1.0009469204655428
413887_prep16,field_reference_drydown,2016-06-22,prescribed_drydown,0.7,9.423042090335942,8.399999999999999,-1.0230420903359434
413887_prep16,field_reference_drydown,2016-06-23,prescribed_drydown,0.6,8.214836777894007,7.199999999999999,-1.0148367778940077
413887_prep16,field_reference_drydown,2016-06-24,prescribed_drydown,0.595,7.027619761218944,7.027619761218944,0.0
413887_prep16,field_reference_drydown,2016-06-25,prescribed_drydown,0.595,6.877761595143982,6.877761595143982,0.0
413887_prep16,field_reference_drydown,2016-06-26,prescribed_drydown,0.595,6.7476235289038,6.7476235289038,0.0
413887_prep16,field_reference_drydown,2016-06-27,prescribed_drydown,0.595,6.631564221385956,6.631564221385956,0.0
413887_prep16,field_reference_drydown,2016-06-28,prescribed_drydown,0.595,6.522902373755598,6.522902373755598,0.0
413887_prep16,field_reference_drydown,2016-06-29,reflood,1.4166666666666667,6.430090470792808,17.0,10.569909529207191
413887_prep16,field_reference_drydown,2017-06-19,prescribed_drydown,1.0,25.10280512042872,12.0,-13.10280512042872
413887_prep16,field_reference_drydown,2017-06-20,prescribed_drydown,0.9,11.894573177080012,10.8,-1.0945731770800116
413887_prep16,field_reference_drydown,2017-06-21,prescribed_drydown,0.8,10.669017364923619,9.600000000000001,-1.0690173649236172
413887_prep16,field_reference_drydown,2017-06-22,prescribed_drydown,0.7,9.451063567802446,8.399999999999999,-1.0510635678024478
413887_prep16,field_reference_drydown,2017-06-23,prescribed_drydown,0.6,8.329665986276291,7.199999999999999,-1.129665986276292
413887_prep16,field_reference_drydown,2017-06-24,prescribed_drydown,0.595,7.093453785454399,7.093453785454399,0.0
413887_prep16,field_reference_drydown,2017-06-25,prescribed_drydown,0.595,6.9738695674551705,6.9738695674551705,0.0
413887_prep16,field_reference_drydown,2017-06-26,prescribed_drydown,0.595,6.853964635785363,6.853964635785363,0.0
413887_prep16,field_reference_drydown,2017-06-27,prescribed_drydown,0.595,6.722252151414164,6.722252151414164,0.0
413887_prep16,field_reference_drydown,2017-06-28,prescribed_drydown,0.595,6.5859462330549805,6.5859462330549805,0.0
413887_prep16,field_reference_drydown,2017-06-29,reflood,1.4166666666666667,6.4468308335925615,17.0,10.55316916640744
413887_prep16,field_reference_drydown,2018-06-19,prescribed_drydown,1.0,24.31247118174762,12.0,-12.312471181747618
413887_prep16,field_reference_drydown,2018-06-20,prescribed_drydown,0.9,11.777113789010356,10.8,-0.977113789010355
413887_prep16,field_reference_drydown,2018-06-21,prescribed_drydown,0.8,10.572530446561737,9.600000000000001,-0.9725304465617359
413887_prep16,field_reference_drydown,2018-06-22,prescribed_drydown,0.7,9.372628375853258,8.399999999999999,-0.9726283758532599
413887_prep16,field_reference_drydown,2018-06-23,prescribed_drydown,0.6,8.257244017510338,7.199999999999999,-1.0572440175103388
413887_prep16,field_reference_drydown,2018-06-24,prescribed_drydown,0.595,7.068568205008785,7.068568205008785,0.0
413887_prep16,field_reference_drydown,2018-06-25,prescribed_drydown,0.595,6.935625123959528,6.935625123959528,0.0
413887_prep16,field_reference_drydown,2018-06-26,prescribed_drydown,0.595,6.790558497647643,6.790558497647643,0.0
413887_prep16,field_reference_drydown,2018-06-27,prescribed_drydown,0.595,6.6470075962071595,6.6470075962071595,0.0
413887_prep16,field_reference_drydown,2018-06-28,prescribed_drydown,0.595,6.4928787979992615,6.4928787979992615,0.0
413887_prep16,field_reference_drydown,2018-06-29,reflood,1.4166666666666667,6.331268578142602,17.0,10.668731421857398
413887_prep16,field_reference_drydown,2019-06-19,prescribed_drydown,1.0,26.154108997712243,12.0,-14.154108997712243
413887_prep16,field_reference_drydown,2019-06-20,prescribed_drydown,0.9,11.84638640033824,10.8,-1.046386400338239
413887_prep16,field_reference_drydown,2019-06-21,prescribed_drydown,0.8,10.64684693518356,9.600000000000001,-1.0468469351835594
413887_prep16,field_reference_drydown,2019-06-22,prescribed_drydown,0.7,9.42051170634495,8.399999999999999,-1.0205117063449514
413887_prep16,field_reference_drydown,2019-06-23,prescribed_drydown,0.6,8.243247797454757,7.199999999999999,-1.0432477974547574
413887_prep16,field_reference_drydown,2019-06-24,prescribed_drydown,0.595,7.103158216856594,7.103158216856594,0.0
413887_prep16,field_reference_drydown,2019-06-25,prescribed_drydown,0.595,7.008118226826279,7.008118226826279,0.0
413887_prep16,field_reference_drydown,2019-06-26,prescribed_drydown,0.595,6.88484816684166,6.88484816684166,0.0
413887_prep16,field_reference_drydown,2019-06-27,prescribed_drydown,0.595,6.733477122978263,6.733477122978263,0.0
413887_prep16,field_reference_drydown,2019-06-28,prescribed_drydown,0.595,6.5835197168575394,6.5835197168575394,0.0
413887_prep16,field_reference_drydown,2019-06-29,reflood,1.4166666666666667,6.460027340451509,17.0,10.539972659548491
413887_prep16,field_reference_drydown,2020-06-19,prescribed_drydown,1.0,24.322256802407036,12.0,-12.322256802407036
413887_prep16,field_reference_drydown,2020-06-20,prescribed_drydown,0.9,11.77685026339156,10.8,-0.9768502633915599
413887_prep16,field_reference_drydown,2020-06-21,prescribed_drydown,0.8,10.568203703023489,9.600000000000001,-0.9682037030234873
413887_prep16,field_reference_drydown,2020-06-22,prescribed_drydown,0.7,9.406587334638173,8.399999999999999,-1.0065873346381746
413887_prep16,field_reference_drydown,2020-06-23,prescribed_drydown,0.6,8.24442423740889,7.199999999999999,-1.0444242374088901
413887_prep16,field_reference_drydown,2020-06-24,prescribed_drydown,0.595,7.063979363912661,7.063979363912661,0.0
413887_prep16,field_reference_drydown,2020-06-25,prescribed_drydown,0.595,6.932784924521304,6.932784924521304,0.0
413887_prep16,field_reference_drydown,2020-06-26,prescribed_drydown,0.595,6.804084835098476,6.804084835098476,0.0
413887_prep16,field_reference_drydown,2020-06-27,prescribed_drydown,0.595,6.674161659887774,6.674161659887774,0.0
413887_prep16,field_reference_drydown,2020-06-28,prescribed_drydown,0.595,6.5451575314818875,6.5451575314818875,0.0
413887_prep16,field_reference_drydown,2020-06-29,reflood,1.4166666666666667,6.353016708863474,17.0,10.646983291136525
413887_prep16,field_reference_drydown,2021-06-19,prescribed_drydown,1.0,23.786409645809922,12.0,-11.786409645809922
413887_prep16,field_reference_drydown,2021-06-20,prescribed_drydown,0.9,11.85321536772569,10.8,-1.0532153677256897
413887_prep16,field_reference_drydown,2021-06-21,prescribed_drydown,0.8,10.647756229604978,9.600000000000001,-1.0477562296049765
413887_prep16,field_reference_drydown,2021-06-22,prescribed_drydown,0.7,9.441650266045972,8.399999999999999,-1.0416502660459734
413887_prep16,field_reference_drydown,2021-06-23,prescribed_drydown,0.6,8.260051343195403,7.199999999999999,-1.0600513431954042
413887_prep16,field_reference_drydown,2021-06-24,prescribed_drydown,0.595,7.083707427505606,7.083707427505606,0.0
413887_prep16,field_reference_drydown,2021-06-25,prescribed_drydown,0.595,6.955861746492684,6.955861746492684,0.0
413887_prep16,field_reference_drydown,2021-06-26,prescribed_drydown,0.595,6.832129347876568,6.832129347876568,0.0
413887_prep16,field_reference_drydown,2021-06-27,prescribed_drydown,0.595,6.7173211711220215,6.7173211711220215,0.0
413887_prep16,field_reference_drydown,2021-06-28,prescribed_drydown,0.595,6.602899985270102,6.602899985270102,0.0
413887_prep16,field_reference_drydown,2021-06-29,reflood,1.4166666666666667,6.4822942328294655,17.0,10.517705767170535
413887_prep16,field_reference_drydown,2022-06-19,prescribed_drydown,1.0,24.16257128060734,12.0,-12.162571280607342
413887_prep16,field_reference_drydown,2022-06-20,prescribed_drydown,0.9,11.771252494952444,10.8,-0.9712524949524433
413887_prep16,field_reference_drydown,2022-06-21,prescribed_drydown,0.8,10.619661901889925,9.600000000000001,-1.0196619018899238
413887_prep16,field_reference_drydown,2022-06-22,prescribed_drydown,0.7,9.452471347468537,8.399999999999999,-1.052471347468538
413887_prep16,field_reference_drydown,2022-06-23,prescribed_drydown,0.6,8.222073868068172,7.199999999999999,-1.0220738680681727
413887_prep16,field_reference_drydown,2022-06-24,prescribed_drydown,0.595,7.102481922961866,7.102481922961866,0.0
413887_prep16,field_reference_drydown,2022-06-25,prescribed_drydown,0.595,7.003688987866711,7.003688987866711,0.0
413887_prep16,field_reference_drydown,2022-06-26,prescribed_drydown,0.595,6.897970295778641,6.897970295778641,0.0
413887_prep16,field_reference_drydown,2022-06-27,prescribed_drydown,0.595,6.792215363131499,6.792215363131499,0.0
413887_prep16,field_reference_drydown,2022-06-28,prescribed_drydown,0.595,6.692209599276134,6.692209599276134,0.0
413887_prep16,field_reference_drydown,2022-06-29,reflood,1.4166666666666667,6.579716123988788,17.0,10.420283876011212
413887_prep16,field_reference_drydown,2023-06-19,prescribed_drydown,1.0,25.88535203730665,12.0,-13.88535203730665
413887_prep16,field_reference_drydown,2023-06-20,prescribed_drydown,0.9,11.697477694718229,10.8,-0.8974776947182281
413887_prep16,field_reference_drydown,2023-06-21,prescribed_drydown,0.8,10.610459969577782,9.600000000000001,-1.0104599695777807
413887_prep16,field_reference_drydown,2023-06-22,prescribed_drydown,0.7,9.433098514579504,8.399999999999999,-1.033098514579505
413887_prep16,field_reference_drydown,2023-06-23,prescribed_drydown,0.6,8.236502880490542,7.199999999999999,-1.0365028804905432
413887_prep16,field_reference_drydown,2023-06-24,prescribed_drydown,0.595,7.065471886664276,7.065471886664276,0.0
413887_prep16,field_reference_drydown,2023-06-25,prescribed_drydown,0.595,6.932133265436867,6.932133265436867,0.0
413887_prep16,field_reference_drydown,2023-06-26,prescribed_drydown,0.595,6.779496330188303,6.779496330188303,0.0
413887_prep16,field_reference_drydown,2023-06-27,prescribed_drydown,0.595,6.640272454809907,6.640272454809907,0.0
413887_prep16,field_reference_drydown,2023-06-28,prescribed_drydown,0.595,6.503123837909826,6.503123837909826,0.0
413887_prep16,field_reference_drydown,2023-06-29,reflood,1.4166666666666667,6.367637196935643,17.0,10.632362803064357
413887_prep16,threshold_stress_drydown,2016-06-19,prescribed_drydown,1.0,25.07848765568637,12.0,-13.07848765568637
413887_prep16,threshold_stress_drydown,2016-06-20,prescribed_drydown,0.9,11.82340289449301,10.8,-1.0234028944930085
413887_prep16,threshold_stress_drydown,2016-06-21,prescribed_drydown,0.8,10.600946920465544,9.600000000000001,-1.0009469204655428
413887_prep16,threshold_stress_drydown,2016-06-22,prescribed_drydown,0.7,9.423042090335942,8.399999999999999,-1.0230420903359434
413887_prep16,threshold_stress_drydown,2016-06-23,prescribed_drydown,0.6,8.214836777894007,7.199999999999999,-1.0148367778940077
413887_prep16,threshold_stress_drydown,2016-06-24,prescribed_drydown,0.5,7.027619761218944,6.0,-1.0276197612189444
413887_prep16,threshold_stress_drydown,2016-06-25,prescribed_drydown,0.4,5.873232019901897,4.800000000000001,-1.073232019901896
413887_prep16,threshold_stress_drydown,2016-06-26,prescribed_drydown,0.3,4.7081385209606506,3.5999999999999996,-1.108138520960651
413887_prep16,threshold_stress_drydown,2016-06-27,prescribed_drydown,0.25,3.533280108318223,3.0,-0.5332801083182228
413887_prep16,threshold_stress_drydown,2016-06-28,prescribed_drydown,0.25,2.9458139607866336,2.9458139607866336,0.0
413887_prep16,threshold_stress_drydown,2016-06-29,reflood,1.4166666666666667,2.898130587192528,17.0,14.101869412807472
413887_prep16,threshold_stress_drydown,2017-06-19,prescribed_drydown,1.0,25.10280512042872,12.0,-13.10280512042872
413887_prep16,threshold_stress_drydown,2017-06-20,prescribed_drydown,0.9,11.894573177080012,10.8,-1.0945731770800116
413887_prep16,threshold_stress_drydown,2017-06-21,prescribed_drydown,0.8,10.669017364923619,9.600000000000001,-1.0690173649236172
413887_prep16,threshold_stress_drydown,2017-06-22,prescribed_drydown,0.7,9.451063567802446,8.399999999999999,-1.0510635678024478
413887_prep16,threshold_stress_drydown,2017-06-23,prescribed_drydown,0.6,8.329665986276291,7.199999999999999,-1.129665986276292
413887_prep16,threshold_stress_drydown,2017-06-24,prescribed_drydown,0.5,7.093453785454399,6.0,-1.0934537854543986
413887_prep16,threshold_stress_drydown,2017-06-25,prescribed_drydown,0.4,5.899999225448383,4.800000000000001,-1.0999992254483821
413887_prep16,threshold_stress_drydown,2017-06-26,prescribed_drydown,0.3,4.718811434628032,3.5999999999999996,-1.1188114346280322
413887_prep16,threshold_stress_drydown,2017-06-27,prescribed_drydown,0.25,3.5305949401542533,3.0,-0.5305949401542533
413887_prep16,threshold_stress_drydown,2017-06-28,prescribed_drydown,0.25,2.938090440787647,2.938090440787647,0.0
413887_prep16,threshold_stress_drydown,2017-06-29,reflood,1.4166666666666667,2.873727148040509,17.0,14.126272851959492
413887_prep16,threshold_stress_drydown,2018-06-19,prescribed_drydown,1.0,24.31247118174762,12.0,-12.312471181747618
413887_prep16,threshold_stress_drydown,2018-06-20,prescribed_drydown,0.9,11.777113789010356,10.8,-0.977113789010355
413887_prep16,threshold_stress_drydown,2018-06-21,prescribed_drydown,0.8,10.572530446561737,9.600000000000001,-0.9725304465617359
413887_prep16,threshold_stress_drydown,2018-06-22,prescribed_drydown,0.7,9.372628375853258,8.399999999999999,-0.9726283758532599
413887_prep16,threshold_stress_drydown,2018-06-23,prescribed_drydown,0.6,8.257244017510338,7.199999999999999,-1.0572440175103388
413887_prep16,threshold_stress_drydown,2018-06-24,prescribed_drydown,0.5,7.068568205008785,6.0,-1.068568205008785
413887_prep16,threshold_stress_drydown,2018-06-25,prescribed_drydown,0.4,5.888071474697655,4.800000000000001,-1.0880714746976539
413887_prep16,threshold_stress_drydown,2018-06-26,prescribed_drydown,0.3,4.70302261059322,3.5999999999999996,-1.1030226105932206
413887_prep16,threshold_stress_drydown,2018-06-27,prescribed_drydown,0.25,3.5217878352873817,3.0,-0.5217878352873817
413887_prep16,threshold_stress_drydown,2018-06-28,prescribed_drydown,0.25,2.9271279583021657,2.9271279583021657,0.0
413887_prep16,threshold_stress_drydown,2018-06-29,reflood,1.4166666666666667,2.853401153037203,17.0,14.146598846962796
413887_prep16,threshold_stress_drydown,2019-06-19,prescribed_drydown,1.0,26.154108997712243,12.0,-14.154108997712243
413887_prep16,threshold_stress_drydown,2019-06-20,prescribed_drydown,0.9,11.84638640033824,10.8,-1.046386400338239
413887_prep16,threshold_stress_drydown,2019-06-21,prescribed_drydown,0.8,10.64684693518356,9.600000000000001,-1.0468469351835594
413887_prep16,threshold_stress_drydown,2019-06-22,prescribed_drydown,0.7,9.42051170634495,8.399999999999999,-1.0205117063449514
413887_prep16,threshold_stress_drydown,2019-06-23,prescribed_drydown,0.6,8.243247797454757,7.199999999999999,-1.0432477974547574
413887_prep16,threshold_stress_drydown,2019-06-24,prescribed_drydown,0.5,7.103158216856594,6.0,-1.1031582168565937
413887_prep16,threshold_stress_drydown,2019-06-25,prescribed_drydown,0.4,5.917131963904182,4.800000000000001,-1.117131963904181
413887_prep16,threshold_stress_drydown,2019-06-26,prescribed_drydown,0.3,4.713587919217635,3.5999999999999996,-1.1135879192176352
413887_prep16,threshold_stress_drydown,2019-06-27,prescribed_drydown,0.25,3.5226675607274776,3.0,-0.5226675607274776
413887_prep16,threshold_stress_drydown,2019-06-28,prescribed_drydown,0.25,2.932090748793247,2.932090748793247,0.0
413887_prep16,threshold_stress_drydown,2019-06-29,reflood,1.4166666666666667,2.8703768161022736,17.0,14.129623183897726
413887_prep16,threshold_stress_drydown,2020-06-19,prescribed_drydown,1.0,24.322256802407036,12.0,-12.322256802407036
413887_prep16,threshold_stress_drydown,2020-06-20,prescribed_drydown,0.9,11.77685026339156,10.8,-0.9768502633915599
413887_prep16,threshold_stress_drydown,2020-06-21,prescribed_drydown,0.8,10.568203703023489,9.600000000000001,-0.9682037030234873
413887_prep16,threshold_stress_drydown,2020-06-22,prescribed_drydown,0.7,9.406587334638173,8.399999999999999,-1.0065873346381746
413887_prep16,threshold_stress_drydown,2020-06-23,prescribed_drydown,0.6,8.24442423740889,7.199999999999999,-1.0444242374088901
413887_prep16,threshold_stress_drydown,2020-06-24,prescribed_drydown,0.5,7.063979363912661,6.0,-1.0639793639126607
413887_prep16,threshold_stress_drydown,2020-06-25,prescribed_drydown,0.4,5.888307872612126,4.800000000000001,-1.0883078726121251
413887_prep16,threshold_stress_drydown,2020-06-26,prescribed_drydown,0.3,4.711018928896317,3.5999999999999996,-1.1110189288963177
413887_prep16,threshold_stress_drydown,2020-06-27,prescribed_drydown,0.25,3.5314587944100673,3.0,-0.5314587944100673
413887_prep16,threshold_stress_drydown,2020-06-28,prescribed_drydown,0.25,2.941498023727535,2.941498023727535,0.0
413887_prep16,threshold_stress_drydown,2020-06-29,reflood,1.4166666666666667,2.863287188807504,17.0,14.136712811192496
413887_prep16,threshold_stress_drydown,2021-06-19,prescribed_drydown,1.0,23.786409645809922,12.0,-11.786409645809922
413887_prep16,threshold_stress_drydown,2021-06-20,prescribed_drydown,0.9,11.85321536772569,10.8,-1.0532153677256897
413887_prep16,threshold_stress_drydown,2021-06-21,prescribed_drydown,0.8,10.647756229604978,9.600000000000001,-1.0477562296049765
413887_prep16,threshold_stress_drydown,2021-06-22,prescribed_drydown,0.7,9.441650266045972,8.399999999999999,-1.0416502660459734
413887_prep16,threshold_stress_drydown,2021-06-23,prescribed_drydown,0.6,8.260051343195403,7.199999999999999,-1.0600513431954042
413887_prep16,threshold_stress_drydown,2021-06-24,prescribed_drydown,0.5,7.083707427505606,6.0,-1.0837074275056056
413887_prep16,threshold_stress_drydown,2021-06-25,prescribed_drydown,0.4,5.893215701368087,4.800000000000001,-1.093215701368086
413887_prep16,threshold_stress_drydown,2021-06-26,prescribed_drydown,0.3,4.715804347457321,3.5999999999999996,-1.1158043474573214
413887_prep16,threshold_stress_drydown,2021-06-27,prescribed_drydown,0.25,3.53929142356849,3.0,-0.53929142356849
413887_prep16,threshold_stress_drydown,2021-06-28,prescribed_drydown,0.25,2.9479041321458617,2.9479041321458617,0.0
413887_prep16,threshold_stress_drydown,2021-06-29,reflood,1.4166666666666667,2.89385223678239,17.0,14.10614776321761
413887_prep16,threshold_stress_drydown,2022-06-19,prescribed_drydown,1.0,24.16257128060734,12.0,-12.162571280607342
413887_prep16,threshold_stress_drydown,2022-06-20,prescribed_drydown,0.9,11.771252494952444,10.8,-0.9712524949524433
413887_prep16,threshold_stress_drydown,2022-06-21,prescribed_drydown,0.8,10.619661901889925,9.600000000000001,-1.0196619018899238
413887_prep16,threshold_stress_drydown,2022-06-22,prescribed_drydown,0.7,9.452471347468537,8.399999999999999,-1.052471347468538
413887_prep16,threshold_stress_drydown,2022-06-23,prescribed_drydown,0.6,8.222073868068172,7.199999999999999,-1.0220738680681727
413887_prep16,threshold_stress_drydown,2022-06-24,prescribed_drydown,0.5,7.102481922961866,6.0,-1.102481922961866
413887_prep16,threshold_stress_drydown,2022-06-25,prescribed_drydown,0.4,5.914654340675755,4.800000000000001,-1.114654340675754
413887_prep16,threshold_stress_drydown,2022-06-26,prescribed_drydown,0.3,4.725214321003985,3.5999999999999996,-1.1252143210039858
413887_prep16,threshold_stress_drydown,2022-06-27,prescribed_drydown,0.25,3.541736042324693,3.0,-0.5417360423246929
413887_prep16,threshold_stress_drydown,2022-06-28,prescribed_drydown,0.25,2.9517018908580077,2.9517018908580077,0.0
413887_prep16,threshold_stress_drydown,2022-06-29,reflood,1.4166666666666667,2.8989030731437113,17.0,14.10109692685629
413887_prep16,threshold_stress_drydown,2023-06-19,prescribed_drydown,1.0,25.88535203730665,12.0,-13.88535203730665
413887_prep16,threshold_stress_drydown,2023-06-20,prescribed_drydown,0.9,11.697477694718229,10.8,-0.8974776947182281
413887_prep16,threshold_stress_drydown,2023-06-21,prescribed_drydown,0.8,10.610459969577782,9.600000000000001,-1.0104599695777807
413887_prep16,threshold_stress_drydown,2023-06-22,prescribed_drydown,0.7,9.433098514579504,8.399999999999999,-1.033098514579505
413887_prep16,threshold_stress_drydown,2023-06-23,prescribed_drydown,0.6,8.236502880490542,7.199999999999999,-1.0365028804905432
413887_prep16,threshold_stress_drydown,2023-06-24,prescribed_drydown,0.5,7.065471886664276,6.0,-1.0654718866642758
413887_prep16,threshold_stress_drydown,2023-06-25,prescribed_drydown,0.4,5.887227070885904,4.800000000000001,-1.0872270708859029
413887_prep16,threshold_stress_drydown,2023-06-26,prescribed_drydown,0.3,4.699208650334795,3.5999999999999996,-1.0992086503347958
413887_prep16,threshold_stress_drydown,2023-06-27,prescribed_drydown,0.25,3.526949395455895,3.0,-0.5269493954558948
413887_prep16,threshold_stress_drydown,2023-06-28,prescribed_drydown,0.25,2.935947645546131,2.935947645546131,0.0
413887_prep16,threshold_stress_drydown,2023-06-29,reflood,1.4166666666666667,2.8718431604450605,17.0,14.12815683955494
413887_prep16,reproductive_severe_field_drydown,2016-07-15,prescribed_drydown,1.0,26.418397495933455,12.0,-14.418397495933455
413887_prep16,reproductive_severe_field_drydown,2016-07-16,prescribed_drydown,0.9,11.849230866625408,10.8,-1.0492308666254075
413887_prep16,reproductive_severe_field_drydown,2016-07-17,prescribed_drydown,0.8,10.646657431172846,9.600000000000001,-1.0466574311728447
413887_prep16,reproductive_severe_field_drydown,2016-07-18,prescribed_drydown,0.7,9.423563180193995,8.399999999999999,-1.023563180193996
413887_prep16,reproductive_severe_field_drydown,2016-07-19,prescribed_drydown,0.6,8.210655452293448,7.199999999999999,-1.0106554522934488
413887_prep16,reproductive_severe_field_drydown,2016-07-20,prescribed_drydown,0.5,7.06199166991535,6.0,-1.0619916699153498
413887_prep16,reproductive_severe_field_drydown,2016-07-21,prescribed_drydown,0.4,5.889162194481685,4.800000000000001,-1.089162194481684
413887_prep16,reproductive_severe_field_drydown,2016-07-22,prescribed_drydown,0.3,4.702849645492256,3.5999999999999996,-1.102849645492256
413887_prep16,reproductive_severe_field_drydown,2016-07-23,prescribed_drydown,0.25,3.5274518052563644,3.0,-0.5274518052563644
413887_prep16,reproductive_severe_field_drydown,2016-07-24,prescribed_drydown,0.25,2.945009924149598,2.945009924149598,0.0
413887_prep16,reproductive_severe_field_drydown,2016-07-25,reflood,1.4166666666666667,2.898312346831908,17.0,14.101687653168092
413887_prep16,reproductive_severe_field_drydown,2017-07-15,prescribed_drydown,1.0,26.270163167996635,12.0,-14.270163167996635
413887_prep16,reproductive_severe_field_drydown,2017-07-16,prescribed_drydown,0.9,11.842688921213556,10.8,-1.0426889212135553
413887_prep16,reproductive_severe_field_drydown,2017-07-17,prescribed_drydown,0.8,10.65847256974177,9.600000000000001,-1.0584725697417685
413887_prep16,reproductive_severe_field_drydown,2017-07-18,prescribed_drydown,0.7,9.41291683234321,8.399999999999999,-1.0129168323432118
413887_prep16,reproductive_severe_field_drydown,2017-07-19,prescribed_drydown,0.6,8.200201197756122,7.199999999999999,-1.0002011977561232
413887_prep16,reproductive_severe_field_drydown,2017-07-20,prescribed_drydown,0.5,7.052961239528892,6.0,-1.0529612395288916
413887_prep16,reproductive_severe_field_drydown,2017-07-21,prescribed_drydown,0.4,5.869673036357872,4.800000000000001,-1.0696730363578713
413887_prep16,reproductive_severe_field_drydown,2017-07-22,prescribed_drydown,0.3,4.703846247615392,3.5999999999999996,-1.103846247615392
413887_prep16,reproductive_severe_field_drydown,2017-07-23,prescribed_drydown,0.25,3.5331788139247617,3.0,-0.5331788139247617
413887_prep16,reproductive_severe_field_drydown,2017-07-24,prescribed_drydown,0.25,2.954801289366101,2.954801289366101,0.0
413887_prep16,reproductive_severe_field_drydown,2017-07-25,reflood,1.4166666666666667,2.898434460117008,17.0,14.101565539882992
413887_prep16,reproductive_severe_field_drydown,2018-07-15,prescribed_drydown,1.0,25.90070312865877,12.0,-13.900703128658769
413887_prep16,reproductive_severe_field_drydown,2018-07-16,prescribed_drydown,0.9,11.793083798933296,10.8,-0.993083798933295
413887_prep16,reproductive_severe_field_drydown,2018-07-17,prescribed_drydown,0.8,10.625340451254747,9.600000000000001,-1.0253404512547455
413887_prep16,reproductive_severe_field_drydown,2018-07-18,prescribed_drydown,0.7,9.437000612997352,8.399999999999999,-1.0370006129973532
413887_prep16,reproductive_severe_field_drydown,2018-07-19,prescribed_drydown,0.6,8.26685482863829,7.199999999999999,-1.0668548286382915
413887_prep16,reproductive_severe_field_drydown,2018-07-20,prescribed_drydown,0.5,7.098631255351926,6.0,-1.0986312553519264
413887_prep16,reproductive_severe_field_drydown,2018-07-21,prescribed_drydown,0.4,5.925424808546245,4.800000000000001,-1.125424808546244
413887_prep16,reproductive_severe_field_drydown,2018-07-22,prescribed_drydown,0.3,4.740788631800094,3.5999999999999996,-1.1407886318000946
413887_prep16,reproductive_severe_field_drydown,2018-07-23,prescribed_drydown,0.25,3.540699639373541,3.0,-0.5406996393735408
413887_prep16,reproductive_severe_field_drydown,2018-07-24,prescribed_drydown,0.25,2.950056956277608,2.950056956277608,0.0
413887_prep16,reproductive_severe_field_drydown,2018-07-25,reflood,1.4166666666666667,2.9023129675135317,17.0,14.09768703248647
413887_prep16,reproductive_severe_field_drydown,2019-07-15,prescribed_drydown,1.0,26.38048706242963,12.0,-14.38048706242963
413887_prep16,reproductive_severe_field_drydown,2019-07-16,prescribed_drydown,0.9,11.818439378367296,10.8,-1.0184393783672956
413887_prep16,reproductive_severe_field_drydown,2019-07-17,prescribed_drydown,0.8,10.621651995944,9.600000000000001,-1.0216519959439978
413887_prep16,reproductive_severe_field_drydown,2019-07-18,prescribed_drydown,0.7,9.430603786743022,8.399999999999999,-1.0306037867430238
413887_prep16,reproductive_severe_field_drydown,2019-07-19,prescribed_drydown,0.6,8.277356346780627,7.199999999999999,-1.0773563467806273
413887_prep16,reproductive_severe_field_drydown,2019-07-20,prescribed_drydown,0.5,7.068065664439941,6.0,-1.068065664439941
413887_prep16,reproductive_severe_field_drydown,2019-07-21,prescribed_drydown,0.4,5.886368804542439,4.800000000000001,-1.0863688045424382
413887_prep16,reproductive_severe_field_drydown,2019-07-22,prescribed_drydown,0.3,4.712951133093652,3.5999999999999996,-1.1129511330936523
413887_prep16,reproductive_severe_field_drydown,2019-07-23,prescribed_drydown,0.25,3.539764964494533,3.0,-0.539764964494533
413887_prep16,reproductive_severe_field_drydown,2019-07-24,prescribed_drydown,0.25,2.938811515245528,2.938811515245528,0.0
413887_prep16,reproductive_severe_field_drydown,2019-07-25,reflood,1.4166666666666667,2.8790140842468928,17.0,14.120985915753106
413887_prep16,reproductive_severe_field_drydown,2020-07-15,prescribed_drydown,1.0,25.761264934939113,12.0,-13.761264934939113
413887_prep16,reproductive_severe_field_drydown,2020-07-16,prescribed_drydown,0.9,11.796403273450471,10.8,-0.9964032734504702
413887_prep16,reproductive_severe_field_drydown,2020-07-17,prescribed_drydown,0.8,10.605694025641785,9.600000000000001,-1.005694025641784
413887_prep16,reproductive_severe_field_drydown,2020-07-18,prescribed_drydown,0.7,9.421698868628795,8.399999999999999,-1.0216988686287962
413887_prep16,reproductive_severe_field_drydown,2020-07-19,prescribed_drydown,0.6,8.265061085968261,7.199999999999999,-1.0650610859682619
413887_prep16,reproductive_severe_field_drydown,2020-07-20,prescribed_drydown,0.5,7.069374620546212,6.0,-1.0693746205462116
413887_prep16,reproductive_severe_field_drydown,2020-07-21,prescribed_drydown,0.4,5.879607579094381,4.800000000000001,-1.0796075790943807
413887_prep16,reproductive_severe_field_drydown,2020-07-22,prescribed_drydown,0.3,4.705122755932469,3.5999999999999996,-1.1051227559324692
413887_prep16,reproductive_severe_field_drydown,2020-07-23,prescribed_drydown,0.25,3.5286725943028165,3.0,-0.5286725943028165
413887_prep16,reproductive_severe_field_drydown,2020-07-24,prescribed_drydown,0.25,2.9422518958209696,2.9422518958209696,0.0
413887_prep16,reproductive_severe_field_drydown,2020-07-25,reflood,1.4166666666666667,2.8810328071399534,17.0,14.118967192860048
413887_prep16,reproductive_severe_field_drydown,2021-07-15,prescribed_drydown,1.0,26.10826776416574,12.0,-14.108267764165738
413887_prep16,reproductive_severe_field_drydown,2021-07-16,prescribed_drydown,0.9,11.810659770996272,10.8,-1.0106597709962717
413887_prep16,reproductive_severe_field_drydown,2021-07-17,prescribed_drydown,0.8,10.630223098873717,9.600000000000001,-1.0302230988737158
413887_prep16,reproductive_severe_field_drydown,2021-07-18,prescribed_drydown,0.7,9.470982292186921,8.399999999999999,-1.0709822921869225
413887_prep16,reproductive_severe_field_drydown,2021-07-19,prescribed_drydown,0.6,8.29542122921957,7.199999999999999,-1.0954212292195713
413887_prep16,reproductive_severe_field_drydown,2021-07-20,prescribed_drydown,0.5,7.115296556578287,6.0,-1.1152965565782873
413887_prep16,reproductive_severe_field_drydown,2021-07-21,prescribed_drydown,0.4,5.896851515176219,4.800000000000001,-1.0968515151762182
413887_prep16,reproductive_severe_field_drydown,2021-07-22,prescribed_drydown,0.3,4.711859826083902,3.5999999999999996,-1.1118598260839025
413887_prep16,reproductive_severe_field_drydown,2021-07-23,prescribed_drydown,0.25,3.532217392722275,3.0,-0.5322173927222749
413887_prep16,reproductive_severe_field_drydown,2021-07-24,prescribed_drydown,0.25,2.944430799849342,2.944430799849342,0.0
413887_prep16,reproductive_severe_field_drydown,2021-07-25,reflood,1.4166666666666667,2.89211659953931,17.0,14.10788340046069
413887_prep16,reproductive_severe_field_drydown,2022-07-15,prescribed_drydown,1.0,26.184153894080104,12.0,-14.184153894080104
413887_prep16,reproductive_severe_field_drydown,2022-07-16,prescribed_drydown,0.9,11.789661865146964,10.8,-0.9896618651469637
413887_prep16,reproductive_severe_field_drydown,2022-07-17,prescribed_drydown,0.8,10.636798940722898,9.600000000000001,-1.0367989407228961
413887_prep16,reproductive_severe_field_drydown,2022-07-18,prescribed_drydown,0.7,9.461107061587624,8.399999999999999,-1.0611070615876255
413887_prep16,reproductive_severe_field_drydown,2022-07-19,prescribed_drydown,0.6,8.260744220125043,7.199999999999999,-1.0607442201250432
413887_prep16,reproductive_severe_field_drydown,2022-07-20,prescribed_drydown,0.5,7.076941425943263,6.0,-1.0769414259432626
413887_prep16,reproductive_severe_field_drydown,2022-07-21,prescribed_drydown,0.4,5.896526912415103,4.800000000000001,-1.0965269124151025
413887_prep16,reproductive_severe_field_drydown,2022-07-22,prescribed_drydown,0.3,4.7134114852941,3.5999999999999996,-1.1134114852941002
413887_prep16,reproductive_severe_field_drydown,2022-07-23,prescribed_drydown,0.25,3.5322105076447503,3.0,-0.5322105076447503
413887_prep16,reproductive_severe_field_drydown,2022-07-24,prescribed_drydown,0.25,2.938636132667434,2.938636132667434,0.0
413887_prep16,reproductive_severe_field_drydown,2022-07-25,reflood,1.4166666666666667,2.884162504262909,17.0,14.115837495737091
413887_prep16,reproductive_severe_field_drydown,2023-07-15,prescribed_drydown,1.0,26.35711839757476,12.0,-14.357118397574759
413887_prep16,reproductive_severe_field_drydown,2023-07-16,prescribed_drydown,0.9,11.859538180495543,10.8,-1.059538180495542
413887_prep16,reproductive_severe_field_drydown,2023-07-17,prescribed_drydown,0.8,10.705645052522986,9.600000000000001,-1.1056450525229842
413887_prep16,reproductive_severe_field_drydown,2023-07-18,prescribed_drydown,0.7,9.473499603869866,8.399999999999999,-1.0734996038698679
413887_prep16,reproductive_severe_field_drydown,2023-07-19,prescribed_drydown,0.6,8.263619473216316,7.199999999999999,-1.063619473216317
413887_prep16,reproductive_severe_field_drydown,2023-07-20,prescribed_drydown,0.5,7.071610723681878,6.0,-1.0716107236818777
413887_prep16,reproductive_severe_field_drydown,2023-07-21,prescribed_drydown,0.4,5.904877988665323,4.800000000000001,-1.1048779886653222
413887_prep16,reproductive_severe_field_drydown,2023-07-22,prescribed_drydown,0.3,4.734166182675584,3.5999999999999996,-1.1341661826755844
413887_prep16,reproductive_severe_field_drydown,2023-07-23,prescribed_drydown,0.25,3.5448181500686267,3.0,-0.5448181500686267
413887_prep16,reproductive_severe_field_drydown,2023-07-24,prescribed_drydown,0.25,2.9571078194303024,2.9571078194303024,0.0
413887_prep16,reproductive_severe_field_drydown,2023-07-25,reflood,1.4166666666666667,2.896901169524578,17.0,14.103098830475421
413887_prep16,reproductive_one_time_drain,2016-07-15,initial_ponded_water_drain,1.0,26.418397495933455,12.0,-14.418397495933455
413887_prep16,reproductive_one_time_drain,2016-07-25,reflood,1.4166666666666667,10.195263720361448,17.0,6.804736279638552
413887_prep16,reproductive_one_time_drain,2017-07-15,initial_ponded_water_drain,1.0,26.270163167996635,12.0,-14.270163167996635
413887_prep16,reproductive_one_time_drain,2017-07-25,reflood,1.4166666666666667,10.174289179747454,17.0,6.825710820252546
413887_prep16,reproductive_one_time_drain,2018-07-15,initial_ponded_water_drain,1.0,25.90070312865877,12.0,-13.900703128658769
413887_prep16,reproductive_one_time_drain,2018-07-25,reflood,1.4166666666666667,10.454102254862816,17.0,6.545897745137184
413887_prep16,reproductive_one_time_drain,2019-07-15,initial_ponded_water_drain,1.0,26.38048706242963,12.0,-14.38048706242963
413887_prep16,reproductive_one_time_drain,2019-07-25,reflood,1.4166666666666667,10.30168878678652,17.0,6.698311213213479
413887_prep16,reproductive_one_time_drain,2020-07-15,initial_ponded_water_drain,1.0,25.761264934939113,12.0,-13.761264934939113
413887_prep16,reproductive_one_time_drain,2020-07-25,reflood,1.4166666666666667,10.055992861256213,17.0,6.944007138743787
413887_prep16,reproductive_one_time_drain,2021-07-15,initial_ponded_water_drain,1.0,26.10826776416574,12.0,-14.108267764165738
413887_prep16,reproductive_one_time_drain,2021-07-25,reflood,1.4166666666666667,10.401307859323234,17.0,6.598692140676766
413887_prep16,reproductive_one_time_drain,2022-07-15,initial_ponded_water_drain,1.0,26.184153894080104,12.0,-14.184153894080104
413887_prep16,reproductive_one_time_drain,2022-07-25,reflood,1.4166666666666667,10.253926545138079,17.0,6.7460734548619214
413887_prep16,reproductive_one_time_drain,2023-07-15,initial_ponded_water_drain,1.0,26.35711839757476,12.0,-14.357118397574759
413887_prep16,reproductive_one_time_drain,2023-07-25,reflood,1.4166666666666667,10.569673075940358,17.0,6.430326924059642
535358_prep8,field_reference_drydown,2016-06-19,prescribed_drydown,1.0,24.912011600960117,12.0,-12.912011600960117
535358_prep8,field_reference_drydown,2016-06-20,prescribed_drydown,0.9,11.7523241309017,10.8,-0.9523241309016992
535358_prep8,field_reference_drydown,2016-06-21,prescribed_drydown,0.8,10.553878071833354,9.600000000000001,-0.953878071833353
535358_prep8,field_reference_drydown,2016-06-22,prescribed_drydown,0.7,9.398045569616029,8.399999999999999,-0.9980455696160302
535358_prep8,field_reference_drydown,2016-06-23,prescribed_drydown,0.6,8.203010061793044,7.199999999999999,-1.003010061793045
535358_prep8,field_reference_drydown,2016-06-24,prescribed_drydown,0.595,7.030445830617726,7.030445830617726,0.0
535358_prep8,field_reference_drydown,2016-06-25,prescribed_drydown,0.595,6.842529429970736,6.842529429970736,0.0
535358_prep8,field_reference_drydown,2016-06-26,prescribed_drydown,0.595,6.628159582877829,6.628159582877829,0.0
535358_prep8,field_reference_drydown,2016-06-27,prescribed_drydown,0.595,6.512761468922414,6.512761468922414,0.0
535358_prep8,field_reference_drydown,2016-06-28,prescribed_drydown,0.595,6.380124942903095,6.380124942903095,0.0
535358_prep8,field_reference_drydown,2016-06-29,reflood,1.4166666666666667,6.260522739571301,17.0,10.7394772604287
535358_prep8,field_reference_drydown,2017-06-19,prescribed_drydown,1.0,24.745960297194987,12.0,-12.745960297194987
535358_prep8,field_reference_drydown,2017-06-20,prescribed_drydown,0.9,11.76360953537531,10.8,-0.9636095353753085
535358_prep8,field_reference_drydown,2017-06-21,prescribed_drydown,0.8,10.593460657715722,9.600000000000001,-0.9934606577157208
535358_prep8,field_reference_drydown,2017-06-22,prescribed_drydown,0.7,9.367435087747253,8.399999999999999,-0.9674350877472548
535358_prep8,field_reference_drydown,2017-06-23,prescribed_drydown,0.6,8.069126307671613,7.199999999999999,-0.869126307671614
535358_prep8,field_reference_drydown,2017-06-24,prescribed_drydown,0.595,7.045889580676819,7.045889580676819,0.0
535358_prep8,field_reference_drydown,2017-06-25,prescribed_drydown,0.595,6.919110071289606,6.919110071289606,0.0
535358_prep8,field_reference_drydown,2017-06-26,prescribed_drydown,0.595,6.743587375405893,6.743587375405893,0.0
535358_prep8,field_reference_drydown,2017-06-27,prescribed_drydown,0.595,6.512726683116561,6.512726683116561,0.0
535358_prep8,field_reference_drydown,2017-06-28,prescribed_drydown,0.595,6.335798338471777,6.335798338471777,0.0
535358_prep8,field_reference_drydown,2017-06-29,reflood,1.4166666666666667,6.170765698533381,17.0,10.82923430146662
535358_prep8,field_reference_drydown,2018-06-19,prescribed_drydown,1.0,23.15036168692228,12.0,-11.150361686922281
535358_prep8,field_reference_drydown,2018-06-20,prescribed_drydown,0.9,11.844286992894107,10.8,-1.044286992894106
535358_prep8,field_reference_drydown,2018-06-21,prescribed_drydown,0.8,10.501695632385994,9.600000000000001,-0.9016956323859926
535358_prep8,field_reference_drydown,2018-06-22,prescribed_drydown,0.7,9.333643832560984,8.399999999999999,-0.9336438325609855
535358_prep8,field_reference_drydown,2018-06-23,prescribed_drydown,0.6,8.191514864473902,7.199999999999999,-0.9915148644739027
535358_prep8,field_reference_drydown,2018-06-24,prescribed_drydown,0.595,6.850678449420302,6.850678449420302,0.0
535358_prep8,field_reference_drydown,2018-06-25,prescribed_drydown,0.595,6.556399588556222,6.556399588556222,0.0
535358_prep8,field_reference_drydown,2018-06-26,prescribed_drydown,0.595,6.319392081375582,6.319392081375582,0.0
535358_prep8,field_reference_drydown,2018-06-27,prescribed_drydown,0.595,6.1330653184931565,6.1330653184931565,0.0
535358_prep8,field_reference_drydown,2018-06-28,prescribed_drydown,0.595,5.914403392360815,5.914403392360815,0.0
535358_prep8,field_reference_drydown,2018-06-29,reflood,1.4166666666666667,5.721346399155473,17.0,11.278653600844528
535358_prep8,field_reference_drydown,2019-06-19,prescribed_drydown,1.0,26.233082236317603,12.0,-14.233082236317603
535358_prep8,field_reference_drydown,2019-06-20,prescribed_drydown,0.9,11.884450880129826,10.8,-1.0844508801298254
535358_prep8,field_reference_drydown,2019-06-21,prescribed_drydown,0.8,10.65678353373964,9.600000000000001,-1.0567835337396385
535358_prep8,field_reference_drydown,2019-06-22,prescribed_drydown,0.7,9.198658746997456,8.399999999999999,-0.7986587469974573
535358_prep8,field_reference_drydown,2019-06-23,prescribed_drydown,0.6,8.065281531688788,7.199999999999999,-0.8652815316887885
535358_prep8,field_reference_drydown,2019-06-24,prescribed_drydown,0.595,7.086658139109892,7.086658139109892,0.0
535358_prep8,field_reference_drydown,2019-06-25,prescribed_drydown,0.595,6.97109780198743,6.97109780198743,0.0
535358_prep8,field_reference_drydown,2019-06-26,prescribed_drydown,0.595,6.88755803308755,6.88755803308755,0.0
535358_prep8,field_reference_drydown,2019-06-27,prescribed_drydown,0.595,6.6702036439353,6.6702036439353,0.0
535358_prep8,field_reference_drydown,2019-06-28,prescribed_drydown,0.595,6.480271528438354,6.480271528438354,0.0
535358_prep8,field_reference_drydown,2019-06-29,reflood,1.4166666666666667,6.326722745640233,17.0,10.673277254359768
535358_prep8,field_reference_drydown,2020-06-19,prescribed_drydown,1.0,23.407114154155966,12.0,-11.407114154155966
535358_prep8,field_reference_drydown,2020-06-20,prescribed_drydown,0.9,11.758986759940127,10.8,-0.9589867599401263
535358_prep8,field_reference_drydown,2020-06-21,prescribed_drydown,0.8,10.504429372375927,9.600000000000001,-0.904429372375926
535358_prep8,field_reference_drydown,2020-06-22,prescribed_drydown,0.7,9.43843268427142,8.399999999999999,-1.038432684271422
535358_prep8,field_reference_drydown,2020-06-23,prescribed_drydown,0.6,8.259074474201038,7.199999999999999,-1.0590744742010383
535358_prep8,field_reference_drydown,2020-06-24,prescribed_drydown,0.595,7.035918709121213,7.035918709121213,0.0
535358_prep8,field_reference_drydown,2020-06-25,prescribed_drydown,0.595,6.885208556902562,6.885208556902562,0.0
535358_prep8,field_reference_drydown,2020-06-26,prescribed_drydown,0.595,6.7866989554455035,6.7866989554455035,0.0
535358_prep8,field_reference_drydown,2020-06-27,prescribed_drydown,0.595,6.647808747423954,6.647808747423954,0.0
535358_prep8,field_reference_drydown,2020-06-28,prescribed_drydown,0.595,6.444770147524135,6.444770147524135,0.0
535358_prep8,field_reference_drydown,2020-06-29,reflood,1.4166666666666667,6.256871933187052,17.0,10.743128066812947
535358_prep8,field_reference_drydown,2021-06-19,prescribed_drydown,1.0,21.956744136157276,12.0,-9.956744136157276
535358_prep8,field_reference_drydown,2021-06-20,prescribed_drydown,0.9,11.621374053628193,10.8,-0.8213740536281922
535358_prep8,field_reference_drydown,2021-06-21,prescribed_drydown,0.8,10.41264029055889,9.600000000000001,-0.812640290558889
535358_prep8,field_reference_drydown,2021-06-22,prescribed_drydown,0.7,9.232792551557619,8.399999999999999,-0.8327925515576204
535358_prep8,field_reference_drydown,2021-06-23,prescribed_drydown,0.6,8.04789182145232,7.199999999999999,-0.8478918214523201
535358_prep8,field_reference_drydown,2021-06-24,prescribed_drydown,0.595,6.935532517832849,6.935532517832849,0.0
535358_prep8,field_reference_drydown,2021-06-25,prescribed_drydown,0.595,6.700720788250313,6.700720788250313,0.0
535358_prep8,field_reference_drydown,2021-06-26,prescribed_drydown,0.595,6.521901376164915,6.521901376164915,0.0
535358_prep8,field_reference_drydown,2021-06-27,prescribed_drydown,0.595,6.349306141614982,6.349306141614982,0.0
535358_prep8,field_reference_drydown,2021-06-28,prescribed_drydown,0.595,6.173085030733895,6.173085030733895,0.0
535358_prep8,field_reference_drydown,2021-06-29,reflood,1.4166666666666667,5.963259729480209,17.0,11.03674027051979
535358_prep8,field_reference_drydown,2022-06-19,prescribed_drydown,1.0,21.652494873360858,12.0,-9.652494873360858
535358_prep8,field_reference_drydown,2022-06-20,prescribed_drydown,0.9,11.651021495632959,10.8,-0.851021495632958
535358_prep8,field_reference_drydown,2022-06-21,prescribed_drydown,0.8,10.36117068490471,9.600000000000001,-0.7611706849047088
535358_prep8,field_reference_drydown,2022-06-22,prescribed_drydown,0.7,9.14207068542487,8.399999999999999,-0.7420706854248706
535358_prep8,field_reference_drydown,2022-06-23,prescribed_drydown,0.6,8.127937761898071,7.199999999999999,-0.9279377618980718
535358_prep8,field_reference_drydown,2022-06-24,prescribed_drydown,0.595,6.901140419384219,6.901140419384219,0.0
535358_prep8,field_reference_drydown,2022-06-25,prescribed_drydown,0.595,6.655839041692535,6.655839041692535,0.0
535358_prep8,field_reference_drydown,2022-06-26,prescribed_drydown,0.595,6.427411845364108,6.427411845364108,0.0
535358_prep8,field_reference_drydown,2022-06-27,prescribed_drydown,0.595,6.20412668406584,6.20412668406584,0.0
535358_prep8,field_reference_drydown,2022-06-28,prescribed_drydown,0.595,6.00488023145125,6.00488023145125,0.0
535358_prep8,field_reference_drydown,2022-06-29,reflood,1.4166666666666667,5.8166446358184665,17.0,11.183355364181534
535358_prep8,field_reference_drydown,2023-06-19,prescribed_drydown,1.0,24.68560590459601,12.0,-12.68560590459601
535358_prep8,field_reference_drydown,2023-06-20,prescribed_drydown,0.9,11.708354708566379,10.8,-0.9083547085663781
535358_prep8,field_reference_drydown,2023-06-21,prescribed_drydown,0.8,10.546531897953026,9.600000000000001,-0.9465318979530242
535358_prep8,field_reference_drydown,2023-06-22,prescribed_drydown,0.7,9.396534669026034,8.399999999999999,-0.996534669026035
535358_prep8,field_reference_drydown,2023-06-23,prescribed_drydown,0.6,8.184634539117638,7.199999999999999,-0.9846345391176392
535358_prep8,field_reference_drydown,2023-06-24,prescribed_drydown,0.595,6.972573209816546,6.972573209816546,0.0
535358_prep8,field_reference_drydown,2023-06-25,prescribed_drydown,0.595,6.783794110755323,6.783794110755323,0.0
535358_prep8,field_reference_drydown,2023-06-26,prescribed_drydown,0.595,6.579275259535912,6.579275259535912,0.0
535358_prep8,field_reference_drydown,2023-06-27,prescribed_drydown,0.595,6.41100125778847,6.41100125778847,0.0
535358_prep8,field_reference_drydown,2023-06-28,prescribed_drydown,0.595,6.252522255437132,6.252522255437132,0.0
535358_prep8,field_reference_drydown,2023-06-29,reflood,1.4166666666666667,6.125054007873453,17.0,10.874945992126547
535358_prep8,threshold_stress_drydown,2016-06-19,prescribed_drydown,1.0,24.912011600960117,12.0,-12.912011600960117
535358_prep8,threshold_stress_drydown,2016-06-20,prescribed_drydown,0.9,11.7523241309017,10.8,-0.9523241309016992
535358_prep8,threshold_stress_drydown,2016-06-21,prescribed_drydown,0.8,10.553878071833354,9.600000000000001,-0.953878071833353
535358_prep8,threshold_stress_drydown,2016-06-22,prescribed_drydown,0.7,9.398045569616029,8.399999999999999,-0.9980455696160302
535358_prep8,threshold_stress_drydown,2016-06-23,prescribed_drydown,0.6,8.203010061793044,7.199999999999999,-1.003010061793045
535358_prep8,threshold_stress_drydown,2016-06-24,prescribed_drydown,0.5,7.030445830617726,6.0,-1.030445830617726
535358_prep8,threshold_stress_drydown,2016-06-25,prescribed_drydown,0.4,5.83728834009059,4.800000000000001,-1.0372883400905897
535358_prep8,threshold_stress_drydown,2016-06-26,prescribed_drydown,0.3,4.646087411251107,3.5999999999999996,-1.046087411251107
535358_prep8,threshold_stress_drydown,2016-06-27,prescribed_drydown,0.25,3.5221427854630356,3.0,-0.5221427854630356
535358_prep8,threshold_stress_drydown,2016-06-28,prescribed_drydown,0.25,2.9248416179411194,2.9248416179411194,0.0
535358_prep8,threshold_stress_drydown,2016-06-29,reflood,1.4166666666666667,2.8578500045545234,17.0,14.142149995445477
535358_prep8,threshold_stress_drydown,2017-06-19,prescribed_drydown,1.0,24.745960297194987,12.0,-12.745960297194987
535358_prep8,threshold_stress_drydown,2017-06-20,prescribed_drydown,0.9,11.76360953537531,10.8,-0.9636095353753085
535358_prep8,threshold_stress_drydown,2017-06-21,prescribed_drydown,0.8,10.593460657715722,9.600000000000001,-0.9934606577157208
535358_prep8,threshold_stress_drydown,2017-06-22,prescribed_drydown,0.7,9.367435087747253,8.399999999999999,-0.9674350877472548
535358_prep8,threshold_stress_drydown,2017-06-23,prescribed_drydown,0.6,8.069126307671613,7.199999999999999,-0.869126307671614
535358_prep8,threshold_stress_drydown,2017-06-24,prescribed_drydown,0.5,7.045889580676819,6.0,-1.0458895806768194
535358_prep8,threshold_stress_drydown,2017-06-25,prescribed_drydown,0.4,5.887988092726388,4.800000000000001,-1.0879880927263876
535358_prep8,threshold_stress_drydown,2017-06-26,prescribed_drydown,0.3,4.6792485586160595,3.5999999999999996,-1.0792485586160598
535358_prep8,threshold_stress_drydown,2017-06-27,prescribed_drydown,0.25,3.482384442820336,3.0,-0.4823844428203361
535358_prep8,threshold_stress_drydown,2017-06-28,prescribed_drydown,0.25,2.9149574333061197,2.9149574333061197,0.0
535358_prep8,threshold_stress_drydown,2017-06-29,reflood,1.4166666666666667,2.8311456724611093,17.0,14.168854327538892
535358_prep8,threshold_stress_drydown,2018-06-19,prescribed_drydown,1.0,23.15036168692228,12.0,-11.150361686922281
535358_prep8,threshold_stress_drydown,2018-06-20,prescribed_drydown,0.9,11.844286992894107,10.8,-1.044286992894106
535358_prep8,threshold_stress_drydown,2018-06-21,prescribed_drydown,0.8,10.501695632385994,9.600000000000001,-0.9016956323859926
535358_prep8,threshold_stress_drydown,2018-06-22,prescribed_drydown,0.7,9.333643832560984,8.399999999999999,-0.9336438325609855
535358_prep8,threshold_stress_drydown,2018-06-23,prescribed_drydown,0.6,8.191514864473902,7.199999999999999,-0.9915148644739027
535358_prep8,threshold_stress_drydown,2018-06-24,prescribed_drydown,0.5,6.850678449420302,6.0,-0.8506784494203021
535358_prep8,threshold_stress_drydown,2018-06-25,prescribed_drydown,0.4,5.744369149371954,4.800000000000001,-0.944369149371953
535358_prep8,threshold_stress_drydown,2018-06-26,prescribed_drydown,0.3,4.62993363956879,3.5999999999999996,-1.0299336395687906
535358_prep8,threshold_stress_drydown,2018-06-27,prescribed_drydown,0.25,3.490914582679698,3.0,-0.4909145826796979
535358_prep8,threshold_stress_drydown,2018-06-28,prescribed_drydown,0.25,2.8885827642930146,2.8885827642930146,0.0
535358_prep8,threshold_stress_drydown,2018-06-29,reflood,1.4166666666666667,2.7845931845943896,17.0,14.215406815405611
535358_prep8,threshold_stress_drydown,2019-06-19,prescribed_drydown,1.0,26.233082236317603,12.0,-14.233082236317603
535358_prep8,threshold_stress_drydown,2019-06-20,prescribed_drydown,0.9,11.884450880129826,10.8,-1.0844508801298254
535358_prep8,threshold_stress_drydown,2019-06-21,prescribed_drydown,0.8,10.65678353373964,9.600000000000001,-1.0567835337396385
535358_prep8,threshold_stress_drydown,2019-06-22,prescribed_drydown,0.7,9.198658746997456,8.399999999999999,-0.7986587469974573
535358_prep8,threshold_stress_drydown,2019-06-23,prescribed_drydown,0.6,8.065281531688788,7.199999999999999,-0.8652815316887885
535358_prep8,threshold_stress_drydown,2019-06-24,prescribed_drydown,0.5,7.086658139109892,6.0,-1.0866581391098924
535358_prep8,threshold_stress_drydown,2019-06-25,prescribed_drydown,0.4,5.89888546305231,4.800000000000001,-1.0988854630523095
535358_prep8,threshold_stress_drydown,2019-06-26,prescribed_drydown,0.3,4.732832930418193,3.5999999999999996,-1.1328329304181937
535358_prep8,threshold_stress_drydown,2019-06-27,prescribed_drydown,0.25,3.490301439696933,3.0,-0.4903014396969332
535358_prep8,threshold_stress_drydown,2019-06-28,prescribed_drydown,0.25,2.9075976810643747,2.9075976810643747,0.0
535358_prep8,threshold_stress_drydown,2019-06-29,reflood,1.4166666666666667,2.8267704035014525,17.0,14.173229596498548
535358_prep8,threshold_stress_drydown,2020-06-19,prescribed_drydown,1.0,23.407114154155966,12.0,-11.407114154155966
535358_prep8,threshold_stress_drydown,2020-06-20,prescribed_drydown,0.9,11.758986759940127,10.8,-0.9589867599401263
535358_prep8,threshold_stress_drydown,2020-06-21,prescribed_drydown,0.8,10.504429372375927,9.600000000000001,-0.904429372375926
535358_prep8,threshold_stress_drydown,2020-06-22,prescribed_drydown,0.7,9.43843268427142,8.399999999999999,-1.038432684271422
535358_prep8,threshold_stress_drydown,2020-06-23,prescribed_drydown,0.6,8.259074474201038,7.199999999999999,-1.0590744742010383
535358_prep8,threshold_stress_drydown,2020-06-24,prescribed_drydown,0.5,7.035918709121213,6.0,-1.035918709121213
535358_prep8,threshold_stress_drydown,2020-06-25,prescribed_drydown,0.4,5.86936694066521,4.800000000000001,-1.0693669406652093
535358_prep8,threshold_stress_drydown,2020-06-26,prescribed_drydown,0.3,4.731334560795015,3.5999999999999996,-1.1313345607950156
535358_prep8,threshold_stress_drydown,2020-06-27,prescribed_drydown,0.25,3.5175687347098408,3.0,-0.5175687347098408
535358_prep8,threshold_stress_drydown,2020-06-28,prescribed_drydown,0.25,2.905353655708216,2.905353655708216,0.0
535358_prep8,threshold_stress_drydown,2020-06-29,reflood,1.4166666666666667,2.8138709437860503,17.0,14.18612905621395
535358_prep8,threshold_stress_drydown,2021-06-19,prescribed_drydown,1.0,21.956744136157276,12.0,-9.956744136157276
535358_prep8,threshold_stress_drydown,2021-06-20,prescribed_drydown,0.9,11.621374053628193,10.8,-0.8213740536281922
535358_prep8,threshold_stress_drydown,2021-06-21,prescribed_drydown,0.8,10.41264029055889,9.600000000000001,-0.812640290558889
535358_prep8,threshold_stress_drydown,2021-06-22,prescribed_drydown,0.7,9.232792551557619,8.399999999999999,-0.8327925515576204
535358_prep8,threshold_stress_drydown,2021-06-23,prescribed_drydown,0.6,8.04789182145232,7.199999999999999,-0.8478918214523201
535358_prep8,threshold_stress_drydown,2021-06-24,prescribed_drydown,0.5,6.935532517832849,6.0,-0.9355325178328489
535358_prep8,threshold_stress_drydown,2021-06-25,prescribed_drydown,0.4,5.79657679819858,4.800000000000001,-0.9965767981985794
535358_prep8,threshold_stress_drydown,2021-06-26,prescribed_drydown,0.3,4.6649085916728215,3.5999999999999996,-1.0649085916728218
535358_prep8,threshold_stress_drydown,2021-06-27,prescribed_drydown,0.25,3.49187325112467,3.0,-0.49187325112466995
535358_prep8,threshold_stress_drydown,2021-06-28,prescribed_drydown,0.25,2.903795135066046,2.903795135066046,0.0
535358_prep8,threshold_stress_drydown,2021-06-29,reflood,1.4166666666666667,2.800473439302189,17.0,14.19952656069781
535358_prep8,threshold_stress_drydown,2022-06-19,prescribed_drydown,1.0,21.652494873360858,12.0,-9.652494873360858
535358_prep8,threshold_stress_drydown,2022-06-20,prescribed_drydown,0.9,11.651021495632959,10.8,-0.851021495632958
535358_prep8,threshold_stress_drydown,2022-06-21,prescribed_drydown,0.8,10.36117068490471,9.600000000000001,-0.7611706849047088
535358_prep8,threshold_stress_drydown,2022-06-22,prescribed_drydown,0.7,9.14207068542487,8.399999999999999,-0.7420706854248706
535358_prep8,threshold_stress_drydown,2022-06-23,prescribed_drydown,0.6,8.127937761898071,7.199999999999999,-0.9279377618980718
535358_prep8,threshold_stress_drydown,2022-06-24,prescribed_drydown,0.5,6.901140419384219,6.0,-0.9011404193842187
535358_prep8,threshold_stress_drydown,2022-06-25,prescribed_drydown,0.4,5.785682492366742,4.800000000000001,-0.9856824923667409
535358_prep8,threshold_stress_drydown,2022-06-26,prescribed_drydown,0.3,4.631469095712451,3.5999999999999996,-1.0314690957124517
535358_prep8,threshold_stress_drydown,2022-06-27,prescribed_drydown,0.25,3.473266531265116,3.0,-0.4732665312651161
535358_prep8,threshold_stress_drydown,2022-06-28,prescribed_drydown,0.25,2.8983730654861963,2.8983730654861963,0.0
535358_prep8,threshold_stress_drydown,2022-06-29,reflood,1.4166666666666667,2.797149635013716,17.0,14.202850364986285
535358_prep8,threshold_stress_drydown,2023-06-19,prescribed_drydown,1.0,24.68560590459601,12.0,-12.68560590459601
535358_prep8,threshold_stress_drydown,2023-06-20,prescribed_drydown,0.9,11.708354708566379,10.8,-0.9083547085663781
535358_prep8,threshold_stress_drydown,2023-06-21,prescribed_drydown,0.8,10.546531897953026,9.600000000000001,-0.9465318979530242
535358_prep8,threshold_stress_drydown,2023-06-22,prescribed_drydown,0.7,9.396534669026034,8.399999999999999,-0.996534669026035
535358_prep8,threshold_stress_drydown,2023-06-23,prescribed_drydown,0.6,8.184634539117638,7.199999999999999,-0.9846345391176392
535358_prep8,threshold_stress_drydown,2023-06-24,prescribed_drydown,0.5,6.972573209816546,6.0,-0.972573209816546
535358_prep8,threshold_stress_drydown,2023-06-25,prescribed_drydown,0.4,5.83540722015441,4.800000000000001,-1.0354072201544096
535358_prep8,threshold_stress_drydown,2023-06-26,prescribed_drydown,0.3,4.6532863302875676,3.5999999999999996,-1.053286330287568
535358_prep8,threshold_stress_drydown,2023-06-27,prescribed_drydown,0.25,3.49982359393286,3.0,-0.4998235939328599
535358_prep8,threshold_stress_drydown,2023-06-28,prescribed_drydown,0.25,2.9148022257649795,2.9148022257649795,0.0
535358_prep8,threshold_stress_drydown,2023-06-29,reflood,1.4166666666666667,2.840736150806843,17.0,14.159263849193156
535358_prep8,reproductive_severe_field_drydown,2016-07-15,prescribed_drydown,1.0,25.608580288712353,12.0,-13.608580288712353
535358_prep8,reproductive_severe_field_drydown,2016-07-16,prescribed_drydown,0.9,11.765533487936962,10.8,-0.9655334879369608
535358_prep8,reproductive_severe_field_drydown,2016-07-17,prescribed_drydown,0.8,10.57521169752258,9.600000000000001,-0.9752116975225782
535358_prep8,reproductive_severe_field_drydown,2016-07-18,prescribed_drydown,0.7,9.318720458145423,8.399999999999999,-0.9187204581454242
535358_prep8,reproductive_severe_field_drydown,2016-07-19,prescribed_drydown,0.6,8.10810998607901,7.199999999999999,-0.9081099860790101
535358_prep8,reproductive_severe_field_drydown,2016-07-20,prescribed_drydown,0.5,7.001608489115302,6.0,-1.001608489115302
535358_prep8,reproductive_severe_field_drydown,2016-07-21,prescribed_drydown,0.4,5.8379193379923375,4.800000000000001,-1.0379193379923368
535358_prep8,reproductive_severe_field_drydown,2016-07-22,prescribed_drydown,0.3,4.6663086702736045,3.5999999999999996,-1.0663086702736049
535358_prep8,reproductive_severe_field_drydown,2016-07-23,prescribed_drydown,0.25,3.4942636284691417,3.0,-0.49426362846914174
535358_prep8,reproductive_severe_field_drydown,2016-07-24,prescribed_drydown,0.25,2.916366117645964,2.916366117645964,0.0
535358_prep8,reproductive_severe_field_drydown,2016-07-25,reflood,1.4166666666666667,2.839634861730788,17.0,14.160365138269212
535358_prep8,reproductive_severe_field_drydown,2017-07-15,prescribed_drydown,1.0,24.914100596587875,12.0,-12.914100596587875
535358_prep8,reproductive_severe_field_drydown,2017-07-16,prescribed_drydown,0.9,11.75649337887669,10.8,-0.9564933788766901
535358_prep8,reproductive_severe_field_drydown,2017-07-17,prescribed_drydown,0.8,10.59144773732718,9.600000000000001,-0.991447737327178
535358_prep8,reproductive_severe_field_drydown,2017-07-18,prescribed_drydown,0.7,9.386367419093814,8.399999999999999,-0.9863674190938152
535358_prep8,reproductive_severe_field_drydown,2017-07-19,prescribed_drydown,0.6,8.095827627204757,7.199999999999999,-0.8958276272047581
535358_prep8,reproductive_severe_field_drydown,2017-07-20,prescribed_drydown,0.5,6.963421792626574,6.0,-0.9634217926265736
535358_prep8,reproductive_severe_field_drydown,2017-07-21,prescribed_drydown,0.4,5.8454147248962744,4.800000000000001,-1.0454147248962737
535358_prep8,reproductive_severe_field_drydown,2017-07-22,prescribed_drydown,0.3,4.697236593047608,3.5999999999999996,-1.097236593047608
535358_prep8,reproductive_severe_field_drydown,2017-07-23,prescribed_drydown,0.25,3.5277219604332557,3.0,-0.5277219604332557
535358_prep8,reproductive_severe_field_drydown,2017-07-24,prescribed_drydown,0.25,2.9185088593440613,2.9185088593440613,0.0
535358_prep8,reproductive_severe_field_drydown,2017-07-25,reflood,1.4166666666666667,2.8292844186201713,17.0,14.17071558137983
535358_prep8,reproductive_severe_field_drydown,2018-07-15,prescribed_drydown,1.0,23.909542036550086,12.0,-11.909542036550086
535358_prep8,reproductive_severe_field_drydown,2018-07-16,prescribed_drydown,0.9,11.757163678132748,10.8,-0.9571636781327477
535358_prep8,reproductive_severe_field_drydown,2018-07-17,prescribed_drydown,0.8,10.594633068218144,9.600000000000001,-0.9946330682181426
535358_prep8,reproductive_severe_field_drydown,2018-07-18,prescribed_drydown,0.7,9.37697221224959,8.399999999999999,-0.9769722122495921
535358_prep8,reproductive_severe_field_drydown,2018-07-19,prescribed_drydown,0.6,8.178170564259988,7.199999999999999,-0.9781705642599885
535358_prep8,reproductive_severe_field_drydown,2018-07-20,prescribed_drydown,0.5,7.024872152521668,6.0,-1.0248721525216684
535358_prep8,reproductive_severe_field_drydown,2018-07-21,prescribed_drydown,0.4,5.819082087700219,4.800000000000001,-1.0190820877002187
535358_prep8,reproductive_severe_field_drydown,2018-07-22,prescribed_drydown,0.3,4.655515409019066,3.5999999999999996,-1.0555154090190664
535358_prep8,reproductive_severe_field_drydown,2018-07-23,prescribed_drydown,0.25,3.5153390685187214,3.0,-0.5153390685187214
535358_prep8,reproductive_severe_field_drydown,2018-07-24,prescribed_drydown,0.25,2.9328727121047864,2.9328727121047864,0.0
535358_prep8,reproductive_severe_field_drydown,2018-07-25,reflood,1.4166666666666667,2.8651830118874972,17.0,14.134816988112503
535358_prep8,reproductive_severe_field_drydown,2019-07-15,prescribed_drydown,1.0,26.010019298004963,12.0,-14.010019298004963
535358_prep8,reproductive_severe_field_drydown,2019-07-16,prescribed_drydown,0.9,11.805486399261307,10.8,-1.0054863992613061
535358_prep8,reproductive_severe_field_drydown,2019-07-17,prescribed_drydown,0.8,10.674506814529652,9.600000000000001,-1.0745068145296504
535358_prep8,reproductive_severe_field_drydown,2019-07-18,prescribed_drydown,0.7,9.449497836278013,8.399999999999999,-1.0494978362780145
535358_prep8,reproductive_severe_field_drydown,2019-07-19,prescribed_drydown,0.6,8.173042712993933,7.199999999999999,-0.9730427129939336
535358_prep8,reproductive_severe_field_drydown,2019-07-20,prescribed_drydown,0.5,7.016772644999196,6.0,-1.0167726449991958
535358_prep8,reproductive_severe_field_drydown,2019-07-21,prescribed_drydown,0.4,5.843794466278444,4.800000000000001,-1.0437944662784435
535358_prep8,reproductive_severe_field_drydown,2019-07-22,prescribed_drydown,0.3,4.678209821841662,3.5999999999999996,-1.0782098218416625
535358_prep8,reproductive_severe_field_drydown,2019-07-23,prescribed_drydown,0.25,3.505080564334985,3.0,-0.5050805643349849
535358_prep8,reproductive_severe_field_drydown,2019-07-24,prescribed_drydown,0.25,2.9132008736470834,2.9132008736470834,0.0
535358_prep8,reproductive_severe_field_drydown,2019-07-25,reflood,1.4166666666666667,2.813758534281767,17.0,14.186241465718233
535358_prep8,reproductive_severe_field_drydown,2020-07-15,prescribed_drydown,1.0,24.7563898006975,12.0,-12.756389800697502
535358_prep8,reproductive_severe_field_drydown,2020-07-16,prescribed_drydown,0.9,11.820508591013883,10.8,-1.0205085910138827
535358_prep8,reproductive_severe_field_drydown,2020-07-17,prescribed_drydown,0.8,10.600572576609913,9.600000000000001,-1.0005725766099118
535358_prep8,reproductive_severe_field_drydown,2020-07-18,prescribed_drydown,0.7,9.354312453752962,8.399999999999999,-0.9543124537529639
535358_prep8,reproductive_severe_field_drydown,2020-07-19,prescribed_drydown,0.6,8.229973752098156,7.199999999999999,-1.0299737520981562
535358_prep8,reproductive_severe_field_drydown,2020-07-20,prescribed_drydown,0.5,7.062904802073543,6.0,-1.0629048020735432
535358_prep8,reproductive_severe_field_drydown,2020-07-21,prescribed_drydown,0.4,5.866270138017286,4.800000000000001,-1.066270138017285
535358_prep8,reproductive_severe_field_drydown,2020-07-22,prescribed_drydown,0.3,4.6805345977630095,3.5999999999999996,-1.0805345977630099
535358_prep8,reproductive_severe_field_drydown,2020-07-23,prescribed_drydown,0.25,3.495676403959249,3.0,-0.49567640395924917
535358_prep8,reproductive_severe_field_drydown,2020-07-24,prescribed_drydown,0.25,2.9181418724962818,2.9181418724962818,0.0
535358_prep8,reproductive_severe_field_drydown,2020-07-25,reflood,1.4166666666666667,2.841900795622869,17.0,14.15809920437713
535358_prep8,reproductive_severe_field_drydown,2021-07-15,prescribed_drydown,1.0,23.424478398696113,12.0,-11.424478398696113
535358_prep8,reproductive_severe_field_drydown,2021-07-16,prescribed_drydown,0.9,11.598680405383417,10.8,-0.7986804053834167
535358_prep8,reproductive_severe_field_drydown,2021-07-17,prescribed_drydown,0.8,10.492647123293718,9.600000000000001,-0.8926471232937168
535358_prep8,reproductive_severe_field_drydown,2021-07-18,prescribed_drydown,0.7,9.316522570791994,8.399999999999999,-0.9165225707919955
535358_prep8,reproductive_severe_field_drydown,2021-07-19,prescribed_drydown,0.6,8.129538669203964,7.199999999999999,-0.9295386692039642
535358_prep8,reproductive_severe_field_drydown,2021-07-20,prescribed_drydown,0.5,6.912426810153431,6.0,-0.9124268101534314
535358_prep8,reproductive_severe_field_drydown,2021-07-21,prescribed_drydown,0.4,5.786100914408838,4.800000000000001,-0.9861009144088371
535358_prep8,reproductive_severe_field_drydown,2021-07-22,prescribed_drydown,0.3,4.640277651868797,3.5999999999999996,-1.0402776518687977
535358_prep8,reproductive_severe_field_drydown,2021-07-23,prescribed_drydown,0.25,3.463988172216369,3.0,-0.4639881722163688
535358_prep8,reproductive_severe_field_drydown,2021-07-24,prescribed_drydown,0.25,2.896549821861673,2.896549821861673,0.0
535358_prep8,reproductive_severe_field_drydown,2021-07-25,reflood,1.4166666666666667,2.7983139973016464,17.0,14.201686002698354
535358_prep8,reproductive_severe_field_drydown,2022-07-15,prescribed_drydown,1.0,22.766012043900368,12.0,-10.766012043900368
535358_prep8,reproductive_severe_field_drydown,2022-07-16,prescribed_drydown,0.9,11.618575138419075,10.8,-0.8185751384190745
535358_prep8,reproductive_severe_field_drydown,2022-07-17,prescribed_drydown,0.8,10.42810131376285,9.600000000000001,-0.8281013137628488
535358_prep8,reproductive_severe_field_drydown,2022-07-18,prescribed_drydown,0.7,9.228994637331034,8.399999999999999,-0.8289946373310357
535358_prep8,reproductive_severe_field_drydown,2022-07-19,prescribed_drydown,0.6,8.020320238480178,7.199999999999999,-0.8203202384801784
535358_prep8,reproductive_severe_field_drydown,2022-07-20,prescribed_drydown,0.5,6.9011294925320055,6.0,-0.9011294925320055
535358_prep8,reproductive_severe_field_drydown,2022-07-21,prescribed_drydown,0.4,5.763302475319491,4.800000000000001,-0.9633024753194901
535358_prep8,reproductive_severe_field_drydown,2022-07-22,prescribed_drydown,0.3,4.627977704520721,3.5999999999999996,-1.0279777045207217
535358_prep8,reproductive_severe_field_drydown,2022-07-23,prescribed_drydown,0.25,3.4741792155947318,3.0,-0.47417921559473175
535358_prep8,reproductive_severe_field_drydown,2022-07-24,prescribed_drydown,0.25,2.8838885301315895,2.8838885301315895,0.0
535358_prep8,reproductive_severe_field_drydown,2022-07-25,reflood,1.4166666666666667,2.7677162528898656,17.0,14.232283747110134
535358_prep8,reproductive_severe_field_drydown,2023-07-15,prescribed_drydown,1.0,25.114722848169325,12.0,-13.114722848169325
535358_prep8,reproductive_severe_field_drydown,2023-07-16,prescribed_drydown,0.9,11.797826511445516,10.8,-0.9978265114455152
535358_prep8,reproductive_severe_field_drydown,2023-07-17,prescribed_drydown,0.8,10.536491937558948,9.600000000000001,-0.9364919375589462
535358_prep8,reproductive_severe_field_drydown,2023-07-18,prescribed_drydown,0.7,9.361306237833588,8.399999999999999,-0.9613062378335897
535358_prep8,reproductive_severe_field_drydown,2023-07-19,prescribed_drydown,0.6,8.132504348839511,7.199999999999999,-0.9325043488395117
535358_prep8,reproductive_severe_field_drydown,2023-07-20,prescribed_drydown,0.5,6.992774863034834,6.0,-0.9927748630348336
535358_prep8,reproductive_severe_field_drydown,2023-07-21,prescribed_drydown,0.4,5.8289827636667795,4.800000000000001,-1.0289827636667788
535358_prep8,reproductive_severe_field_drydown,2023-07-22,prescribed_drydown,0.3,4.674429757005964,3.5999999999999996,-1.074429757005964
535358_prep8,reproductive_severe_field_drydown,2023-07-23,prescribed_drydown,0.25,3.5145186690576753,3.0,-0.5145186690576753
535358_prep8,reproductive_severe_field_drydown,2023-07-24,prescribed_drydown,0.25,2.915653252984026,2.915653252984026,0.0
535358_prep8,reproductive_severe_field_drydown,2023-07-25,reflood,1.4166666666666667,2.8209898830892137,17.0,14.179010116910787
535358_prep8,reproductive_one_time_drain,2016-07-15,initial_ponded_water_drain,1.0,25.608580288712353,12.0,-13.608580288712353
535358_prep8,reproductive_one_time_drain,2016-07-25,reflood,1.4166666666666667,9.383679177725046,17.0,7.616320822274954
535358_prep8,reproductive_one_time_drain,2017-07-15,initial_ponded_water_drain,1.0,24.914100596587875,12.0,-12.914100596587875
535358_prep8,reproductive_one_time_drain,2017-07-25,reflood,1.4166666666666667,9.572670412680298,17.0,7.4273295873197025
535358_prep8,reproductive_one_time_drain,2018-07-15,initial_ponded_water_drain,1.0,23.909542036550086,12.0,-11.909542036550086
535358_prep8,reproductive_one_time_drain,2018-07-25,reflood,1.4166666666666667,9.657690510221842,17.0,7.342309489778158
535358_prep8,reproductive_one_time_drain,2019-07-15,initial_ponded_water_drain,1.0,26.010019298004963,12.0,-14.010019298004963
535358_prep8,reproductive_one_time_drain,2019-07-25,reflood,1.4166666666666667,9.685571175327734,17.0,7.314428824672266
535358_prep8,reproductive_one_time_drain,2020-07-15,initial_ponded_water_drain,1.0,24.7563898006975,12.0,-12.756389800697502
535358_prep8,reproductive_one_time_drain,2020-07-25,reflood,1.4166666666666667,9.768723059404206,17.0,7.231276940595794
535358_prep8,reproductive_one_time_drain,2021-07-15,initial_ponded_water_drain,1.0,23.424478398696113,12.0,-11.424478398696113
535358_prep8,reproductive_one_time_drain,2021-07-25,reflood,1.4166666666666667,8.715271384911102,17.0,8.284728615088898
535358_prep8,reproductive_one_time_drain,2022-07-15,initial_ponded_water_drain,1.0,22.766012043900368,12.0,-10.766012043900368
535358_prep8,reproductive_one_time_drain,2022-07-25,reflood,1.4166666666666667,8.372687411265002,17.0,8.627312588734998
535358_prep8,reproductive_one_time_drain,2023-07-15,initial_ponded_water_drain,1.0,25.114722848169325,12.0,-13.114722848169325
535358_prep8,reproductive_one_time_drain,2023-07-25,reflood,1.4166666666666667,9.409892640882207,17.0,7.590107359117793
535358_prep16,field_reference_drydown,2016-06-19,prescribed_drydown,1.0,24.912011600960117,12.0,-12.912011600960117
535358_prep16,field_reference_drydown,2016-06-20,prescribed_drydown,0.9,11.7523241309017,10.8,-0.9523241309016992
535358_prep16,field_reference_drydown,2016-06-21,prescribed_drydown,0.8,10.553878071833354,9.600000000000001,-0.953878071833353
535358_prep16,field_reference_drydown,2016-06-22,prescribed_drydown,0.7,9.398045569616029,8.399999999999999,-0.9980455696160302
535358_prep16,field_reference_drydown,2016-06-23,prescribed_drydown,0.6,8.203010061793044,7.199999999999999,-1.003010061793045
535358_prep16,field_reference_drydown,2016-06-24,prescribed_drydown,0.595,7.030445830617726,7.030445830617726,0.0
535358_prep16,field_reference_drydown,2016-06-25,prescribed_drydown,0.595,6.842529429970736,6.842529429970736,0.0
535358_prep16,field_reference_drydown,2016-06-26,prescribed_drydown,0.595,6.628159582877829,6.628159582877829,0.0
535358_prep16,field_reference_drydown,2016-06-27,prescribed_drydown,0.595,6.512761468922414,6.512761468922414,0.0
535358_prep16,field_reference_drydown,2016-06-28,prescribed_drydown,0.595,6.380124942903095,6.380124942903095,0.0
535358_prep16,field_reference_drydown,2016-06-29,reflood,1.4166666666666667,6.260522739571301,17.0,10.7394772604287
535358_prep16,field_reference_drydown,2017-06-19,prescribed_drydown,1.0,24.745960297194987,12.0,-12.745960297194987
535358_prep16,field_reference_drydown,2017-06-20,prescribed_drydown,0.9,11.76360953537531,10.8,-0.9636095353753085
535358_prep16,field_reference_drydown,2017-06-21,prescribed_drydown,0.8,10.593460657715722,9.600000000000001,-0.9934606577157208
535358_prep16,field_reference_drydown,2017-06-22,prescribed_drydown,0.7,9.367435087747253,8.399999999999999,-0.9674350877472548
535358_prep16,field_reference_drydown,2017-06-23,prescribed_drydown,0.6,8.069126307671613,7.199999999999999,-0.869126307671614
535358_prep16,field_reference_drydown,2017-06-24,prescribed_drydown,0.595,7.045889580676819,7.045889580676819,0.0
535358_prep16,field_reference_drydown,2017-06-25,prescribed_drydown,0.595,6.919110071289606,6.919110071289606,0.0
535358_prep16,field_reference_drydown,2017-06-26,prescribed_drydown,0.595,6.743587375405893,6.743587375405893,0.0
535358_prep16,field_reference_drydown,2017-06-27,prescribed_drydown,0.595,6.512726683116561,6.512726683116561,0.0
535358_prep16,field_reference_drydown,2017-06-28,prescribed_drydown,0.595,6.335798338471777,6.335798338471777,0.0
535358_prep16,field_reference_drydown,2017-06-29,reflood,1.4166666666666667,6.170765698533381,17.0,10.82923430146662
535358_prep16,field_reference_drydown,2018-06-19,prescribed_drydown,1.0,23.15036168692228,12.0,-11.150361686922281
535358_prep16,field_reference_drydown,2018-06-20,prescribed_drydown,0.9,11.844286992894107,10.8,-1.044286992894106
535358_prep16,field_reference_drydown,2018-06-21,prescribed_drydown,0.8,10.501695632385994,9.600000000000001,-0.9016956323859926
535358_prep16,field_reference_drydown,2018-06-22,prescribed_drydown,0.7,9.333643832560984,8.399999999999999,-0.9336438325609855
535358_prep16,field_reference_drydown,2018-06-23,prescribed_drydown,0.6,8.191514864473902,7.199999999999999,-0.9915148644739027
535358_prep16,field_reference_drydown,2018-06-24,prescribed_drydown,0.595,6.850678449420302,6.850678449420302,0.0
535358_prep16,field_reference_drydown,2018-06-25,prescribed_drydown,0.595,6.556399588556222,6.556399588556222,0.0
535358_prep16,field_reference_drydown,2018-06-26,prescribed_drydown,0.595,6.319392081375582,6.319392081375582,0.0
535358_prep16,field_reference_drydown,2018-06-27,prescribed_drydown,0.595,6.1330653184931565,6.1330653184931565,0.0
535358_prep16,field_reference_drydown,2018-06-28,prescribed_drydown,0.595,5.914403392360815,5.914403392360815,0.0
535358_prep16,field_reference_drydown,2018-06-29,reflood,1.4166666666666667,5.721346399155473,17.0,11.278653600844528
535358_prep16,field_reference_drydown,2019-06-19,prescribed_drydown,1.0,26.233082236317603,12.0,-14.233082236317603
535358_prep16,field_reference_drydown,2019-06-20,prescribed_drydown,0.9,11.884450880129826,10.8,-1.0844508801298254
535358_prep16,field_reference_drydown,2019-06-21,prescribed_drydown,0.8,10.65678353373964,9.600000000000001,-1.0567835337396385
535358_prep16,field_reference_drydown,2019-06-22,prescribed_drydown,0.7,9.198658746997456,8.399999999999999,-0.7986587469974573
535358_prep16,field_reference_drydown,2019-06-23,prescribed_drydown,0.6,8.065281531688788,7.199999999999999,-0.8652815316887885
535358_prep16,field_reference_drydown,2019-06-24,prescribed_drydown,0.595,7.086658139109892,7.086658139109892,0.0
535358_prep16,field_reference_drydown,2019-06-25,prescribed_drydown,0.595,6.97109780198743,6.97109780198743,0.0
535358_prep16,field_reference_drydown,2019-06-26,prescribed_drydown,0.595,6.88755803308755,6.88755803308755,0.0
535358_prep16,field_reference_drydown,2019-06-27,prescribed_drydown,0.595,6.6702036439353,6.6702036439353,0.0
535358_prep16,field_reference_drydown,2019-06-28,prescribed_drydown,0.595,6.480271528438354,6.480271528438354,0.0
535358_prep16,field_reference_drydown,2019-06-29,reflood,1.4166666666666667,6.326722745640233,17.0,10.673277254359768
535358_prep16,field_reference_drydown,2020-06-19,prescribed_drydown,1.0,23.407114154155966,12.0,-11.407114154155966
535358_prep16,field_reference_drydown,2020-06-20,prescribed_drydown,0.9,11.758986759940127,10.8,-0.9589867599401263
535358_prep16,field_reference_drydown,2020-06-21,prescribed_drydown,0.8,10.504429372375927,9.600000000000001,-0.904429372375926
535358_prep16,field_reference_drydown,2020-06-22,prescribed_drydown,0.7,9.43843268427142,8.399999999999999,-1.038432684271422
535358_prep16,field_reference_drydown,2020-06-23,prescribed_drydown,0.6,8.259074474201038,7.199999999999999,-1.0590744742010383
535358_prep16,field_reference_drydown,2020-06-24,prescribed_drydown,0.595,7.035918709121213,7.035918709121213,0.0
535358_prep16,field_reference_drydown,2020-06-25,prescribed_drydown,0.595,6.885208556902562,6.885208556902562,0.0
535358_prep16,field_reference_drydown,2020-06-26,prescribed_drydown,0.595,6.7866989554455035,6.7866989554455035,0.0
535358_prep16,field_reference_drydown,2020-06-27,prescribed_drydown,0.595,6.647808747423954,6.647808747423954,0.0
535358_prep16,field_reference_drydown,2020-06-28,prescribed_drydown,0.595,6.444770147524135,6.444770147524135,0.0
535358_prep16,field_reference_drydown,2020-06-29,reflood,1.4166666666666667,6.256871933187052,17.0,10.743128066812947
535358_prep16,field_reference_drydown,2021-06-19,prescribed_drydown,1.0,21.956744136157276,12.0,-9.956744136157276
535358_prep16,field_reference_drydown,2021-06-20,prescribed_drydown,0.9,11.621374053628193,10.8,-0.8213740536281922
535358_prep16,field_reference_drydown,2021-06-21,prescribed_drydown,0.8,10.41264029055889,9.600000000000001,-0.812640290558889
535358_prep16,field_reference_drydown,2021-06-22,prescribed_drydown,0.7,9.232792551557619,8.399999999999999,-0.8327925515576204
535358_prep16,field_reference_drydown,2021-06-23,prescribed_drydown,0.6,8.04789182145232,7.199999999999999,-0.8478918214523201
535358_prep16,field_reference_drydown,2021-06-24,prescribed_drydown,0.595,6.935532517832849,6.935532517832849,0.0
535358_prep16,field_reference_drydown,2021-06-25,prescribed_drydown,0.595,6.700720788250313,6.700720788250313,0.0
535358_prep16,field_reference_drydown,2021-06-26,prescribed_drydown,0.595,6.521901376164915,6.521901376164915,0.0
535358_prep16,field_reference_drydown,2021-06-27,prescribed_drydown,0.595,6.349306141614982,6.349306141614982,0.0
535358_prep16,field_reference_drydown,2021-06-28,prescribed_drydown,0.595,6.173085030733895,6.173085030733895,0.0
535358_prep16,field_reference_drydown,2021-06-29,reflood,1.4166666666666667,5.963259729480209,17.0,11.03674027051979
535358_prep16,field_reference_drydown,2022-06-19,prescribed_drydown,1.0,21.652494873360858,12.0,-9.652494873360858
535358_prep16,field_reference_drydown,2022-06-20,prescribed_drydown,0.9,11.651021495632959,10.8,-0.851021495632958
535358_prep16,field_reference_drydown,2022-06-21,prescribed_drydown,0.8,10.36117068490471,9.600000000000001,-0.7611706849047088
535358_prep16,field_reference_drydown,2022-06-22,prescribed_drydown,0.7,9.14207068542487,8.399999999999999,-0.7420706854248706
535358_prep16,field_reference_drydown,2022-06-23,prescribed_drydown,0.6,8.127937761898071,7.199999999999999,-0.9279377618980718
535358_prep16,field_reference_drydown,2022-06-24,prescribed_drydown,0.595,6.901140419384219,6.901140419384219,0.0
535358_prep16,field_reference_drydown,2022-06-25,prescribed_drydown,0.595,6.655839041692535,6.655839041692535,0.0
535358_prep16,field_reference_drydown,2022-06-26,prescribed_drydown,0.595,6.427411845364108,6.427411845364108,0.0
535358_prep16,field_reference_drydown,2022-06-27,prescribed_drydown,0.595,6.20412668406584,6.20412668406584,0.0
535358_prep16,field_reference_drydown,2022-06-28,prescribed_drydown,0.595,6.00488023145125,6.00488023145125,0.0
535358_prep16,field_reference_drydown,2022-06-29,reflood,1.4166666666666667,5.8166446358184665,17.0,11.183355364181534
535358_prep16,field_reference_drydown,2023-06-19,prescribed_drydown,1.0,24.68560590459601,12.0,-12.68560590459601
535358_prep16,field_reference_drydown,2023-06-20,prescribed_drydown,0.9,11.708354708566379,10.8,-0.9083547085663781
535358_prep16,field_reference_drydown,2023-06-21,prescribed_drydown,0.8,10.546531897953026,9.600000000000001,-0.9465318979530242
535358_prep16,field_reference_drydown,2023-06-22,prescribed_drydown,0.7,9.396534669026034,8.399999999999999,-0.996534669026035
535358_prep16,field_reference_drydown,2023-06-23,prescribed_drydown,0.6,8.184634539117638,7.199999999999999,-0.9846345391176392
535358_prep16,field_reference_drydown,2023-06-24,prescribed_drydown,0.595,6.972573209816546,6.972573209816546,0.0
535358_prep16,field_reference_drydown,2023-06-25,prescribed_drydown,0.595,6.783794110755323,6.783794110755323,0.0
535358_prep16,field_reference_drydown,2023-06-26,prescribed_drydown,0.595,6.579275259535912,6.579275259535912,0.0
535358_prep16,field_reference_drydown,2023-06-27,prescribed_drydown,0.595,6.41100125778847,6.41100125778847,0.0
535358_prep16,field_reference_drydown,2023-06-28,prescribed_drydown,0.595,6.252522255437132,6.252522255437132,0.0
535358_prep16,field_reference_drydown,2023-06-29,reflood,1.4166666666666667,6.125054007873453,17.0,10.874945992126547
535358_prep16,threshold_stress_drydown,2016-06-19,prescribed_drydown,1.0,24.912011600960117,12.0,-12.912011600960117
535358_prep16,threshold_stress_drydown,2016-06-20,prescribed_drydown,0.9,11.7523241309017,10.8,-0.9523241309016992
535358_prep16,threshold_stress_drydown,2016-06-21,prescribed_drydown,0.8,10.553878071833354,9.600000000000001,-0.953878071833353
535358_prep16,threshold_stress_drydown,2016-06-22,prescribed_drydown,0.7,9.398045569616029,8.399999999999999,-0.9980455696160302
535358_prep16,threshold_stress_drydown,2016-06-23,prescribed_drydown,0.6,8.203010061793044,7.199999999999999,-1.003010061793045
535358_prep16,threshold_stress_drydown,2016-06-24,prescribed_drydown,0.5,7.030445830617726,6.0,-1.030445830617726
535358_prep16,threshold_stress_drydown,2016-06-25,prescribed_drydown,0.4,5.83728834009059,4.800000000000001,-1.0372883400905897
535358_prep16,threshold_stress_drydown,2016-06-26,prescribed_drydown,0.3,4.646087411251107,3.5999999999999996,-1.046087411251107
535358_prep16,threshold_stress_drydown,2016-06-27,prescribed_drydown,0.25,3.5221427854630356,3.0,-0.5221427854630356
535358_prep16,threshold_stress_drydown,2016-06-28,prescribed_drydown,0.25,2.9248416179411194,2.9248416179411194,0.0
535358_prep16,threshold_stress_drydown,2016-06-29,reflood,1.4166666666666667,2.8578500045545234,17.0,14.142149995445477
535358_prep16,threshold_stress_drydown,2017-06-19,prescribed_drydown,1.0,24.745960297194987,12.0,-12.745960297194987
535358_prep16,threshold_stress_drydown,2017-06-20,prescribed_drydown,0.9,11.76360953537531,10.8,-0.9636095353753085
535358_prep16,threshold_stress_drydown,2017-06-21,prescribed_drydown,0.8,10.593460657715722,9.600000000000001,-0.9934606577157208
535358_prep16,threshold_stress_drydown,2017-06-22,prescribed_drydown,0.7,9.367435087747253,8.399999999999999,-0.9674350877472548
535358_prep16,threshold_stress_drydown,2017-06-23,prescribed_drydown,0.6,8.069126307671613,7.199999999999999,-0.869126307671614
535358_prep16,threshold_stress_drydown,2017-06-24,prescribed_drydown,0.5,7.045889580676819,6.0,-1.0458895806768194
535358_prep16,threshold_stress_drydown,2017-06-25,prescribed_drydown,0.4,5.887988092726388,4.800000000000001,-1.0879880927263876
535358_prep16,threshold_stress_drydown,2017-06-26,prescribed_drydown,0.3,4.6792485586160595,3.5999999999999996,-1.0792485586160598
535358_prep16,threshold_stress_drydown,2017-06-27,prescribed_drydown,0.25,3.482384442820336,3.0,-0.4823844428203361
535358_prep16,threshold_stress_drydown,2017-06-28,prescribed_drydown,0.25,2.9149574333061197,2.9149574333061197,0.0
535358_prep16,threshold_stress_drydown,2017-06-29,reflood,1.4166666666666667,2.8311456724611093,17.0,14.168854327538892
535358_prep16,threshold_stress_drydown,2018-06-19,prescribed_drydown,1.0,23.15036168692228,12.0,-11.150361686922281
535358_prep16,threshold_stress_drydown,2018-06-20,prescribed_drydown,0.9,11.844286992894107,10.8,-1.044286992894106
535358_prep16,threshold_stress_drydown,2018-06-21,prescribed_drydown,0.8,10.501695632385994,9.600000000000001,-0.9016956323859926
535358_prep16,threshold_stress_drydown,2018-06-22,prescribed_drydown,0.7,9.333643832560984,8.399999999999999,-0.9336438325609855
535358_prep16,threshold_stress_drydown,2018-06-23,prescribed_drydown,0.6,8.191514864473902,7.199999999999999,-0.9915148644739027
535358_prep16,threshold_stress_drydown,2018-06-24,prescribed_drydown,0.5,6.850678449420302,6.0,-0.8506784494203021
535358_prep16,threshold_stress_drydown,2018-06-25,prescribed_drydown,0.4,5.744369149371954,4.800000000000001,-0.944369149371953
535358_prep16,threshold_stress_drydown,2018-06-26,prescribed_drydown,0.3,4.62993363956879,3.5999999999999996,-1.0299336395687906
535358_prep16,threshold_stress_drydown,2018-06-27,prescribed_drydown,0.25,3.490914582679698,3.0,-0.4909145826796979
535358_prep16,threshold_stress_drydown,2018-06-28,prescribed_drydown,0.25,2.8885827642930146,2.8885827642930146,0.0
535358_prep16,threshold_stress_drydown,2018-06-29,reflood,1.4166666666666667,2.7845931845943896,17.0,14.215406815405611
535358_prep16,threshold_stress_drydown,2019-06-19,prescribed_drydown,1.0,26.233082236317603,12.0,-14.233082236317603
535358_prep16,threshold_stress_drydown,2019-06-20,prescribed_drydown,0.9,11.884450880129826,10.8,-1.0844508801298254
535358_prep16,threshold_stress_drydown,2019-06-21,prescribed_drydown,0.8,10.65678353373964,9.600000000000001,-1.0567835337396385
535358_prep16,threshold_stress_drydown,2019-06-22,prescribed_drydown,0.7,9.198658746997456,8.399999999999999,-0.7986587469974573
535358_prep16,threshold_stress_drydown,2019-06-23,prescribed_drydown,0.6,8.065281531688788,7.199999999999999,-0.8652815316887885
535358_prep16,threshold_stress_drydown,2019-06-24,prescribed_drydown,0.5,7.086658139109892,6.0,-1.0866581391098924
535358_prep16,threshold_stress_drydown,2019-06-25,prescribed_drydown,0.4,5.89888546305231,4.800000000000001,-1.0988854630523095
535358_prep16,threshold_stress_drydown,2019-06-26,prescribed_drydown,0.3,4.732832930418193,3.5999999999999996,-1.1328329304181937
535358_prep16,threshold_stress_drydown,2019-06-27,prescribed_drydown,0.25,3.490301439696933,3.0,-0.4903014396969332
535358_prep16,threshold_stress_drydown,2019-06-28,prescribed_drydown,0.25,2.9075976810643747,2.9075976810643747,0.0
535358_prep16,threshold_stress_drydown,2019-06-29,reflood,1.4166666666666667,2.8267704035014525,17.0,14.173229596498548
535358_prep16,threshold_stress_drydown,2020-06-19,prescribed_drydown,1.0,23.407114154155966,12.0,-11.407114154155966
535358_prep16,threshold_stress_drydown,2020-06-20,prescribed_drydown,0.9,11.758986759940127,10.8,-0.9589867599401263
535358_prep16,threshold_stress_drydown,2020-06-21,prescribed_drydown,0.8,10.504429372375927,9.600000000000001,-0.904429372375926
535358_prep16,threshold_stress_drydown,2020-06-22,prescribed_drydown,0.7,9.43843268427142,8.399999999999999,-1.038432684271422
535358_prep16,threshold_stress_drydown,2020-06-23,prescribed_drydown,0.6,8.259074474201038,7.199999999999999,-1.0590744742010383
535358_prep16,threshold_stress_drydown,2020-06-24,prescribed_drydown,0.5,7.035918709121213,6.0,-1.035918709121213
535358_prep16,threshold_stress_drydown,2020-06-25,prescribed_drydown,0.4,5.86936694066521,4.800000000000001,-1.0693669406652093
535358_prep16,threshold_stress_drydown,2020-06-26,prescribed_drydown,0.3,4.731334560795015,3.5999999999999996,-1.1313345607950156
535358_prep16,threshold_stress_drydown,2020-06-27,prescribed_drydown,0.25,3.5175687347098408,3.0,-0.5175687347098408
535358_prep16,threshold_stress_drydown,2020-06-28,prescribed_drydown,0.25,2.905353655708216,2.905353655708216,0.0
535358_prep16,threshold_stress_drydown,2020-06-29,reflood,1.4166666666666667,2.8138709437860503,17.0,14.18612905621395
535358_prep16,threshold_stress_drydown,2021-06-19,prescribed_drydown,1.0,21.956744136157276,12.0,-9.956744136157276
535358_prep16,threshold_stress_drydown,2021-06-20,prescribed_drydown,0.9,11.621374053628193,10.8,-0.8213740536281922
535358_prep16,threshold_stress_drydown,2021-06-21,prescribed_drydown,0.8,10.41264029055889,9.600000000000001,-0.812640290558889
535358_prep16,threshold_stress_drydown,2021-06-22,prescribed_drydown,0.7,9.232792551557619,8.399999999999999,-0.8327925515576204
535358_prep16,threshold_stress_drydown,2021-06-23,prescribed_drydown,0.6,8.04789182145232,7.199999999999999,-0.8478918214523201
535358_prep16,threshold_stress_drydown,2021-06-24,prescribed_drydown,0.5,6.935532517832849,6.0,-0.9355325178328489
535358_prep16,threshold_stress_drydown,2021-06-25,prescribed_drydown,0.4,5.79657679819858,4.800000000000001,-0.9965767981985794
535358_prep16,threshold_stress_drydown,2021-06-26,prescribed_drydown,0.3,4.6649085916728215,3.5999999999999996,-1.0649085916728218
535358_prep16,threshold_stress_drydown,2021-06-27,prescribed_drydown,0.25,3.49187325112467,3.0,-0.49187325112466995
535358_prep16,threshold_stress_drydown,2021-06-28,prescribed_drydown,0.25,2.903795135066046,2.903795135066046,0.0
535358_prep16,threshold_stress_drydown,2021-06-29,reflood,1.4166666666666667,2.800473439302189,17.0,14.19952656069781
535358_prep16,threshold_stress_drydown,2022-06-19,prescribed_drydown,1.0,21.652494873360858,12.0,-9.652494873360858
535358_prep16,threshold_stress_drydown,2022-06-20,prescribed_drydown,0.9,11.651021495632959,10.8,-0.851021495632958
535358_prep16,threshold_stress_drydown,2022-06-21,prescribed_drydown,0.8,10.36117068490471,9.600000000000001,-0.7611706849047088
535358_prep16,threshold_stress_drydown,2022-06-22,prescribed_drydown,0.7,9.14207068542487,8.399999999999999,-0.7420706854248706
535358_prep16,threshold_stress_drydown,2022-06-23,prescribed_drydown,0.6,8.127937761898071,7.199999999999999,-0.9279377618980718
535358_prep16,threshold_stress_drydown,2022-06-24,prescribed_drydown,0.5,6.901140419384219,6.0,-0.9011404193842187
535358_prep16,threshold_stress_drydown,2022-06-25,prescribed_drydown,0.4,5.785682492366742,4.800000000000001,-0.9856824923667409
535358_prep16,threshold_stress_drydown,2022-06-26,prescribed_drydown,0.3,4.631469095712451,3.5999999999999996,-1.0314690957124517
535358_prep16,threshold_stress_drydown,2022-06-27,prescribed_drydown,0.25,3.473266531265116,3.0,-0.4732665312651161
535358_prep16,threshold_stress_drydown,2022-06-28,prescribed_drydown,0.25,2.8983730654861963,2.8983730654861963,0.0
535358_prep16,threshold_stress_drydown,2022-06-29,reflood,1.4166666666666667,2.797149635013716,17.0,14.202850364986285
535358_prep16,threshold_stress_drydown,2023-06-19,prescribed_drydown,1.0,24.68560590459601,12.0,-12.68560590459601
535358_prep16,threshold_stress_drydown,2023-06-20,prescribed_drydown,0.9,11.708354708566379,10.8,-0.9083547085663781
535358_prep16,threshold_stress_drydown,2023-06-21,prescribed_drydown,0.8,10.546531897953026,9.600000000000001,-0.9465318979530242
535358_prep16,threshold_stress_drydown,2023-06-22,prescribed_drydown,0.7,9.396534669026034,8.399999999999999,-0.996534669026035
535358_prep16,threshold_stress_drydown,2023-06-23,prescribed_drydown,0.6,8.184634539117638,7.199999999999999,-0.9846345391176392
535358_prep16,threshold_stress_drydown,2023-06-24,prescribed_drydown,0.5,6.972573209816546,6.0,-0.972573209816546
535358_prep16,threshold_stress_drydown,2023-06-25,prescribed_drydown,0.4,5.83540722015441,4.800000000000001,-1.0354072201544096
535358_prep16,threshold_stress_drydown,2023-06-26,prescribed_drydown,0.3,4.6532863302875676,3.5999999999999996,-1.053286330287568
535358_prep16,threshold_stress_drydown,2023-06-27,prescribed_drydown,0.25,3.49982359393286,3.0,-0.4998235939328599
535358_prep16,threshold_stress_drydown,2023-06-28,prescribed_drydown,0.25,2.9148022257649795,2.9148022257649795,0.0
535358_prep16,threshold_stress_drydown,2023-06-29,reflood,1.4166666666666667,2.840736150806843,17.0,14.159263849193156
535358_prep16,reproductive_severe_field_drydown,2016-07-15,prescribed_drydown,1.0,25.608580288712353,12.0,-13.608580288712353
535358_prep16,reproductive_severe_field_drydown,2016-07-16,prescribed_drydown,0.9,11.765533487936962,10.8,-0.9655334879369608
535358_prep16,reproductive_severe_field_drydown,2016-07-17,prescribed_drydown,0.8,10.57521169752258,9.600000000000001,-0.9752116975225782
535358_prep16,reproductive_severe_field_drydown,2016-07-18,prescribed_drydown,0.7,9.318720458145423,8.399999999999999,-0.9187204581454242
535358_prep16,reproductive_severe_field_drydown,2016-07-19,prescribed_drydown,0.6,8.10810998607901,7.199999999999999,-0.9081099860790101
535358_prep16,reproductive_severe_field_drydown,2016-07-20,prescribed_drydown,0.5,7.001608489115302,6.0,-1.001608489115302
535358_prep16,reproductive_severe_field_drydown,2016-07-21,prescribed_drydown,0.4,5.8379193379923375,4.800000000000001,-1.0379193379923368
535358_prep16,reproductive_severe_field_drydown,2016-07-22,prescribed_drydown,0.3,4.6663086702736045,3.5999999999999996,-1.0663086702736049
535358_prep16,reproductive_severe_field_drydown,2016-07-23,prescribed_drydown,0.25,3.4942636284691417,3.0,-0.49426362846914174
535358_prep16,reproductive_severe_field_drydown,2016-07-24,prescribed_drydown,0.25,2.916366117645964,2.916366117645964,0.0
535358_prep16,reproductive_severe_field_drydown,2016-07-25,reflood,1.4166666666666667,2.839634861730788,17.0,14.160365138269212
535358_prep16,reproductive_severe_field_drydown,2017-07-15,prescribed_drydown,1.0,24.914100596587875,12.0,-12.914100596587875
535358_prep16,reproductive_severe_field_drydown,2017-07-16,prescribed_drydown,0.9,11.75649337887669,10.8,-0.9564933788766901
535358_prep16,reproductive_severe_field_drydown,2017-07-17,prescribed_drydown,0.8,10.59144773732718,9.600000000000001,-0.991447737327178
535358_prep16,reproductive_severe_field_drydown,2017-07-18,prescribed_drydown,0.7,9.386367419093814,8.399999999999999,-0.9863674190938152
535358_prep16,reproductive_severe_field_drydown,2017-07-19,prescribed_drydown,0.6,8.095827627204757,7.199999999999999,-0.8958276272047581
535358_prep16,reproductive_severe_field_drydown,2017-07-20,prescribed_drydown,0.5,6.963421792626574,6.0,-0.9634217926265736
535358_prep16,reproductive_severe_field_drydown,2017-07-21,prescribed_drydown,0.4,5.8454147248962744,4.800000000000001,-1.0454147248962737
535358_prep16,reproductive_severe_field_drydown,2017-07-22,prescribed_drydown,0.3,4.697236593047608,3.5999999999999996,-1.097236593047608
535358_prep16,reproductive_severe_field_drydown,2017-07-23,prescribed_drydown,0.25,3.5277219604332557,3.0,-0.5277219604332557
535358_prep16,reproductive_severe_field_drydown,2017-07-24,prescribed_drydown,0.25,2.9185088593440613,2.9185088593440613,0.0
535358_prep16,reproductive_severe_field_drydown,2017-07-25,reflood,1.4166666666666667,2.8292844186201713,17.0,14.17071558137983
535358_prep16,reproductive_severe_field_drydown,2018-07-15,prescribed_drydown,1.0,23.909542036550086,12.0,-11.909542036550086
535358_prep16,reproductive_severe_field_drydown,2018-07-16,prescribed_drydown,0.9,11.757163678132748,10.8,-0.9571636781327477
535358_prep16,reproductive_severe_field_drydown,2018-07-17,prescribed_drydown,0.8,10.594633068218144,9.600000000000001,-0.9946330682181426
535358_prep16,reproductive_severe_field_drydown,2018-07-18,prescribed_drydown,0.7,9.37697221224959,8.399999999999999,-0.9769722122495921
535358_prep16,reproductive_severe_field_drydown,2018-07-19,prescribed_drydown,0.6,8.178170564259988,7.199999999999999,-0.9781705642599885
535358_prep16,reproductive_severe_field_drydown,2018-07-20,prescribed_drydown,0.5,7.024872152521668,6.0,-1.0248721525216684
535358_prep16,reproductive_severe_field_drydown,2018-07-21,prescribed_drydown,0.4,5.819082087700219,4.800000000000001,-1.0190820877002187
535358_prep16,reproductive_severe_field_drydown,2018-07-22,prescribed_drydown,0.3,4.655515409019066,3.5999999999999996,-1.0555154090190664
535358_prep16,reproductive_severe_field_drydown,2018-07-23,prescribed_drydown,0.25,3.5153390685187214,3.0,-0.5153390685187214
535358_prep16,reproductive_severe_field_drydown,2018-07-24,prescribed_drydown,0.25,2.9328727121047864,2.9328727121047864,0.0
535358_prep16,reproductive_severe_field_drydown,2018-07-25,reflood,1.4166666666666667,2.8651830118874972,17.0,14.134816988112503
535358_prep16,reproductive_severe_field_drydown,2019-07-15,prescribed_drydown,1.0,26.010019298004963,12.0,-14.010019298004963
535358_prep16,reproductive_severe_field_drydown,2019-07-16,prescribed_drydown,0.9,11.805486399261307,10.8,-1.0054863992613061
535358_prep16,reproductive_severe_field_drydown,2019-07-17,prescribed_drydown,0.8,10.674506814529652,9.600000000000001,-1.0745068145296504
535358_prep16,reproductive_severe_field_drydown,2019-07-18,prescribed_drydown,0.7,9.449497836278013,8.399999999999999,-1.0494978362780145
535358_prep16,reproductive_severe_field_drydown,2019-07-19,prescribed_drydown,0.6,8.173042712993933,7.199999999999999,-0.9730427129939336
535358_prep16,reproductive_severe_field_drydown,2019-07-20,prescribed_drydown,0.5,7.016772644999196,6.0,-1.0167726449991958
535358_prep16,reproductive_severe_field_drydown,2019-07-21,prescribed_drydown,0.4,5.843794466278444,4.800000000000001,-1.0437944662784435
535358_prep16,reproductive_severe_field_drydown,2019-07-22,prescribed_drydown,0.3,4.678209821841662,3.5999999999999996,-1.0782098218416625
535358_prep16,reproductive_severe_field_drydown,2019-07-23,prescribed_drydown,0.25,3.505080564334985,3.0,-0.5050805643349849
535358_prep16,reproductive_severe_field_drydown,2019-07-24,prescribed_drydown,0.25,2.9132008736470834,2.9132008736470834,0.0
535358_prep16,reproductive_severe_field_drydown,2019-07-25,reflood,1.4166666666666667,2.813758534281767,17.0,14.186241465718233
535358_prep16,reproductive_severe_field_drydown,2020-07-15,prescribed_drydown,1.0,24.7563898006975,12.0,-12.756389800697502
535358_prep16,reproductive_severe_field_drydown,2020-07-16,prescribed_drydown,0.9,11.820508591013883,10.8,-1.0205085910138827
535358_prep16,reproductive_severe_field_drydown,2020-07-17,prescribed_drydown,0.8,10.600572576609913,9.600000000000001,-1.0005725766099118
535358_prep16,reproductive_severe_field_drydown,2020-07-18,prescribed_drydown,0.7,9.354312453752962,8.399999999999999,-0.9543124537529639
535358_prep16,reproductive_severe_field_drydown,2020-07-19,prescribed_drydown,0.6,8.229973752098156,7.199999999999999,-1.0299737520981562
535358_prep16,reproductive_severe_field_drydown,2020-07-20,prescribed_drydown,0.5,7.062904802073543,6.0,-1.0629048020735432
535358_prep16,reproductive_severe_field_drydown,2020-07-21,prescribed_drydown,0.4,5.866270138017286,4.800000000000001,-1.066270138017285
535358_prep16,reproductive_severe_field_drydown,2020-07-22,prescribed_drydown,0.3,4.6805345977630095,3.5999999999999996,-1.0805345977630099
535358_prep16,reproductive_severe_field_drydown,2020-07-23,prescribed_drydown,0.25,3.495676403959249,3.0,-0.49567640395924917
535358_prep16,reproductive_severe_field_drydown,2020-07-24,prescribed_drydown,0.25,2.9181418724962818,2.9181418724962818,0.0
535358_prep16,reproductive_severe_field_drydown,2020-07-25,reflood,1.4166666666666667,2.841900795622869,17.0,14.15809920437713
535358_prep16,reproductive_severe_field_drydown,2021-07-15,prescribed_drydown,1.0,23.424478398696113,12.0,-11.424478398696113
535358_prep16,reproductive_severe_field_drydown,2021-07-16,prescribed_drydown,0.9,11.598680405383417,10.8,-0.7986804053834167
535358_prep16,reproductive_severe_field_drydown,2021-07-17,prescribed_drydown,0.8,10.492647123293718,9.600000000000001,-0.8926471232937168
535358_prep16,reproductive_severe_field_drydown,2021-07-18,prescribed_drydown,0.7,9.316522570791994,8.399999999999999,-0.9165225707919955
535358_prep16,reproductive_severe_field_drydown,2021-07-19,prescribed_drydown,0.6,8.129538669203964,7.199999999999999,-0.9295386692039642
535358_prep16,reproductive_severe_field_drydown,2021-07-20,prescribed_drydown,0.5,6.912426810153431,6.0,-0.9124268101534314
535358_prep16,reproductive_severe_field_drydown,2021-07-21,prescribed_drydown,0.4,5.786100914408838,4.800000000000001,-0.9861009144088371
535358_prep16,reproductive_severe_field_drydown,2021-07-22,prescribed_drydown,0.3,4.640277651868797,3.5999999999999996,-1.0402776518687977
535358_prep16,reproductive_severe_field_drydown,2021-07-23,prescribed_drydown,0.25,3.463988172216369,3.0,-0.4639881722163688
535358_prep16,reproductive_severe_field_drydown,2021-07-24,prescribed_drydown,0.25,2.896549821861673,2.896549821861673,0.0
535358_prep16,reproductive_severe_field_drydown,2021-07-25,reflood,1.4166666666666667,2.7983139973016464,17.0,14.201686002698354
535358_prep16,reproductive_severe_field_drydown,2022-07-15,prescribed_drydown,1.0,22.766012043900368,12.0,-10.766012043900368
535358_prep16,reproductive_severe_field_drydown,2022-07-16,prescribed_drydown,0.9,11.618575138419075,10.8,-0.8185751384190745
535358_prep16,reproductive_severe_field_drydown,2022-07-17,prescribed_drydown,0.8,10.42810131376285,9.600000000000001,-0.8281013137628488
535358_prep16,reproductive_severe_field_drydown,2022-07-18,prescribed_drydown,0.7,9.228994637331034,8.399999999999999,-0.8289946373310357
535358_prep16,reproductive_severe_field_drydown,2022-07-19,prescribed_drydown,0.6,8.020320238480178,7.199999999999999,-0.8203202384801784
535358_prep16,reproductive_severe_field_drydown,2022-07-20,prescribed_drydown,0.5,6.9011294925320055,6.0,-0.9011294925320055
535358_prep16,reproductive_severe_field_drydown,2022-07-21,prescribed_drydown,0.4,5.763302475319491,4.800000000000001,-0.9633024753194901
535358_prep16,reproductive_severe_field_drydown,2022-07-22,prescribed_drydown,0.3,4.627977704520721,3.5999999999999996,-1.0279777045207217
535358_prep16,reproductive_severe_field_drydown,2022-07-23,prescribed_drydown,0.25,3.4741792155947318,3.0,-0.47417921559473175
535358_prep16,reproductive_severe_field_drydown,2022-07-24,prescribed_drydown,0.25,2.8838885301315895,2.8838885301315895,0.0
535358_prep16,reproductive_severe_field_drydown,2022-07-25,reflood,1.4166666666666667,2.7677162528898656,17.0,14.232283747110134
535358_prep16,reproductive_severe_field_drydown,2023-07-15,prescribed_drydown,1.0,25.114722848169325,12.0,-13.114722848169325
535358_prep16,reproductive_severe_field_drydown,2023-07-16,prescribed_drydown,0.9,11.797826511445516,10.8,-0.9978265114455152
535358_prep16,reproductive_severe_field_drydown,2023-07-17,prescribed_drydown,0.8,10.536491937558948,9.600000000000001,-0.9364919375589462
535358_prep16,reproductive_severe_field_drydown,2023-07-18,prescribed_drydown,0.7,9.361306237833588,8.399999999999999,-0.9613062378335897
535358_prep16,reproductive_severe_field_drydown,2023-07-19,prescribed_drydown,0.6,8.132504348839511,7.199999999999999,-0.9325043488395117
535358_prep16,reproductive_severe_field_drydown,2023-07-20,prescribed_drydown,0.5,6.992774863034834,6.0,-0.9927748630348336
535358_prep16,reproductive_severe_field_drydown,2023-07-21,prescribed_drydown,0.4,5.8289827636667795,4.800000000000001,-1.0289827636667788
535358_prep16,reproductive_severe_field_drydown,2023-07-22,prescribed_drydown,0.3,4.674429757005964,3.5999999999999996,-1.074429757005964
535358_prep16,reproductive_severe_field_drydown,2023-07-23,prescribed_drydown,0.25,3.5145186690576753,3.0,-0.5145186690576753
535358_prep16,reproductive_severe_field_drydown,2023-07-24,prescribed_drydown,0.25,2.915653252984026,2.915653252984026,0.0
535358_prep16,reproductive_severe_field_drydown,2023-07-25,reflood,1.4166666666666667,2.8209898830892137,17.0,14.179010116910787
535358_prep16,reproductive_one_time_drain,2016-07-15,initial_ponded_water_drain,1.0,25.608580288712353,12.0,-13.608580288712353
535358_prep16,reproductive_one_time_drain,2016-07-25,reflood,1.4166666666666667,9.383679177725046,17.0,7.616320822274954
535358_prep16,reproductive_one_time_drain,2017-07-15,initial_ponded_water_drain,1.0,24.914100596587875,12.0,-12.914100596587875
535358_prep16,reproductive_one_time_drain,2017-07-25,reflood,1.4166666666666667,9.572670412680298,17.0,7.4273295873197025
535358_prep16,reproductive_one_time_drain,2018-07-15,initial_ponded_water_drain,1.0,23.909542036550086,12.0,-11.909542036550086
535358_prep16,reproductive_one_time_drain,2018-07-25,reflood,1.4166666666666667,9.657690510221842,17.0,7.342309489778158
535358_prep16,reproductive_one_time_drain,2019-07-15,initial_ponded_water_drain,1.0,26.010019298004963,12.0,-14.010019298004963
535358_prep16,reproductive_one_time_drain,2019-07-25,reflood,1.4166666666666667,9.685571175327734,17.0,7.314428824672266
535358_prep16,reproductive_one_time_drain,2020-07-15,initial_ponded_water_drain,1.0,24.7563898006975,12.0,-12.756389800697502
535358_prep16,reproductive_one_time_drain,2020-07-25,reflood,1.4166666666666667,9.768723059404206,17.0,7.231276940595794
535358_prep16,reproductive_one_time_drain,2021-07-15,initial_ponded_water_drain,1.0,23.424478398696113,12.0,-11.424478398696113
535358_prep16,reproductive_one_time_drain,2021-07-25,reflood,1.4166666666666667,8.715271384911102,17.0,8.284728615088898
535358_prep16,reproductive_one_time_drain,2022-07-15,initial_ponded_water_drain,1.0,22.766012043900368,12.0,-10.766012043900368
535358_prep16,reproductive_one_time_drain,2022-07-25,reflood,1.4166666666666667,8.372687411265002,17.0,8.627312588734998
535358_prep16,reproductive_one_time_drain,2023-07-15,initial_ponded_water_drain,1.0,25.114722848169325,12.0,-13.114722848169325
535358_prep16,reproductive_one_time_drain,2023-07-25,reflood,1.4166666666666667,9.409892640882207,17.0,7.590107359117793
